id,name,position,season,week,history_end,actual,ridge,blend,history,last_game
00-0023459,Aaron Rodgers,QB,2025,4,3,12.8,15.34589308635022,15.100774774774774,15.913333333333334,11.66
00-0023459,Aaron Rodgers,QB,2025,6,4,17.5,14.583731373726422,14.385438571428573,15.135,12.8
00-0023459,Aaron Rodgers,QB,2025,7,6,22.56,15.472235361031796,15.300570806658131,15.608,17.5
00-0023459,Aaron Rodgers,QB,2025,8,7,16.76,16.85498862582871,17.17389703989704,16.766666666666666,22.56
00-0023459,Aaron Rodgers,QB,2025,9,8,12.12,16.76112099571939,16.75754054054054,16.765714285714285,16.76
00-0023459,Aaron Rodgers,QB,2025,10,9,6.44,15.983142132179962,15.861217181467179,16.185,12.12
00-0023459,Aaron Rodgers,QB,2025,11,10,9.44,14.41114837858733,13.795970827970828,15.102222222222222,6.44
00-0023459,Aaron Rodgers,QB,2025,13,11,2.68,14.061347818368914,12.886028571428572,14.536,9.44
00-0023459,Aaron Rodgers,QB,2025,14,13,20.96,12.68905921862941,10.473267111267113,13.458181818181819,2.68
00-0023459,Aaron Rodgers,QB,2025,15,14,16.96,14.781300383041616,12.601050836550836,14.083333333333334,20.96
00-0023459,Aaron Rodgers,QB,2025,16,15,15.54,14.876969053951438,13.52356519156519,14.304615384615385,16.96
00-0023459,Aaron Rodgers,QB,2025,17,16,7.32,15.276042532767878,14.070789575289576,14.392857142857142,15.54
00-0023459,Aaron Rodgers,QB,2025,18,17,17.76,14.037506918458735,12.867895238095237,13.921333333333333,7.32
00-0026158,Joe Flacco,QB,2025,4,3,1.26,9.677372056415088,7.684666666666667,8.213333333333333,3.68
00-0026158,Joe Flacco,QB,2025,6,4,18.76,8.111358453718045,5.616684285714285,6.475,1.26
00-0026158,Joe Flacco,QB,2025,7,6,25.98,10.91405562234563,9.375421510883482,8.932,18.76
00-0026158,Joe Flacco,QB,2025,8,7,24.32,13.642897176671845,13.60513770913771,11.773333333333333,25.98
00-0026158,Joe Flacco,QB,2025,9,8,30.7,15.288145088731369,16.239776061776062,13.565714285714286,24.32
00-0026158,Joe Flacco,QB,2025,11,9,9.86,17.22462914830656,19.87713079150579,15.7075,30.7
00-0026158,Joe Flacco,QB,2025,12,11,9.62,15.03079792005158,17.874534963534963,15.057777777777778,9.86
00-0026158,Joe Flacco,QB,2025,17,16,1.16,11.94693417016119,12.477733941733943,13.209090909090909,0.16
00-0026158,Joe Flacco,QB,2025,18,17,0.2,11.283177907494075,9.477912162162163,12.205,1.16
00-0026498,Matthew Stafford,QB,2025,4,3,27.4,15.082758314315345,14.913675675675675,14.92,13.84
00-0026498,Matthew Stafford,QB,2025,5,4,25.56,18.03869928762447,18.974662857142857,18.04,27.4
00-0026498,Matthew Stafford,QB,2025,6,5,9.34,19.073310937731055,20.796907042253522,19.544,25.56
00-0026498,Matthew Stafford,QB,2025,7,6,27.38,16.887649194846293,17.803467824967825,17.843333333333334,9.34
00-0026498,Matthew Stafford,QB,2025,9,7,26.84,18.834111415597615,20.32480308880309,19.205714285714286,27.38
00-0026498,Matthew Stafford,QB,2025,10,9,26.9,19.358060626965536,21.95454826254826,20.16,26.84
00-0026498,Matthew Stafford,QB,2025,11,10,13.2,20.462782831351443,23.32276748176748,20.90888888888889,26.9
00-0026498,Matthew Stafford,QB,2025,12,11,22.92,18.680743643832297,20.69718803088803,20.137999999999998,13.2
00-0026498,Matthew Stafford,QB,2025,13,12,11.62,19.39785782346863,21.005100035100032,20.39090909090909,22.92
00-0026498,Matthew Stafford,QB,2025,14,13,23.24,17.790060124435538,19.250679536679534,19.66,11.62
00-0026498,Matthew Stafford,QB,2025,15,14,20.92,19.14945031349535,19.885485001485,19.935384615384613,23.24
00-0026498,Matthew Stafford,QB,2025,16,15,30.88,19.034178565886354,19.874289575289577,20.005714285714284,20.92
00-0026498,Matthew Stafford,QB,2025,17,16,12.76,20.69178662041241,22.067980437580438,20.730666666666668,30.88
00-0026498,Matthew Stafford,QB,2025,18,17,26.66,18.900370400859288,20.24857963320463,20.232499999999998,12.76
00-0027973,Andy Dalton,QB,2025,8,7,1.1,5.847156215665606,2.9172252252252253,2.8066666666666666,2.2
00-0028118,Tyrod Taylor,QB,2025,13,12,21.28,11.455431880941626,9.981007142857143,9.985,12.78
00-0028118,Tyrod Taylor,QB,2025,14,13,-1.76,13.401349218673463,13.17948066581306,12.244,21.28
00-0029263,Russell Wilson,QB,2025,4,3,0.32,14.337881008588553,15.006576576576574,15.506666666666666,5.1
00-0029263,Russell Wilson,QB,2025,6,4,0.0,11.475162111355012,10.250545714285714,11.709999999999999,0.32
00-0029604,Kirk Cousins,QB,2025,12,11,14.46,6.306529298516291,3.493603603603604,3.466666666666667,2.12
00-0029604,Kirk Cousins,QB,2025,13,12,13.36,9.033992802529783,7.058941428571428,6.215,14.46
00-0029604,Kirk Cousins,QB,2025,14,13,2.48,10.004135345032527,8.804775160051218,7.644,13.36
00-0029604,Kirk Cousins,QB,2025,15,14,26.92,8.867687340534935,7.129680180180181,6.783333333333333,2.48
00-0029604,Kirk Cousins,QB,2025,16,15,17.58,12.332471873409867,12.22845945945946,9.66,26.92
00-0029604,Kirk Cousins,QB,2025,17,16,9.14,12.409427392088881,13.587862934362935,10.65,17.58
00-0029604,Kirk Cousins,QB,2025,18,17,9.2,12.12205797965606,12.796287430287432,10.482222222222223,9.14
00-0030035,Adam Thielen,WR,2025,4,3,2.1,2.956179311400864,1.7284684684684686,1.8666666666666667,0.0
00-0030035,Adam Thielen,WR,2025,8,7,0.0,3.0504650400937217,1.7575723431498078,1.84,1.5
00-0030035,Adam Thielen,WR,2025,10,8,2.6,2.803945468246772,1.3115701415701415,1.5333333333333334,0.0
00-0030035,Adam Thielen,WR,2025,11,10,1.1,3.10612257647852,1.6147876447876448,1.6857142857142857,2.6
00-0030035,Adam Thielen,WR,2025,12,11,0.0,3.007483377186424,1.4237572393822395,1.6125,1.1
00-0030035,Adam Thielen,WR,2025,14,12,0.9,2.8661266863001593,1.1462033462033463,1.4333333333333333,0.0
00-0030035,Adam Thielen,WR,2025,15,14,1.2,2.8742646286800633,1.0704324324324324,1.3800000000000001,0.9
00-0030035,Adam Thielen,WR,2025,16,15,6.9,2.9176662211030044,1.1022920322920324,1.3636363636363638,1.2
00-0030035,Adam Thielen,WR,2025,17,16,2.4,3.6979320584247164,2.471529922779923,1.825,6.9
00-0030035,Adam Thielen,WR,2025,18,17,5.8,3.5059124160480497,2.411779031779032,1.8692307692307693,2.4
00-0030061,Zach Ertz,TE,2025,4,3,5.1,8.844494816405218,9.92644144144144,10.266666666666666,5.3
00-0030061,Zach Ertz,TE,2025,5,4,0.0,7.945449193107247,8.370592857142857,8.975,5.1
00-0030061,Zach Ertz,TE,2025,6,5,13.3,6.00314535764826,6.028243277848912,7.18,0.0
00-0030061,Zach Ertz,TE,2025,7,6,11.2,7.761365113176956,7.9453474903474905,8.2,13.3
00-0030061,Zach Ertz,TE,2025,8,7,3.6,8.086148200536856,8.685212355212354,8.628571428571428,11.2
00-0030061,Zach Ertz,TE,2025,9,8,6.6,7.476900362895862,7.218745173745173,8.0,3.6
00-0030061,Zach Ertz,TE,2025,10,9,7.4,7.375895058596479,7.177852852852853,7.844444444444444,6.6
00-0030061,Zach Ertz,TE,2025,11,10,6.2,7.285982012220281,7.337644787644788,7.8,7.4
00-0030061,Zach Ertz,TE,2025,13,11,15.6,7.306629422307813,7.3604615654615655,7.654545454545454,6.2
00-0030061,Zach Ertz,TE,2025,14,13,1.6,8.574320380661137,9.037783140283139,8.316666666666666,15.6
00-0030279,Keenan Allen,WR,2025,4,3,6.2,13.60032335600744,15.623963963963963,15.633333333333333,16.0
00-0030279,Keenan Allen,WR,2025,5,4,8.3,11.053873621780841,12.559535714285715,13.275,6.2
00-0030279,Keenan Allen,WR,2025,6,5,4.7,10.43449702720941,11.385829705505762,12.280000000000001,8.3
00-0030279,Keenan Allen,WR,2025,7,6,23.4,9.069640451870319,9.71716537966538,11.016666666666667,4.7
00-0030279,Keenan Allen,WR,2025,8,7,6.4,11.818758859846309,12.923301158301157,12.785714285714286,23.4
00-0030279,Keenan Allen,WR,2025,9,8,5.1,10.193439989068526,11.283347007722007,11.9875,6.4
00-0030279,Keenan Allen,WR,2025,10,9,2.9,9.781989879767968,9.68882024882025,11.222222222222221,5.1
00-0030279,Keenan Allen,WR,2025,11,10,7.3,8.457850878968541,8.312426640926642,10.39,2.9
00-0030279,Keenan Allen,WR,2025,13,11,5.0,8.648782274676845,8.196193401193401,10.10909090909091,7.3
00-0030279,Keenan Allen,WR,2025,14,13,3.7,8.276148373477216,7.705730373230374,9.683333333333334,5.0
00-0030279,Keenan Allen,WR,2025,15,14,6.1,8.395960115831405,6.373636768636768,9.223076923076922,3.7
00-0030279,Keenan Allen,WR,2025,16,15,6.9,8.39550343341156,6.489864864864865,9.0,6.1
00-0030279,Keenan Allen,WR,2025,17,16,2.2,8.423095008576018,6.790478764478765,8.86,6.9
00-0030279,Keenan Allen,WR,2025,18,17,7.1,7.846071821274565,6.055293194980695,8.44375,2.2
00-0030506,Travis Kelce,TE,2025,4,3,7.3,7.4109900231450725,7.697072072072071,8.133333333333333,4.6
00-0030506,Travis Kelce,TE,2025,5,4,15.6,7.36465097072669,7.5856071428571425,7.925,7.3
00-0030506,Travis Kelce,TE,2025,6,5,10.8,8.991362507011782,9.869341869398205,9.459999999999999,15.6
00-0030506,Travis Kelce,TE,2025,7,6,6.9,9.063282800008585,10.087911840411842,9.683333333333334,10.8
00-0030506,Travis Kelce,TE,2025,8,7,18.9,8.616200394725771,9.226428571428572,9.285714285714285,6.9
00-0030506,Travis Kelce,TE,2025,9,8,10.6,10.10137324930231,11.604177123552123,10.487499999999999,18.9
00-0030506,Travis Kelce,TE,2025,11,9,19.6,9.611348979337043,11.55876447876448,10.5,10.6
00-0030506,Travis Kelce,TE,2025,12,11,6.4,11.146929051396944,13.524079150579151,11.41,19.6
00-0030506,Travis Kelce,TE,2025,13,12,13.0,9.618380174394987,11.698338013338013,10.954545454545455,6.4
00-0030506,Travis Kelce,TE,2025,14,13,1.3,10.285734007616817,11.981838803088802,11.125,13.0
00-0030506,Travis Kelce,TE,2025,15,14,10.5,8.445824797049053,9.709520344520346,10.36923076923077,1.3
00-0030506,Travis Kelce,TE,2025,16,15,1.1,9.333507887608441,9.60342664092664,10.378571428571428,10.5
00-0030506,Travis Kelce,TE,2025,17,16,6.1,7.964123430386001,7.738702702702703,9.76,1.1
00-0030506,Travis Kelce,TE,2025,18,17,2.7,8.557235902097592,7.094238658301158,9.53125,6.1
00-0030564,DeAndre Hopkins,WR,2025,4,3,0.0,7.516097191700128,7.9892792792792795,8.566666666666666,1.8
00-0030564,DeAndre Hopkins,WR,2025,5,4,5.6,5.7857313226666225,5.414435714285714,6.425,0.0
00-0030564,DeAndre Hopkins,WR,2025,6,5,3.0,5.8437522860134665,5.512158770806658,6.26,5.6
00-0030564,DeAndre Hopkins,WR,2025,8,6,1.9,5.445600712250656,4.904983912483912,5.716666666666667,3.0
00-0030564,DeAndre Hopkins,WR,2025,9,8,0.0,5.205740136658141,3.9942857142857147,5.171428571428572,1.9
00-0030564,DeAndre Hopkins,WR,2025,10,9,2.6,4.736329639233985,2.7505067567567565,4.525,0.0
00-0030564,DeAndre Hopkins,WR,2025,11,10,1.6,4.784293080842001,2.834603174603174,4.311111111111111,2.6
00-0030564,DeAndre Hopkins,WR,2025,12,11,2.3,4.579002619396425,2.7245791505791503,4.04,1.6
00-0030564,DeAndre Hopkins,WR,2025,13,12,3.5,4.694461486899357,2.5992155142155142,3.881818181818182,2.3
00-0030564,DeAndre Hopkins,WR,2025,14,13,0.0,4.791801927245804,2.864276061776062,3.85,3.5
00-0030564,DeAndre Hopkins,WR,2025,15,14,3.7,4.355765952816554,2.3145797445797442,3.5538461538461537,0.0
00-0030564,DeAndre Hopkins,WR,2025,16,15,6.1,4.666875904782234,2.781978764478765,3.5642857142857145,3.7
00-0030564,DeAndre Hopkins,WR,2025,17,16,0.0,4.963811720044758,3.571917631917632,3.7333333333333334,6.1
00-0030564,DeAndre Hopkins,WR,2025,18,17,0.0,4.45819304221012,2.8676447876447875,3.5,0.0
00-0030565,Geno Smith,QB,2025,4,3,9.78,15.834023080457747,16.216297297297295,15.58,26.06
00-0030565,Geno Smith,QB,2025,5,4,5.92,13.72678227316765,14.097351428571427,14.129999999999999,9.78
00-0030565,Geno Smith,QB,2025,6,5,8.66,12.702598324026143,11.784129065300895,12.488,5.92
00-0030565,Geno Smith,QB,2025,7,6,2.78,11.972471830358907,11.018164092664094,11.85,8.66
00-0030565,Geno Smith,QB,2025,9,7,26.26,10.655727530720213,8.781552123552123,10.554285714285713,2.78
00-0030565,Geno Smith,QB,2025,10,9,4.42,13.887970204464214,13.275368243243243,12.5175,26.26
00-0030565,Geno Smith,QB,2025,11,10,12.92,11.968101090928407,10.693785928785928,11.617777777777778,4.42
00-0030565,Geno Smith,QB,2025,12,11,14.2,12.986171495280878,11.292448648648648,11.748,12.92
00-0030565,Geno Smith,QB,2025,13,12,12.0,12.75563328692533,12.174123201123201,11.97090909090909,14.2
00-0030565,Geno Smith,QB,2025,14,13,9.04,12.910836486145435,12.24640797940798,11.973333333333333,12.0
00-0030565,Geno Smith,QB,2025,16,14,14.04,12.54288664009848,11.842746361746363,11.747692307692308,9.04
00-0030565,Geno Smith,QB,2025,17,16,7.14,13.233670902250653,11.818849420849421,11.911428571428571,14.04
00-0031236,Brandin Cooks,WR,2025,4,3,3.7,4.677810169974489,3.8567117117117116,3.8666666666666667,3.9
00-0031236,Brandin Cooks,WR,2025,5,4,1.0,4.657967965941638,3.8061499999999997,3.825,3.7
00-0031236,Brandin Cooks,WR,2025,6,5,2.6,4.036540864112441,3.0126837387964147,3.26,1.0
00-0031236,Brandin Cooks,WR,2025,7,6,0.8,4.070858249722648,2.9189285714285713,3.15,2.6
00-0031236,Brandin Cooks,WR,2025,8,7,3.7,3.6822982240361943,2.3612162162162162,2.814285714285714,0.8
00-0031236,Brandin Cooks,WR,2025,9,8,2.6,4.060163218493593,2.6606805019305018,2.925,3.7
00-0031236,Brandin Cooks,WR,2025,15,13,0.0,3.969860457432187,2.401996138996139,2.7800000000000002,1.8
00-0031236,Brandin Cooks,WR,2025,16,15,0.0,3.5995781699165725,1.9211091611091613,2.5272727272727273,0.0
00-0031236,Brandin Cooks,WR,2025,17,16,12.1,3.4229207492393754,1.4967792792792793,2.316666666666667,0.0
00-0031381,Davante Adams,WR,2025,4,3,13.6,11.45864033719169,13.579954954954957,13.266666666666667,13.1
00-0031381,Davante Adams,WR,2025,5,4,11.3,11.85893077073238,13.573785714285714,13.35,13.6
00-0031381,Davante Adams,WR,2025,6,5,5.9,11.236774263769458,12.920158770806658,12.94,11.3
00-0031381,Davante Adams,WR,2025,7,6,24.0,9.970187367536099,11.123835263835264,11.766666666666667,5.9
00-0031381,Davante Adams,WR,2025,9,7,20.5,12.434204579121552,14.478725868725867,13.514285714285714,24.0
00-0031381,Davante Adams,WR,2025,10,9,16.7,13.025162083003764,15.710084459459459,14.3875,20.5
00-0031381,Davante Adams,WR,2025,11,10,6.6,13.333037301224241,15.971810381810382,14.644444444444444,16.7
00-0031381,Davante Adams,WR,2025,12,11,20.7,11.622994820479592,13.804907335907336,13.84,6.6
00-0031381,Davante Adams,WR,2025,13,12,19.8,12.900924330358844,15.477427167427166,14.463636363636363,20.7
00-0031381,Davante Adams,WR,2025,14,13,4.9,13.270597817222221,16.735831724581722,14.908333333333333,19.8
00-0031381,Davante Adams,WR,2025,15,14,9.1,11.874413041028095,13.711144936144933,14.138461538461538,4.9
00-0031408,Mike Evans,WR,2025,16,15,11.6,8.57867414686727,9.070248399487838,8.64,16.2
00-0031408,Mike Evans,WR,2025,17,16,10.6,8.59973420317178,9.697207207207207,9.133333333333333,11.6
00-0031408,Mike Evans,WR,2025,18,17,4.4,9.062808447739714,9.9734555984556,9.342857142857143,10.6
00-0031484,Chris Manhertz,TE,2025,18,16,0.0,1.8774729626760034,0.3297297297297297,0.39999999999999997,0.0
00-0031588,Stefon Diggs,WR,2025,4,3,13.1,5.977113810272904,5.604864864864864,5.8999999999999995,3.8
00-0031588,Stefon Diggs,WR,2025,5,4,19.6,7.707098627644596,8.054342857142856,7.699999999999999,13.1
00-0031588,Stefon Diggs,WR,2025,6,5,4.3,9.883663574673138,11.30661075544174,10.08,19.6
00-0031588,Stefon Diggs,WR,2025,7,6,10.4,8.389125142826861,9.453787001287001,9.116666666666667,4.3
00-0031588,Stefon Diggs,WR,2025,8,7,8.9,8.845841987356117,9.702027027027027,9.3,10.4
00-0031588,Stefon Diggs,WR,2025,9,8,11.3,8.376717996252559,9.64919884169884,9.25,8.9
00-0031588,Stefon Diggs,WR,2025,10,9,13.1,8.981166743157342,10.226121836121838,9.477777777777778,11.3
00-0031588,Stefon Diggs,WR,2025,11,10,15.0,9.431788658217547,10.754424710424711,9.84,13.1
00-0031588,Stefon Diggs,WR,2025,12,11,3.0,10.15561650680752,11.366656721656723,10.309090909090909,15.0
00-0031588,Stefon Diggs,WR,2025,13,12,4.1,8.763905425157077,9.65561776061776,9.7,3.0
00-0031588,Stefon Diggs,WR,2025,15,13,4.1,8.322195249974287,8.384288684288684,9.26923076923077,4.1
00-0031588,Stefon Diggs,WR,2025,16,15,18.3,7.763063381755267,7.467413127413128,8.9,4.1
00-0031588,Stefon Diggs,WR,2025,17,16,19.1,9.47602647830782,9.818676962676964,9.526666666666667,18.3
00-0031588,Stefon Diggs,WR,2025,18,17,5.8,10.287615210481484,11.721858108108108,10.125,19.1
00-0031610,Darren Waller,TE,2025,7,6,0.0,11.357863144208004,13.050765765765767,13.566666666666666,8.2
00-0031610,Darren Waller,TE,2025,14,13,2.2,7.686678422970704,8.002404609475033,9.28,5.7
00-0031610,Darren Waller,TE,2025,15,14,22.1,6.589974179240117,6.578359073359072,8.1,2.2
00-0031610,Darren Waller,TE,2025,16,15,5.5,9.740174227597356,10.141351351351352,10.1,22.1
00-0031610,Darren Waller,TE,2025,17,16,0.5,8.383450159506477,8.80228281853282,9.525,5.5
00-0031687,Raheem Mostert,RB,2025,7,6,0.7,4.276608030528358,2.7045945945945946,3.2,-0.4
00-0031687,Raheem Mostert,RB,2025,9,7,1.9,3.7817337083976557,2.0727357142857143,2.575,0.7
00-0031687,Raheem Mostert,RB,2025,10,9,2.0,3.818537706169682,2.0463047375160053,2.44,1.9
00-0031687,Raheem Mostert,RB,2025,11,10,2.3,3.9097398836767217,2.0533912483912484,2.3666666666666667,2.0
00-0031687,Raheem Mostert,RB,2025,12,11,3.5,4.127642223066419,1.9240347490347491,2.357142857142857,2.3
00-0031687,Raheem Mostert,RB,2025,13,12,0.6,4.346516841138207,2.3137644787644787,2.5,3.5
00-0031687,Raheem Mostert,RB,2025,14,13,0.7,4.026567667776735,2.0128678678678678,2.2888888888888888,0.6
00-0031687,Raheem Mostert,RB,2025,15,14,0.7,3.921348146644921,1.7680675675675674,2.13,0.7
00-0031687,Raheem Mostert,RB,2025,16,15,1.4,3.7783139936818886,1.5384555984555983,2.0,0.7
00-0031763,DeAndre Carter,WR,2025,4,3,0.0,1.7521334421872496,0.0,0.0,0.0
00-0032104,Ameer Abdullah,RB,2025,8,7,1.3,5.127792075212406,3.774009009009009,3.966666666666667,3.2
00-0032104,Ameer Abdullah,RB,2025,9,8,1.0,4.451741721224835,2.9772285714285713,3.3,1.3
00-0032104,Ameer Abdullah,RB,2025,10,9,1.3,4.161221802238002,2.4319897567221513,2.84,1.0
00-0032104,Ameer Abdullah,RB,2025,12,10,0.0,4.002100178849939,2.1618114543114544,2.5833333333333335,1.3
00-0032104,Ameer Abdullah,RB,2025,13,12,0.0,3.7678600671479505,1.4860231660231662,2.2142857142857144,0.0
00-0032104,Ameer Abdullah,RB,2025,14,13,1.9,3.602003306974012,1.1375072393822394,1.9375,0.0
00-0032104,Ameer Abdullah,RB,2025,15,14,7.2,3.7958731666814973,1.2842149292149292,1.9333333333333333,1.9
00-0032104,Ameer Abdullah,RB,2025,16,15,0.9,4.575302094393153,2.6942432432432435,2.46,7.2
00-0032104,Ameer Abdullah,RB,2025,17,16,0.9,4.1375365800741815,2.3290277290277293,2.3181818181818183,0.9
00-0032104,Ameer Abdullah,RB,2025,18,17,3.5,4.076273659555195,2.0404247104247104,2.2,0.9
00-0032211,Tyler Lockett,WR,2025,4,3,0.0,3.7132690752029607,2.8893693693693696,2.533333333333333,5.7
00-0032211,Tyler Lockett,WR,2025,5,4,1.1,3.009750381394053,1.935285714285714,1.9,0.0
00-0032211,Tyler Lockett,WR,2025,6,5,0.5,3.0157258139049206,1.6972714468629964,1.74,1.1
00-0032211,Tyler Lockett,WR,2025,7,6,2.8,2.713423468647352,1.3928056628056629,1.5333333333333334,0.5
00-0032211,Tyler Lockett,WR,2025,9,7,0.0,3.0980861048719124,1.7956177606177608,1.7142857142857142,2.8
00-0032211,Tyler Lockett,WR,2025,10,9,6.9,2.779821630114158,1.3548648648648647,1.5,0.0
00-0032211,Tyler Lockett,WR,2025,11,10,4.8,3.797375463958504,2.520868725868726,2.1,6.9
00-0032211,Tyler Lockett,WR,2025,12,11,8.2,3.883351057901372,3.1177818532818535,2.37,4.8
00-0032211,Tyler Lockett,WR,2025,13,12,1.6,4.662773175733638,4.313513513513514,2.9,8.2
00-0032211,Tyler Lockett,WR,2025,14,13,5.6,4.0304668437330395,3.749670205920206,2.7916666666666665,1.6
00-0032211,Tyler Lockett,WR,2025,15,14,2.0,4.480030349036106,4.140645975645976,3.0076923076923077,5.6
00-0032211,Tyler Lockett,WR,2025,16,15,1.1,4.052560632733822,3.738832046332046,2.9357142857142855,2.0
00-0032211,Tyler Lockett,WR,2025,17,16,7.9,3.9732647571711923,2.992851994851995,2.8133333333333335,1.1
00-0032211,Tyler Lockett,WR,2025,18,17,1.0,4.661509582730382,3.9948950289575293,3.13125,7.9
00-0032268,Marcus Mariota,QB,2025,8,7,11.32,13.145128661064922,12.449837837837837,13.48,3.92
00-0032268,Marcus Mariota,QB,2025,10,8,18.72,13.089475037643133,12.124120000000001,12.94,11.32
00-0032268,Marcus Mariota,QB,2025,11,10,15.42,14.346068133459633,14.027640973111396,14.096,18.72
00-0032268,Marcus Mariota,QB,2025,13,11,23.26,14.712922438793143,14.387397039897039,14.316666666666666,15.42
00-0032268,Marcus Mariota,QB,2025,14,13,-2.1,16.364071261487254,16.375019305019304,15.594285714285714,23.26
00-0032268,Marcus Mariota,QB,2025,15,14,14.74,12.616622583525151,11.885125965250964,13.3825,-2.1
00-0032268,Marcus Mariota,QB,2025,16,15,3.7,13.853688135130321,12.913539253539252,13.533333333333333,14.74
00-0032385,Sterling Shepard,WR,2025,4,3,3.0,7.064931232498932,7.2296396396396405,6.933333333333334,10.0
00-0032385,Sterling Shepard,WR,2025,5,4,9.9,5.961380371261325,5.8421,5.95,3.0
00-0032385,Sterling Shepard,WR,2025,6,5,6.1,7.048520520783953,6.9955556978233036,6.74,9.9
00-0032385,Sterling Shepard,WR,2025,7,6,4.0,6.639102538751955,6.753983268983269,6.633333333333334,6.1
00-0032385,Sterling Shepard,WR,2025,8,7,1.3,6.352825695223397,6.114980694980695,6.257142857142857,4.0
00-0032385,Sterling Shepard,WR,2025,10,8,4.6,5.527368902722505,4.9838585907335915,5.6375,1.3
00-0032385,Sterling Shepard,WR,2025,11,10,8.1,5.714926948871522,4.7483376233376235,5.522222222222222,4.6
00-0032385,Sterling Shepard,WR,2025,12,11,2.7,6.229981663981803,5.630355212355212,5.78,8.1
00-0032385,Sterling Shepard,WR,2025,13,12,1.0,5.856011425320976,4.815945945945946,5.5,2.7
00-0032385,Sterling Shepard,WR,2025,14,13,1.0,5.449543470590574,3.945024131274131,5.125,1.0
00-0032392,Austin Hooper,TE,2025,4,3,2.9,4.222468103946153,3.6592342342342334,3.533333333333333,3.8
00-0032392,Austin Hooper,TE,2025,6,4,1.0,4.169025259811312,3.4072214285714284,3.375,2.9
00-0032392,Austin Hooper,TE,2025,7,6,8.1,3.642236569871436,2.7243918053777207,2.9,1.0
00-0032392,Austin Hooper,TE,2025,8,7,4.8,4.7282512372577035,4.109086229086229,3.7666666666666666,8.1
00-0032392,Austin Hooper,TE,2025,9,8,2.5,4.69067227329071,4.359169884169884,3.914285714285714,4.8
00-0032392,Austin Hooper,TE,2025,10,9,0.0,4.537536245672398,3.8577388996138993,3.7375,2.5
00-0032392,Austin Hooper,TE,2025,12,10,5.4,3.874435196204764,2.941291291291291,3.322222222222222,0.0
00-0032392,Austin Hooper,TE,2025,17,16,8.1,4.460368895337844,3.8223130923130926,3.609090909090909,4.4
00-0032392,Austin Hooper,TE,2025,18,17,1.0,5.223127189460841,4.629765122265122,3.9833333333333334,8.1
00-0032398,Chris Moore,WR,2025,5,4,0.0,3.652994592829865,2.5757657657657655,2.7666666666666666,0.9
00-0032398,Chris Moore,WR,2025,6,5,12.1,3.068338563400628,1.7458214285714286,2.075,0.0
00-0032398,Chris Moore,WR,2025,7,6,6.9,5.169846659128078,4.691399487836108,4.08,12.1
00-0032398,Chris Moore,WR,2025,11,10,3.8,4.543193541605439,3.953976833976834,3.9,0.0
00-0032398,Chris Moore,WR,2025,17,16,2.0,3.823258555386913,3.1051201201201204,3.4555555555555557,0.0
00-0032464,Kalif Raymond,WR,2025,4,3,8.3,3.2173554733938987,1.9893243243243242,2.1,0.9
00-0032464,Kalif Raymond,WR,2025,5,4,0.0,4.7029444187190155,4.0461285714285715,3.6500000000000004,8.3
00-0032464,Kalif Raymond,WR,2025,6,5,0.0,3.6615852839470944,2.8831139564660697,2.92,0.0
00-0032464,Kalif Raymond,WR,2025,7,6,3.2,3.399644204175152,2.146763191763192,2.4333333333333336,0.0
00-0032464,Kalif Raymond,WR,2025,9,7,0.0,3.519194593920282,2.4024324324324327,2.542857142857143,3.2
00-0032464,Kalif Raymond,WR,2025,10,9,7.9,3.156304169721613,1.814560810810811,2.225,0.0
00-0032464,Kalif Raymond,WR,2025,11,10,0.0,4.277592375259534,3.3063363363363365,2.8555555555555556,7.9
00-0032464,Kalif Raymond,WR,2025,12,11,4.7,3.5785427712305355,2.3376467181467184,2.5700000000000003,0.0
00-0032464,Kalif Raymond,WR,2025,16,15,14.2,3.8652620347229294,2.9595833333333332,2.7416666666666667,2.5
00-0032464,Kalif Raymond,WR,2025,17,16,1.0,5.456714988450715,5.462594297594298,3.623076923076923,14.2
00-0032464,Kalif Raymond,WR,2025,18,17,6.7,4.399226226015002,4.5460714285714285,3.435714285714286,1.0
00-0032764,Derrick Henry,RB,2025,4,3,6.8,11.829294829030623,12.696261261261261,13.733333333333333,10.2
00-0032764,Derrick Henry,RB,2025,5,4,9.3,9.903062370861806,10.820714285714285,12.0,6.8
00-0032764,Derrick Henry,RB,2025,6,5,13.5,10.097380535229924,10.443003841229192,11.459999999999999,9.3
00-0032764,Derrick Henry,RB,2025,8,6,19.1,10.745363680010584,11.27457528957529,11.8,13.5
00-0032764,Derrick Henry,RB,2025,9,8,12.6,12.387891345865896,12.619420849420852,12.842857142857143,19.1
00-0032764,Derrick Henry,RB,2025,10,9,9.9,12.125529656981536,12.987579633204632,12.8125,12.6
00-0032764,Derrick Henry,RB,2025,11,10,19.2,11.675409979796953,12.346709566709567,12.488888888888889,9.9
00-0032764,Derrick Henry,RB,2025,12,11,21.8,12.6504291014431,14.143972972972973,13.16,19.2
00-0032764,Derrick Henry,RB,2025,13,12,16.9,13.544122182439398,16.016681291681294,13.945454545454545,21.8
00-0032764,Derrick Henry,RB,2025,14,13,10.7,13.6477126219494,16.184786036036037,14.191666666666666,16.9
00-0032764,Derrick Henry,RB,2025,15,14,10.0,12.861035127344977,14.72956340956341,13.923076923076923,10.7
00-0032764,Derrick Henry,RB,2025,16,15,22.8,12.292601413365299,13.70088803088803,13.642857142857142,10.0
00-0032764,Derrick Henry,RB,2025,17,16,45.6,13.640203247055595,15.84194851994852,14.253333333333334,22.8
00-0032764,Derrick Henry,RB,2025,18,17,12.6,16.85303896783876,22.153178088803088,16.2125,45.6
00-0032775,Demarcus Robinson,WR,2025,7,6,0.0,5.083208718053205,4.603153153153154,4.433333333333334,5.4
00-0032775,Demarcus Robinson,WR,2025,8,7,3.5,3.979853684817115,3.099264285714286,3.325,0.0
00-0032775,Demarcus Robinson,WR,2025,9,8,0.0,4.2133533189852415,3.2227925736235594,3.3600000000000003,3.5
00-0032775,Demarcus Robinson,WR,2025,10,9,4.9,3.4885436781760224,2.4043050193050197,2.8000000000000003,0.0
00-0032775,Demarcus Robinson,WR,2025,11,10,1.8,4.176155540032863,3.033918918918919,3.1,4.9
00-0032775,Demarcus Robinson,WR,2025,12,11,1.3,3.8659874554455627,2.6556539575289575,2.9375,1.8
00-0032775,Demarcus Robinson,WR,2025,13,12,0.6,3.845907016546499,2.252089232089232,2.7555555555555555,1.3
00-0032775,Demarcus Robinson,WR,2025,15,13,4.6,3.5591002850616804,1.9733436293436295,2.54,0.6
00-0032775,Demarcus Robinson,WR,2025,16,15,9.3,4.03281675354195,2.5540049140049144,2.7272727272727275,4.6
00-0032775,Demarcus Robinson,WR,2025,17,16,4.0,4.8405111617285055,4.184300193050193,3.275,9.3
00-0032775,Demarcus Robinson,WR,2025,18,17,3.9,4.6765197671255425,4.0626418176418175,3.330769230769231,4.0
00-0032950,Carson Wentz,QB,2025,7,5,11.32,16.56670312888295,17.014873873873874,17.086666666666666,14.74
00-0032950,Carson Wentz,QB,2025,8,7,7.76,15.369850615290728,15.165727142857143,15.645,11.32
00-0032951,Laquon Treadwell,WR,2025,13,12,0.0,1.7521334421872496,0.0,0.0,0.0
00-0032951,Laquon Treadwell,WR,2025,14,13,0.0,1.7832465107966589,0.0,0.0,0.0
00-0033040,Tyreek Hill,WR,2025,4,3,9.7,10.07137221184,11.530405405405407,11.1,13.4
00-0033077,Dak Prescott,QB,2025,4,3,30.96,14.029410538083047,14.187972972972975,14.0,12.04
00-0033077,Dak Prescott,QB,2025,5,4,28.28,18.382755359380738,19.634862857142856,18.240000000000002,30.96
00-0033077,Dak Prescott,QB,2025,6,5,22.34,19.587589979295313,22.019572087067864,20.248,28.28
00-0033077,Dak Prescott,QB,2025,7,6,23.26,19.8586473446871,22.016373873873874,20.596666666666668,22.34
00-0033077,Dak Prescott,QB,2025,8,7,6.62,20.014803770665704,22.770637065637064,20.97714285714286,23.26
00-0033077,Dak Prescott,QB,2025,9,8,15.4,17.069426525737168,18.81505646718147,19.1825,6.62
00-0033077,Dak Prescott,QB,2025,11,9,24.32,17.25528380279531,18.263380094380096,18.762222222222224,15.4
00-0033077,Dak Prescott,QB,2025,12,11,27.06,18.29709942683285,19.252133976833978,19.318,24.32
00-0033077,Dak Prescott,QB,2025,13,12,20.6,19.61774938249053,20.7300881010881,20.021818181818183,27.06
00-0033077,Dak Prescott,QB,2025,14,13,18.44,19.436163076724615,20.602619691119692,20.07,20.6
00-0033077,Dak Prescott,QB,2025,15,14,11.96,19.084766670748518,19.991121176121176,19.944615384615386,18.44
00-0033077,Dak Prescott,QB,2025,16,15,19.16,17.947412123775532,18.670258687258688,19.374285714285715,11.96
00-0033077,Dak Prescott,QB,2025,17,16,22.68,18.41609805633296,18.93873359073359,19.36,19.16
00-0033077,Dak Prescott,QB,2025,18,17,0.7,18.94119798685529,19.59847442084942,19.5675,22.68
00-0033090,Hunter Henry,TE,2025,4,3,10.9,10.68798714843008,12.765225225225226,11.666666666666666,25.0
00-0033090,Hunter Henry,TE,2025,5,4,5.6,9.835789259170507,12.114135714285714,11.475,10.9
00-0033090,Hunter Henry,TE,2025,6,5,4.2,9.059986036300582,10.241658130601794,10.3,5.6
00-0033090,Hunter Henry,TE,2025,7,6,5.3,7.716755312999879,8.697699485199486,9.283333333333333,4.2
00-0033090,Hunter Henry,TE,2025,8,7,7.2,7.30136362094818,7.881544401544401,8.714285714285714,5.3
00-0033090,Hunter Henry,TE,2025,9,8,7.1,7.429460090963047,7.981472007722008,8.525,7.2
00-0033090,Hunter Henry,TE,2025,10,9,1.4,7.841234946552642,7.200592020592021,8.366666666666667,7.1
00-0033090,Hunter Henry,TE,2025,11,10,6.5,7.0008854064551596,5.781951737451738,7.67,1.4
00-0033090,Hunter Henry,TE,2025,12,11,21.0,7.263232076759941,6.058276588276588,7.5636363636363635,6.5
00-0033090,Hunter Henry,TE,2025,13,12,9.3,8.993529425589415,9.601000643500644,8.683333333333334,21.0
00-0033090,Hunter Henry,TE,2025,15,13,2.3,8.53637428119575,9.629128304128304,8.73076923076923,9.3
00-0033090,Hunter Henry,TE,2025,16,15,12.5,7.725549231175637,8.026370656370656,8.271428571428572,2.3
00-0033090,Hunter Henry,TE,2025,17,16,12.4,8.2467150763964,9.063435006435007,8.553333333333333,12.5
00-0033090,Hunter Henry,TE,2025,18,17,8.1,8.517973493638364,10.03215612934363,8.79375,12.4
00-0033106,Jared Goff,QB,2025,4,3,12.72,17.376203273726464,19.15962162162162,19.18,12.68
00-0033106,Jared Goff,QB,2025,5,4,20.12,16.638678853676947,17.06619,17.565,12.72
00-0033106,Jared Goff,QB,2025,6,5,16.82,17.010140001513495,17.952911139564662,18.076,20.12
00-0033106,Jared Goff,QB,2025,7,6,10.34,16.893647128834157,17.66878893178893,17.866666666666667,16.82
00-0033106,Jared Goff,QB,2025,9,7,19.36,15.798861804589752,16.099138996138997,16.791428571428572,10.34
00-0033106,Jared Goff,QB,2025,10,9,24.8,16.899517769208742,16.28830164092664,17.1125,19.36
00-0033106,Jared Goff,QB,2025,11,10,12.1,17.911630709159937,18.468951093951098,17.96666666666667,24.8
00-0033106,Jared Goff,QB,2025,12,11,17.16,16.83650466921652,17.162899613899615,17.38,12.1
00-0033106,Jared Goff,QB,2025,13,12,20.64,17.14379847197137,17.070281853281855,17.36,17.16
00-0033106,Jared Goff,QB,2025,14,13,16.16,17.365283179154744,17.905778635778635,17.633333333333333,20.64
00-0033106,Jared Goff,QB,2025,15,14,25.52,17.234348926442678,17.763351351351353,17.52,16.16
00-0033106,Jared Goff,QB,2025,16,15,26.46,18.40664576542142,19.419243243243244,18.091428571428573,25.52
00-0033106,Jared Goff,QB,2025,17,16,2.08,18.95709110312202,20.70085353925354,18.649333333333335,26.46
00-0033106,Jared Goff,QB,2025,18,17,15.24,16.229330353462434,16.78046500965251,17.61375,2.08
00-0033110,Tyler Higbee,TE,2025,4,3,3.5,2.772496584659354,1.8666216216216218,1.9000000000000001,0.0
00-0033110,Tyler Higbee,TE,2025,6,4,12.0,3.4112319024765028,2.399171428571429,2.3,3.5
00-0033110,Tyler Higbee,TE,2025,7,6,3.4,5.194410043053869,5.112348271446864,4.24,12.0
00-0033110,Tyler Higbee,TE,2025,9,7,8.8,4.722739103008564,4.631988416988417,4.1,3.4
00-0033110,Tyler Higbee,TE,2025,10,9,4.8,5.67954399195529,5.807355212355213,4.771428571428571,8.8
00-0033110,Tyler Higbee,TE,2025,11,10,2.8,5.198151960279377,5.522601351351351,4.775,4.8
00-0033119,Jacoby Brissett,QB,2025,7,6,19.76,9.445988721443584,8.288333333333334,6.966666666666667,20.7
00-0033119,Jacoby Brissett,QB,2025,9,7,24.84,11.916779092607293,11.965555714285715,10.165000000000001,19.76
00-0033119,Jacoby Brissett,QB,2025,10,9,19.42,14.809485728364773,15.529268886043532,13.1,24.84
00-0033119,Jacoby Brissett,QB,2025,11,10,21.88,15.087936600801468,16.4084851994852,14.153333333333334,19.42
00-0033119,Jacoby Brissett,QB,2025,12,11,18.68,16.074311187285662,18.24938996138996,15.257142857142858,21.88
00-0033119,Jacoby Brissett,QB,2025,13,12,19.64,16.288926089283738,18.864518339768342,15.685,18.68
00-0033119,Jacoby Brissett,QB,2025,14,13,19.04,16.68508547710004,18.82883740883741,16.124444444444446,19.64
00-0033119,Jacoby Brissett,QB,2025,15,14,20.56,16.77079753293331,18.703229343629346,16.416,19.04
00-0033119,Jacoby Brissett,QB,2025,16,15,10.62,17.28849726326857,18.78609161109161,16.792727272727273,20.56
00-0033119,Jacoby Brissett,QB,2025,17,16,16.48,15.959577838385675,16.795030566280566,16.278333333333332,10.62
00-0033119,Jacoby Brissett,QB,2025,18,17,15.62,16.357785061512832,16.51406623106623,16.293846153846154,16.48
00-0033217,Mo Alie-Cox,TE,2025,7,6,1.1,3.1040915519623233,1.9479279279279278,1.9666666666666668,2.1
00-0033217,Mo Alie-Cox,TE,2025,9,7,0.0,2.8892992898664325,1.6729285714285713,1.75,1.1
00-0033217,Mo Alie-Cox,TE,2025,10,9,0.0,2.5843405213702906,1.2028361075544174,1.4000000000000001,0.0
00-0033217,Mo Alie-Cox,TE,2025,12,10,1.4,2.403926790075593,0.9043758043758043,1.1666666666666667,0.0
00-0033217,Mo Alie-Cox,TE,2025,14,12,0.0,2.570916158275786,0.9808301158301158,1.2,1.4
00-0033217,Mo Alie-Cox,TE,2025,16,14,2.6,2.4209509937385083,0.7423841698841699,1.05,0.0
00-0033217,Mo Alie-Cox,TE,2025,17,16,9.5,2.798089223009692,1.149032604032604,1.2222222222222223,2.6
00-0033217,Mo Alie-Cox,TE,2025,18,17,3.7,3.8348044031367143,3.09773166023166,2.05,9.5
00-0033246,Johnny Mundt,TE,2025,5,4,1.2,1.8723574817720041,0.39297297297297296,0.39999999999999997,0.0
00-0033246,Johnny Mundt,TE,2025,6,5,1.9,2.13900725814803,0.6557142857142857,0.6,1.2
00-0033246,Johnny Mundt,TE,2025,7,6,1.4,2.3783665672488707,1.0054302176696543,0.86,1.9
00-0033246,Johnny Mundt,TE,2025,9,7,0.0,2.4797536394299478,1.0994498069498069,0.95,1.4
00-0033246,Johnny Mundt,TE,2025,10,9,2.6,2.299941672787531,0.8602123552123551,0.8142857142857143,0.0
00-0033246,Johnny Mundt,TE,2025,11,10,3.5,2.636394129481108,1.2662910231660232,1.0375,2.6
00-0033246,Johnny Mundt,TE,2025,12,11,1.7,2.9314439228792275,1.8281552981552982,1.3111111111111111,3.5
00-0033246,Johnny Mundt,TE,2025,18,17,2.1,2.690351357096677,1.3532906282906283,1.2272727272727273,0.0
00-0033280,Christian McCaffrey,RB,2025,4,3,23.1,16.76713945224163,19.1468018018018,19.133333333333333,19.0
00-0033280,Christian McCaffrey,RB,2025,5,4,23.9,17.70805583238231,20.431892857142856,20.125,23.1
00-0033280,Christian McCaffrey,RB,2025,6,5,20.6,18.34091222914464,21.39985019206146,20.88,23.9
00-0033280,Christian McCaffrey,RB,2025,7,6,35.6,18.20089553043046,21.17006435006435,20.833333333333332,20.6
00-0033280,Christian McCaffrey,RB,2025,8,7,8.3,20.59103045359892,24.818397683397684,22.942857142857143,35.6
00-0033280,Christian McCaffrey,RB,2025,9,8,31.8,17.11264805357119,20.928332528957533,21.1125,8.3
00-0033280,Christian McCaffrey,RB,2025,10,9,13.6,19.706814907008216,23.577065637065637,22.3,31.8
00-0033280,Christian McCaffrey,RB,2025,11,10,32.6,17.244219037097025,21.20530694980695,21.43,13.6
00-0033280,Christian McCaffrey,RB,2025,12,11,23.7,19.88834776198254,23.738109863109862,22.445454545454545,32.6
00-0033280,Christian McCaffrey,RB,2025,13,12,15.4,19.083261399738316,23.764469111969113,22.55,23.7
00-0033280,Christian McCaffrey,RB,2025,15,13,15.2,18.496898501746443,21.3957722007722,22.0,15.4
00-0033280,Christian McCaffrey,RB,2025,16,15,29.6,17.71971894084794,20.514594594594595,21.514285714285716,15.2
00-0033280,Christian McCaffrey,RB,2025,17,16,26.1,19.210776562320824,22.189709137709137,22.053333333333335,29.6
00-0033280,Christian McCaffrey,RB,2025,18,17,8.7,19.51537266535103,23.34151182432432,22.30625,26.1
00-0033282,Curtis Samuel,WR,2025,9,8,1.1,4.019847382092617,3.528468468468468,3.6666666666666665,0.0
00-0033282,Curtis Samuel,WR,2025,10,9,2.6,3.7806794594694897,2.744292857142857,3.025,1.1
00-0033282,Curtis Samuel,WR,2025,11,10,2.9,3.6346676057072913,2.716003841229193,2.94,2.6
00-0033288,George Kittle,TE,2025,9,8,4.9,7.363928974267178,7.777432432432433,7.6000000000000005,12.3
00-0033288,George Kittle,TE,2025,10,9,18.9,6.346693410674398,6.834464285714286,6.925000000000001,4.9
00-0033288,George Kittle,TE,2025,11,10,21.7,9.236491820307466,10.253786171574903,9.32,18.9
00-0033288,George Kittle,TE,2025,12,11,10.8,10.868346849570132,13.139282496782497,11.383333333333333,21.7
00-0033288,George Kittle,TE,2025,13,12,8.7,10.34707234483901,12.586891891891892,11.3,10.8
00-0033288,George Kittle,TE,2025,15,13,18.8,9.803812241217546,12.035014478764477,10.975,8.7
00-0033288,George Kittle,TE,2025,16,15,21.0,10.85659581700498,13.574570999571,11.844444444444445,18.8
00-0033288,George Kittle,TE,2025,18,16,5.4,11.931163000534637,15.516714285714286,12.76,21.0
00-0033293,Aaron Jones,RB,2025,9,8,10.8,6.977469809998288,6.245990990990991,6.833333333333333,4.0
00-0033293,Aaron Jones,RB,2025,10,9,14.4,7.917427043223008,7.750807142857143,7.825,10.8
00-0033293,Aaron Jones,RB,2025,11,10,9.6,9.339620796423807,9.636247119078105,9.14,14.4
00-0033293,Aaron Jones,RB,2025,12,11,7.2,9.322282693831875,9.60309202059202,9.216666666666667,9.6
00-0033293,Aaron Jones,RB,2025,13,12,2.5,8.964200122012562,8.831660231660232,8.928571428571429,7.2
00-0033293,Aaron Jones,RB,2025,14,13,7.6,7.815070796305213,7.537031853281854,8.125,2.5
00-0033293,Aaron Jones,RB,2025,15,14,8.0,8.10114845583155,7.704954954954955,8.066666666666666,7.6
00-0033293,Aaron Jones,RB,2025,16,15,10.3,8.194177853857832,7.683702702702703,8.06,8.0
00-0033293,Aaron Jones,RB,2025,17,16,13.8,8.83578676538879,8.068797823797825,8.263636363636364,10.3
00-0033307,Kendrick Bourne,WR,2025,5,4,19.2,4.741759382946546,4.065855855855856,4.233333333333333,2.2
00-0033307,Kendrick Bourne,WR,2025,6,5,16.7,8.225341822135846,8.994478571428571,7.975,19.2
00-0033307,Kendrick Bourne,WR,2025,7,6,2.4,9.443802196060174,11.130008962868118,9.719999999999999,16.7
00-0033307,Kendrick Bourne,WR,2025,8,7,5.9,7.871197658252755,8.827142857142857,8.5,2.4
00-0033307,Kendrick Bourne,WR,2025,9,8,4.4,7.472463980270831,8.235077220077219,8.128571428571428,5.9
00-0033307,Kendrick Bourne,WR,2025,10,9,2.4,6.707127807555302,7.390176158301158,7.6625,4.4
00-0033307,Kendrick Bourne,WR,2025,15,13,2.7,5.721858589552174,4.500175675675676,6.37,0.0
00-0033307,Kendrick Bourne,WR,2025,16,15,4.2,5.948653494080711,3.761916461916462,6.036363636363636,2.7
00-0033307,Kendrick Bourne,WR,2025,17,16,3.0,6.022796882619414,4.041888674388675,5.883333333333333,4.2
00-0033307,Kendrick Bourne,WR,2025,18,17,0.0,5.974256211974311,3.854048114048114,5.661538461538462,3.0
00-0033357,Taysom Hill,TE,2025,8,7,1.7,3.5711825797972017,2.89490990990991,2.853333333333333,1.8
00-0033357,Taysom Hill,TE,2025,9,8,3.0,3.489843636109814,2.5046242857142857,2.565,1.7
00-0033357,Taysom Hill,TE,2025,10,9,2.0,3.5588399111121416,2.647545710627401,2.652,3.0
00-0033357,Taysom Hill,TE,2025,12,10,1.7,3.4787337259699873,2.4819774774774777,2.5433333333333334,2.0
00-0033357,Taysom Hill,TE,2025,13,12,1.2,3.4293479709183745,2.3546988416988412,2.4228571428571426,1.7
00-0033357,Taysom Hill,TE,2025,14,13,-0.1,3.3590241186785232,1.9471254826254825,2.27,1.2
00-0033357,Taysom Hill,TE,2025,15,14,0.2,3.0625442741242326,1.4837039897039896,2.006666666666667,-0.1
00-0033357,Taysom Hill,TE,2025,16,15,13.32,2.9548691210054834,1.2048528957528957,1.826,0.2
00-0033357,Taysom Hill,TE,2025,17,16,0.0,4.570610171166821,3.956725517725518,2.870909090909091,13.32
00-0033357,Taysom Hill,TE,2025,18,17,4.7,3.5873576805241276,3.06464703989704,2.631666666666667,0.0
00-0033375,Tim Patrick,WR,2025,5,4,0.0,2.294962225884725,0.846801801801802,0.8333333333333334,0.4
00-0033375,Tim Patrick,WR,2025,6,5,9.1,2.1854577787687766,0.5708642857142858,0.625,0.0
00-0033375,Tim Patrick,WR,2025,7,6,2.7,3.8589597233202255,2.9875441741357234,2.32,9.1
00-0033375,Tim Patrick,WR,2025,12,11,0.0,4.933713569855357,4.603725868725869,3.4,9.5
00-0033375,Tim Patrick,WR,2025,13,12,1.6,3.767759427552006,3.527659266409267,2.975,0.0
00-0033375,Tim Patrick,WR,2025,14,13,16.3,3.807602053849204,3.154804804804805,2.8222222222222224,1.6
00-0033375,Tim Patrick,WR,2025,16,14,1.6,5.632856393342963,6.307009652509652,4.17,16.3
00-0033375,Tim Patrick,WR,2025,17,16,0.0,4.645406969843227,5.00948402948403,3.9363636363636365,1.6
00-0033375,Tim Patrick,WR,2025,18,17,0.9,4.3627629444605995,3.891739060489061,3.6083333333333334,0.0
00-0033376,Patrick Ricard,RB,2025,18,17,1.3,2.3450925368365616,0.05633571428571428,0.075,0.0
00-0033439,Pharaoh Brown,TE,2025,15,14,1.1,1.6323203876687105,0.0,0.0,0.0
00-0033455,Anthony Firkser,TE,2025,17,16,0.0,3.7337419118347346,3.0267567567567566,2.7,6.0
00-0033455,Anthony Firkser,TE,2025,18,17,1.2,2.9500519830250385,2.0291785714285715,2.025,0.0
00-0033526,Samaje Perine,RB,2025,4,3,0.4,2.634962731208167,0.4794144144144144,0.5666666666666667,0.1
00-0033526,Samaje Perine,RB,2025,5,4,3.9,2.623777371131566,0.45712142857142857,0.525,0.4
00-0033526,Samaje Perine,RB,2025,6,5,4.2,3.352988333105162,1.4346991037131882,1.2,3.9
00-0033526,Samaje Perine,RB,2025,7,6,3.1,3.8099541738037153,2.1313706563706565,1.7,4.2
00-0033526,Samaje Perine,RB,2025,8,7,16.5,3.970510092558333,2.373803088803089,1.9000000000000001,3.1
00-0033526,Samaje Perine,RB,2025,9,8,0.5,6.0749165056462555,5.847128378378378,3.725,16.5
00-0033526,Samaje Perine,RB,2025,14,13,4.3,5.161457802085929,4.697376447876448,3.47,4.4
00-0033526,Samaje Perine,RB,2025,15,14,4.8,4.806660593861205,4.565889785889786,3.5454545454545454,4.3
00-0033526,Samaje Perine,RB,2025,16,15,11.1,5.097837775144011,4.57234555984556,3.65,4.8
00-0033526,Samaje Perine,RB,2025,17,16,7.8,6.05513440882994,6.034428274428274,4.223076923076923,11.1
00-0033526,Samaje Perine,RB,2025,18,17,6.7,6.2900505784240615,5.9461679536679535,4.478571428571429,7.8
00-0033555,Mack Hollins,WR,2025,4,3,6.9,4.832008223169176,4.47981981981982,4.266666666666667,4.7
00-0033555,Mack Hollins,WR,2025,6,4,3.8,5.615061577458783,5.258264285714286,4.925,6.9
00-0033555,Mack Hollins,WR,2025,7,6,6.3,5.205215218370458,4.830582586427657,4.7,3.8
00-0033555,Mack Hollins,WR,2025,8,7,12.4,5.62208409626488,5.200495495495495,4.966666666666667,6.3
00-0033555,Mack Hollins,WR,2025,9,8,1.9,6.788575269641631,7.129749034749034,6.0285714285714285,12.4
00-0033555,Mack Hollins,WR,2025,10,9,13.6,5.752471374582812,5.812946428571429,5.5125,1.9
00-0033555,Mack Hollins,WR,2025,11,10,8.4,7.241234925528886,7.6796996996997,6.411111111111111,13.6
00-0033555,Mack Hollins,WR,2025,12,11,4.0,6.888704107368127,7.808133204633204,6.61,8.4
00-0033555,Mack Hollins,WR,2025,13,12,3.8,6.6002296293914124,7.008466128466129,6.372727272727273,4.0
00-0033555,Mack Hollins,WR,2025,15,13,6.1,6.165702398021878,6.2684668597168605,6.158333333333333,3.8
00-0033555,Mack Hollins,WR,2025,16,15,10.4,6.330788714631932,6.008228393228393,6.153846153846154,6.1
00-0033572,Jamal Agnew,WR,2025,7,6,0.0,1.7521334421872496,0.0,0.0,0.0
00-0033572,Jamal Agnew,WR,2025,8,7,0.0,1.7832465107966589,0.0,0.0,0.0
00-0033572,Jamal Agnew,WR,2025,9,8,0.0,1.814359579406068,0.0,0.0,0.0
00-0033572,Jamal Agnew,WR,2025,10,9,0.0,1.8454726480154773,0.0,0.0,0.0
00-0033572,Jamal Agnew,WR,2025,11,10,0.0,1.8765857166248867,0.0,0.0,0.0
00-0033572,Jamal Agnew,WR,2025,12,11,0.0,1.907698785234296,0.0,0.0,0.0
00-0033572,Jamal Agnew,WR,2025,13,12,0.0,1.9388118538437051,0.0,0.0,0.0
00-0033572,Jamal Agnew,WR,2025,14,13,0.0,1.9699249224531146,0.0,0.0,0.0
00-0033576,Eric Saubert,TE,2025,4,3,0.0,2.0805157765421023,0.6761711711711711,0.5666666666666667,1.7
00-0033576,Eric Saubert,TE,2025,6,4,0.0,1.92233212744195,0.4518357142857143,0.425,0.0
00-0033576,Eric Saubert,TE,2025,16,15,2.0,2.1195510849122425,0.5993661518661518,0.5166666666666666,1.4
00-0033576,Eric Saubert,TE,2025,17,16,0.0,2.3668624056064664,0.9642664092664093,0.7285714285714285,2.0
00-0033576,Eric Saubert,TE,2025,18,17,2.0,2.2159692311041566,0.755074806949807,0.6375,0.0
00-0033591,Noah Brown,WR,2025,15,14,3.3,3.5882632042739764,2.42972972972973,2.5,2.4
00-0033662,Cooper Rush,QB,2025,6,5,-1.12,4.599104094976706,1.0326306306306308,0.9466666666666667,1.16
00-0033854,Dare Ogunbowale,RB,2025,5,3,0.0,2.604107043000271,0.43963963963963965,0.5333333333333333,0.0
00-0033854,Dare Ogunbowale,RB,2025,7,5,0.0,2.5043101461951873,0.30045714285714287,0.4,0.0
00-0033854,Dare Ogunbowale,RB,2025,8,7,2.2,2.492354368523496,0.21986171574903968,0.32,0.0
00-0033854,Dare Ogunbowale,RB,2025,9,8,0.7,2.904005336590866,0.7316280566280567,0.6333333333333334,2.2
00-0033854,Dare Ogunbowale,RB,2025,11,9,1.4,2.872830486111327,0.6895559845559847,0.6428571428571429,0.7
00-0033854,Dare Ogunbowale,RB,2025,12,11,0.0,3.0482275883566956,0.8832987451737451,0.7375,1.4
00-0033854,Dare Ogunbowale,RB,2025,13,12,0.0,2.8635201466229323,0.6983247533247533,0.6555555555555556,0.0
00-0033854,Dare Ogunbowale,RB,2025,14,13,6.5,2.8372526751668596,0.5581602316602317,0.59,0.0
00-0033854,Dare Ogunbowale,RB,2025,15,14,4.9,3.656415610628615,1.9432327132327134,1.1272727272727272,6.5
00-0033854,Dare Ogunbowale,RB,2025,16,15,0.4,3.893696257072405,2.557343951093951,1.4416666666666667,4.9
00-0033854,Dare Ogunbowale,RB,2025,18,16,1.4,3.6115890018252665,2.0705539055539055,1.3615384615384616,0.4
00-0033857,JuJu Smith-Schuster,WR,2025,4,3,11.6,5.860138670858576,5.508783783783784,5.5,7.5
00-0033857,JuJu Smith-Schuster,WR,2025,5,4,2.7,7.11465087863381,7.489378571428572,7.025,11.6
00-0033857,JuJu Smith-Schuster,WR,2025,6,5,7.2,6.1281197068456175,6.112927016645326,6.16,2.7
00-0033857,JuJu Smith-Schuster,WR,2025,7,6,5.0,6.572530879024659,6.3935006435006425,6.333333333333333,7.2
00-0033857,JuJu Smith-Schuster,WR,2025,8,7,3.9,6.123091395417157,5.98957528957529,6.142857142857143,5.0
00-0033857,JuJu Smith-Schuster,WR,2025,9,8,0.7,5.997195820088234,5.66733832046332,5.8625,3.9
00-0033857,JuJu Smith-Schuster,WR,2025,11,9,0.0,5.253508159780523,4.437211497211496,5.288888888888889,0.7
00-0033857,JuJu Smith-Schuster,WR,2025,12,11,1.3,4.871722980547998,3.1974478764478764,4.76,0.0
00-0033857,JuJu Smith-Schuster,WR,2025,13,12,0.0,4.710602518587234,2.8664882414882413,4.445454545454545,1.3
00-0033857,JuJu Smith-Schuster,WR,2025,14,13,1.0,4.479053206786905,2.1558638996139,4.075,0.0
00-0033857,JuJu Smith-Schuster,WR,2025,15,14,0.0,4.5186216421664165,1.9124383724383724,3.8384615384615386,1.0
00-0033857,JuJu Smith-Schuster,WR,2025,16,15,1.7,4.333261094824548,1.5370173745173743,3.564285714285714,0.0
00-0033857,JuJu Smith-Schuster,WR,2025,17,16,3.1,4.434618685811589,1.7325714285714287,3.44,1.7
00-0033857,JuJu Smith-Schuster,WR,2025,18,17,2.3,4.562577160014917,2.2058096042471043,3.41875,3.1
00-0033858,Jonnu Smith,TE,2025,4,3,1.6,6.003661921495262,5.798333333333333,6.166666666666667,3.8
00-0033858,Jonnu Smith,TE,2025,6,4,4.3,4.909140714207313,4.4478928571428575,5.025,1.6
00-0033858,Jonnu Smith,TE,2025,7,6,10.3,5.038195242030567,4.431841229193342,4.88,4.3
00-0033858,Jonnu Smith,TE,2025,8,7,2.7,6.165078435252543,5.955749678249678,5.783333333333333,10.3
00-0033858,Jonnu Smith,TE,2025,9,8,4.0,5.5254699073821705,5.000598455598455,5.342857142857143,2.7
00-0033858,Jonnu Smith,TE,2025,10,9,0.9,5.541673267069174,4.784570463320463,5.175,4.0
00-0033858,Jonnu Smith,TE,2025,11,10,0.0,4.753859314998448,3.9192084942084944,4.7,0.9
00-0033858,Jonnu Smith,TE,2025,12,11,4.3,4.361247615138093,3.1298629343629347,4.23,0.0
00-0033858,Jonnu Smith,TE,2025,13,12,1.1,4.682046418013061,3.418499473499473,4.236363636363636,4.3
00-0033858,Jonnu Smith,TE,2025,14,13,0.0,4.494532352391663,2.6981418918918916,3.975,1.1
00-0033858,Jonnu Smith,TE,2025,15,14,9.6,4.2794686102553054,2.169404514404514,3.669230769230769,0.0
00-0033858,Jonnu Smith,TE,2025,16,15,2.8,5.2047551839881425,3.8534073359073355,4.0928571428571425,9.6
00-0033858,Jonnu Smith,TE,2025,17,16,5.2,4.783938088252006,3.739862290862291,4.006666666666667,2.8
00-0033858,Jonnu Smith,TE,2025,18,17,0.9,5.194496051042672,4.209537886100385,4.08125,5.2
00-0033873,Patrick Mahomes,QB,2025,4,3,27.3,18.657531994362213,19.6147027027027,20.419999999999998,13.16
00-0033873,Patrick Mahomes,QB,2025,5,4,26.72,20.63969821348896,22.146685714285717,22.14,27.3
00-0033873,Patrick Mahomes,QB,2025,6,5,31.48,21.31688030764377,23.440909859154928,23.056,26.72
00-0033873,Patrick Mahomes,QB,2025,7,6,26.24,23.074268030252657,25.48053281853282,24.46,31.48
00-0033873,Patrick Mahomes,QB,2025,8,7,22.96,22.86116138875605,25.61138996138996,24.714285714285715,26.24
00-0033873,Patrick Mahomes,QB,2025,9,8,10.5,22.43215850282499,25.05625386100386,24.495,22.96
00-0033873,Patrick Mahomes,QB,2025,11,9,13.34,20.000113668670092,22.00391505791506,22.94,10.5
00-0033873,Patrick Mahomes,QB,2025,12,11,17.08,19.242377532507582,19.85077606177606,21.98,13.34
00-0033873,Patrick Mahomes,QB,2025,13,12,29.44,19.09813210794783,19.091755001755004,21.534545454545455,17.08
00-0033873,Patrick Mahomes,QB,2025,14,13,5.8,20.972421941870497,21.145890604890603,22.19333333333333,29.44
00-0033873,Patrick Mahomes,QB,2025,15,14,13.06,18.47970972171696,17.583326997327,20.932307692307692,5.8
00-0033881,Evan Engram,TE,2025,5,4,11.3,4.225267118107527,3.494864864864865,3.4000000000000004,4.9
00-0033881,Evan Engram,TE,2025,6,5,7.4,5.933536178682537,6.029364285714285,5.375,11.3
00-0033881,Evan Engram,TE,2025,7,6,6.7,6.157705598300716,6.388070422535211,5.78,7.4
00-0033881,Evan Engram,TE,2025,8,7,5.6,6.320279929580278,6.438674388674389,5.933333333333334,6.7
00-0033881,Evan Engram,TE,2025,9,8,0.0,6.0588177936503165,6.311872586872587,5.885714285714286,5.6
00-0033881,Evan Engram,TE,2025,10,9,2.2,5.027904477354365,4.931592664092665,5.15,0.0
00-0033881,Evan Engram,TE,2025,11,10,5.3,4.864777988888299,4.297102102102102,4.822222222222222,2.2
00-0033881,Evan Engram,TE,2025,13,11,10.9,5.197832384272259,4.311642857142857,4.87,5.3
00-0033881,Evan Engram,TE,2025,14,13,1.8,6.20399550209362,5.746112671112671,5.418181818181818,10.9
00-0033881,Evan Engram,TE,2025,15,14,1.7,5.460054707634566,4.798246460746461,5.116666666666667,1.8
00-0033881,Evan Engram,TE,2025,16,15,4.6,5.233261929102878,4.093440748440749,4.853846153846154,1.7
00-0033881,Evan Engram,TE,2025,17,16,4.1,5.22626966050552,4.3977895752895755,4.835714285714285,4.6
00-0033881,Evan Engram,TE,2025,18,17,6.0,5.279400633917316,4.437398970398971,4.786666666666667,4.1
00-0033885,David Njoku,TE,2025,4,3,2.1,6.112606696691993,5.979054054054055,5.9,6.5
00-0033885,David Njoku,TE,2025,5,4,15.7,5.123969966151536,4.714328571428571,4.95,2.1
00-0033885,David Njoku,TE,2025,6,5,4.3,7.435641631868932,7.834475032010243,7.1,15.7
00-0033885,David Njoku,TE,2025,8,6,11.7,6.381544150280695,6.894253539253539,6.633333333333333,4.3
00-0033885,David Njoku,TE,2025,10,8,9.1,7.63143674933088,8.134382239382239,7.357142857142857,11.7
00-0033885,David Njoku,TE,2025,11,10,1.2,7.369174101463083,8.408605212355212,7.575,9.1
00-0033885,David Njoku,TE,2025,13,11,1.4,6.361615515542857,6.729877734877736,6.866666666666666,1.2
00-0033885,David Njoku,TE,2025,14,13,6.6,5.751045466814933,5.659779922779922,6.319999999999999,1.4
00-0033891,Zay Jones,WR,2025,6,5,10.4,3.229749342609787,2.109414414414415,2.066666666666667,1.8
00-0033891,Zay Jones,WR,2025,7,6,7.7,5.191210652864507,4.8039000000000005,4.15,10.4
00-0033906,Alvin Kamara,RB,2025,4,3,9.2,9.842573958039607,10.173108108108108,10.6,6.1
00-0033906,Alvin Kamara,RB,2025,5,4,7.5,9.77768745683004,9.873928571428571,10.25,9.2
00-0033906,Alvin Kamara,RB,2025,6,5,10.1,9.185376861414765,9.218783610755441,9.7,7.5
00-0033906,Alvin Kamara,RB,2025,7,6,4.4,9.580425161220358,9.467541827541826,9.766666666666666,10.1
00-0033906,Alvin Kamara,RB,2025,8,7,5.5,8.627398739599718,8.10988416988417,9.0,4.4
00-0033906,Alvin Kamara,RB,2025,9,8,0.2,8.484440277464312,7.346662644787644,8.5625,5.5
00-0033906,Alvin Kamara,RB,2025,10,9,13.0,7.220231435688459,5.758925353925354,7.633333333333333,0.2
00-0033906,Alvin Kamara,RB,2025,12,10,2.5,8.618966444991349,7.421140926640926,8.17,13.0
00-0033908,Cooper Kupp,WR,2025,4,3,4.6,6.14231674529589,6.411171171171171,6.366666666666666,4.1
00-0033908,Cooper Kupp,WR,2025,5,4,8.9,6.072152068604949,5.8203499999999995,5.925,4.6
00-0033908,Cooper Kupp,WR,2025,6,5,11.0,6.6080510087436295,6.696756722151088,6.52,8.9
00-0033908,Cooper Kupp,WR,2025,7,6,1.7,7.435392513831005,7.789954954954955,7.266666666666667,11.0
00-0033908,Cooper Kupp,WR,2025,11,10,3.8,6.948846130423258,6.707425193050193,6.7125,8.4
00-0033908,Cooper Kupp,WR,2025,12,11,3.4,6.232415523825665,6.111593736593736,6.388888888888889,3.8
00-0033908,Cooper Kupp,WR,2025,13,12,3.9,6.135837667153853,5.548391891891892,6.09,3.4
00-0033908,Cooper Kupp,WR,2025,14,13,10.5,5.954842891338866,5.082320112320112,5.890909090909091,3.9
00-0033908,Cooper Kupp,WR,2025,15,14,7.1,6.862658243395611,6.150284749034748,6.275,10.5
00-0033908,Cooper Kupp,WR,2025,16,15,5.4,6.830187249310622,6.527727947727947,6.338461538461538,7.1
00-0033908,Cooper Kupp,WR,2025,17,16,1.1,6.791949131300599,6.198899613899615,6.271428571428571,5.4
00-0033908,Cooper Kupp,WR,2025,18,17,3.9,6.009124886032681,5.16101287001287,5.926666666666667,1.1
00-0033921,Chris Godwin Jr.,WR,2025,13,12,9.3,4.151203047658318,3.2249549549549545,3.3666666666666663,1.9
00-0033921,Chris Godwin Jr.,WR,2025,14,13,8.0,5.5966250371235775,5.206385714285714,4.85,9.3
00-0033921,Chris Godwin Jr.,WR,2025,15,14,12.0,6.031979692126286,5.981207426376441,5.48,8.0
00-0033921,Chris Godwin Jr.,WR,2025,16,15,5.5,7.254154945668177,7.498005148005148,6.566666666666666,12.0
00-0033921,Chris Godwin Jr.,WR,2025,17,16,20.3,6.638072433132158,7.087760617760618,6.414285714285715,5.5
00-0033921,Chris Godwin Jr.,WR,2025,18,17,1.3,8.870032843448541,10.353291505791507,8.15,20.3
00-0033923,Kareem Hunt,RB,2025,4,3,5.2,7.008756676023455,6.601801801801802,6.133333333333334,10.9
00-0033923,Kareem Hunt,RB,2025,5,4,18.2,6.6138857793926995,6.126942857142858,5.9,5.2
00-0033923,Kareem Hunt,RB,2025,6,5,3.9,9.246551974474485,9.534194622279129,8.36,18.2
00-0033923,Kareem Hunt,RB,2025,7,6,1.8,7.676969693265439,8.035254182754182,7.616666666666666,3.9
00-0033923,Kareem Hunt,RB,2025,8,7,16.7,6.985993949230006,6.631235521235522,6.785714285714286,1.8
00-0033923,Kareem Hunt,RB,2025,9,8,12.0,8.567226755159762,9.165024131274132,8.025,16.7
00-0033923,Kareem Hunt,RB,2025,11,9,12.7,8.809471686205216,9.71924066924067,8.466666666666667,12.0
00-0033923,Kareem Hunt,RB,2025,12,11,18.5,9.51663094863537,10.506055984555983,8.89,12.7
00-0033923,Kareem Hunt,RB,2025,13,12,8.5,10.470317593843463,11.979994734994737,9.763636363636364,18.5
00-0033923,Kareem Hunt,RB,2025,14,13,9.0,9.707059555934922,11.345551801801802,9.658333333333333,8.5
00-0033923,Kareem Hunt,RB,2025,15,14,2.5,9.745958368588266,11.052364122364121,9.607692307692307,9.0
00-0033923,Kareem Hunt,RB,2025,16,15,0.2,8.513888545735968,8.858899613899613,9.1,2.5
00-0033923,Kareem Hunt,RB,2025,17,16,3.8,7.775149601028182,6.850093951093951,8.506666666666666,0.2
00-0033923,Kareem Hunt,RB,2025,18,17,5.0,7.741752246635793,6.083313223938225,8.2125,3.8
00-0033943,Josh Reynolds,WR,2025,6,5,4.0,4.122344935104169,3.3149549549549553,3.066666666666667,6.4
00-0033943,Josh Reynolds,WR,2025,7,6,4.4,4.188217970900701,3.5276857142857145,3.3,4.0
00-0033949,Joshua Dobbs,QB,2025,18,17,0.92,4.2450032006563125,0.4742612612612613,0.39333333333333337,1.1
00-0033955,Jeremy McNichols,RB,2025,5,4,2.3,5.907248090503074,5.524324324324325,5.7,0.8
00-0033955,Jeremy McNichols,RB,2025,6,5,5.0,5.59241007497147,4.482842857142857,4.8500000000000005,2.3
00-0033955,Jeremy McNichols,RB,2025,7,6,5.5,5.534886233501507,4.645650448143407,4.88,5.0
00-0033955,Jeremy McNichols,RB,2025,8,7,9.3,5.8461007366164,4.875653153153154,4.983333333333333,5.5
00-0033955,Jeremy McNichols,RB,2025,9,8,0.0,6.700287059734496,6.059111969111969,5.6000000000000005,9.3
00-0033955,Jeremy McNichols,RB,2025,10,9,3.4,5.660882102659484,4.303803088803089,4.9,0.0
00-0033955,Jeremy McNichols,RB,2025,11,10,3.9,5.764148397385909,4.242245817245817,4.733333333333333,3.4
00-0033955,Jeremy McNichols,RB,2025,13,11,4.0,5.5862446390586795,4.2567277992278,4.65,3.9
00-0033955,Jeremy McNichols,RB,2025,14,13,0.7,5.73501941587223,4.193555633555634,4.590909090909091,4.0
00-0033955,Jeremy McNichols,RB,2025,15,14,0.7,5.275841070303709,3.3782561132561133,4.266666666666667,0.7
00-0033955,Jeremy McNichols,RB,2025,16,15,4.2,5.156415994880083,2.622172557172557,3.9923076923076923,0.7
00-0033955,Jeremy McNichols,RB,2025,17,16,2.5,5.414694193314458,3.151418918918919,4.007142857142857,4.2
00-0033955,Jeremy McNichols,RB,2025,18,17,1.6,5.335719926500882,3.053607464607465,3.9066666666666667,2.5
00-0034073,Ross Dwelley,TE,2025,14,13,0.9,1.843235864785601,0.31819819819819817,0.26666666666666666,0.8
00-0034159,Will Dissly,TE,2025,7,6,0.0,3.229014942027711,2.1386486486486485,2.0999999999999996,2.8
00-0034159,Will Dissly,TE,2025,16,14,4.3,2.60821390329963,1.2093188220230473,1.38,0.6
00-0034159,Will Dissly,TE,2025,17,16,2.9,3.1815644935528953,2.0087966537966535,1.8666666666666665,4.3
00-0034159,Will Dissly,TE,2025,18,17,1.1,3.2986233434994547,2.213957528957529,2.0142857142857142,2.9
00-0034270,Tyler Conklin,TE,2025,5,4,4.0,3.1451212801460233,2.021801801801802,2.3333333333333335,0.8
00-0034272,Marquez Valdes-Scantling,WR,2025,6,5,3.2,2.4438838123298527,1.0153153153153152,0.9333333333333332,1.4
00-0034272,Marquez Valdes-Scantling,WR,2025,15,14,8.4,2.600263691983753,1.2249679897567223,1.2,0.0
00-0034272,Marquez Valdes-Scantling,WR,2025,16,15,1.1,4.002357147270616,3.060694980694981,2.4,8.4
00-0034272,Marquez Valdes-Scantling,WR,2025,17,16,3.6,3.3694011829126276,2.6579729729729733,2.2142857142857144,1.1
00-0034272,Marquez Valdes-Scantling,WR,2025,18,17,5.9,3.8004565082905333,2.9102582046332044,2.3875,3.6
00-0034348,Courtland Sutton,WR,2025,4,3,16.6,11.1324625108734,12.782477477477478,12.333333333333334,20.8
00-0034348,Courtland Sutton,WR,2025,5,4,13.9,11.590869172744577,14.0058,13.4,16.6
00-0034348,Courtland Sutton,WR,2025,6,5,2.2,12.018425693147753,13.94875800256082,13.5,13.9
00-0034348,Courtland Sutton,WR,2025,7,6,13.7,9.516093991444995,10.919288931788932,11.616666666666667,2.2
00-0034348,Courtland Sutton,WR,2025,8,7,8.7,10.396559967534104,11.487084942084943,11.914285714285715,13.7
00-0034348,Courtland Sutton,WR,2025,9,8,9.5,9.738779647460618,11.198332528957529,11.5125,8.7
00-0034348,Courtland Sutton,WR,2025,10,9,3.9,10.07850560782978,10.474006864006864,11.28888888888889,9.5
00-0034348,Courtland Sutton,WR,2025,11,10,7.9,9.031946708234125,8.771592664092665,10.55,3.9
00-0034348,Courtland Sutton,WR,2025,13,11,14.7,9.217833469610174,8.49015093015093,10.309090909090909,7.9
00-0034348,Courtland Sutton,WR,2025,14,13,9.2,10.018804505750529,10.226269305019306,10.675,14.7
00-0034348,Courtland Sutton,WR,2025,15,14,20.8,9.841248632691899,9.90072765072765,10.561538461538461,9.2
00-0034348,Courtland Sutton,WR,2025,16,15,17.6,11.279068915178431,12.411361003861003,11.292857142857143,20.8
00-0034348,Courtland Sutton,WR,2025,17,16,6.0,11.347486758052836,13.58879794079794,11.713333333333333,17.6
00-0034348,Courtland Sutton,WR,2025,18,17,1.0,10.370204356598284,12.140421090733591,11.35625,6.0
00-0034351,Dallas Goedert,TE,2025,5,4,9.4,10.67640739343245,12.420135135135133,11.8,17.7
00-0034351,Dallas Goedert,TE,2025,6,5,21.5,9.897934869333868,11.412828571428571,11.2,9.4
00-0034351,Dallas Goedert,TE,2025,7,6,3.3,12.22579233062679,14.25858642765685,13.26,21.5
00-0034351,Dallas Goedert,TE,2025,8,7,16.3,9.555973902106375,11.40496138996139,11.6,3.3
00-0034351,Dallas Goedert,TE,2025,10,8,6.3,11.076356545226682,12.748011583011584,12.271428571428572,16.3
00-0034351,Dallas Goedert,TE,2025,11,10,3.4,9.462268878204736,11.274116795366794,11.525,6.3
00-0034351,Dallas Goedert,TE,2025,12,11,3.0,8.850305755097331,9.197430287430286,10.622222222222222,3.4
00-0034351,Dallas Goedert,TE,2025,13,12,3.7,7.947024030224871,7.823065637065637,9.86,3.0
00-0034351,Dallas Goedert,TE,2025,14,13,11.8,7.831339380866426,6.509034749034749,9.3,3.7
00-0034351,Dallas Goedert,TE,2025,15,14,22.0,8.730014670232032,7.985001608751608,9.508333333333333,11.8
00-0034351,Dallas Goedert,TE,2025,16,15,10.7,10.435275853323976,10.932589842589842,10.46923076923077,22.0
00-0034351,Dallas Goedert,TE,2025,17,16,8.3,9.94211718908774,11.014826254826254,10.485714285714286,10.7
00-0034365,Ian Thomas,TE,2025,6,5,0.9,2.5550756000551065,1.3921171171171172,1.1666666666666667,3.5
00-0034365,Ian Thomas,TE,2025,11,9,2.5,2.58390614321571,1.267562099871959,1.16,1.4
00-0034365,Ian Thomas,TE,2025,12,11,5.6,2.7786478947899775,1.5779118404118404,1.3833333333333333,2.5
00-0034365,Ian Thomas,TE,2025,13,12,1.3,3.472299025759337,2.6223359073359074,1.9857142857142858,5.6
00-0034365,Ian Thomas,TE,2025,14,13,2.7,3.1799663724201506,2.3674903474903473,1.9,1.3
00-0034383,Dalton Schultz,TE,2025,4,3,5.5,5.475327512042696,5.168018018018018,5.033333333333333,6.4
00-0034383,Dalton Schultz,TE,2025,5,4,8.5,5.563236933392583,5.270528571428572,5.15,5.5
00-0034383,Dalton Schultz,TE,2025,7,5,14.3,6.276549615401935,6.1792727272727275,5.82,8.5
00-0034383,Dalton Schultz,TE,2025,8,7,3.4,7.64088034517289,8.241029601029602,7.233333333333333,14.3
00-0034383,Dalton Schultz,TE,2025,9,8,10.7,6.557757689832579,7.142857142857144,6.685714285714286,3.4
00-0034383,Dalton Schultz,TE,2025,10,9,14.8,7.432086880154522,8.078173262548262,7.1875,10.7
00-0034383,Dalton Schultz,TE,2025,11,10,8.1,8.154900229759253,9.684118404118404,8.033333333333333,14.8
00-0034383,Dalton Schultz,TE,2025,12,11,1.3,7.941174252185625,9.376065637065636,8.040000000000001,8.1
00-0034383,Dalton Schultz,TE,2025,13,12,9.0,6.832092720561671,7.479024219024219,7.427272727272728,1.3
00-0034383,Dalton Schultz,TE,2025,14,13,3.7,7.305425769378946,7.581053732303732,7.558333333333334,9.0
00-0034383,Dalton Schultz,TE,2025,15,14,17.6,6.675562459850189,6.8550712800712805,7.2615384615384615,3.7
00-0034383,Dalton Schultz,TE,2025,16,15,12.0,8.480770239774735,9.137915057915059,8.0,17.6
00-0034383,Dalton Schultz,TE,2025,17,16,3.4,8.404547978062237,9.498256113256113,8.266666666666667,12.0
00-0034383,Dalton Schultz,TE,2025,18,17,9.3,7.7154796094693685,8.127705115830116,7.9625,3.4
00-0034407,Ray-Ray McCloud,WR,2025,4,3,-0.19999999999999996,4.0093717552005135,3.006756756756757,3.1999999999999997,3.0
00-0034407,Ray-Ray McCloud,WR,2025,10,9,0.0,3.0970446818132875,1.7135697823303457,2.08,1.0
00-0034418,Cedrick Wilson Jr.,WR,2025,17,16,1.3,2.846035639410392,1.4754,1.4,1.6
00-0034418,Cedrick Wilson Jr.,WR,2025,18,17,0.0,2.8544079420333053,1.4223790012804098,1.3800000000000001,1.3
00-0034419,Braxton Berrios,WR,2025,10,9,0.0,3.1120059090194654,2.173018018018018,2.2333333333333334,0.0
00-0034521,Allen Lazard,WR,2025,7,5,2.6,4.01419584917984,3.02454954954955,3.466666666666667,0.8
00-0034521,Allen Lazard,WR,2025,8,7,1.0,3.8583870113888192,2.9043857142857146,3.25,2.6
00-0034521,Allen Lazard,WR,2025,13,12,1.5,3.4799744022305488,2.14985842985843,2.566666666666667,1.4
00-0034521,Allen Lazard,WR,2025,14,13,0.0,3.539166975313284,1.7881467181467183,2.4142857142857146,1.5
00-0034521,Allen Lazard,WR,2025,15,14,1.1,3.2477308050171527,1.4009966216216216,2.1125000000000003,0.0
00-0034613,Tanner Hudson,TE,2025,11,9,3.7,5.396401995845787,4.999729729729729,5.2,5.2
00-0034613,Tanner Hudson,TE,2025,12,11,1.4,4.939039751232165,4.5851500000000005,4.825,3.7
00-0034613,Tanner Hudson,TE,2025,13,12,7.9,4.425009651854116,3.6942880921895007,4.14,1.4
00-0034613,Tanner Hudson,TE,2025,14,13,1.6,5.3233437610463525,4.792464607464607,4.766666666666667,7.9
00-0034613,Tanner Hudson,TE,2025,15,14,3.1,4.652619218386675,3.852741312741313,4.314285714285714,1.6
00-0034613,Tanner Hudson,TE,2025,16,15,0.9,4.765870777553825,3.7774927606177604,4.1625,3.1
00-0034613,Tanner Hudson,TE,2025,17,16,4.1,4.2008564859019035,3.0654247104247103,3.8000000000000003,0.9
00-0034753,Mark Andrews,TE,2025,4,3,6.5,8.457197464225247,10.155225225225227,8.666666666666668,24.1
00-0034753,Mark Andrews,TE,2025,5,4,3.2,7.300954769291712,8.906207142857145,8.125,6.5
00-0034753,Mark Andrews,TE,2025,6,5,4.6,6.7175931749847875,7.256067861715749,7.140000000000001,3.2
00-0034753,Mark Andrews,TE,2025,8,6,4.9,5.961674998078422,6.570485842985843,6.716666666666667,4.6
00-0034753,Mark Andrews,TE,2025,9,8,15.6,5.8228966847317505,6.358204633204633,6.457142857142857,4.9
00-0034753,Mark Andrews,TE,2025,10,9,8.9,7.611308029067227,8.785849420849422,7.6000000000000005,15.6
00-0034753,Mark Andrews,TE,2025,11,10,14.2,7.6976705141386,8.216404976404977,7.7444444444444445,8.9
00-0034753,Mark Andrews,TE,2025,12,11,1.6,8.699266138093611,9.644299227799229,8.39,14.2
00-0034753,Mark Andrews,TE,2025,13,12,6.7,7.058306877128429,7.955010530010531,7.7727272727272725,1.6
00-0034753,Mark Andrews,TE,2025,14,13,1.4,7.331131819916559,7.77771879021879,7.683333333333334,6.7
00-0034753,Mark Andrews,TE,2025,15,14,2.8,6.283021497230131,6.440772200772201,7.2,1.4
00-0034753,Mark Andrews,TE,2025,16,15,3.4,6.393957471314864,5.35523166023166,6.885714285714286,2.8
00-0034753,Mark Andrews,TE,2025,17,16,4.8,6.239398526974445,4.896581724581724,6.653333333333333,3.4
00-0034753,Mark Andrews,TE,2025,18,17,2.4,6.601392869626363,4.663337355212355,6.5375,4.8
00-0034771,Mason Rudolph,QB,2025,12,11,7.54,6.425782241135316,3.703666666666667,3.1533333333333333,8.98
00-0034771,Mason Rudolph,QB,2025,13,12,-2.0,7.244663224379441,4.929008571428572,4.25,7.54
00-0034775,Christian Kirk,WR,2025,10,9,0.8,5.543685176761596,5.253978571428572,5.125,4.6
00-0034775,Christian Kirk,WR,2025,11,10,1.1,4.7101636587594635,3.9874660691421253,4.26,0.8
00-0034775,Christian Kirk,WR,2025,12,11,13.9,4.203084205136499,3.2613384813384814,3.7333333333333334,1.1
00-0034775,Christian Kirk,WR,2025,14,12,1.1,6.074926670191408,5.888069498069498,5.185714285714286,13.9
00-0034775,Christian Kirk,WR,2025,16,14,5.2,4.964856754631119,4.785361969111969,4.675,1.1
00-0034775,Christian Kirk,WR,2025,17,16,1.1,5.484920429849162,4.750913770913771,4.733333333333333,5.2
00-0034775,Christian Kirk,WR,2025,18,17,0.2,4.58656782689553,3.905793436293436,4.37,1.1
00-0034791,Nick Chubb,RB,2025,4,3,7.2,8.31809982857109,8.486441441441443,8.566666666666666,5.5
00-0034791,Nick Chubb,RB,2025,5,4,12.1,8.348851969639853,8.071321428571428,8.225,7.2
00-0034791,Nick Chubb,RB,2025,7,5,1.6,9.064772175704215,9.218553137003841,9.0,12.1
00-0034791,Nick Chubb,RB,2025,8,7,7.9,7.522349280024662,7.257561132561133,7.766666666666667,1.6
00-0034791,Nick Chubb,RB,2025,9,8,3.4,8.01471588657879,7.480019305019305,7.785714285714286,7.9
00-0034791,Nick Chubb,RB,2025,10,9,5.7,7.204222550457113,6.271908783783784,7.2375,3.4
00-0034791,Nick Chubb,RB,2025,11,10,1.7,7.435066932407911,6.210707850707852,7.066666666666666,5.7
00-0034791,Nick Chubb,RB,2025,12,11,2.0,6.670042966443054,5.171272200772201,6.53,1.7
00-0034791,Nick Chubb,RB,2025,13,12,9.4,6.560179839025563,4.2753404703404705,6.118181818181818,2.0
00-0034791,Nick Chubb,RB,2025,14,13,0.3,7.27238883531563,5.639496460746461,6.391666666666667,9.4
00-0034791,Nick Chubb,RB,2025,16,14,4.7,6.403836117789963,4.406242946242947,5.923076923076923,0.3
00-0034791,Nick Chubb,RB,2025,17,16,0.1,6.762819617426148,4.601862934362934,5.835714285714285,4.7
00-0034796,Lamar Jackson,QB,2025,4,3,10.68,24.752934687441385,27.427189189189193,27.56,27.02
00-0034796,Lamar Jackson,QB,2025,10,9,16.64,21.517710594616638,23.05831037131882,23.784,25.56
00-0034796,Lamar Jackson,QB,2025,11,10,4.72,19.898626379415415,21.450029601029602,22.593333333333334,16.64
00-0034796,Lamar Jackson,QB,2025,12,11,7.22,17.428937119753677,17.07085328185328,20.04,4.72
00-0034796,Lamar Jackson,QB,2025,13,12,6.54,16.113962032774722,14.497715733590734,18.4375,7.22
00-0034796,Lamar Jackson,QB,2025,14,13,21.06,15.118365322479091,12.366081510081509,17.115555555555556,6.54
00-0034796,Lamar Jackson,QB,2025,15,14,14.6,16.77283361081782,14.697681467181466,17.509999999999998,21.06
00-0034796,Lamar Jackson,QB,2025,16,15,4.74,16.592515850782824,14.449685152685152,17.245454545454546,14.6
00-0034796,Lamar Jackson,QB,2025,18,16,20.42,15.35370908335586,12.333066280566282,16.203333333333333,4.74
00-0034798,Durham Smythe,TE,2025,14,12,0.7,2.1614951462808345,0.7836936936936938,0.7333333333333334,0.9
00-0034798,Durham Smythe,TE,2025,15,14,0.0,2.205571553079682,0.7544357142857143,0.725,0.7
00-0034798,Durham Smythe,TE,2025,17,15,1.6,2.059922064927346,0.5395685019206146,0.58,0.0
00-0034798,Durham Smythe,TE,2025,18,17,0.0,2.31185378217464,0.8130019305019305,0.75,1.6
00-0034827,DJ Moore,WR,2025,4,3,5.8,8.60283323734888,9.121216216216215,9.0,10.8
00-0034827,DJ Moore,WR,2025,6,4,6.7,7.700563697211974,8.036200000000001,8.2,5.8
00-0034827,DJ Moore,WR,2025,7,6,6.7,7.617230866033749,7.665300896286812,7.9,6.7
00-0034827,DJ Moore,WR,2025,8,7,9.6,7.393129215417163,7.42945945945946,7.7,6.7
00-0034827,DJ Moore,WR,2025,9,8,20.98,7.8978013718222675,7.918436293436294,7.9714285714285715,9.6
00-0034827,DJ Moore,WR,2025,10,9,0.0,9.834258297540027,11.103047779922779,9.5975,20.98
00-0034827,DJ Moore,WR,2025,11,10,2.6,7.6040394469412185,8.413850278850278,8.53111111111111,0.0
00-0034827,DJ Moore,WR,2025,12,11,20.9,7.250765475804219,7.15918416988417,7.938,2.6
00-0034827,DJ Moore,WR,2025,13,12,3.7,8.96827621755374,10.372244647244647,9.116363636363637,20.9
00-0034827,DJ Moore,WR,2025,14,13,0.09999999999999998,7.741958001985976,8.914587837837837,8.665,3.7
00-0034827,DJ Moore,WR,2025,15,14,20.9,7.114081001877863,6.895539946539947,8.006153846153847,0.09999999999999998
00-0034827,DJ Moore,WR,2025,16,15,19.4,8.98013444709401,9.587974903474901,8.927142857142856,20.9
00-0034827,DJ Moore,WR,2025,17,16,1.2,9.736631392849933,12.05153075933076,9.625333333333334,19.4
00-0034827,DJ Moore,WR,2025,18,17,1.6,8.361179318108519,9.842303812741312,9.098749999999999,1.2
00-0034829,Mike Gesicki,TE,2025,4,3,1.3,3.103616556996563,2.04027027027027,2.1,1.1
00-0034829,Mike Gesicki,TE,2025,5,4,2.5,3.016857529453669,1.801942857142857,1.9,1.3
00-0034829,Mike Gesicki,TE,2025,13,12,2.9,3.8343987301381017,2.8997490347490347,2.6,5.5
00-0034829,Mike Gesicki,TE,2025,14,13,17.6,3.7716599404685693,2.9237451737451736,2.642857142857143,2.9
00-0034829,Mike Gesicki,TE,2025,15,14,1.6,6.043948498597577,6.441556467181468,4.5125,17.6
00-0034829,Mike Gesicki,TE,2025,16,15,11.0,4.699664651009267,5.390338910338911,4.188888888888889,1.6
00-0034829,Mike Gesicki,TE,2025,17,16,5.7,6.011924187197296,6.776449806949808,4.87,11.0
00-0034829,Mike Gesicki,TE,2025,18,17,2.3,5.33084028431184,6.573708318708319,4.945454545454545,5.7
00-0034837,Calvin Ridley,WR,2025,4,3,4.0,5.349211763565097,4.922072072072072,5.033333333333333,3.2
00-0034837,Calvin Ridley,WR,2025,5,4,15.6,5.273078781038565,4.626707142857143,4.775,4.0
00-0034837,Calvin Ridley,WR,2025,6,5,2.3,7.39805219988577,7.7394417413572345,6.94,15.6
00-0034844,Saquon Barkley,RB,2025,4,3,15.4,11.841064500416039,12.860045045045045,13.433333333333332,7.5
00-0034844,Saquon Barkley,RB,2025,5,4,16.3,12.670452296325932,13.709292857142858,13.924999999999999,15.4
00-0034844,Saquon Barkley,RB,2025,6,5,7.7,13.031775105232038,14.452266325224073,14.4,16.3
00-0034844,Saquon Barkley,RB,2025,7,6,4.7,11.838059795743163,12.721058558558559,13.283333333333333,7.7
00-0034844,Saquon Barkley,RB,2025,8,7,31.4,10.581798691895683,10.626023166023167,12.057142857142857,4.7
00-0034844,Saquon Barkley,RB,2025,10,8,11.6,13.950214969903712,15.50101833976834,14.475,31.4
00-0034844,Saquon Barkley,RB,2025,11,10,9.5,12.617750804499119,14.809772629772628,14.155555555555555,11.6
00-0034844,Saquon Barkley,RB,2025,12,11,8.9,12.461175084081109,13.519164092664091,13.69,9.5
00-0034844,Saquon Barkley,RB,2025,13,12,5.6,11.439384412056814,12.370731835731835,13.254545454545454,8.9
00-0034844,Saquon Barkley,RB,2025,14,13,18.2,10.695346371926739,11.050678893178894,12.616666666666667,5.6
00-0034844,Saquon Barkley,RB,2025,15,14,16.2,12.069633860857655,12.974763884763885,13.046153846153846,18.2
00-0034844,Saquon Barkley,RB,2025,16,15,21.2,12.644243237039637,13.049169884169883,13.27142857142857,16.2
00-0034844,Saquon Barkley,RB,2025,17,16,6.8,13.702728296712946,14.91588803088803,13.799999999999999,21.2
00-0034854,KhaDarel Hodge,WR,2025,8,7,4.6,1.7521334421872496,0.0,0.0,0.0
00-0034854,KhaDarel Hodge,WR,2025,9,8,0.0,2.780451577742584,1.4959857142857143,1.15,4.6
00-0034854,KhaDarel Hodge,WR,2025,10,9,0.0,2.3857349761274578,1.0570576184379001,0.9199999999999999,0.0
00-0034854,KhaDarel Hodge,WR,2025,11,10,0.0,2.3458055674714937,0.7798391248391249,0.7666666666666666,0.0
00-0034855,Baker Mayfield,QB,2025,4,3,18.86,18.9076360048552,19.769306306306305,20.066666666666666,17.72
00-0034855,Baker Mayfield,QB,2025,5,4,26.66,18.71863765512056,19.48563,19.765,18.86
00-0034855,Baker Mayfield,QB,2025,6,5,19.64,20.19276647821869,21.528903201024328,21.144,26.66
00-0034855,Baker Mayfield,QB,2025,7,6,11.12,19.695843140782955,21.02679407979408,20.89333333333333,19.64
00-0034855,Baker Mayfield,QB,2025,8,7,4.08,18.033837388399988,18.513393822393823,19.497142857142855,11.12
00-0034855,Baker Mayfield,QB,2025,10,8,22.92,15.601136847039967,15.022944015444015,17.57,4.08
00-0034855,Baker Mayfield,QB,2025,11,10,16.82,17.269595797466735,16.920092235092238,18.164444444444445,22.92
00-0034855,Baker Mayfield,QB,2025,12,11,3.54,16.999304252468733,16.89387837837838,18.03,16.82
00-0034855,Baker Mayfield,QB,2025,13,12,14.46,15.493671917488586,13.548798174798176,16.71272727272727,3.54
00-0034855,Baker Mayfield,QB,2025,14,13,11.08,15.872009227773104,13.725757722007721,16.525,14.46
00-0034855,Baker Mayfield,QB,2025,15,14,19.18,15.210922072375979,13.3927523017523,16.106153846153845,11.08
00-0034855,Baker Mayfield,QB,2025,16,15,12.7,16.413601479881752,15.178718146718147,16.325714285714284,19.18
00-0034855,Baker Mayfield,QB,2025,17,16,17.44,15.911080518192746,14.432114285714285,16.084,12.7
00-0034855,Baker Mayfield,QB,2025,18,17,13.22,16.495709789497205,15.116911920849422,16.16875,17.44
00-0034857,Josh Allen,QB,2025,4,3,24.86,21.816920241317725,23.677207207207207,24.53333333333333,23.02
00-0034857,Josh Allen,QB,2025,5,4,19.42,21.589058153369987,24.096541428571427,24.615,24.86
00-0034857,Josh Allen,QB,2025,6,5,15.4,20.98382917979488,22.795986683738796,23.576,19.42
00-0034857,Josh Allen,QB,2025,8,6,23.22,19.7220001526151,20.94001801801802,22.213333333333335,15.4
00-0034857,Josh Allen,QB,2025,9,8,28.82,20.5860930024134,20.925513513513515,22.357142857142858,23.22
00-0034857,Josh Allen,QB,2025,10,9,19.34,21.724586685023045,23.214502895752894,23.165,28.82
00-0034857,Josh Allen,QB,2025,11,10,42.68,21.02435247535782,22.302339768339767,22.74,19.34
00-0034857,Josh Allen,QB,2025,12,11,8.12,24.018641031938486,26.97687297297297,24.733999999999998,42.68
00-0034857,Josh Allen,QB,2025,13,12,16.72,20.12165155913024,22.79018006318006,23.223636363636363,8.12
00-0034857,Josh Allen,QB,2025,14,13,37.84,20.392481447260288,21.69845592020592,22.681666666666665,16.72
00-0034857,Josh Allen,QB,2025,15,14,24.52,22.10616329480359,25.32997802197802,23.84769230769231,37.84
00-0034857,Josh Allen,QB,2025,16,15,6.9,21.87609408400086,24.934175675675675,23.895714285714284,24.52
00-0034857,Josh Allen,QB,2025,17,16,23.18,19.78114920633883,21.078508622908622,22.762666666666668,6.9
00-0034860,Dante Pettis,WR,2025,14,13,0.0,2.132192174517463,0.6222072072072071,0.6333333333333333,0.0
00-0034860,Dante Pettis,WR,2025,15,14,0.0,2.0794537216810185,0.42030714285714277,0.475,0.0
00-0034860,Dante Pettis,WR,2025,16,15,0.0,1.9924645434255328,0.3037810499359795,0.38,0.0
00-0034860,Dante Pettis,WR,2025,17,16,4.8,1.9909664140003545,0.22967503217503218,0.31666666666666665,0.0
00-0034860,Dante Pettis,WR,2025,18,17,8.5,2.790260589355642,1.373011583011583,0.9571428571428571,4.8
00-0034869,Sam Darnold,QB,2025,4,3,16.08,13.432998690068265,13.30827027027027,12.64,16.72
00-0034869,Sam Darnold,QB,2025,5,4,27.64,14.33332036388792,14.182611428571429,13.5,16.08
00-0034869,Sam Darnold,QB,2025,6,5,20.0,17.009211127968573,17.961332650448142,16.328,27.64
00-0034869,Sam Darnold,QB,2025,7,6,8.62,17.029265810779933,18.4046833976834,16.94,20.0
00-0034869,Sam Darnold,QB,2025,9,7,27.2,15.436018564619962,16.383803088803088,15.751428571428571,8.62
00-0034869,Sam Darnold,QB,2025,10,9,4.92,17.414905873761402,18.988068050193046,17.1825,27.2
00-0034869,Sam Darnold,QB,2025,11,10,4.26,14.598085707575901,15.651980694980697,15.82,4.92
00-0034869,Sam Darnold,QB,2025,12,11,17.66,13.789053242598534,12.99501776061776,14.664,4.26
00-0034869,Sam Darnold,QB,2025,13,12,3.12,14.626058088603704,13.643310284310285,14.936363636363636,17.66
00-0034869,Sam Darnold,QB,2025,14,13,22.26,13.120188283222035,11.107874839124838,13.951666666666666,3.12
00-0034869,Sam Darnold,QB,2025,15,14,11.34,15.274094114667841,13.872514404514405,14.590769230769231,22.26
00-0034869,Sam Darnold,QB,2025,16,15,19.5,14.395656780495704,12.884550193050194,14.358571428571429,11.34
00-0034869,Sam Darnold,QB,2025,17,16,6.08,15.653870335656773,14.721478249678249,14.701333333333332,19.5
00-0034869,Sam Darnold,QB,2025,18,17,8.82,13.959059251436617,13.190917471042471,14.1625,6.08
00-0034960,Jakobi Meyers,WR,2025,4,3,5.0,9.362054411396649,10.076126126126127,10.433333333333334,7.8
00-0034960,Jakobi Meyers,WR,2025,5,4,5.2,8.0709660551114,8.439764285714286,9.075,5.0
00-0034960,Jakobi Meyers,WR,2025,6,5,5.9,7.504228304464894,7.55112676056338,8.3,5.2
00-0034960,Jakobi Meyers,WR,2025,10,9,5.6,6.995652309048827,6.252606177606177,7.385714285714286,4.3
00-0034960,Jakobi Meyers,WR,2025,11,10,8.9,7.05422444011823,6.019809362934363,7.1625,5.6
00-0034960,Jakobi Meyers,WR,2025,12,11,13.0,7.471455266040842,6.694096954096954,7.355555555555555,8.9
00-0034960,Jakobi Meyers,WR,2025,13,12,18.3,8.251116592719386,8.255706563706564,7.92,13.0
00-0034960,Jakobi Meyers,WR,2025,14,13,12.8,9.414540173958317,10.64970515970516,8.863636363636363,18.3
00-0034960,Jakobi Meyers,WR,2025,15,14,9.6,9.386724443382484,11.200423101673103,9.191666666666666,12.8
00-0034960,Jakobi Meyers,WR,2025,16,15,6.6,9.16503752667057,10.962053757053758,9.223076923076924,9.6
00-0034960,Jakobi Meyers,WR,2025,17,16,4.9,8.528424086065181,10.070666023166025,9.035714285714286,6.6
00-0034960,Jakobi Meyers,WR,2025,18,17,6.9,8.023048457169734,8.902640926640927,8.76,4.9
00-0034975,Justice Hill,RB,2025,4,3,26.2,4.644327225903634,3.5315315315315314,3.1333333333333333,6.0
00-0034975,Justice Hill,RB,2025,5,4,1.7,9.784057204207903,10.887514285714285,8.9,26.2
00-0034975,Justice Hill,RB,2025,6,5,6.9,7.339416124569143,8.198003841229193,7.46,1.7
00-0034975,Justice Hill,RB,2025,8,6,0.2,7.785301739386942,7.830186615186615,7.366666666666666,6.9
00-0034975,Justice Hill,RB,2025,9,8,2.5,5.8723693597611195,6.219536679536679,6.3428571428571425,0.2
00-0034975,Justice Hill,RB,2025,10,9,7.8,5.831806431193837,5.405002413127413,5.8625,2.5
00-0034975,Justice Hill,RB,2025,12,10,0.0,6.360493017895842,5.972897897897898,6.0777777777777775,7.8
00-0034981,Foster Moreau,TE,2025,12,10,0.0,2.656945041577388,1.4188288288288289,1.3333333333333333,2.6
00-0034981,Foster Moreau,TE,2025,13,12,2.3,2.2725499713975137,0.9539428571428572,1.0,0.0
00-0034981,Foster Moreau,TE,2025,14,13,2.1,2.686382274842406,1.3370179257362356,1.26,2.3
00-0034981,Foster Moreau,TE,2025,16,14,1.0,2.7659447277944746,1.5286486486486486,1.4,2.1
00-0034983,Hunter Renfrow,WR,2025,4,3,2.0,6.83235272513066,7.861216216216216,8.0,1.6
00-0034983,Hunter Renfrow,WR,2025,5,4,1.2,6.0947275968941526,5.960685714285715,6.5,2.0
00-0034983,Hunter Renfrow,WR,2025,6,5,1.2,4.819593513080196,4.637245838668374,5.44,1.2
00-0035021,Ashton Dulin,WR,2025,4,3,2.3,2.0585741609463657,0.41216216216216217,0.5,0.0
00-0035021,Ashton Dulin,WR,2025,5,4,6.5,2.5077968073986154,1.0296714285714286,0.95,2.3
00-0035021,Ashton Dulin,WR,2025,6,5,0.0,3.5848404963767466,2.57454033290653,2.06,6.5
00-0035021,Ashton Dulin,WR,2025,8,6,-0.30000000000000004,2.9983707149316485,1.890659588159588,1.7166666666666666,0.0
00-0035021,Ashton Dulin,WR,2025,9,8,0.0,2.7593275655142007,1.3552895752895753,1.4285714285714286,-0.30000000000000004
00-0035021,Ashton Dulin,WR,2025,10,9,2.2,2.480454073296029,1.0789671814671815,1.25,0.0
00-0035021,Ashton Dulin,WR,2025,12,10,5.3,2.793171698017795,1.3904483054483054,1.3555555555555556,2.2
00-0035021,Ashton Dulin,WR,2025,18,17,0.0,3.0689273421964334,1.5684784134784135,1.5909090909090908,0.0
00-0035100,Jake Browning,QB,2025,5,4,19.14,10.682207607991021,8.95445945945946,9.68,5.4
00-0035208,Olamide Zaccheaus,WR,2025,4,3,6.6,5.338819707551873,4.7472972972972975,4.8,5.1
00-0035208,Olamide Zaccheaus,WR,2025,6,4,3.8,5.732746029161971,5.351957142857143,5.25,6.6
00-0035208,Olamide Zaccheaus,WR,2025,7,6,1.9,5.439667350359456,4.908099871959027,4.96,3.8
00-0035208,Olamide Zaccheaus,WR,2025,8,7,6.8,4.926398621010065,4.140472972972972,4.45,1.9
00-0035208,Olamide Zaccheaus,WR,2025,9,8,14.8,5.47088923234965,4.7383397683397686,4.785714285714286,6.8
00-0035208,Olamide Zaccheaus,WR,2025,10,9,1.0,6.934623769817757,7.227275579150579,6.0375,14.8
00-0035208,Olamide Zaccheaus,WR,2025,12,10,1.1,5.69213638729833,5.771083226083226,5.477777777777778,1.0
00-0035208,Olamide Zaccheaus,WR,2025,13,12,2.9,5.306801435648969,4.639637065637066,5.04,1.1
00-0035208,Olamide Zaccheaus,WR,2025,14,13,7.7,4.9290265884784015,4.292221832221832,4.845454545454546,2.9
00-0035208,Olamide Zaccheaus,WR,2025,15,14,0.0,5.626026871565142,5.1817149292149285,5.083333333333333,7.7
00-0035208,Olamide Zaccheaus,WR,2025,16,15,4.3,4.898451635592078,3.954971784971785,4.6923076923076925,0.0
00-0035228,Kyler Murray,QB,2025,4,3,16.1,15.46939900197891,15.210891891891892,15.46,14.06
00-0035228,Kyler Murray,QB,2025,5,4,15.3,15.659552761838492,15.510131428571427,15.620000000000001,16.1
00-0035229,T.J. Hockenson,TE,2025,4,3,5.9,6.330894400900566,6.710855855855856,6.033333333333333,13.4
00-0035229,T.J. Hockenson,TE,2025,5,4,6.8,5.993775669965278,6.419714285714286,6.0,5.9
00-0035229,T.J. Hockenson,TE,2025,7,5,7.3,6.400406056940381,6.50858642765685,6.16,6.8
00-0035229,T.J. Hockenson,TE,2025,8,7,3.6,6.377950381108645,6.694430501930501,6.35,7.3
00-0035229,T.J. Hockenson,TE,2025,9,8,8.1,5.86725261448872,6.045057915057915,5.957142857142857,3.6
00-0035229,T.J. Hockenson,TE,2025,10,9,1.8,6.42564468958006,6.690217181467181,6.225,8.1
00-0035229,T.J. Hockenson,TE,2025,11,10,5.4,5.660791407527897,5.2746396396396396,5.733333333333333,1.8
00-0035229,T.J. Hockenson,TE,2025,12,11,3.9,5.982058879078553,5.305888030888031,5.7,5.4
00-0035229,T.J. Hockenson,TE,2025,13,12,8.9,5.678968707968225,4.952611442611443,5.536363636363636,3.9
00-0035229,T.J. Hockenson,TE,2025,14,13,8.2,6.408612791126672,5.799539897039898,5.816666666666666,8.9
00-0035229,T.J. Hockenson,TE,2025,15,14,8.6,6.559342604347471,6.4171235521235515,6.0,8.2
00-0035229,T.J. Hockenson,TE,2025,16,15,0.7,6.8739460814429885,6.817934362934364,6.185714285714286,8.6
00-0035243,Miles Sanders,RB,2025,4,3,3.5,7.006135589837724,6.580945945945945,6.4,6.8
00-0035249,Josh Oliver,TE,2025,5,4,10.5,3.4209211282621843,2.796351351351351,2.9,0.0
00-0035249,Josh Oliver,TE,2025,7,5,1.4,5.513500870807162,5.305885714285714,4.8,10.5
00-0035249,Josh Oliver,TE,2025,12,11,0.9,3.9537898153227404,3.1565379665379663,3.466666666666667,0.2
00-0035249,Josh Oliver,TE,2025,14,12,15.4,3.4811530647568283,2.6851351351351354,3.1,0.9
00-0035249,Josh Oliver,TE,2025,15,14,2.3,5.683537919770045,5.596638513513513,4.6375,15.4
00-0035249,Josh Oliver,TE,2025,16,15,2.9,4.777495360210902,4.9670291720291715,4.377777777777778,2.3
00-0035249,Josh Oliver,TE,2025,17,16,1.3,4.914678678316626,4.260461389961391,4.23,2.9
00-0035249,Josh Oliver,TE,2025,18,17,3.9,4.195503878827334,3.67997542997543,3.963636363636364,1.3
00-0035250,Devin Singletary,RB,2025,4,3,2.8,2.9111028042239835,0.8485585585585587,0.8333333333333334,1.1
00-0035250,Devin Singletary,RB,2025,5,4,2.9,3.3624817105601412,1.4825785714285713,1.325,2.8
00-0035250,Devin Singletary,RB,2025,6,5,1.0,3.6557236273455236,1.876746478873239,1.64,2.9
00-0035250,Devin Singletary,RB,2025,7,6,0.2,3.5036728889554585,1.6408944658944657,1.5333333333333332,1.0
00-0035250,Devin Singletary,RB,2025,8,7,3.3,3.2793750597981237,1.306042471042471,1.3428571428571427,0.2
00-0035250,Devin Singletary,RB,2025,9,8,6.1,3.6536809433371586,1.8174203667953668,1.5875,3.3
00-0035250,Devin Singletary,RB,2025,10,9,8.8,4.2661070581460505,2.844624624624625,2.088888888888889,6.1
00-0035250,Devin Singletary,RB,2025,11,10,17.2,5.061446117228414,4.192235521235522,2.76,8.8
00-0035250,Devin Singletary,RB,2025,12,11,4.7,6.626090086588881,7.1432537732537735,4.072727272727272,17.2
00-0035250,Devin Singletary,RB,2025,13,12,17.7,5.842332634171324,6.626027992277991,4.125,4.7
00-0035250,Devin Singletary,RB,2025,15,13,1.9,7.554200012814338,9.187898722898723,5.1692307692307695,17.7
00-0035250,Devin Singletary,RB,2025,16,15,5.1,5.9001673820905385,7.5209942084942085,4.935714285714286,1.9
00-0035250,Devin Singletary,RB,2025,17,16,15.0,6.220833836080106,6.870020592020591,4.946666666666666,5.1
00-0035250,Devin Singletary,RB,2025,18,17,10.6,7.105337901870565,8.46090250965251,5.575,15.0
00-0035261,Tony Pollard,RB,2025,4,3,9.1,9.780248468979774,10.177072072072072,9.833333333333334,12.9
00-0035261,Tony Pollard,RB,2025,5,4,13.3,9.535625149305199,9.812871428571428,9.65,9.1
00-0035261,Tony Pollard,RB,2025,6,5,5.7,10.390473897272962,10.7926542893726,10.38,13.3
00-0035261,Tony Pollard,RB,2025,7,6,9.1,9.197699485887435,9.46899613899614,9.6,5.7
00-0035261,Tony Pollard,RB,2025,8,7,5.8,9.42846667420015,9.45530888030888,9.528571428571428,9.1
00-0035261,Tony Pollard,RB,2025,9,8,7.3,8.694085229484497,8.584983108108108,9.0625,5.8
00-0035261,Tony Pollard,RB,2025,11,9,4.1,8.819118220839771,8.152387387387389,8.866666666666667,7.3
00-0035261,Tony Pollard,RB,2025,12,11,6.1,8.181681387098953,7.213623552123552,8.39,4.1
00-0035261,Tony Pollard,RB,2025,13,12,4.8,8.350809781854863,6.809408564408564,8.181818181818182,6.1
00-0035261,Tony Pollard,RB,2025,14,13,28.1,8.035827987692805,6.472664092664092,7.9,4.8
00-0035261,Tony Pollard,RB,2025,15,14,17.7,10.746796337221257,11.324328779328777,9.453846153846154,28.1
00-0035261,Tony Pollard,RB,2025,16,15,10.2,10.72467157994202,12.8215444015444,10.042857142857143,17.7
00-0035261,Tony Pollard,RB,2025,17,16,10.5,10.493872048047727,12.25810682110682,10.053333333333333,10.2
00-0035261,Tony Pollard,RB,2025,18,17,8.0,9.990302661046863,12.014441361003861,10.08125,10.5
00-0035289,Gardner Minshew,QB,2025,16,15,1.4,3.4447077588095345,-0.6261531531531532,-0.5733333333333334,-1.12
00-0035291,Trayveon Williams,RB,2025,16,15,7.5,2.82250251163461,0.8071621621621622,0.7,1.7
00-0035291,Trayveon Williams,RB,2025,17,16,1.0,4.329474462495398,2.9794285714285715,2.4,7.5
00-0035291,Trayveon Williams,RB,2025,18,17,2.5,3.8105563663719795,2.393216389244558,2.12,1.0
00-0035298,Scott Miller,WR,2025,17,16,4.0,2.9845708760049505,1.8108108108108105,1.5999999999999999,3.4
00-0035298,Scott Miller,WR,2025,18,17,1.9,3.529543450191096,2.5142285714285713,2.2,4.0
00-0035359,David Sills,WR,2025,10,9,0.0,2.5703169416094815,1.1706306306306307,1.2666666666666666,0.0
00-0035359,David Sills,WR,2025,11,10,1.6,2.369654251773107,0.7938142857142856,0.95,0.0
00-0035359,David Sills,WR,2025,12,11,8.6,2.5543887310246594,1.028998719590269,1.08,1.6
00-0035359,David Sills,WR,2025,13,12,8.5,3.926217851597974,2.9697554697554693,2.333333333333333,8.6
00-0035359,David Sills,WR,2025,14,13,0.0,4.680817488592893,4.370868725868725,3.2142857142857144,8.5
00-0035359,David Sills,WR,2025,15,14,10.8,3.868275348239381,3.33433638996139,2.8125,0.0
00-0035359,David Sills,WR,2025,16,15,0.0,5.126483721236166,5.192451737451737,3.7,10.8
00-0035359,David Sills,WR,2025,17,16,5.2,3.946275702989162,4.088588803088804,3.33,0.0
00-0035359,David Sills,WR,2025,18,17,1.6,4.630082051992878,4.388976833976834,3.5,5.2
00-0035406,Lil'Jordan Humphrey,WR,2025,14,13,4.2,3.28433703598283,2.060810810810811,2.5,0.0
00-0035406,Lil'Jordan Humphrey,WR,2025,15,14,11.7,3.736064863466918,2.774292857142857,2.925,4.2
00-0035406,Lil'Jordan Humphrey,WR,2025,16,15,1.4,5.580097267616672,5.307545454545455,4.68,11.7
00-0035406,Lil'Jordan Humphrey,WR,2025,17,16,3.3,4.683057699310355,4.276956241956242,4.133333333333333,1.4
00-0035500,Greg Dortch,WR,2025,4,3,5.9,2.677699990652234,1.3223423423423424,1.2333333333333334,1.8
00-0035500,Greg Dortch,WR,2025,5,4,2.2,3.755289097040532,2.807457142857143,2.4,5.9
00-0035500,Greg Dortch,WR,2025,6,5,8.4,3.5547723231938546,2.6172868117797696,2.3600000000000003,2.2
00-0035500,Greg Dortch,WR,2025,7,6,1.5,4.74077397619727,4.085379665379666,3.3666666666666667,8.4
00-0035500,Greg Dortch,WR,2025,9,7,0.9,4.0134251889132555,3.5512548262548265,3.1,1.5
00-0035500,Greg Dortch,WR,2025,10,9,6.2,3.8153166560945,2.9600627413127416,2.825,0.9
00-0035500,Greg Dortch,WR,2025,11,10,15.6,4.3147466198593465,3.7607915057915067,3.2,6.2
00-0035500,Greg Dortch,WR,2025,12,11,13.8,5.962163182907388,6.410872586872587,4.44,15.6
00-0035500,Greg Dortch,WR,2025,13,12,2.4,6.729298792012757,8.145100035100036,5.290909090909091,13.8
00-0035535,Darius Slayton,WR,2025,4,3,5.9,4.666550491669997,4.313828828828829,4.033333333333333,5.0
00-0035535,Darius Slayton,WR,2025,5,4,2.6,5.259302167739674,4.818314285714286,4.5,5.9
00-0035535,Darius Slayton,WR,2025,9,8,8.7,4.728550799162328,4.025952380952381,4.033333333333333,3.6
00-0035535,Darius Slayton,WR,2025,10,9,10.9,5.568250345840616,5.325559845559846,4.7,8.7
00-0035535,Darius Slayton,WR,2025,12,10,2.8,6.410354062523836,6.581616795366795,5.475,10.9
00-0035535,Darius Slayton,WR,2025,13,12,13.1,5.7105143547496935,5.688843843843844,5.177777777777778,2.8
00-0035535,Darius Slayton,WR,2025,15,13,7.3,6.9354488201187126,7.379036679536679,5.97,13.1
00-0035535,Darius Slayton,WR,2025,16,15,1.3,6.539731837678362,7.450582660582661,6.090909090909091,7.3
00-0035535,Darius Slayton,WR,2025,17,16,4.6,5.912643505755487,6.111484877734878,5.691666666666666,1.3
00-0035535,Darius Slayton,WR,2025,18,17,7.4,5.842851747291241,5.655491535491536,5.607692307692307,4.6
00-0035537,Ty Johnson,RB,2025,4,3,0.0,3.6853951356116728,1.89009009009009,1.8666666666666667,2.6
00-0035537,Ty Johnson,RB,2025,5,4,1.0,3.1758684955605574,1.2744571428571427,1.4,0.0
00-0035537,Ty Johnson,RB,2025,6,5,2.1,3.2503941151944167,1.2023841229193342,1.32,1.0
00-0035537,Ty Johnson,RB,2025,8,6,0.6,3.40959458457893,1.4378474903474903,1.45,2.1
00-0035537,Ty Johnson,RB,2025,9,8,9.0,3.301599629308956,1.196930501930502,1.3285714285714285,0.6
00-0035537,Ty Johnson,RB,2025,10,9,3.6,4.548620460345387,3.1076134169884173,2.2875,9.0
00-0035537,Ty Johnson,RB,2025,11,10,14.0,4.347028997065324,3.2020913770913775,2.4333333333333336,3.6
00-0035537,Ty Johnson,RB,2025,12,11,6.7,6.021529593802794,5.7868861003861,3.59,14.0
00-0035537,Ty Johnson,RB,2025,13,12,4.0,5.6521185567237495,6.0425394875394876,3.8727272727272726,6.7
00-0035537,Ty Johnson,RB,2025,14,13,4.9,5.568453098368837,5.591328828828829,3.8833333333333333,4.0
00-0035537,Ty Johnson,RB,2025,15,14,4.3,5.437543405239792,5.508198693198693,3.9615384615384617,4.9
00-0035537,Ty Johnson,RB,2025,16,15,7.6,5.396023153086137,5.019633204633205,3.9857142857142858,4.3
00-0035537,Ty Johnson,RB,2025,17,16,6.3,5.912748066645271,5.573541827541828,4.226666666666667,7.6
00-0035537,Ty Johnson,RB,2025,18,17,18.6,6.143970655074468,5.3481817084942085,4.35625,6.3
00-0035544,Tom Kennedy,WR,2025,16,15,0.0,2.8961787922212823,1.5387387387387386,1.8666666666666665,0.0
00-0035544,Tom Kennedy,WR,2025,17,16,0.0,2.469106981879967,1.0515999999999999,1.4,0.0
00-0035544,Tom Kennedy,WR,2025,18,17,0.0,2.3494790885055217,0.7695160051216389,1.1199999999999999,0.0
00-0035567,Craig Reynolds,RB,2025,5,4,0.0,2.357249307691645,0.13099099099099099,0.13333333333333333,0.0
00-0035567,Craig Reynolds,RB,2025,6,5,0.0,2.3707094244177163,0.08848571428571428,0.1,0.0
00-0035594,Travis Homer,RB,2025,11,9,-0.2,2.2772369429905472,0.0,0.0,0.0
00-0035594,Travis Homer,RB,2025,13,11,0.0,2.2538117839996556,-0.06504285714285715,-0.05,-0.2
00-0035594,Travis Homer,RB,2025,14,13,0.0,2.304291657740217,-0.04595902688860436,-0.04,0.0
00-0035594,Travis Homer,RB,2025,18,17,0.0,2.380107696939442,-0.02667953667953668,-0.028571428571428574,0.0
00-0035602,Alex Bachman,WR,2025,7,6,0.0,2.0321767186410917,0.45846846846846834,0.4666666666666666,0.0
00-0035602,Alex Bachman,WR,2025,9,7,0.0,2.001504455658819,0.3097,0.35,0.0
00-0035602,Alex Bachman,WR,2025,10,9,0.0,1.9455948160519896,0.2238386683738796,0.27999999999999997,0.0
00-0035602,Alex Bachman,WR,2025,12,10,0.0,1.9526785808464395,0.16923423423423423,0.2333333333333333,0.0
00-0035602,Alex Bachman,WR,2025,13,12,0.0,1.9644236609566659,0.13567567567567568,0.19999999999999998,0.0
00-0035602,Alex Bachman,WR,2025,17,16,0.0,2.146130132547253,0.2437022737022737,0.24444444444444444,0.8
00-0035602,Alex Bachman,WR,2025,18,17,0.0,2.1095015789025107,0.19561003861003862,0.22,0.0
00-0035628,D'Ernest Johnson,RB,2025,18,17,1.3,2.5407934770738154,0.34419999999999995,0.3,0.5
00-0035631,Drew Sample,TE,2025,5,3,0.4,4.2979855445613175,3.9727027027027026,3.4,9.0
00-0035631,Drew Sample,TE,2025,6,5,0.3,3.3658619861945307,2.7876142857142856,2.65,0.4
00-0035631,Drew Sample,TE,2025,7,6,0.0,3.1203116481377084,2.077314980793854,2.18,0.3
00-0035631,Drew Sample,TE,2025,13,12,2.2,2.583311931055238,1.3547876447876448,1.6285714285714286,0.5
00-0035631,Drew Sample,TE,2025,15,13,2.2,2.8312327958245573,1.5762741312741313,1.7,2.2
00-0035631,Drew Sample,TE,2025,16,15,4.1,3.134034111225155,1.4686529386529386,1.7555555555555555,2.2
00-0035631,Drew Sample,TE,2025,17,16,1.3,3.4941940579223307,2.133584942084942,1.99,4.1
00-0035631,Drew Sample,TE,2025,18,17,3.2,3.2745655025628824,1.9987925587925588,1.9272727272727272,1.3
00-0035640,DK Metcalf,WR,2025,4,3,21.1,9.473622067165469,10.197117117117116,10.166666666666666,10.7
00-0035640,DK Metcalf,WR,2025,6,4,17.5,11.864965226637466,13.741657142857143,12.9,21.1
00-0035640,DK Metcalf,WR,2025,7,6,6.5,12.469897905059208,14.767851472471191,13.82,17.5
00-0035640,DK Metcalf,WR,2025,8,7,14.0,10.927881037329469,12.605540540540542,12.6,6.5
00-0035640,DK Metcalf,WR,2025,9,8,1.6,11.326287800662795,13.031833976833976,12.8,14.0
00-0035640,DK Metcalf,WR,2025,10,9,5.0,9.106510187295724,10.385926640926641,11.4,1.6
00-0035640,DK Metcalf,WR,2025,11,10,7.4,8.915657757377359,9.150010725010725,10.688888888888888,5.0
00-0035640,DK Metcalf,WR,2025,12,11,11.9,8.822229987780048,8.403162162162161,10.36,7.4
00-0035640,DK Metcalf,WR,2025,13,12,4.7,9.664058640128971,8.994594594594595,10.5,11.9
00-0035640,DK Metcalf,WR,2025,14,13,18.3,8.920696914150072,8.195949163449164,10.016666666666667,4.7
00-0035640,DK Metcalf,WR,2025,15,14,13.0,10.455304201133876,10.371471636471636,10.653846153846153,18.3
00-0035640,DK Metcalf,WR,2025,16,15,6.2,10.238760440654907,11.283059845559844,10.821428571428571,13.0
00-0035644,Noah Fant,TE,2025,7,6,12.4,5.570118424073688,5.294192857142857,5.675,4.7
00-0035644,Noah Fant,TE,2025,8,7,5.6,7.100475846032533,7.322595390524968,7.02,12.4
00-0035644,Noah Fant,TE,2025,9,8,9.8,6.649149288324912,6.867023809523809,6.783333333333333,5.6
00-0035644,Noah Fant,TE,2025,11,9,4.1,7.402028212640946,7.45899613899614,7.214285714285714,9.8
00-0035644,Noah Fant,TE,2025,12,11,1.4,6.536298240245885,6.748460424710425,6.825,4.1
00-0035644,Noah Fant,TE,2025,13,12,0.8,5.898905489065321,5.615248820248819,6.222222222222222,1.4
00-0035644,Noah Fant,TE,2025,14,13,2.0,5.25492043574557,4.558888030888031,5.68,0.8
00-0035644,Noah Fant,TE,2025,18,17,-1.0,4.810102636418493,2.9334169884169885,4.9,0.0
00-0035645,Gunner Olszewski,WR,2025,4,3,0.0,1.7521334421872496,0.0,0.0,0.0
00-0035645,Gunner Olszewski,WR,2025,5,4,0.0,1.7832465107966589,0.0,0.0,0.0
00-0035645,Gunner Olszewski,WR,2025,6,5,0.0,1.814359579406068,0.0,0.0,0.0
00-0035645,Gunner Olszewski,WR,2025,7,6,0.0,1.8454726480154773,0.0,0.0,0.0
00-0035645,Gunner Olszewski,WR,2025,8,7,0.0,1.8765857166248867,0.0,0.0,0.0
00-0035645,Gunner Olszewski,WR,2025,9,8,8.9,1.907698785234296,0.0,0.0,0.0
00-0035645,Gunner Olszewski,WR,2025,10,9,0.0,3.1477752071818883,2.105493350493351,0.9888888888888889,8.9
00-0035645,Gunner Olszewski,WR,2025,11,10,0.0,2.535007977937738,1.6310366795366797,0.89,0.0
00-0035645,Gunner Olszewski,WR,2025,12,11,5.32,2.541494527155846,1.272834327834328,0.8090909090909091,0.0
00-0035645,Gunner Olszewski,WR,2025,13,12,0.0,2.9729651317348367,2.208665057915058,1.185,5.32
00-0035645,Gunner Olszewski,WR,2025,17,16,2.4,2.622657304410221,1.3645772200772202,1.0157142857142858,0.0
00-0035645,Gunner Olszewski,WR,2025,18,17,14.2,2.8774382316961344,1.3059158301158302,1.108,2.4
00-0035659,Terry McLaurin,WR,2025,14,13,5.6,10.20273196454279,11.736028169014084,10.38,19.1
00-0035659,Terry McLaurin,WR,2025,15,14,14.4,8.792687664598041,10.099861647361648,9.583333333333334,5.6
00-0035659,Terry McLaurin,WR,2025,16,15,6.8,9.874570154421486,11.370733590733591,10.271428571428572,14.4
00-0035659,Terry McLaurin,WR,2025,17,16,8.8,8.723804142301411,10.362333494208494,9.8375,6.8
00-0035659,Terry McLaurin,WR,2025,18,17,7.7,8.959992060381543,10.01866580866581,9.722222222222223,8.8
00-0035662,Marquise Brown,WR,2025,4,3,11.3,8.06434322871042,8.361306306306307,8.866666666666667,6.2
00-0035662,Marquise Brown,WR,2025,5,4,6.8,8.670350898245188,9.337478571428571,9.475,11.3
00-0035662,Marquise Brown,WR,2025,6,5,18.5,8.155522604784792,8.625370038412292,8.94,6.8
00-0035662,Marquise Brown,WR,2025,7,6,8.4,10.211251651092356,11.168577863577864,10.533333333333333,18.5
00-0035662,Marquise Brown,WR,2025,8,7,0.0,9.328707723416477,10.327741312741313,10.22857142857143,8.4
00-0035662,Marquise Brown,WR,2025,9,8,8.3,7.799954251386691,7.999797297297298,8.95,0.0
00-0035662,Marquise Brown,WR,2025,11,9,6.0,7.981219156256942,8.180330330330332,8.877777777777778,8.3
00-0035662,Marquise Brown,WR,2025,12,11,1.5,7.6247127284020495,7.599859073359074,8.59,6.0
00-0035662,Marquise Brown,WR,2025,13,12,9.0,7.043815559687597,6.283206388206389,7.945454545454545,1.5
00-0035662,Marquise Brown,WR,2025,14,13,4.0,7.814406731931133,6.566647361647361,8.033333333333333,9.0
00-0035662,Marquise Brown,WR,2025,16,14,3.7,7.280186950991892,6.014505494505495,7.723076923076923,4.0
00-0035662,Marquise Brown,WR,2025,17,16,1.2,7.239134040045724,5.817500000000001,7.435714285714286,3.7
00-0035662,Marquise Brown,WR,2025,18,17,7.9,6.618867741529133,4.813447876447876,7.0200000000000005,1.2
00-0035676,A.J. Brown,WR,2025,4,3,1.7,8.590792113796676,9.97527027027027,8.799999999999999,19.9
00-0035676,A.J. Brown,WR,2025,5,4,6.8,6.448040837192262,7.236435714285713,7.0249999999999995,1.7
00-0035676,A.J. Brown,WR,2025,6,5,11.0,6.92298729220183,7.1034417413572335,6.9799999999999995,6.8
00-0035676,A.J. Brown,WR,2025,7,6,26.1,7.313904404319054,8.095086872586872,7.6499999999999995,11.0
00-0035676,A.J. Brown,WR,2025,11,10,8.4,8.220279074621537,10.405084459459461,9.2875,2.3
00-0035676,A.J. Brown,WR,2025,12,11,21.0,8.639556046053887,9.542346632346632,9.188888888888888,8.4
00-0035676,A.J. Brown,WR,2025,13,12,30.2,9.89651153665495,12.465716216216215,10.37,21.0
00-0035676,A.J. Brown,WR,2025,14,13,13.0,12.32263279519943,16.618408213408213,12.172727272727272,30.2
00-0035676,A.J. Brown,WR,2025,15,14,11.1,11.455211684687132,15.735915379665379,12.241666666666667,13.0
00-0035676,A.J. Brown,WR,2025,16,15,14.0,11.121328238815128,14.118344223344224,12.153846153846153,11.1
00-0035676,A.J. Brown,WR,2025,17,16,9.3,10.944252752857402,14.385019305019306,12.285714285714286,14.0
00-0035685,David Montgomery,RB,2025,4,3,1.2,14.543903778041622,17.352207207207208,15.933333333333334,28.9
00-0035685,David Montgomery,RB,2025,5,4,17.72,10.402315890384916,12.041814285714285,12.25,1.2
00-0035685,David Montgomery,RB,2025,6,5,7.1,12.411891429671426,13.658393597951342,13.344,17.72
00-0035685,David Montgomery,RB,2025,7,6,4.9,10.401347075156181,11.964209137709137,12.303333333333333,7.1
00-0035685,David Montgomery,RB,2025,9,7,10.0,9.826547462681399,10.426525096525095,11.245714285714286,4.9
00-0035685,David Montgomery,RB,2025,10,9,9.6,9.838956123626307,10.282916988416988,11.09,10.0
00-0035685,David Montgomery,RB,2025,11,10,4.2,10.152712872019139,9.505578721578722,10.924444444444443,9.6
00-0035685,David Montgomery,RB,2025,12,11,5.2,9.449208480343449,8.637767567567566,10.251999999999999,4.2
00-0035685,David Montgomery,RB,2025,13,12,11.8,9.297075476134268,7.6191340821340825,9.792727272727273,5.2
00-0035685,David Montgomery,RB,2025,14,13,13.8,9.844292072715955,8.712621621621622,9.959999999999999,11.8
00-0035685,David Montgomery,RB,2025,15,14,9.2,10.417217666847904,10.064983070983072,10.255384615384616,13.8
00-0035685,David Montgomery,RB,2025,16,15,1.4,10.240001041413871,9.886552123552123,10.18,9.2
00-0035685,David Montgomery,RB,2025,17,16,5.0,9.053122126314799,8.039793564993566,9.594666666666667,1.4
00-0035685,David Montgomery,RB,2025,18,17,6.0,8.866459645631998,7.609516891891891,9.3075,5.0
00-0035689,Dawson Knox,TE,2025,5,4,2.5,2.9150276324986795,1.7740090090090088,1.9666666666666666,0.0
00-0035689,Dawson Knox,TE,2025,6,5,8.4,3.180538215762231,2.0179142857142858,2.1,2.5
00-0035689,Dawson Knox,TE,2025,8,6,2.0,4.409264027469768,3.8280998719590267,3.36,8.4
00-0035689,Dawson Knox,TE,2025,9,8,3.5,3.97083485438783,3.337554697554698,3.1333333333333333,2.0
00-0035689,Dawson Knox,TE,2025,10,9,5.2,4.172968966634612,3.382007722007722,3.185714285714286,3.5
00-0035689,Dawson Knox,TE,2025,11,10,2.8,4.330815566230813,3.8293026061776065,3.4375,5.2
00-0035689,Dawson Knox,TE,2025,12,11,3.2,4.218197990773051,3.7014800514800514,3.3666666666666667,2.8
00-0035689,Dawson Knox,TE,2025,13,12,4.3,4.2670514712250895,3.609488416988417,3.35,3.2
00-0035689,Dawson Knox,TE,2025,14,13,14.3,4.471371900238654,3.584966654966655,3.4363636363636365,4.3
00-0035689,Dawson Knox,TE,2025,15,14,17.2,5.819106956478389,6.062768661518661,4.341666666666667,14.3
00-0035689,Dawson Knox,TE,2025,16,15,1.5,6.8998646547048095,8.550170775170775,5.3307692307692305,17.2
00-0035689,Dawson Knox,TE,2025,17,16,5.5,5.666280713744455,6.896872586872587,5.057142857142857,1.5
00-0035689,Dawson Knox,TE,2025,18,17,9.4,5.714957945897054,6.6142329472329475,5.086666666666667,5.5
00-0035700,Josh Jacobs,RB,2025,4,3,29.7,11.550550942094334,12.362837837837837,12.6,9.9
00-0035700,Josh Jacobs,RB,2025,6,4,29.5,15.549547181609096,18.010735714285715,16.875,29.7
00-0035700,Josh Jacobs,RB,2025,7,6,18.3,17.46995528371632,21.21209346991037,19.4,29.5
00-0035700,Josh Jacobs,RB,2025,8,7,12.0,17.02121460396595,20.379366151866154,19.21666666666667,18.3
00-0035700,Josh Jacobs,RB,2025,9,8,18.0,15.432087810540052,18.50237451737452,18.185714285714287,12.0
00-0035700,Josh Jacobs,RB,2025,10,9,17.2,15.462584441489774,18.511566119691118,18.1625,18.0
00-0035700,Josh Jacobs,RB,2025,11,10,4.0,15.402517440494533,18.487301587301587,18.055555555555557,17.2
00-0035700,Josh Jacobs,RB,2025,13,11,9.6,13.535514624007629,14.699179536679535,16.65,4.0
00-0035700,Josh Jacobs,RB,2025,14,13,16.2,13.511130064478637,13.116791856791856,16.009090909090908,9.6
00-0035700,Josh Jacobs,RB,2025,15,14,22.2,13.937400338970642,13.802572393822393,16.025,16.2
00-0035700,Josh Jacobs,RB,2025,16,15,3.8,15.119342406959174,15.88673745173745,16.5,22.2
00-0035700,Josh Jacobs,RB,2025,17,16,0.8,13.227467504332724,13.15919884169884,15.592857142857143,3.8
00-0035710,Daniel Jones,QB,2025,4,3,10.38,20.414316394959176,21.872315315315316,22.713333333333335,15.82
00-0035710,Daniel Jones,QB,2025,5,4,16.68,17.530550343304622,18.168911428571427,19.63,10.38
00-0035710,Daniel Jones,QB,2025,6,5,22.48,17.455792825923453,17.8128066581306,19.04,16.68
00-0035710,Daniel Jones,QB,2025,7,6,22.22,18.43588504040617,19.06672844272844,19.613333333333333,22.48
00-0035710,Daniel Jones,QB,2025,8,7,23.18,19.188345631206495,19.501864864864864,19.985714285714288,22.22
00-0035710,Daniel Jones,QB,2025,9,8,14.08,19.71763797683061,20.293611003861002,20.385,23.18
00-0035710,Daniel Jones,QB,2025,10,9,15.5,18.443045693662338,18.985482196482195,19.684444444444445,14.08
00-0035710,Daniel Jones,QB,2025,12,10,16.84,18.163889462377163,18.513933976833975,19.266,15.5
00-0035710,Daniel Jones,QB,2025,13,12,16.14,17.93623994542134,18.236163917163918,19.045454545454547,16.84
00-0035710,Daniel Jones,QB,2025,14,13,0.8,17.894701763877684,17.658545045045045,18.803333333333335,16.14
00-0035719,Deebo Samuel Sr.,WR,2025,4,3,17.1,10.178534291767656,11.35135135135135,12.3,3.9
00-0035719,Deebo Samuel Sr.,WR,2025,5,4,19.6,11.722646656781631,13.259314285714288,13.5,17.1
00-0035719,Deebo Samuel Sr.,WR,2025,6,5,3.4,12.799983190878589,15.064874519846352,14.72,19.6
00-0035719,Deebo Samuel Sr.,WR,2025,8,6,2.7,10.620268570940528,12.061879021879022,12.833333333333334,3.4
00-0035719,Deebo Samuel Sr.,WR,2025,9,8,6.9,9.314304077868702,9.524401544401545,11.385714285714286,2.7
00-0035719,Deebo Samuel Sr.,WR,2025,10,9,10.9,8.87295076267393,8.818267374517376,10.825000000000001,6.9
00-0035719,Deebo Samuel Sr.,WR,2025,11,10,17.2,9.420022624536614,9.581338481338483,10.833333333333334,10.9
00-0035719,Deebo Samuel Sr.,WR,2025,13,11,8.6,10.704847533285756,11.155272200772199,11.47,17.2
00-0035719,Deebo Samuel Sr.,WR,2025,14,13,4.7,10.200735547993581,10.289243594243594,11.209090909090909,8.6
00-0035719,Deebo Samuel Sr.,WR,2025,15,14,5.8,9.469546703480452,9.317368082368082,10.666666666666668,4.7
00-0035719,Deebo Samuel Sr.,WR,2025,16,15,5.0,8.989440841293229,8.841902286902288,10.292307692307693,5.8
00-0035719,Deebo Samuel Sr.,WR,2025,17,16,10.3,8.627059422271012,8.14534749034749,9.914285714285715,5.0
00-0035719,Deebo Samuel Sr.,WR,2025,18,17,3.1,9.207823197181185,8.63815057915058,9.94,10.3
00-0035876,Andre Baccellia,WR,2025,15,14,0.0,2.194229074824372,0.5929729729729729,0.6,0.8
00-0035891,Cody White,WR,2025,11,10,0.0,4.252519839096556,4.093468468468469,4.166666666666667,0.0
00-0035891,Cody White,WR,2025,12,11,0.0,3.7319781613516607,2.7651785714285717,3.125,0.0
00-0035891,Cody White,WR,2025,13,12,2.6,2.986102763744652,1.9985595390524968,2.5,0.0
00-0035891,Cody White,WR,2025,14,13,1.4,3.31606888275669,2.176663449163449,2.5166666666666666,2.6
00-0035891,Cody White,WR,2025,16,14,0.0,3.2237081366411657,2.0736293436293436,2.357142857142857,1.4
00-0035993,Tyler Huntley,QB,2025,16,15,2.8,8.81047770280133,7.181657657657658,7.6866666666666665,-0.3
00-0035993,Tyler Huntley,QB,2025,17,16,14.28,8.260047909676155,5.777132857142856,6.465,2.8
00-0036040,Juwan Johnson,TE,2025,4,3,4.3,9.683309629292793,10.797342342342343,11.033333333333333,8.1
00-0036040,Juwan Johnson,TE,2025,5,4,2.7,8.159538692421412,8.693871428571429,9.35,4.3
00-0036040,Juwan Johnson,TE,2025,6,5,0.5,6.9073887677405175,7.026590268886044,8.02,2.7
00-0036040,Juwan Johnson,TE,2025,7,6,10.4,5.775241244010102,5.403468468468468,6.766666666666667,0.5
00-0036040,Juwan Johnson,TE,2025,8,7,7.8,6.982247218794725,6.474131274131274,7.285714285714286,10.4
00-0036040,Juwan Johnson,TE,2025,9,8,10.6,7.11956638238092,6.586071428571428,7.35,7.8
00-0036040,Juwan Johnson,TE,2025,10,9,17.2,7.847274237489435,7.519525954525955,7.711111111111111,10.6
00-0036040,Juwan Johnson,TE,2025,12,10,7.6,8.909909330472713,9.895343629343628,8.66,17.2
00-0036040,Juwan Johnson,TE,2025,13,12,6.4,8.267284208645952,9.552929097929097,8.563636363636363,7.6
00-0036040,Juwan Johnson,TE,2025,14,13,5.8,8.071161881993174,9.09849099099099,8.383333333333333,6.4
00-0036040,Juwan Johnson,TE,2025,15,14,5.0,7.5641201595163166,8.268514998514998,8.184615384615384,5.8
00-0036040,Juwan Johnson,TE,2025,16,15,12.9,7.3336539840784125,7.551911196911197,7.957142857142857,5.0
00-0036040,Juwan Johnson,TE,2025,17,16,11.5,8.260227437897932,8.652688545688545,8.286666666666667,12.9
00-0036040,Juwan Johnson,TE,2025,18,17,5.6,8.603300136394331,8.953096042471042,8.4875,11.5
00-0036133,James Proche,WR,2025,15,14,0.0,3.3513205363624277,2.155675675675676,2.5,0.0
00-0036133,James Proche,WR,2025,17,15,1.0,2.821375115229911,1.4685642857142858,1.875,0.0
00-0036133,James Proche,WR,2025,18,17,1.0,2.8001847980881727,1.3541101152368757,1.7,1.0
00-0036139,Rico Dowdle,RB,2025,4,3,3.5,6.232194413660837,5.597162162162162,5.1000000000000005,10.3
00-0036139,Rico Dowdle,RB,2025,5,4,30.9,5.643407961165316,4.895,4.7,3.5
00-0036139,Rico Dowdle,RB,2025,6,5,31.9,10.98774179852462,12.247258642765685,9.94,30.9
00-0036139,Rico Dowdle,RB,2025,7,6,10.1,13.766686102194981,17.167683397683398,13.6,31.9
00-0036139,Rico Dowdle,RB,2025,8,7,5.4,12.356227522901403,15.79588803088803,13.1,10.1
00-0036139,Rico Dowdle,RB,2025,9,8,27.1,10.707727842476796,13.639341216216216,12.1375,5.4
00-0036139,Rico Dowdle,RB,2025,10,9,13.8,12.879589919305298,16.868243243243242,13.8,27.1
00-0036139,Rico Dowdle,RB,2025,11,10,12.5,12.25722790036173,16.46357142857143,13.8,13.8
00-0036139,Rico Dowdle,RB,2025,12,11,9.4,12.569954483577813,14.897690417690416,13.681818181818182,12.5
00-0036139,Rico Dowdle,RB,2025,13,12,8.9,11.835752946967906,12.981414092664092,13.325,9.4
00-0036139,Rico Dowdle,RB,2025,15,13,11.9,11.487476960325218,12.186893376893376,12.984615384615385,8.9
00-0036139,Rico Dowdle,RB,2025,16,15,6.3,11.686135359145322,12.411650579150578,12.907142857142857,11.9
00-0036139,Rico Dowdle,RB,2025,17,16,7.8,11.306592689793575,10.575881595881595,12.466666666666667,6.3
00-0036139,Rico Dowdle,RB,2025,18,17,2.0,11.280043516263936,9.977060810810812,12.175,7.8
00-0036158,J.K. Dobbins,RB,2025,4,3,11.0,13.291845452063448,14.59072072072072,14.533333333333333,14.8
00-0036158,J.K. Dobbins,RB,2025,5,4,14.9,12.398781459337368,13.420642857142857,13.65,11.0
00-0036158,J.K. Dobbins,RB,2025,6,5,4.0,12.832847712983183,13.849647887323943,13.9,14.9
00-0036158,J.K. Dobbins,RB,2025,7,6,8.5,10.672470974781133,11.330395752895754,12.25,4.0
00-0036158,J.K. Dobbins,RB,2025,8,7,13.1,10.621793459366296,10.576949806949807,11.714285714285715,8.5
00-0036158,J.K. Dobbins,RB,2025,9,8,6.4,10.9953142424569,11.0802388996139,11.8875,13.1
00-0036158,J.K. Dobbins,RB,2025,10,9,8.9,10.347814267434345,9.881392106392108,11.277777777777779,6.4
00-0036165,Isaiah Hodgins,WR,2025,15,13,0.9,6.2435109394885115,6.278873873873874,6.766666666666667,0.9
00-0036165,Isaiah Hodgins,WR,2025,17,15,1.3,5.166209543878046,4.549342857142857,5.3,0.9
00-0036165,Isaiah Hodgins,WR,2025,18,17,0.0,4.420258223148658,3.6631562099871964,4.5,1.3
00-0036176,Mason Kinsey,WR,2025,12,11,0.0,2.2530577003398635,0.7557207207207207,0.6333333333333333,1.9
00-0036176,Mason Kinsey,WR,2025,18,17,0.0,2.843763464467288,1.4646427656850192,1.16,3.9
00-0036182,Nick Westbrook-Ikhine,WR,2025,4,3,0.6,2.605056551990966,1.2466666666666664,1.3333333333333333,0.0
00-0036182,Nick Westbrook-Ikhine,WR,2025,6,4,0.0,2.558068353575183,1.0398714285714286,1.15,0.6
00-0036182,Nick Westbrook-Ikhine,WR,2025,7,6,3.1,2.3176708141730473,0.7504507042253521,0.9199999999999999,0.0
00-0036182,Nick Westbrook-Ikhine,WR,2025,8,7,2.3,2.8534557534555893,1.3601319176319175,1.2833333333333332,3.1
00-0036182,Nick Westbrook-Ikhine,WR,2025,9,8,3.2,2.964234559528513,1.5956756756756758,1.4285714285714286,2.3
00-0036182,Nick Westbrook-Ikhine,WR,2025,10,9,1.2,3.287886385024565,1.9333301158301157,1.65,3.2
00-0036182,Nick Westbrook-Ikhine,WR,2025,14,13,0.0,2.882009525615745,1.4234594594594596,1.44,0.0
00-0036182,Nick Westbrook-Ikhine,WR,2025,15,14,0.0,2.73309033067238,1.1477764127764127,1.309090909090909,0.0
00-0036187,Reggie Gilliam,RB,2025,9,8,0.0,2.2772369429905472,0.0,0.0,0.0
00-0036187,Reggie Gilliam,RB,2025,11,9,0.0,2.3083500115999565,0.0,0.0,0.0
00-0036187,Reggie Gilliam,RB,2025,12,11,0.7,2.3394630802093657,0.0,0.0,0.0
00-0036187,Reggie Gilliam,RB,2025,13,12,0.0,2.4903250080080435,0.1792117117117117,0.11666666666666665,0.7
00-0036187,Reggie Gilliam,RB,2025,14,13,0.0,2.4651588108293483,0.13878378378378378,0.09999999999999999,0.0
00-0036187,Reggie Gilliam,RB,2025,15,14,0.0,2.4904435138127816,0.10846283783783783,0.0875,0.0
00-0036187,Reggie Gilliam,RB,2025,17,15,0.0,2.4916759715987182,0.0856006006006006,0.07777777777777778,0.0
00-0036187,Reggie Gilliam,RB,2025,18,17,3.1,2.5190371650272523,0.06828378378378377,0.06999999999999999,0.0
00-0036196,Gabe Davis,WR,2025,14,13,3.1,3.8396801550828523,2.7931981981981986,3.066666666666667,1.0
00-0036196,Gabe Davis,WR,2025,18,17,12.6,3.301018730367555,2.089674775928297,2.46,0.0
00-0036212,Tua Tagovailoa,QB,2025,4,3,15.68,12.883133307686215,12.643477477477479,12.233333333333334,12.84
00-0036212,Tua Tagovailoa,QB,2025,5,4,22.74,14.012206475788197,13.614387142857144,13.095,15.68
00-0036212,Tua Tagovailoa,QB,2025,6,5,6.6,15.693652007326088,16.174255313700385,15.024,22.74
00-0036212,Tua Tagovailoa,QB,2025,7,6,-1.4,13.631656000426025,13.667745173745173,13.62,6.6
00-0036212,Tua Tagovailoa,QB,2025,8,7,24.2,11.23540417048617,10.229737451737451,11.474285714285713,-1.4
00-0036212,Tua Tagovailoa,QB,2025,9,8,8.54,13.833455555801836,13.362580115830115,13.065,24.2
00-0036212,Tua Tagovailoa,QB,2025,10,9,10.82,12.596022645303421,12.225611754611753,12.562222222222221,8.54
00-0036212,Tua Tagovailoa,QB,2025,11,10,6.84,13.151415920947809,11.794684169884171,12.388,10.82
00-0036212,Tua Tagovailoa,QB,2025,13,11,4.68,12.152053558569229,10.305519831519831,11.883636363636363,6.84
00-0036212,Tua Tagovailoa,QB,2025,14,13,9.08,11.572326177286058,9.251799871299871,11.283333333333333,4.68
00-0036212,Tua Tagovailoa,QB,2025,15,14,16.22,11.791404069801773,9.711043065043064,11.113846153846154,9.08
00-0036223,Jonathan Taylor,RB,2025,4,3,12.1,20.1316039031472,24.887567567567572,23.7,31.3
00-0036223,Jonathan Taylor,RB,2025,5,4,30.1,17.25982934589386,20.68077142857143,20.8,12.1
00-0036223,Jonathan Taylor,RB,2025,6,5,21.7,19.622644626825362,23.35231241997439,22.66,30.1
00-0036223,Jonathan Taylor,RB,2025,7,6,32.7,18.705852025827767,22.895984555984555,22.5,21.7
00-0036223,Jonathan Taylor,RB,2025,8,7,36.4,21.048920657027157,25.71741312741313,23.95714285714286,32.7
00-0036223,Jonathan Taylor,RB,2025,9,8,6.7,22.336370500240104,28.121633687258687,25.5125,36.4
00-0036223,Jonathan Taylor,RB,2025,10,9,48.1,18.635662929828495,22.81521021021021,23.422222222222224,6.7
00-0036223,Jonathan Taylor,RB,2025,12,10,7.6,23.093101382403734,29.10742664092664,25.89,48.1
00-0036223,Jonathan Taylor,RB,2025,13,12,13.6,18.443843692733473,23.95736398736399,24.227272727272727,7.6
00-0036223,Jonathan Taylor,RB,2025,14,13,11.4,18.69495078041012,21.702961711711716,23.34166666666667,13.6
00-0036223,Jonathan Taylor,RB,2025,15,14,11.6,16.84443744788506,19.101204336204336,22.423076923076923,11.4
00-0036223,Jonathan Taylor,RB,2025,16,15,15.4,16.785492534025806,17.029797297297296,21.65,11.6
00-0036223,Jonathan Taylor,RB,2025,17,16,15.9,16.885947914911466,17.3294851994852,21.233333333333334,15.4
00-0036223,Jonathan Taylor,RB,2025,18,17,4.9,17.6885802557265,16.189208494208494,20.9,15.9
00-0036232,Harrison Bryant,TE,2025,8,7,0.0,1.8323512994214546,0.32747747747747746,0.3333333333333333,0.0
00-0036232,Harrison Bryant,TE,2025,9,8,0.7,1.8193319883225196,0.22121428571428572,0.25,0.0
00-0036244,Colby Parkinson,TE,2025,7,5,6.2,1.764453190594672,0.4445495495495497,0.3666666666666667,0.0
00-0036244,Colby Parkinson,TE,2025,9,7,2.0,3.2456489336009207,2.3131500000000003,1.8250000000000002,6.2
00-0036244,Colby Parkinson,TE,2025,10,9,12.1,3.0126374286718676,2.2026773367477595,1.86,2.0
00-0036244,Colby Parkinson,TE,2025,11,10,8.4,4.987026367334965,4.720070785070785,3.5666666666666664,12.1
00-0036244,Colby Parkinson,TE,2025,12,11,12.1,5.2353158178679955,5.810637065637066,4.257142857142857,8.4
00-0036244,Colby Parkinson,TE,2025,13,12,4.7,6.379041297650934,7.370576737451738,5.2375,12.1
00-0036244,Colby Parkinson,TE,2025,14,13,10.7,5.687661892820028,6.894422994422994,5.177777777777778,4.7
00-0036244,Colby Parkinson,TE,2025,15,14,22.0,6.510850816596073,7.714225868725869,5.7299999999999995,10.7
00-0036244,Colby Parkinson,TE,2025,16,15,3.1,8.295378958367158,11.083394173394174,7.209090909090909,22.0
00-0036244,Colby Parkinson,TE,2025,17,16,8.3,6.843591400132046,9.010592020592021,6.866666666666666,3.1
00-0036244,Colby Parkinson,TE,2025,18,17,17.6,7.242747248356934,8.742598752598752,6.976923076923077,8.3
00-0036252,Michael Pittman,WR,2025,4,3,12.6,11.594073006057881,13.119324324324324,13.1,16.3
00-0036252,Michael Pittman,WR,2025,5,4,12.4,11.183885538382999,12.949650000000002,12.975,12.6
00-0036252,Michael Pittman,WR,2025,6,5,3.0,11.397942153068689,12.795199743918053,12.86,12.4
00-0036252,Michael Pittman,WR,2025,7,6,17.3,9.332723116372774,10.290582368082369,11.216666666666667,3.0
00-0036252,Michael Pittman,WR,2025,8,7,19.5,10.972459989313204,11.825366795366795,12.085714285714285,17.3
00-0036252,Michael Pittman,WR,2025,9,8,16.0,11.849222133088187,13.894625965250967,13.0125,19.5
00-0036252,Michael Pittman,WR,2025,10,9,2.9,12.298993956970554,14.26518876018876,13.344444444444445,16.0
00-0036252,Michael Pittman,WR,2025,12,10,11.2,10.337443947311957,11.630945945945946,12.3,2.9
00-0036252,Michael Pittman,WR,2025,13,12,1.8,10.584892866213044,11.54223938223938,12.2,11.2
00-0036252,Michael Pittman,WR,2025,14,13,12.4,9.011354591337485,9.671126126126126,11.333333333333334,1.8
00-0036252,Michael Pittman,WR,2025,15,14,4.1,10.168671281237517,10.116330561330562,11.415384615384616,12.4
00-0036252,Michael Pittman,WR,2025,16,15,5.2,9.219194847551648,8.527635135135135,10.892857142857142,4.1
00-0036252,Michael Pittman,WR,2025,17,16,2.6,9.350975373579434,7.681037323037323,10.513333333333334,5.2
00-0036252,Michael Pittman,WR,2025,18,17,2.1,8.57905550469325,6.919535472972973,10.01875,2.6
00-0036259,Jauan Jennings,WR,2025,6,4,1.2,7.5460773591186125,8.56036036036036,8.466666666666667,5.4
00-0036259,Jauan Jennings,WR,2025,7,6,5.1,6.228018732124721,6.162871428571428,6.6499999999999995,1.2
00-0036259,Jauan Jennings,WR,2025,8,7,6.5,5.943603427495396,5.883801536491677,6.34,5.1
00-0036259,Jauan Jennings,WR,2025,9,8,12.1,6.146907730340949,6.063507078507078,6.366666666666666,6.5
00-0036259,Jauan Jennings,WR,2025,10,9,14.1,7.367044646523739,7.691872586872587,7.185714285714285,12.1
00-0036259,Jauan Jennings,WR,2025,11,10,7.4,8.397904386504772,8.875299227799228,8.049999999999999,14.1
00-0036259,Jauan Jennings,WR,2025,12,11,12.6,7.976760692673842,8.608438438438439,7.977777777777778,7.4
00-0036259,Jauan Jennings,WR,2025,13,12,11.9,8.65564088895837,9.764752895752896,8.44,12.6
00-0036259,Jauan Jennings,WR,2025,15,13,17.2,8.760181518901662,10.345152685152685,8.754545454545454,11.9
00-0036259,Jauan Jennings,WR,2025,16,15,15.6,9.841927804779514,11.942675353925354,9.458333333333334,17.2
00-0036259,Jauan Jennings,WR,2025,17,16,11.2,10.117116893964683,12.60810513810514,9.930769230769231,15.6
00-0036259,Jauan Jennings,WR,2025,18,17,5.5,9.918829211035444,12.074720077220075,10.02142857142857,11.2
00-0036264,Jordan Love,QB,2025,4,3,26.28,15.500384692109433,15.635099099099097,15.973333333333333,11.12
00-0036264,Jordan Love,QB,2025,6,4,14.96,18.275214616398177,19.11067142857143,18.55,26.28
00-0036264,Jordan Love,QB,2025,7,6,13.36,16.954927965385448,17.91070576184379,17.832,14.96
00-0036264,Jordan Love,QB,2025,8,7,28.3,16.5681936596897,16.74186229086229,17.086666666666666,13.36
00-0036264,Jordan Love,QB,2025,9,8,9.02,18.441919311479634,19.646467181467184,18.68857142857143,28.3
00-0036264,Jordan Love,QB,2025,10,9,7.84,16.277204579074077,16.99557528957529,17.48,9.02
00-0036264,Jordan Love,QB,2025,11,10,17.66,15.43998321121341,15.059891033891033,16.40888888888889,7.84
00-0036264,Jordan Love,QB,2025,12,11,7.06,15.903900734759791,15.340954054054054,16.534,17.66
00-0036264,Jordan Love,QB,2025,13,12,25.76,14.664061576310877,13.520296244296244,15.672727272727272,7.06
00-0036264,Jordan Love,QB,2025,14,13,19.26,16.88257768294222,16.428072072072073,16.513333333333332,25.76
00-0036264,Jordan Love,QB,2025,15,14,13.94,16.750456877121767,16.651611523611525,16.724615384615383,19.26
00-0036264,Jordan Love,QB,2025,16,15,3.78,16.582878429380905,16.32084942084942,16.525714285714287,13.94
00-0036265,AJ Dillon,RB,2025,5,4,1.2,3.424862974945599,1.573153153153153,1.5333333333333332,1.7
00-0036265,AJ Dillon,RB,2025,6,5,1.0,3.3847041092634664,1.4501857142857142,1.45,1.2
00-0036275,D'Andre Swift,RB,2025,4,3,14.0,9.6285453498417,9.957972972972975,9.9,9.3
00-0036275,D'Andre Swift,RB,2025,6,4,24.5,10.739950683809866,11.270150000000001,10.925,14.0
00-0036275,D'Andre Swift,RB,2025,7,6,20.3,13.210296925824752,14.999556978233034,13.64,24.5
00-0036275,D'Andre Swift,RB,2025,8,7,14.1,13.975958888936779,16.29114864864865,14.75,20.3
00-0036275,D'Andre Swift,RB,2025,10,8,12.3,13.594842303877774,15.982355212355213,14.657142857142857,14.1
00-0036275,D'Andre Swift,RB,2025,11,10,9.0,12.930961088497515,15.161373069498072,14.3625,12.3
00-0036275,D'Andre Swift,RB,2025,12,11,1.4,12.030662834325074,13.871151866151866,13.766666666666667,9.0
00-0036275,D'Andre Swift,RB,2025,13,12,20.3,10.343620792552127,10.95930308880309,12.53,1.4
00-0036275,D'Andre Swift,RB,2025,14,13,9.7,12.358355763779203,12.71405931905932,13.236363636363636,20.3
00-0036275,D'Andre Swift,RB,2025,15,14,22.1,11.614839804521434,11.793888352638351,12.941666666666666,9.7
00-0036275,D'Andre Swift,RB,2025,16,15,8.0,13.448328005877462,14.097099792099794,13.646153846153846,22.1
00-0036275,D'Andre Swift,RB,2025,17,16,20.9,11.885081875096692,12.77442084942085,13.242857142857144,8.0
00-0036275,D'Andre Swift,RB,2025,18,17,5.3,13.356878731125162,14.733164736164737,13.753333333333334,20.9
00-0036290,Cole Kmet,TE,2025,4,3,6.1,5.467319382364457,5.24945945945946,5.0,7.5
00-0036290,Cole Kmet,TE,2025,6,4,0.5,5.663021545905219,5.515964285714286,5.275,6.1
00-0036290,Cole Kmet,TE,2025,7,6,2.1,4.615711579951161,4.08536747759283,4.32,0.5
00-0036290,Cole Kmet,TE,2025,9,7,1.5,4.3613574167424956,3.588368725868726,3.95,2.1
00-0036290,Cole Kmet,TE,2025,10,9,1.0,3.982188528744275,3.0842664092664096,3.6,1.5
00-0036290,Cole Kmet,TE,2025,11,10,7.0,3.811691459786081,2.5749179536679536,3.275,1.0
00-0036290,Cole Kmet,TE,2025,12,11,0.8,4.644984741934495,3.4825203775203772,3.6888888888888887,7.0
00-0036290,Cole Kmet,TE,2025,13,12,11.1,4.107341765342615,2.777084942084942,3.4,0.8
00-0036290,Cole Kmet,TE,2025,14,13,5.2,5.413063735012702,4.802007722007722,4.1,11.1
00-0036290,Cole Kmet,TE,2025,15,14,3.8,5.02394319622085,4.946407657657657,4.191666666666666,5.2
00-0036290,Cole Kmet,TE,2025,16,15,2.4,5.074514854532639,4.76445351945352,4.161538461538462,3.8
00-0036290,Cole Kmet,TE,2025,17,16,2.6,4.659977894321837,4.3326930501930505,4.035714285714286,2.4
00-0036290,Cole Kmet,TE,2025,18,17,4.6,4.589377207930882,3.8368378378378383,3.94,2.6
00-0036309,Darnell Mooney,WR,2025,8,7,1.6,5.63896188209449,5.209978571428572,4.925000000000001,8.3
00-0036309,Darnell Mooney,WR,2025,9,8,2.0,4.669553591138861,4.175391805377721,4.26,1.6
00-0036309,Darnell Mooney,WR,2025,10,9,2.2,4.529135574460388,3.6225257400257407,3.8833333333333337,2.0
00-0036309,Darnell Mooney,WR,2025,11,10,4.9,4.21629758059526,3.3018725868725873,3.6428571428571432,2.2
00-0036309,Darnell Mooney,WR,2025,12,11,14.9,4.6472621025859615,3.593629343629344,3.8000000000000003,4.9
00-0036309,Darnell Mooney,WR,2025,13,12,3.5,6.282251768634623,6.334504504504505,5.033333333333333,14.9
00-0036309,Darnell Mooney,WR,2025,14,13,1.1,5.540395483549789,5.53749806949807,4.88,3.5
00-0036309,Darnell Mooney,WR,2025,15,14,5.0,5.110399619348136,4.621009126009126,4.536363636363636,1.1
00-0036309,Darnell Mooney,WR,2025,16,15,3.4,5.076317228205744,4.794261583011583,4.575,5.0
00-0036309,Darnell Mooney,WR,2025,17,16,4.5,4.959502781382654,4.559094149094149,4.484615384615385,3.4
00-0036309,Darnell Mooney,WR,2025,18,17,3.5,5.192100293784149,4.529285714285714,4.485714285714286,4.5
00-0036322,Justin Jefferson,WR,2025,4,3,17.6,9.81793301488506,10.638378378378377,10.8,10.0
00-0036322,Justin Jefferson,WR,2025,5,4,15.8,11.377490534714411,12.908942857142856,12.5,17.6
00-0036322,Justin Jefferson,WR,2025,7,5,10.4,11.883387551830465,13.708996158770807,13.16,15.8
00-0036322,Justin Jefferson,WR,2025,8,7,10.9,11.32682721286782,12.83542471042471,12.700000000000001,10.4
00-0036322,Justin Jefferson,WR,2025,9,8,13.7,11.014687763161419,12.352220077220078,12.442857142857143,10.9
00-0036322,Justin Jefferson,WR,2025,10,9,5.7,11.249409853166808,12.77841698841699,12.6,13.7
00-0036322,Justin Jefferson,WR,2025,11,10,8.6,10.110383404648154,11.192940797940798,11.833333333333334,5.7
00-0036322,Justin Jefferson,WR,2025,12,11,6.8,10.149942520258033,10.397805019305018,11.51,8.6
00-0036322,Justin Jefferson,WR,2025,13,12,1.4,9.639608835992759,9.443964548964548,11.081818181818182,6.8
00-0036322,Justin Jefferson,WR,2025,14,13,2.1,8.669731312927432,7.681095559845559,10.275,1.4
00-0036322,Justin Jefferson,WR,2025,15,14,3.2,8.181237994537963,6.4714241164241155,9.646153846153846,2.1
00-0036322,Justin Jefferson,WR,2025,16,15,11.5,8.015751935578256,5.6870270270270264,9.185714285714285,3.2
00-0036322,Justin Jefferson,WR,2025,17,16,5.0,8.897747503355273,7.195833976833976,9.34,11.5
00-0036322,Justin Jefferson,WR,2025,18,17,14.4,8.45150190980841,6.805027750965252,9.06875,5.0
00-0036328,Antonio Gibson,RB,2025,4,3,8.7,4.45961522981137,3.4461711711711716,3.466666666666667,0.8
00-0036328,Antonio Gibson,RB,2025,5,4,3.1,6.063385329916087,5.155621428571429,4.775,8.7
00-0036331,Devin Duvernay,WR,2025,4,3,0.0,1.7521334421872496,0.0,0.0,0.0
00-0036331,Devin Duvernay,WR,2025,6,4,0.0,1.7832465107966589,0.0,0.0,0.0
00-0036331,Devin Duvernay,WR,2025,7,6,0.0,1.814359579406068,0.0,0.0,0.0
00-0036331,Devin Duvernay,WR,2025,8,7,0.7,1.8454726480154773,0.0,0.0,0.0
00-0036331,Devin Duvernay,WR,2025,9,8,0.0,1.9857652098696394,0.17337837837837838,0.09999999999999999,0.7
00-0036331,Devin Duvernay,WR,2025,10,9,0.0,1.9632413541770741,0.13440878378378376,0.0875,0.0
00-0036331,Devin Duvernay,WR,2025,11,10,0.0,1.9902876181512592,0.10506006006006005,0.07777777777777778,0.0
00-0036331,Devin Duvernay,WR,2025,12,11,0.0,1.9927531686307238,0.08287837837837837,0.06999999999999999,0.0
00-0036331,Devin Duvernay,WR,2025,13,12,0.0,2.0210111567454576,0.06605651105651106,0.06363636363636363,0.0
00-0036331,Devin Duvernay,WR,2025,14,13,2.9,2.0496466169765353,0.0532545045045045,0.05833333333333333,0.0
00-0036331,Devin Duvernay,WR,2025,15,14,0.0,2.4284690128405266,0.6702049302049302,0.27692307692307694,2.9
00-0036331,Devin Duvernay,WR,2025,16,15,0.0,2.2576686335044363,0.51996138996139,0.2571428571428571,0.0
00-0036331,Devin Duvernay,WR,2025,17,16,0.0,2.2866047980194715,0.4064710424710425,0.24,0.0
00-0036331,Devin Duvernay,WR,2025,18,17,0.0,2.2099569696617705,0.32060328185328185,0.22499999999999998,0.0
00-0036332,Josiah Deguara,TE,2025,14,12,0.0,1.9223291687044357,0.43752252252252255,0.3666666666666667,1.1
00-0036332,Josiah Deguara,TE,2025,16,14,0.0,1.8309561258547162,0.29236428571428574,0.275,0.0
00-0036332,Josiah Deguara,TE,2025,17,16,0.0,1.8347341905859005,0.20883098591549298,0.22000000000000003,0.0
00-0036332,Josiah Deguara,TE,2025,18,17,8.5,1.808037761931904,0.1559041184041184,0.18333333333333335,0.0
00-0036355,Justin Herbert,QB,2025,4,3,12.52,18.754676510023266,19.628855855855857,20.433333333333334,14.6
00-0036355,Justin Herbert,QB,2025,5,4,14.64,16.93651798586714,17.349535714285715,18.455000000000002,12.52
00-0036355,Justin Herbert,QB,2025,6,5,18.76,16.543901577067942,16.63201562099872,17.692,14.64
00-0036355,Justin Herbert,QB,2025,7,6,27.9,17.11047493238213,17.227812741312743,17.87,18.76
00-0036355,Justin Herbert,QB,2025,8,7,25.28,19.09493367484014,19.519030888030887,19.302857142857142,27.9
00-0036355,Justin Herbert,QB,2025,9,8,27.7,19.663065303143227,20.92646525096525,20.05,25.28
00-0036355,Justin Herbert,QB,2025,10,9,14.7,20.577586650214567,22.708876447876445,20.9,27.7
00-0036355,Justin Herbert,QB,2025,11,10,3.34,18.980118607877397,21.108857142857143,20.28,14.7
00-0036355,Justin Herbert,QB,2025,13,11,12.84,16.53119392609913,17.212320463320463,18.740000000000002,3.34
00-0036355,Justin Herbert,QB,2025,14,13,12.16,16.411728247322525,16.2551212998713,18.248333333333335,12.84
00-0036355,Justin Herbert,QB,2025,15,14,10.4,16.144477334423602,15.046366795366797,17.78,12.16
00-0036355,Justin Herbert,QB,2025,16,15,30.2,16.12183575080086,13.822496138996138,17.252857142857142,10.4
00-0036355,Justin Herbert,QB,2025,17,16,15.14,18.39971554678008,17.1740555984556,18.116,30.2
00-0036358,CeeDee Lamb,WR,2025,8,7,11.1,14.370835975387582,16.88171171171171,16.566666666666666,19.5
00-0036358,CeeDee Lamb,WR,2025,9,8,12.0,12.88857064857481,14.988657142857143,15.2,11.1
00-0036358,CeeDee Lamb,WR,2025,11,9,15.1,12.493827758888402,14.152139564660692,14.56,12.0
00-0036358,CeeDee Lamb,WR,2025,12,11,9.5,12.635457786538462,14.414430501930502,14.65,15.1
00-0036358,CeeDee Lamb,WR,2025,13,12,20.7,11.791641317031756,13.203030888030888,13.914285714285715,9.5
00-0036358,CeeDee Lamb,WR,2025,14,13,15.1,13.276762009949318,14.956315154440155,14.7625,20.7
00-0036358,CeeDee Lamb,WR,2025,15,14,14.1,12.99192404093825,14.821023166023167,14.799999999999999,15.1
00-0036358,CeeDee Lamb,WR,2025,16,15,8.1,13.090910991264431,14.783067567567567,14.73,14.1
00-0036358,CeeDee Lamb,WR,2025,17,16,7.1,11.923215473276482,13.34425587925588,14.127272727272727,8.1
00-0036358,CeeDee Lamb,WR,2025,18,17,0.9,11.28504255853048,11.911648970398968,13.541666666666666,7.1
00-0036389,Jalen Hurts,QB,2025,4,3,19.4,20.360327229213038,22.001216216216218,21.62,29.04
00-0036389,Jalen Hurts,QB,2025,5,4,19.5,19.30837566170496,21.139824285714287,21.064999999999998,19.4
00-0036389,Jalen Hurts,QB,2025,6,5,20.62,19.506368695873853,20.672308834827145,20.752,19.5
00-0036389,Jalen Hurts,QB,2025,7,6,24.04,19.329825559937795,20.662750965250964,20.73,20.62
00-0036389,Jalen Hurts,QB,2025,8,7,25.36,20.022931670836307,21.374494208494205,21.20285714285714,24.04
00-0036389,Jalen Hurts,QB,2025,10,8,12.02,20.710884558560696,22.67523021235521,21.7225,25.36
00-0036389,Jalen Hurts,QB,2025,11,10,14.5,18.969286590329425,19.884250536250534,20.644444444444446,12.02
00-0036389,Jalen Hurts,QB,2025,12,11,30.86,18.484683107864747,18.688372586872585,20.03,14.5
00-0036389,Jalen Hurts,QB,2025,13,12,16.3,20.16404578454053,21.527928746928747,21.014545454545456,30.86
00-0036389,Jalen Hurts,QB,2025,14,13,2.4,19.159219778969867,20.343969433719433,20.621666666666666,16.3
00-0036389,Jalen Hurts,QB,2025,15,14,22.9,17.035612802770604,16.200420849420848,19.22,2.4
00-0036389,Jalen Hurts,QB,2025,16,15,19.4,18.28580854383079,17.558764478764477,19.482857142857142,22.9
00-0036389,Jalen Hurts,QB,2025,17,16,8.9,18.136767162434396,18.2840435006435,19.477333333333334,19.4
00-0036407,Jerry Jeudy,WR,2025,4,3,6.3,5.984268927469241,5.700585585585586,6.133333333333333,2.2
00-0036407,Jerry Jeudy,WR,2025,5,4,2.5,6.233765292817311,5.91305,6.175,6.3
00-0036407,Jerry Jeudy,WR,2025,6,5,6.8,5.414465654332956,4.95866709346991,5.4399999999999995,2.5
00-0036407,Jerry Jeudy,WR,2025,7,6,2.7,6.031650786407712,5.453236808236808,5.666666666666666,6.8
00-0036407,Jerry Jeudy,WR,2025,8,7,0.0,5.455403700885738,4.651003861003861,5.242857142857143,2.7
00-0036407,Jerry Jeudy,WR,2025,10,8,16.8,4.855220881250013,3.467825772200772,4.5875,0.0
00-0036407,Jerry Jeudy,WR,2025,11,10,3.6,6.85188251963029,6.720883740883742,5.944444444444445,16.8
00-0036407,Jerry Jeudy,WR,2025,12,11,2.4,5.902711595646975,5.968750965250965,5.71,3.6
00-0036407,Jerry Jeudy,WR,2025,13,12,4.1,5.7949944365290715,5.257351702351702,5.409090909090909,2.4
00-0036407,Jerry Jeudy,WR,2025,14,13,15.1,5.439284054289977,4.949382239382239,5.3,4.1
00-0036407,Jerry Jeudy,WR,2025,15,14,3.2,6.889452100665091,7.329656964656964,6.053846153846154,15.1
00-0036407,Jerry Jeudy,WR,2025,16,15,2.7,6.0810493277271425,6.588194980694981,5.85,3.2
00-0036407,Jerry Jeudy,WR,2025,17,16,7.9,6.088573696644937,5.322185328185329,5.64,2.7
00-0036407,Jerry Jeudy,WR,2025,18,17,3.2,6.258973694724995,5.969615106177606,5.78125,7.9
00-0036410,Tee Higgins,WR,2025,4,3,4.7,6.181761306666376,6.404369369369369,6.633333333333333,2.0
00-0036410,Tee Higgins,WR,2025,5,4,9.7,6.155533659605741,5.859357142857142,6.15,4.7
00-0036410,Tee Higgins,WR,2025,6,5,8.7,6.803196880514704,6.959489116517285,6.859999999999999,9.7
00-0036410,Tee Higgins,WR,2025,7,6,18.6,7.192868896833803,7.400302445302445,7.166666666666666,8.7
00-0036410,Tee Higgins,WR,2025,8,7,10.9,9.15296064971255,10.257007722007723,8.8,18.6
00-0036410,Tee Higgins,WR,2025,9,8,29.6,8.880517579534166,10.248477316602317,9.0625,10.9
00-0036410,Tee Higgins,WR,2025,11,9,13.8,11.890979509392686,15.059069069069071,11.344444444444445,29.6
00-0036410,Tee Higgins,WR,2025,12,11,5.6,10.892494385380818,14.935554054054055,11.59,13.8
00-0036410,Tee Higgins,WR,2025,14,12,24.2,9.934329930535885,12.790947700947703,11.045454545454545,5.6
00-0036410,Tee Higgins,WR,2025,16,14,12.8,11.55965987672328,15.421204954954955,12.141666666666667,24.2
00-0036410,Tee Higgins,WR,2025,17,16,7.9,10.863770335882705,14.521960201960201,12.192307692307692,12.8
00-0036410,Tee Higgins,WR,2025,18,17,15.7,10.530994664442032,13.02918918918919,11.885714285714286,7.9
00-0036414,Cam Akers,RB,2025,18,17,0.0,3.799096310588871,2.2511531531531532,2.3933333333333335,0.0
00-0036415,Van Jefferson,WR,2025,6,4,9.5,2.819761701939893,1.4127927927927928,1.4666666666666668,1.1
00-0036415,Van Jefferson,WR,2025,7,6,6.1,4.620794006468503,4.04505,3.475,9.5
00-0036415,Van Jefferson,WR,2025,8,7,1.1,4.905253821137806,4.60122919334187,4.0,6.1
00-0036415,Van Jefferson,WR,2025,9,8,2.6,4.350929184540278,3.675929858429858,3.5166666666666666,1.1
00-0036415,Van Jefferson,WR,2025,11,9,9.7,4.1697990320992515,3.4624324324324327,3.3857142857142857,2.6
00-0036415,Van Jefferson,WR,2025,12,11,1.6,5.186729114006063,5.041114864864865,4.175,9.7
00-0036415,Van Jefferson,WR,2025,13,12,3.5,4.548631674334263,4.323601458601458,3.888888888888889,1.6
00-0036415,Van Jefferson,WR,2025,14,13,2.7,4.787762166677776,3.9270173745173746,3.85,3.5
00-0036415,Van Jefferson,WR,2025,15,14,4.8,4.477899832818627,3.5646735696735696,3.7454545454545456,2.7
00-0036415,Van Jefferson,WR,2025,16,15,3.4,4.810662675661548,3.942168597168598,3.8333333333333335,4.8
00-0036415,Van Jefferson,WR,2025,17,16,6.1,4.729601480369993,3.8610231660231653,3.8,3.4
00-0036422,Adam Trautman,TE,2025,4,3,4.2,3.581102821638008,3.0583333333333336,3.1666666666666665,0.0
00-0036422,Adam Trautman,TE,2025,5,4,1.6,4.190473467464423,3.4340071428571424,3.425,4.2
00-0036422,Adam Trautman,TE,2025,9,8,3.5,3.254101866788829,2.1753185328185327,2.55,0.0
00-0036422,Adam Trautman,TE,2025,10,9,0.7,3.565947058455837,2.558822393822394,2.685714285714286,3.5
00-0036422,Adam Trautman,TE,2025,11,10,1.3,3.342373707007307,1.9065612934362934,2.4375,0.7
00-0036422,Adam Trautman,TE,2025,13,11,6.2,3.3924226605254564,1.8559545259545258,2.3111111111111113,1.3
00-0036422,Adam Trautman,TE,2025,14,13,2.7,4.003281820628456,2.8081660231660233,2.7,6.2
00-0036422,Adam Trautman,TE,2025,16,14,2.4,3.864070019582976,2.819826254826255,2.7,2.7
00-0036422,Adam Trautman,TE,2025,17,16,3.4,3.9166476645125274,2.816809845559846,2.675,2.4
00-0036425,DeeJay Dallas,RB,2025,17,16,2.1,2.2772369429905472,0.0,0.0,0.0
00-0036425,DeeJay Dallas,RB,2025,18,17,0.0,2.7635958030317913,0.6829500000000001,0.525,2.1
00-0036427,Tyler Johnson,WR,2025,7,6,7.5,3.0230683496679744,1.8862214285714287,2.075,0.0
00-0036427,Tyler Johnson,WR,2025,8,7,13.9,4.384062247602379,3.48370166453265,3.16,7.5
00-0036427,Tyler Johnson,WR,2025,10,8,0.0,6.056483095407474,6.134874517374517,4.95,13.9
00-0036427,Tyler Johnson,WR,2025,17,16,0.8,4.45356784086496,3.957241795366796,3.8625,1.2
00-0036429,Charlie Woerner,TE,2025,12,10,3.9,2.133244645821325,0.7557207207207207,0.6333333333333333,1.9
00-0036429,Charlie Woerner,TE,2025,16,15,0.8,2.948796974815597,1.8796414852752878,1.6,2.2
00-0036429,Charlie Woerner,TE,2025,17,16,0.0,2.784452214389996,1.5897812097812096,1.4666666666666668,0.8
00-0036442,Joe Burrow,QB,2025,14,13,23.36,12.941989320662076,12.381621621621623,11.7,19.24
00-0036442,Joe Burrow,QB,2025,15,14,5.5,15.332269009118395,15.924341428571429,14.615,23.36
00-0036442,Joe Burrow,QB,2025,16,15,28.96,13.088076316729515,12.915065556978233,12.792,5.5
00-0036442,Joe Burrow,QB,2025,17,16,20.4,16.43744900168352,17.016916344916346,15.486666666666666,28.96
00-0036442,Joe Burrow,QB,2025,18,17,21.14,16.17342017004048,18.085861003861,16.18857142857143,20.4
00-0036550,Rashod Bateman,WR,2025,4,3,2.9,6.767924415466689,7.254909909909911,6.433333333333334,14.8
00-0036550,Rashod Bateman,WR,2025,5,4,0.0,5.575753186949496,5.805357142857143,5.55,2.9
00-0036550,Rashod Bateman,WR,2025,6,5,1.3,4.718919423530585,4.150670934699104,4.44,0.0
00-0036550,Rashod Bateman,WR,2025,8,6,6.1,4.084235741634935,3.4347715572715574,3.916666666666667,1.3
00-0036550,Rashod Bateman,WR,2025,9,8,8.3,4.713131269324663,4.163455598455599,4.228571428571429,6.1
00-0036550,Rashod Bateman,WR,2025,10,9,3.5,5.443975253012303,5.2235304054054055,4.7375,8.3
00-0036550,Rashod Bateman,WR,2025,14,13,3.3,4.655557561772457,3.480891891891892,4.14,0.0
00-0036550,Rashod Bateman,WR,2025,16,14,0.0,4.696535438815033,3.5985468585468583,4.0636363636363635,3.3
00-0036550,Rashod Bateman,WR,2025,17,16,1.2,4.191036069810821,2.8902171814671815,3.725,0.0
00-0036554,Nico Collins,WR,2025,4,3,9.9,10.646678018174079,12.57662162162162,11.7,18.4
00-0036554,Nico Collins,WR,2025,5,4,14.0,10.124493087495145,11.670642857142857,11.25,9.9
00-0036554,Nico Collins,WR,2025,7,5,4.7,10.82628612580402,12.311177976952624,11.799999999999999,14.0
00-0036554,Nico Collins,WR,2025,9,7,11.0,9.072635284288946,10.337995495495496,10.616666666666667,4.7
00-0036554,Nico Collins,WR,2025,10,9,19.1,9.644419480303567,10.735405405405405,10.67142857142857,11.0
00-0036554,Nico Collins,WR,2025,11,10,19.7,10.907623588848008,12.6829777992278,11.725,19.1
00-0036554,Nico Collins,WR,2025,12,11,7.0,11.978384823528492,14.095298155298156,12.61111111111111,19.7
00-0036554,Nico Collins,WR,2025,13,12,19.0,10.716034594605462,12.514025096525096,12.05,7.0
00-0036554,Nico Collins,WR,2025,14,13,14.1,11.847608101134897,13.924447174447174,12.681818181818182,19.0
00-0036554,Nico Collins,WR,2025,15,14,22.0,11.480671614217938,14.216332046332045,12.8,14.1
00-0036554,Nico Collins,WR,2025,16,15,7.9,12.911761794600043,15.991958716958717,13.507692307692308,22.0
00-0036554,Nico Collins,WR,2025,17,16,7.2,11.413328626037089,13.925395752895753,13.107142857142858,7.9
00-0036555,Chuba Hubbard,RB,2025,4,3,8.4,12.154915336292458,13.232072072072071,13.733333333333333,8.6
00-0036555,Chuba Hubbard,RB,2025,8,7,9.4,9.971075235069096,10.246564660691421,11.219999999999999,6.5
00-0036555,Chuba Hubbard,RB,2025,9,8,1.7,10.064707603647436,10.07666344916345,10.916666666666666,9.4
00-0036555,Chuba Hubbard,RB,2025,10,9,2.0,8.606416581792526,7.81092664092664,9.6,1.7
00-0036555,Chuba Hubbard,RB,2025,11,10,3.3,8.072251888557469,6.191090733590734,8.65,2.0
00-0036555,Chuba Hubbard,RB,2025,12,11,6.3,7.637167505165966,5.541915486915487,8.055555555555555,3.3
00-0036555,Chuba Hubbard,RB,2025,13,12,19.4,7.9271907205504695,5.749718146718147,7.88,6.3
00-0036555,Chuba Hubbard,RB,2025,15,13,4.3,9.70945127035063,8.974699894699896,8.927272727272728,19.4
00-0036555,Chuba Hubbard,RB,2025,16,15,3.9,8.564371596947423,7.896513835263835,8.541666666666666,4.3
00-0036555,Chuba Hubbard,RB,2025,17,16,1.3,8.310331116057744,7.2559667359667355,8.184615384615384,3.9
00-0036555,Chuba Hubbard,RB,2025,18,17,2.7,7.263101355801562,6.172635135135135,7.692857142857142,1.3
00-0036590,Quintin Morris,TE,2025,12,11,0.0,2.010287392607137,0.5203428571428572,0.4,1.6
00-0036590,Quintin Morris,TE,2025,13,12,1.9,1.8932857933123608,0.36767221510883485,0.32,0.0
00-0036590,Quintin Morris,TE,2025,14,13,0.0,2.2553776852125,0.7576801801801802,0.5833333333333334,1.9
00-0036590,Quintin Morris,TE,2025,15,14,3.0,2.055368144853391,0.5901351351351352,0.5,0.0
00-0036590,Quintin Morris,TE,2025,16,15,1.0,2.539766209925626,1.1887765444015443,0.8125,3.0
00-0036590,Quintin Morris,TE,2025,17,16,0.0,2.4217188616795955,1.1676512226512228,0.8333333333333334,1.0
00-0036590,Quintin Morris,TE,2025,18,17,7.0,2.3480101580881216,0.8631949806949806,0.75,0.0
00-0036613,Jaylen Waddle,WR,2025,4,3,6.3,9.818437393299122,11.31635135135135,10.9,12.4
00-0036613,Jaylen Waddle,WR,2025,5,4,20.0,8.850798683869463,9.668099999999999,9.75,6.3
00-0036613,Jaylen Waddle,WR,2025,6,5,12.82,11.035755620701114,12.596312419974392,11.8,20.0
00-0036613,Jaylen Waddle,WR,2025,7,6,2.0,10.72611432283779,12.615268339768342,11.97,12.82
00-0036613,Jaylen Waddle,WR,2025,8,7,18.4,9.05318193104728,10.229776061776061,10.545714285714286,2.0
00-0036613,Jaylen Waddle,WR,2025,9,8,11.2,10.639054600456966,12.03777557915058,11.5275,18.4
00-0036613,Jaylen Waddle,WR,2025,10,9,16.9,10.10748498071073,11.802031746031744,11.491111111111111,11.2
00-0036613,Jaylen Waddle,WR,2025,11,10,6.7,11.339768199408688,13.165501158301158,12.032,16.9
00-0036613,Jaylen Waddle,WR,2025,13,11,5.5,10.087049734599656,11.378082134082133,11.547272727272727,6.7
00-0036613,Jaylen Waddle,WR,2025,14,13,15.6,9.58518521326972,10.003776705276705,11.043333333333333,5.5
00-0036613,Jaylen Waddle,WR,2025,15,14,3.6,10.437388983378243,11.605297891297893,11.393846153846154,15.6
00-0036613,Jaylen Waddle,WR,2025,16,15,9.7,9.315962388076093,9.570374517374518,10.837142857142856,3.6
00-0036613,Jaylen Waddle,WR,2025,17,16,0.7,9.869162315146738,9.622972458172459,10.761333333333333,9.7
00-0036620,Dee Eskridge,WR,2025,5,3,0.0,2.3391839192966333,0.8104054054054055,0.9,0.0
00-0036620,Dee Eskridge,WR,2025,6,5,0.0,2.1892194868465986,0.5504785714285714,0.675,0.0
00-0036620,Dee Eskridge,WR,2025,7,6,5.5,2.0969776910488154,0.4002291933418694,0.54,0.0
00-0036620,Dee Eskridge,WR,2025,8,7,0.0,3.06661438755768,1.7125804375804374,1.3666666666666667,5.5
00-0036620,Dee Eskridge,WR,2025,9,8,0.0,2.6175321278670114,1.2864285714285713,1.1714285714285715,0.0
00-0036620,Dee Eskridge,WR,2025,15,14,0.0,2.3471795740370265,0.7775761475761476,0.9111111111111111,0.0
00-0036620,Dee Eskridge,WR,2025,16,15,0.0,2.329788764667995,0.631015444015444,0.82,0.0
00-0036626,Dyami Brown,WR,2025,5,3,2.5,7.090815034830816,7.626936936936936,8.033333333333333,1.7
00-0036626,Dyami Brown,WR,2025,6,5,3.0,6.231853540606878,5.976042857142857,6.6499999999999995,2.5
00-0036626,Dyami Brown,WR,2025,7,6,6.0,5.464768039789198,5.163786171574904,5.92,3.0
00-0036626,Dyami Brown,WR,2025,9,7,4.4,5.875722427826341,5.41425353925354,5.933333333333334,6.0
00-0036626,Dyami Brown,WR,2025,10,9,0.0,5.744688344140763,5.116158301158302,5.714285714285714,4.4
00-0036626,Dyami Brown,WR,2025,11,10,0.0,5.184905768537812,3.5558494208494213,5.0,0.0
00-0036628,John Bates,TE,2025,9,8,3.0,2.938556634556617,1.786081081081081,1.7,2.7
00-0036628,John Bates,TE,2025,10,9,1.1,3.2242974114833216,2.1773785714285716,2.025,3.0
00-0036628,John Bates,TE,2025,14,13,0.0,3.0985967566421637,1.8731756756756757,1.85,1.9
00-0036628,John Bates,TE,2025,15,14,2.4,2.7335627974794656,1.425,1.5857142857142856,0.0
00-0036628,John Bates,TE,2025,16,15,0.0,3.025053455133166,1.6823817567567567,1.6875,2.4
00-0036628,John Bates,TE,2025,18,16,8.3,2.7247005476183923,1.248822393822394,1.5,0.0
00-0036630,Tylan Wallace,WR,2025,4,3,1.9,3.652427103838322,3.111036036036036,3.1666666666666665,0.0
00-0036630,Tylan Wallace,WR,2025,6,4,0.0,3.7419799867011383,2.7194428571428575,2.85,1.9
00-0036630,Tylan Wallace,WR,2025,8,6,1.1,2.997423352003189,1.955516005121639,2.28,0.0
00-0036630,Tylan Wallace,WR,2025,9,8,0.0,3.049545451963047,1.7521010296010298,2.0833333333333335,1.1
00-0036630,Tylan Wallace,WR,2025,10,9,0.0,2.767736073417158,1.3922007722007723,1.7857142857142858,0.0
00-0036630,Tylan Wallace,WR,2025,11,10,0.0,2.8707895163898454,0.7880333011583012,1.5625,0.0
00-0036630,Tylan Wallace,WR,2025,12,11,0.0,2.756941514689984,0.666979836979837,1.3888888888888888,0.0
00-0036637,Noah Gray,TE,2025,4,3,0.6,2.8231610319866873,1.6890990990990993,1.5333333333333334,3.2
00-0036637,Noah Gray,TE,2025,6,4,3.5,2.5467088856541107,1.3286,1.3,0.6
00-0036637,Noah Gray,TE,2025,7,6,3.3,3.111226775173366,1.9419577464788733,1.74,3.5
00-0036637,Noah Gray,TE,2025,8,7,3.3,3.2758431324235047,2.27992277992278,2.0,3.3
00-0036637,Noah Gray,TE,2025,9,8,0.0,3.5069758896006578,2.574150579150579,2.1857142857142855,3.3
00-0036637,Noah Gray,TE,2025,11,9,1.9,3.038205946746635,2.0051278957528957,1.9125,0.0
00-0036637,Noah Gray,TE,2025,12,11,4.0,3.158643834131153,1.9337151437151436,1.911111111111111,1.9
00-0036637,Noah Gray,TE,2025,14,12,1.9,3.4585905875534393,2.4602432432432435,2.12,4.0
00-0036637,Noah Gray,TE,2025,16,14,0.0,3.4166112789843073,2.276138996138996,2.1,1.9
00-0036637,Noah Gray,TE,2025,17,16,0.7,3.1650470474279104,1.7134990347490349,1.925,0.0
00-0036637,Noah Gray,TE,2025,18,17,4.5,3.0919912495998383,1.4428541728541728,1.8307692307692307,0.7
00-0036646,Simi Fehoko,WR,2025,6,5,0.0,1.7521334421872496,0.0,0.0,0.0
00-0036646,Simi Fehoko,WR,2025,7,6,0.0,1.7832465107966589,0.0,0.0,0.0
00-0036646,Simi Fehoko,WR,2025,9,7,0.0,1.814359579406068,0.0,0.0,0.0
00-0036646,Simi Fehoko,WR,2025,10,9,0.0,1.8454726480154773,0.0,0.0,0.0
00-0036741,Jack Stoll,TE,2025,8,7,0.0,3.307540299231103,2.3319928571428568,2.5749999999999997,0.0
00-0036741,Jack Stoll,TE,2025,14,12,0.0,2.7840643064054977,1.57731981981982,1.9166666666666665,1.2
00-0036741,Jack Stoll,TE,2025,15,14,1.2,2.5767115021026905,1.2548648648648648,1.6428571428571428,0.0
00-0036741,Jack Stoll,TE,2025,16,15,0.9,2.8912122448466113,0.9825748069498068,1.5875,1.2
00-0036754,Brock Wright,TE,2025,7,5,3.8,6.089137922226458,5.972387387387388,6.066666666666667,7.9
00-0036754,Brock Wright,TE,2025,9,7,1.6,5.312768438384939,5.269714285714286,5.5,3.8
00-0036754,Brock Wright,TE,2025,10,9,0.0,4.821191285778096,4.24126376440461,4.720000000000001,1.6
00-0036754,Brock Wright,TE,2025,11,10,1.8,4.015666154541432,3.1784620334620333,3.9333333333333336,0.0
00-0036754,Brock Wright,TE,2025,12,11,4.4,4.020565853764039,2.614787644787645,3.6285714285714286,1.8
00-0036755,Jaret Patterson,RB,2025,18,17,5.2,4.708946151024677,3.7826888604353397,3.8000000000000003,0.1
00-0036825,Feleipe Franks,TE,2025,8,6,0.0,1.6850492569479325,0.07954954954954954,0.06666666666666667,0.2
00-0036825,Feleipe Franks,TE,2025,9,8,0.0,1.6938921234738649,0.05315714285714286,0.05,0.0
00-0036825,Feleipe Franks,TE,2025,10,9,0.0,1.7200351913781413,0.03796927016645327,0.04,0.0
00-0036825,Feleipe Franks,TE,2025,11,10,0.0,1.7406374423032958,0.028346203346203348,0.03333333333333333,0.0
00-0036825,Feleipe Franks,TE,2025,12,11,0.2,1.7690679765266228,0.022509652509652513,0.028571428571428574,0.0
00-0036825,Feleipe Franks,TE,2025,14,12,0.0,1.83063548184708,0.06641891891891892,0.05,0.2
00-0036841,Austin Trammell,WR,2025,12,11,0.0,3.158636294196174,2.124099099099099,2.033333333333333,1.8
00-0036841,Austin Trammell,WR,2025,13,12,0.0,2.784466729912281,1.4296357142857141,1.525,0.0
00-0036841,Austin Trammell,WR,2025,14,13,0.0,2.4952258404641525,1.0292279129321382,1.22,0.0
00-0036842,Kene Nwangwu,RB,2025,11,10,0.0,3.6090522728337713,1.9512857142857143,1.5,6.0
00-0036842,Kene Nwangwu,RB,2025,12,11,0.0,3.084735336802483,1.3787708066581306,1.2,0.0
00-0036842,Kene Nwangwu,RB,2025,14,12,0.0,3.02318430463097,1.0171814671814672,1.0,0.0
00-0036842,Kene Nwangwu,RB,2025,16,14,0.0,2.760430116380205,0.8003861003861004,0.8571428571428571,0.0
00-0036842,Kene Nwangwu,RB,2025,17,16,3.1,2.733715794716853,0.6377895752895753,0.75,0.0
00-0036842,Kene Nwangwu,RB,2025,18,17,1.8,3.2109656176218633,1.2481746031746033,1.011111111111111,3.1
00-0036849,Tutu Atwell,WR,2025,4,3,15.3,1.9359978734427186,0.24729729729729727,0.3,0.0
00-0036849,Tutu Atwell,WR,2025,5,4,8.2,5.243138956050956,5.144785714285714,4.05,15.3
00-0036849,Tutu Atwell,WR,2025,17,15,0.0,4.94091896763906,4.741042471042471,4.3,1.4
00-0036849,Tutu Atwell,WR,2025,18,17,2.4,3.9943225776428304,3.6853667953667957,3.6857142857142855,0.0
00-0036862,Ben Skowronek,WR,2025,4,3,0.0,3.529489610990123,2.3905405405405404,2.9,0.0
00-0036862,Ben Skowronek,WR,2025,6,4,0.0,2.8487797426582273,1.633735714285714,2.175,0.0
00-0036862,Ben Skowronek,WR,2025,7,6,0.0,2.6457059596141486,1.1954980793854033,1.7399999999999998,0.0
00-0036862,Ben Skowronek,WR,2025,8,7,1.8,2.5226848502447874,0.915627413127413,1.45,0.0
00-0036862,Ben Skowronek,WR,2025,9,8,0.0,2.945505702545216,0.8808301158301157,1.5,1.8
00-0036862,Ben Skowronek,WR,2025,10,9,0.0,2.740173661823891,0.7262475868725868,1.3125,0.0
00-0036862,Ben Skowronek,WR,2025,11,10,0.0,2.6842013297021348,0.6084877734877734,1.1666666666666665,0.0
00-0036862,Ben Skowronek,WR,2025,12,11,2.6,2.5803470292134976,0.51761583011583,1.0499999999999998,0.0
00-0036862,Ben Skowronek,WR,2025,13,12,0.0,2.9111006203019993,1.0433818883818884,1.190909090909091,2.6
00-0036862,Ben Skowronek,WR,2025,14,13,1.8,2.7117749610512565,0.8520061132561132,1.0916666666666666,0.0
00-0036862,Ben Skowronek,WR,2025,15,14,0.0,2.9530495130266208,1.0460959310959312,1.146153846153846,1.8
00-0036862,Ben Skowronek,WR,2025,16,15,0.0,2.7266203514506295,0.8562065637065638,1.0642857142857143,0.0
00-0036862,Ben Skowronek,WR,2025,18,16,0.0,2.7225193685258726,0.7104465894465894,0.9933333333333333,0.0
00-0036875,Rhamondre Stevenson,RB,2025,4,3,4.6,7.9011390520654485,8.373513513513512,8.5,3.1
00-0036875,Rhamondre Stevenson,RB,2025,5,4,13.7,7.569597836968629,7.151435714285714,7.5249999999999995,4.6
00-0036875,Rhamondre Stevenson,RB,2025,6,5,1.8,8.729082428807807,9.02178104993598,8.76,13.7
00-0036875,Rhamondre Stevenson,RB,2025,7,6,15.8,7.270062950710833,7.160289575289575,7.6,1.8
00-0036875,Rhamondre Stevenson,RB,2025,8,7,5.4,9.244805569432742,9.438436293436293,8.77142857142857,15.8
00-0036875,Rhamondre Stevenson,RB,2025,13,12,9.5,7.509573992443971,6.732983697983698,7.588888888888889,1.5
00-0036875,Rhamondre Stevenson,RB,2025,15,13,9.2,7.936949714781779,7.496803088803088,7.78,9.5
00-0036875,Rhamondre Stevenson,RB,2025,16,15,16.8,8.19060170241041,7.685208845208846,7.909090909090909,9.2
00-0036875,Rhamondre Stevenson,RB,2025,17,16,24.7,9.580390112419819,9.973021235521236,8.65,16.8
00-0036875,Rhamondre Stevenson,RB,2025,18,17,34.3,11.13697778900552,12.995638550638551,9.884615384615385,24.7
00-0036876,Kylen Granson,TE,2025,4,3,0.0,1.9770888929697532,0.4923423423423423,0.5333333333333333,0.0
00-0036876,Kylen Granson,TE,2025,5,4,0.0,1.9101540468461513,0.33388571428571434,0.4,0.0
00-0036876,Kylen Granson,TE,2025,11,10,0.9,1.8619721490383554,0.18402831402831402,0.26666666666666666,0.0
00-0036876,Kylen Granson,TE,2025,15,14,0.0,1.9861299964049361,0.24281129343629346,0.3125,0.0
00-0036876,Kylen Granson,TE,2025,16,15,0.0,1.9979218282716091,0.1972994422994423,0.2777777777777778,0.0
00-0036876,Kylen Granson,TE,2025,17,16,0.0,1.9809283832302724,0.16255791505791506,0.25,0.0
00-0036876,Kylen Granson,TE,2025,18,17,5.0,1.9991464601456013,0.13583889083889084,0.22727272727272727,0.0
00-0036887,Luke Farrell,TE,2025,5,4,1.3,3.866808425333136,3.428603603603604,3.466666666666667,1.0
00-0036887,Luke Farrell,TE,2025,6,5,0.0,3.6519627278974585,2.737892857142857,2.925,1.3
00-0036887,Luke Farrell,TE,2025,7,6,1.6,2.9675818071185516,1.9712727272727273,2.34,0.0
00-0036887,Luke Farrell,TE,2025,8,7,0.0,3.0724279544289255,1.8939607464607466,2.216666666666667,1.6
00-0036887,Luke Farrell,TE,2025,9,8,1.4,2.7643978056697533,1.471930501930502,1.9,0.0
00-0036887,Luke Farrell,TE,2025,10,9,8.5,3.069502183268021,1.226020752895753,1.8375,1.4
00-0036887,Luke Farrell,TE,2025,11,10,0.0,4.04349171271355,2.9845195195195195,2.577777777777778,8.5
00-0036887,Luke Farrell,TE,2025,12,11,0.8,3.361435978379503,2.327984555984556,2.32,0.0
00-0036887,Luke Farrell,TE,2025,13,12,0.0,3.361110402452149,2.058771498771499,2.1818181818181817,0.8
00-0036894,Pat Freiermuth,TE,2025,7,6,25.6,3.644905763517427,2.6377714285714284,2.9,1.6
00-0036894,Pat Freiermuth,TE,2025,8,7,2.8,8.086629032896536,9.149192061459667,7.44,25.6
00-0036894,Pat Freiermuth,TE,2025,9,8,10.2,6.265285623267717,7.441460746460747,6.666666666666667,2.8
00-0036894,Pat Freiermuth,TE,2025,10,9,4.8,7.391750641313873,8.206177606177606,7.171428571428572,10.2
00-0036894,Pat Freiermuth,TE,2025,11,10,2.4,6.1614957699123005,7.465419884169884,6.875,4.8
00-0036894,Pat Freiermuth,TE,2025,12,11,9.4,5.773543276572251,6.462338052338052,6.377777777777778,2.4
00-0036894,Pat Freiermuth,TE,2025,14,12,1.9,6.423631335538569,7.312517374517373,6.68,9.4
00-0036894,Pat Freiermuth,TE,2025,15,14,6.0,5.992993717282997,5.391700596700597,6.245454545454545,1.9
00-0036894,Pat Freiermuth,TE,2025,16,15,4.0,6.413972175701418,5.6706805019305015,6.225,6.0
00-0036894,Pat Freiermuth,TE,2025,17,16,7.8,6.081742572572663,5.169656964656964,6.053846153846154,4.0
00-0036894,Pat Freiermuth,TE,2025,18,17,6.6,6.603051584522838,5.823658301158301,6.178571428571429,7.8
00-0036898,Davis Mills,QB,2025,11,10,16.36,13.047870917009659,13.368693693693693,11.693333333333333,27.68
00-0036898,Davis Mills,QB,2025,12,11,14.52,13.627399372652766,14.273657142857141,12.86,16.36
00-0036900,Ja'Marr Chase,WR,2025,4,3,4.8,10.528666159184361,13.19536036036036,13.166666666666666,6.4
00-0036900,Ja'Marr Chase,WR,2025,5,4,26.0,9.387035253404154,10.463907142857142,11.075,4.8
00-0036900,Ja'Marr Chase,WR,2025,6,5,20.1,12.342689342782585,14.888887323943663,14.06,26.0
00-0036900,Ja'Marr Chase,WR,2025,7,6,30.1,13.069757343874956,16.183140283140283,15.066666666666666,20.1
00-0036900,Ja'Marr Chase,WR,2025,8,7,15.1,15.83097604694267,20.030965250965252,17.214285714285715,30.1
00-0036900,Ja'Marr Chase,WR,2025,9,8,14.1,14.450080800553385,18.38408301158301,16.95,15.1
00-0036900,Ja'Marr Chase,WR,2025,11,9,4.5,14.109006627437534,17.722516087516087,16.633333333333333,14.1
00-0036900,Ja'Marr Chase,WR,2025,13,11,14.5,11.957606446122453,15.043332046332047,15.42,4.5
00-0036900,Ja'Marr Chase,WR,2025,14,13,7.7,12.688781391915395,14.554117234117234,15.336363636363636,14.5
00-0036900,Ja'Marr Chase,WR,2025,15,14,18.2,11.708876051872307,12.849768339768339,14.700000000000001,7.7
00-0036900,Ja'Marr Chase,WR,2025,16,15,15.4,13.30056228676632,13.556624591624592,14.96923076923077,18.2
00-0036900,Ja'Marr Chase,WR,2025,17,16,21.5,13.152622698727853,14.001100386100385,15.0,15.4
00-0036900,Ja'Marr Chase,WR,2025,18,17,19.6,14.181136900549383,15.7190990990991,15.433333333333334,21.5
00-0036906,Khalil Herbert,RB,2025,17,15,0.5,2.409059116188604,0.19887387387387387,0.16666666666666666,0.5
00-0036906,Khalil Herbert,RB,2025,18,17,5.1,2.5047031643462483,0.2955,0.25,0.5
00-0036912,DeVonta Smith,WR,2025,4,3,3.9,8.520581843235941,9.606351351351352,8.8,16.0
00-0036912,DeVonta Smith,WR,2025,5,4,15.4,7.100023461114077,7.717907142857143,7.575,3.9
00-0036912,DeVonta Smith,WR,2025,6,5,6.9,9.054414438351323,9.886010243277848,9.14,15.4
00-0036912,DeVonta Smith,WR,2025,7,6,28.8,8.011912737987101,9.085649935649936,8.766666666666667,6.9
00-0036912,DeVonta Smith,WR,2025,8,7,11.4,11.738015848752246,14.167200772200772,11.628571428571428,28.8
00-0036912,DeVonta Smith,WR,2025,10,8,14.9,10.465230795252438,13.629652509652512,11.6,11.4
00-0036912,DeVonta Smith,WR,2025,11,10,1.3,11.263910269119377,13.74812097812098,11.966666666666667,14.9
00-0036912,DeVonta Smith,WR,2025,12,11,11.9,8.829816152144867,11.1046138996139,10.9,1.3
00-0036912,DeVonta Smith,WR,2025,13,12,7.3,9.675807884525337,11.124636714636715,10.99090909090909,11.9
00-0036912,DeVonta Smith,WR,2025,14,13,5.7,8.97139848872538,10.397853925353925,10.683333333333334,7.3
00-0036912,DeVonta Smith,WR,2025,15,14,6.0,9.185858530948979,8.712528957528958,10.3,5.7
00-0036912,DeVonta Smith,WR,2025,16,15,13.2,8.874824082947866,8.113156370656371,9.992857142857144,6.0
00-0036912,DeVonta Smith,WR,2025,17,16,3.5,9.705850040977868,9.119263835263835,10.206666666666667,13.2
00-0036912,DeVonta Smith,WR,2025,18,17,6.7,8.813306367428781,8.231976351351351,9.7875,3.5
00-0036919,Kenny Gainwell,RB,2025,4,3,28.4,6.8750552795113995,6.333783783783783,6.0,9.1
00-0036919,Kenny Gainwell,RB,2025,6,4,6.6,11.769684219218082,13.496514285714287,11.6,28.4
00-0036919,Kenny Gainwell,RB,2025,7,6,2.5,9.899620319199599,11.45956466069142,10.6,6.6
00-0036919,Kenny Gainwell,RB,2025,8,7,2.5,8.719343159388806,9.124411196911197,9.25,2.5
00-0036919,Kenny Gainwell,RB,2025,9,8,5.4,7.283697433755695,7.6756949806949795,8.285714285714285,2.5
00-0036919,Kenny Gainwell,RB,2025,10,9,1.4,7.269782395039823,7.243576254826254,7.925,5.4
00-0036919,Kenny Gainwell,RB,2025,11,10,26.0,6.589240845030275,5.828957528957529,7.199999999999999,1.4
00-0036919,Kenny Gainwell,RB,2025,12,11,15.2,10.154840190223927,9.800277992277993,9.08,26.0
00-0036919,Kenny Gainwell,RB,2025,13,12,5.5,10.024595064708086,11.112012987012987,9.636363636363637,15.2
00-0036919,Kenny Gainwell,RB,2025,14,13,13.2,9.407319096471017,10.055847812097811,9.291666666666666,5.5
00-0036919,Kenny Gainwell,RB,2025,15,14,16.1,9.666319601075465,10.981593406593406,9.592307692307692,13.2
00-0036919,Kenny Gainwell,RB,2025,16,15,21.3,10.155820687029523,12.23092664092664,10.057142857142857,16.1
00-0036919,Kenny Gainwell,RB,2025,17,16,5.3,11.528983220911206,14.476927927927928,10.806666666666667,21.3
00-0036919,Kenny Gainwell,RB,2025,18,17,17.4,10.195601717110728,11.815774613899615,10.4625,5.3
00-0036924,Michael Carter,RB,2025,7,6,4.6,7.70407985205605,8.144954954954956,7.766666666666667,7.4
00-0036924,Michael Carter,RB,2025,11,10,5.3,5.7795486142338355,5.115065300896287,5.66,0.4
00-0036924,Michael Carter,RB,2025,12,11,7.3,6.060907480716346,5.188629343629343,5.6000000000000005,5.3
00-0036924,Michael Carter,RB,2025,13,12,8.9,6.470128997603187,5.906042471042471,5.8428571428571425,7.3
00-0036924,Michael Carter,RB,2025,14,13,4.1,7.265312089728356,6.278016409266409,6.2250000000000005,8.9
00-0036924,Michael Carter,RB,2025,15,14,11.4,6.8140298442693465,5.720705705705706,5.988888888888889,4.1
00-0036924,Michael Carter,RB,2025,16,15,6.5,7.691209971524241,7.0956930501930495,6.53,11.4
00-0036924,Michael Carter,RB,2025,17,16,5.3,7.361916090053843,7.1630589680589685,6.527272727272727,6.5
00-0036924,Michael Carter,RB,2025,18,17,5.4,7.317355462133165,6.768885135135134,6.425,5.3
00-0036945,Justin Fields,QB,2025,5,4,25.92,19.022501146190177,20.209585585585586,20.213333333333335,27.14
00-0036945,Justin Fields,QB,2025,6,5,4.9,19.714084991932328,22.066845714285716,21.64,25.92
00-0036945,Justin Fields,QB,2025,7,6,4.04,16.42774357207598,17.188504737516006,18.292,4.9
00-0036945,Justin Fields,QB,2025,8,7,20.86,14.240466629670024,13.87535842985843,15.916666666666668,4.04
00-0036945,Justin Fields,QB,2025,10,8,6.96,15.705200616242719,15.131455598455599,16.622857142857143,20.86
00-0036945,Justin Fields,QB,2025,11,10,19.34,14.199195366622666,13.616188223938224,15.415000000000001,6.96
00-0036959,Michael Bandy,WR,2025,17,15,2.4,4.5113310873093955,3.957882882882883,3.533333333333333,8.5
00-0036963,Amon-Ra St. Brown,WR,2025,4,3,22.5,15.582656833358948,19.990765765765765,19.46666666666667,17.2
00-0036963,Amon-Ra St. Brown,WR,2025,5,4,14.0,17.09219180469489,20.785578571428573,20.225,22.5
00-0036963,Amon-Ra St. Brown,WR,2025,6,5,9.2,15.166598290239802,18.83977976952625,18.98,14.0
00-0036963,Amon-Ra St. Brown,WR,2025,7,6,17.6,13.700441277033578,16.37858108108108,17.35,9.2
00-0036963,Amon-Ra St. Brown,WR,2025,9,7,14.2,14.190490431543582,17.065096525096525,17.385714285714286,17.6
00-0036963,Amon-Ra St. Brown,WR,2025,10,9,14.3,14.088540855159435,15.766937741312741,16.9875,14.2
00-0036963,Amon-Ra St. Brown,WR,2025,11,10,5.2,14.141962616050206,15.428813813813814,16.68888888888889,14.3
00-0036963,Amon-Ra St. Brown,WR,2025,12,11,25.4,12.540288225580078,12.866104247104248,15.540000000000001,5.2
00-0036963,Amon-Ra St. Brown,WR,2025,13,12,0.0,14.578991129003297,15.851646191646193,16.436363636363637,25.4
00-0036963,Amon-Ra St. Brown,WR,2025,14,13,12.2,11.573802300179766,12.523835263835263,15.066666666666666,0.0
00-0036963,Amon-Ra St. Brown,WR,2025,15,14,34.9,12.583431413662957,12.426539946539947,14.846153846153847,12.2
00-0036963,Amon-Ra St. Brown,WR,2025,16,15,7.4,14.820848782102923,17.51983590733591,16.27857142857143,34.9
00-0036963,Amon-Ra St. Brown,WR,2025,17,16,10.8,12.975459926213496,15.31681981981982,15.686666666666667,7.4
00-0036963,Amon-Ra St. Brown,WR,2025,18,17,19.4,13.072416921556327,14.705329391891892,15.38125,10.8
00-0036970,Kyle Pitts,TE,2025,4,3,15.5,6.77775273289544,6.796216216216216,7.0,5.9
00-0036970,Kyle Pitts,TE,2025,6,4,3.3,8.72641987886412,9.635064285714286,9.125,15.5
00-0036970,Kyle Pitts,TE,2025,7,6,9.7,7.182522940182841,7.819047375160052,7.96,3.3
00-0036970,Kyle Pitts,TE,2025,8,7,10.4,7.967422222233583,8.30738416988417,8.25,9.7
00-0036970,Kyle Pitts,TE,2025,9,8,5.8,8.023370344595246,8.785096525096526,8.557142857142857,10.4
00-0036970,Kyle Pitts,TE,2025,10,9,4.8,7.648761364635989,8.162965733590735,8.2125,5.8
00-0036970,Kyle Pitts,TE,2025,11,10,2.4,7.231338279247035,7.4494079794079795,7.833333333333333,4.8
00-0036970,Kyle Pitts,TE,2025,12,11,3.5,6.634249216892744,6.011403474903474,7.29,2.4
00-0036970,Kyle Pitts,TE,2025,13,12,11.7,6.465311015555252,5.601623376623376,6.945454545454545,3.5
00-0036970,Kyle Pitts,TE,2025,14,13,12.0,7.440221485795886,6.9192358429858425,7.341666666666667,11.7
00-0036970,Kyle Pitts,TE,2025,15,14,40.1,7.969832869257418,7.963532818532819,7.7,12.0
00-0036970,Kyle Pitts,TE,2025,16,15,15.2,11.629231487712339,15.179440154440154,10.014285714285714,40.1
00-0036970,Kyle Pitts,TE,2025,17,16,2.6,10.316104090569807,15.217737451737452,10.36,15.2
00-0036970,Kyle Pitts,TE,2025,18,17,8.8,9.02857577944527,12.579589768339769,9.875,2.6
00-0036971,Trevor Lawrence,QB,2025,4,3,11.66,12.765734199957821,12.23081981981982,12.446666666666665,7.78
00-0036971,Trevor Lawrence,QB,2025,5,4,26.24,13.039778095946732,12.053922857142856,12.25,11.66
00-0036971,Trevor Lawrence,QB,2025,6,5,19.22,15.70049202861142,16.078205889884764,15.048,26.24
00-0036971,Trevor Lawrence,QB,2025,7,6,17.64,16.083704872007097,16.83299292149292,15.743333333333332,19.22
00-0036971,Trevor Lawrence,QB,2025,9,7,21.2,16.39990770535628,17.22116216216216,16.014285714285712,17.64
00-0036971,Trevor Lawrence,QB,2025,10,9,9.82,16.846485727961344,18.05795608108108,16.662499999999998,21.2
00-0036971,Trevor Lawrence,QB,2025,11,10,15.02,15.412261760130438,16.402862719862718,15.902222222222221,9.82
00-0036971,Trevor Lawrence,QB,2025,12,11,17.14,15.696284483246039,16.22167992277992,15.814,15.02
00-0036971,Trevor Lawrence,QB,2025,13,12,21.66,15.916748976435192,16.057256932256934,15.934545454545454,17.14
00-0036971,Trevor Lawrence,QB,2025,14,13,19.36,16.88702275052123,17.209805341055343,16.411666666666665,21.66
00-0036971,Trevor Lawrence,QB,2025,15,14,44.3,17.025997472881354,17.629268488268487,16.638461538461538,19.36
00-0036971,Trevor Lawrence,QB,2025,16,15,31.16,20.165488880615992,23.3808416988417,18.614285714285714,44.3
00-0036971,Trevor Lawrence,QB,2025,17,16,23.12,20.08495928081804,25.271428314028313,19.450666666666667,31.16
00-0036971,Trevor Lawrence,QB,2025,18,17,23.3,19.944074639668347,24.77775675675676,19.68,23.12
00-0036972,Mac Jones,QB,2025,6,5,11.18,18.35948324251648,19.143495495495497,19.066666666666666,22.18
00-0036972,Mac Jones,QB,2025,7,6,5.18,16.09653590883895,16.550541428571428,17.095,11.18
00-0036972,Mac Jones,QB,2025,8,7,18.02,13.99881151986174,13.356344686299614,14.712,5.18
00-0036972,Mac Jones,QB,2025,9,8,15.8,15.061146131829057,14.615541184041184,15.263333333333334,18.02
00-0036972,Mac Jones,QB,2025,10,9,23.06,15.195857267653054,14.681837837837838,15.34,15.8
00-0036972,Mac Jones,QB,2025,11,10,-0.3,16.789355884463987,16.783425675675677,16.305,23.06
00-0036972,Mac Jones,QB,2025,13,11,0.2,13.555624056124609,12.528833976833976,14.459999999999999,-0.3
00-0036973,Travis Etienne,RB,2025,4,3,19.0,13.214266512819867,14.519414414414415,14.866666666666667,11.6
00-0036973,Travis Etienne,RB,2025,5,4,7.3,14.369375857704663,15.990628571428573,15.9,19.0
00-0036973,Travis Etienne,RB,2025,6,5,7.5,12.242385921150804,13.526604353393086,14.18,7.3
00-0036973,Travis Etienne,RB,2025,7,6,6.0,11.500148383431526,12.0151287001287,13.066666666666666,7.5
00-0036973,Travis Etienne,RB,2025,9,7,14.0,10.405623814699466,10.38581081081081,12.057142857142857,6.0
00-0036973,Travis Etienne,RB,2025,10,9,14.7,11.350244609823125,11.137509652509653,12.3,14.0
00-0036973,Travis Etienne,RB,2025,11,10,19.3,11.780964897350144,12.020534105534104,12.566666666666666,14.7
00-0036973,Travis Etienne,RB,2025,12,11,19.1,12.932770333983047,13.497455598455598,13.24,19.3
00-0036973,Travis Etienne,RB,2025,13,12,4.6,13.347662111172042,14.986960336960337,13.772727272727273,19.1
00-0036973,Travis Etienne,RB,2025,14,13,20.7,11.636906151249379,12.823264157014158,13.008333333333333,4.6
00-0036973,Travis Etienne,RB,2025,15,14,30.0,13.086131521433543,14.843706563706563,13.6,20.7
00-0036973,Travis Etienne,RB,2025,16,15,14.6,14.522898431384904,18.170714285714283,14.771428571428572,30.0
00-0036973,Travis Etienne,RB,2025,17,16,10.2,13.911651611306112,17.285517374517372,14.76,14.6
00-0036973,Travis Etienne,RB,2025,18,17,4.3,13.182913022843877,15.493219111969111,14.475,10.2
00-0036980,Elijah Moore,WR,2025,4,3,0.0,5.750251420539941,5.808423423423423,5.633333333333333,5.1
00-0036980,Elijah Moore,WR,2025,6,4,0.0,4.5659564820764205,3.9123499999999996,4.225,0.0
00-0036980,Elijah Moore,WR,2025,8,6,1.9,3.7589174237999385,2.818902688860435,3.38,0.0
00-0036980,Elijah Moore,WR,2025,9,8,3.3,3.6786266629805136,2.6106435006435005,3.1333333333333333,1.9
00-0036980,Elijah Moore,WR,2025,10,9,1.8,3.927719765438283,2.8365444015444012,3.157142857142857,3.3
00-0036980,Elijah Moore,WR,2025,12,10,0.2,3.959159981925618,2.34124276061776,2.9875,1.8
00-0036988,Josh Palmer,WR,2025,4,3,3.5,5.176330625764083,4.627432432432432,5.1,1.0
00-0036988,Josh Palmer,WR,2025,5,4,4.6,4.981019915127398,4.279914285714286,4.7,3.5
00-0036988,Josh Palmer,WR,2025,6,5,7.0,5.045578647801739,4.389306017925737,4.68,4.6
00-0036988,Josh Palmer,WR,2025,12,11,3.1,5.233398579150045,4.359922779922781,4.728571428571429,2.7
00-0036988,Josh Palmer,WR,2025,16,15,0.7,4.78570320810277,3.70012012012012,4.2555555555555555,2.1
00-0036988,Josh Palmer,WR,2025,17,16,1.7,4.440487280100743,3.0382432432432434,3.9,0.7
00-0036988,Josh Palmer,WR,2025,18,17,0.6,4.383621609615671,2.724150579150579,3.7,1.7
00-0036997,Javonte Williams,RB,2025,4,3,17.5,14.411955040908865,16.39328828828829,17.03333333333333,9.7
00-0036997,Javonte Williams,RB,2025,5,4,26.4,15.006515546712187,16.779128571428572,17.15,17.5
00-0036997,Javonte Williams,RB,2025,6,5,5.9,16.756784142931934,19.51900128040973,19.0,26.4
00-0036997,Javonte Williams,RB,2025,7,6,18.3,13.971201358541828,16.007339124839124,16.816666666666666,5.9
00-0036997,Javonte Williams,RB,2025,8,7,17.4,14.995749575020495,16.486177606177606,17.02857142857143,18.3
00-0036997,Javonte Williams,RB,2025,9,8,6.8,14.691259545273208,16.536539575289574,17.075,17.4
00-0036997,Javonte Williams,RB,2025,11,9,9.8,13.395081148625687,14.499851994851994,15.933333333333334,6.8
00-0036997,Javonte Williams,RB,2025,12,11,11.1,12.999018347822583,13.375976833976834,15.32,9.8
00-0036997,Javonte Williams,RB,2025,13,12,15.5,12.870544113832171,12.503653913653913,14.936363636363636,11.1
00-0036997,Javonte Williams,RB,2025,14,13,13.7,13.504661676580028,13.557622265122266,14.983333333333333,15.5
00-0036997,Javonte Williams,RB,2025,15,14,15.1,13.531696491122501,13.509113454113454,14.884615384615385,13.7
00-0036997,Javonte Williams,RB,2025,16,15,5.3,13.820170163768472,13.812451737451736,14.9,15.1
00-0036997,Javonte Williams,RB,2025,17,16,11.4,12.477896662142221,12.247563706563707,14.26,5.3
00-0037004,Hunter Long,TE,2025,5,4,0.8,6.484766931686387,6.56927927927928,6.366666666666667,9.8
00-0037004,Hunter Long,TE,2025,6,5,2.9,4.863336056098454,4.6848214285714285,4.9750000000000005,0.8
00-0037004,Hunter Long,TE,2025,7,6,2.6,4.848216060530521,4.192587708066581,4.5600000000000005,2.9
00-0037004,Hunter Long,TE,2025,9,7,1.1,4.426910539761108,3.8025353925353924,4.233333333333333,2.6
00-0037005,Tommy Tremble,TE,2025,4,3,12.7,3.292501700726429,2.3726576576576575,2.2666666666666666,2.6
00-0037005,Tommy Tremble,TE,2025,5,4,1.2,5.690163285264024,5.726964285714286,4.875,12.7
00-0037005,Tommy Tremble,TE,2025,6,5,5.9,4.47628338001461,4.407457106274007,4.14,1.2
00-0037005,Tommy Tremble,TE,2025,7,6,0.5,5.138047456322063,4.776705276705277,4.433333333333334,5.9
00-0037005,Tommy Tremble,TE,2025,8,7,0.9,4.0550619979008085,3.847992277992278,3.8714285714285714,0.5
00-0037005,Tommy Tremble,TE,2025,9,8,0.0,3.900274694631804,3.1495173745173743,3.5,0.9
00-0037005,Tommy Tremble,TE,2025,11,9,5.9,3.4400610694000737,2.4408000858000856,3.111111111111111,0.0
00-0037005,Tommy Tremble,TE,2025,13,11,0.7,4.352710629771126,2.919936293436294,3.39,5.9
00-0037005,Tommy Tremble,TE,2025,15,13,2.3,3.8854453163213383,2.4971446121446124,3.1454545454545455,0.7
00-0037005,Tommy Tremble,TE,2025,16,15,1.1,4.10958793436286,2.3705164092664095,3.075,2.3
00-0037005,Tommy Tremble,TE,2025,17,16,1.1,3.800956257806084,2.1936367686367686,2.923076923076923,1.1
00-0037005,Tommy Tremble,TE,2025,18,17,11.3,3.773505873451351,2.0412065637065635,2.7928571428571427,1.1
00-0037085,Tyler Badie,RB,2025,4,3,1.6,3.535347527955211,1.7623423423423423,1.9333333333333333,0.0
00-0037085,Tyler Badie,RB,2025,5,4,2.1,3.601168137902361,1.7164714285714286,1.85,1.6
00-0037085,Tyler Badie,RB,2025,7,5,2.9,3.659008152302583,1.8310051216389245,1.9000000000000001,2.1
00-0037085,Tyler Badie,RB,2025,8,7,0.6,3.940090639176162,2.108005148005148,2.066666666666667,2.9
00-0037085,Tyler Badie,RB,2025,9,8,1.6,3.662789661139361,1.7156370656370656,1.8571428571428572,0.6
00-0037085,Tyler Badie,RB,2025,10,9,0.0,3.7429441401790413,1.641684362934363,1.825,1.6
00-0037085,Tyler Badie,RB,2025,11,10,0.5,3.4500990617141376,1.31997854997855,1.6222222222222222,0.0
00-0037085,Tyler Badie,RB,2025,13,11,3.3,3.448919196667689,1.1351988416988417,1.51,0.5
00-0037085,Tyler Badie,RB,2025,14,13,2.6,3.7890564446622825,1.618948753948754,1.6727272727272728,3.3
00-0037085,Tyler Badie,RB,2025,15,14,0.6,3.905601942107065,1.799565637065637,1.75,2.6
00-0037085,Tyler Badie,RB,2025,16,15,0.7,3.7617520230168706,1.5693376893376896,1.6615384615384616,0.6
00-0037085,Tyler Badie,RB,2025,17,16,0.0,3.6739665796606586,1.380434362934363,1.592857142857143,0.7
00-0037085,Tyler Badie,RB,2025,18,17,3.6,3.511939407521981,1.1375341055341055,1.4866666666666666,0.0
00-0037086,Grant Calcaterra,TE,2025,5,4,2.8,2.4527131433986376,1.1375225225225225,1.0666666666666667,2.1
00-0037086,Grant Calcaterra,TE,2025,12,10,1.3,2.497785315446285,1.193258642765685,1.2,0.0
00-0037086,Grant Calcaterra,TE,2025,17,15,0.8,2.5155987698141105,1.1455212355212356,1.1714285714285715,0.9
00-0037086,Grant Calcaterra,TE,2025,18,17,9.1,2.5488632511239806,1.1035376447876448,1.125,0.8
00-0037091,Bo Melton,WR,2025,7,6,0.0,1.8312267461060832,0.11932432432432433,0.09999999999999999,0.3
00-0037091,Bo Melton,WR,2025,8,7,0.0,1.8289345115902753,0.07973571428571428,0.075,0.0
00-0037091,Bo Melton,WR,2025,10,8,3.8,1.852592579141987,0.056953905249679894,0.06,0.0
00-0037091,Bo Melton,WR,2025,11,10,1.7,2.5263883285239888,1.0153828828828828,0.6833333333333333,3.8
00-0037091,Bo Melton,WR,2025,13,11,1.5,2.553685139365333,1.2082239382239381,0.8285714285714285,1.7
00-0037091,Bo Melton,WR,2025,14,13,11.0,2.6769561807044626,1.30456805019305,0.9125,1.5
00-0037091,Bo Melton,WR,2025,15,14,0.0,4.023524050992093,3.6145238095238095,2.033333333333333,11.0
00-0037091,Bo Melton,WR,2025,16,15,0.0,3.160704030390549,2.8176428571428573,1.83,0.0
00-0037091,Bo Melton,WR,2025,17,16,3.9,3.076149582804641,2.2151298701298705,1.6636363636363636,0.0
00-0037091,Bo Melton,WR,2025,18,17,0.0,3.220437209087656,2.509411196911197,1.8499999999999999,3.9
00-0037093,Dareke Young,WR,2025,5,4,4.1,2.0921859921669146,0.5567117117117116,0.5666666666666667,0.0
00-0037093,Dareke Young,WR,2025,6,5,0.0,2.990762200302243,1.7094428571428568,1.45,4.1
00-0037093,Dareke Young,WR,2025,7,6,0.0,2.528774925622248,1.2139641485275288,1.16,0.0
00-0037093,Dareke Young,WR,2025,17,16,0.0,2.268986712127672,0.7116795366795367,0.8285714285714285,0.0
00-0037112,Jake Tonges,TE,2025,4,3,13.3,5.6736934225483076,5.376126126126126,5.733333333333333,3.1
00-0037112,Jake Tonges,TE,2025,5,4,13.6,7.516720642236077,7.967550000000001,7.625,13.3
00-0037112,Jake Tonges,TE,2025,6,5,8.8,8.518492879521782,9.54655185659411,8.82,13.6
00-0037112,Jake Tonges,TE,2025,8,6,6.7,8.462781560015348,9.320466537966539,8.816666666666666,8.8
00-0037112,Jake Tonges,TE,2025,17,16,15.5,5.87118877801611,5.55515873015873,6.7555555555555555,1.2
00-0037120,Tyler Goodson,RB,2025,9,8,1.3,2.581146882075637,0.40815315315315315,0.43333333333333335,0.2
00-0037120,Tyler Goodson,RB,2025,10,9,0.4,2.818717983294027,0.6992142857142858,0.65,1.3
00-0037120,Tyler Goodson,RB,2025,12,10,0.0,2.7596245811781492,0.6123175416133163,0.6,0.4
00-0037120,Tyler Goodson,RB,2025,13,12,0.0,2.700073695835025,0.45496138996138996,0.5,0.0
00-0037120,Tyler Goodson,RB,2025,15,13,0.0,2.6440188025965394,0.3388610038610039,0.4285714285714286,0.0
00-0037120,Tyler Goodson,RB,2025,16,15,0.9,2.63066460838121,0.25530405405405404,0.375,0.0
00-0037120,Tyler Goodson,RB,2025,18,16,0.3,2.779618912290453,0.4155855855855856,0.43333333333333335,0.9
00-0037132,Britain Covey,WR,2025,16,15,0.0,1.7521334421872496,0.0,0.0,0.0
00-0037132,Britain Covey,WR,2025,17,16,0.0,1.7832465107966589,0.0,0.0,0.0
00-0037132,Britain Covey,WR,2025,18,17,3.0,1.814359579406068,0.0,0.0,0.0
00-0037157,Bam Knight,RB,2025,6,5,11.9,4.623671625915955,3.539954954954955,2.966666666666667,8.9
00-0037157,Bam Knight,RB,2025,7,6,7.9,6.482319054314553,6.235542857142859,5.2,11.9
00-0037157,Bam Knight,RB,2025,9,7,5.7,6.873359651307721,6.660370038412292,5.74,7.9
00-0037157,Bam Knight,RB,2025,10,9,3.8,6.682843942683602,6.370218790218791,5.733333333333333,5.7
00-0037157,Bam Knight,RB,2025,11,10,12.5,6.183116638544622,5.933861003861005,5.457142857142857,3.8
00-0037157,Bam Knight,RB,2025,12,11,11.2,7.468139188269951,7.707063223938224,6.3375,12.5
00-0037157,Bam Knight,RB,2025,13,12,15.3,7.896813287402416,8.424847704847705,6.877777777777778,11.2
00-0037157,Bam Knight,RB,2025,14,13,4.9,9.027317518994087,9.821092664092664,7.72,15.3
00-0037157,Bam Knight,RB,2025,15,14,-0.2,7.967266098614103,8.642292032292033,7.463636363636364,4.9
00-0037197,Isiah Pacheco,RB,2025,4,3,11.8,5.458577624692317,4.26563063063063,4.166666666666666,5.3
00-0037197,Isiah Pacheco,RB,2025,5,4,7.1,7.130063995710488,6.711907142857142,6.075,11.8
00-0037197,Isiah Pacheco,RB,2025,6,5,5.6,7.119628250046171,6.79327528809219,6.28,7.1
00-0037197,Isiah Pacheco,RB,2025,7,6,11.9,7.025680597657069,6.463082368082368,6.166666666666667,5.6
00-0037197,Isiah Pacheco,RB,2025,8,7,5.8,7.894893535313916,7.892297297297297,6.985714285714286,11.9
00-0037197,Isiah Pacheco,RB,2025,14,13,3.0,7.155824596799768,6.792320892320892,6.555555555555555,4.3
00-0037197,Isiah Pacheco,RB,2025,15,14,2.1,6.6388588301374485,5.721293436293436,6.2,3.0
00-0037197,Isiah Pacheco,RB,2025,16,15,10.5,6.27324121393627,4.868348543348543,5.827272727272727,2.1
00-0037197,Isiah Pacheco,RB,2025,17,16,3.2,7.228948049829215,6.176084298584299,6.216666666666667,10.5
00-0037228,Jaylen Warren,RB,2025,7,6,17.8,10.584790904413737,11.02052857142857,11.55,7.3
00-0037228,Jaylen Warren,RB,2025,8,7,8.3,12.057735256152506,12.963207426376442,12.8,17.8
00-0037228,Jaylen Warren,RB,2025,9,8,15.9,10.942680044522255,11.76149613899614,12.05,8.3
00-0037228,Jaylen Warren,RB,2025,10,9,10.1,12.077452065887856,12.757297297297296,12.6,15.9
00-0037228,Jaylen Warren,RB,2025,11,10,7.7,11.290707136324482,12.015875965250965,12.2875,10.1
00-0037228,Jaylen Warren,RB,2025,12,11,12.8,10.855897319648973,11.057878592878593,11.777777777777779,7.7
00-0037228,Jaylen Warren,RB,2025,13,12,11.4,11.173437502962903,11.633250965250966,11.88,12.8
00-0037228,Jaylen Warren,RB,2025,14,13,13.7,11.210144682609025,11.376491751491752,11.836363636363636,11.4
00-0037228,Jaylen Warren,RB,2025,15,14,6.3,11.677130777439379,12.03864703989704,11.991666666666667,13.7
00-0037228,Jaylen Warren,RB,2025,16,15,28.1,10.784738689426467,10.611008316008316,11.553846153846154,6.3
00-0037228,Jaylen Warren,RB,2025,17,16,6.4,13.1029313368867,14.58242277992278,12.735714285714286,28.1
00-0037228,Jaylen Warren,RB,2025,18,17,12.4,11.211035140131791,12.897620334620337,12.313333333333334,6.4
00-0037231,Kevin Austin Jr.,WR,2025,17,16,13.2,3.554681935923814,2.6855855855855855,2.533333333333333,2.8
00-0037231,Kevin Austin Jr.,WR,2025,18,17,5.7,6.083125491392398,6.098857142857143,5.199999999999999,13.2
00-0037238,Drake London,WR,2025,4,3,21.0,7.2105229147773775,7.233243243243243,7.3,8.0
00-0037238,Drake London,WR,2025,6,4,26.8,10.201511269199282,11.713092857142858,10.725,21.0
00-0037238,Drake London,WR,2025,7,6,6.2,13.08430594050621,15.9394033290653,13.94,26.8
00-0037238,Drake London,WR,2025,9,7,34.3,10.992057689738056,13.349758687258689,12.65,6.2
00-0037238,Drake London,WR,2025,10,9,21.4,14.875588243296294,18.64799227799228,15.742857142857142,34.3
00-0037238,Drake London,WR,2025,11,10,15.4,14.293573881920858,19.68661196911197,16.45,21.4
00-0037238,Drake London,WR,2025,17,16,0.9,11.829122898960028,15.290687258687258,15.12,4.2
00-0037238,Drake London,WR,2025,18,17,15.8,10.28408592967322,11.573560898560899,13.827272727272726,0.9
00-0037239,Chris Olave,WR,2025,4,3,7.5,8.859940279907583,9.452207207207207,9.333333333333334,10.7
00-0037239,Chris Olave,WR,2025,5,4,9.4,8.355258935525052,8.812507142857143,8.875,7.5
00-0037239,Chris Olave,WR,2025,6,5,12.8,8.616650039914378,8.98159795134443,8.98,9.4
00-0037239,Chris Olave,WR,2025,7,6,24.3,9.259402650007033,9.959095881595882,9.616666666666667,12.8
00-0037239,Chris Olave,WR,2025,8,7,10.0,11.539482561136584,13.535521235521237,11.714285714285715,24.3
00-0037239,Chris Olave,WR,2025,9,8,7.2,10.529811600318606,12.782934362934363,11.5,10.0
00-0037239,Chris Olave,WR,2025,10,9,18.9,9.9327915355195,11.47308665808666,11.022222222222222,7.2
00-0037239,Chris Olave,WR,2025,12,10,11.5,10.944360179637954,13.317322393822394,11.81,18.9
00-0037239,Chris Olave,WR,2025,13,12,12.7,10.540995676257378,12.954138294138293,11.781818181818181,11.5
00-0037239,Chris Olave,WR,2025,14,13,4.5,10.914157888601897,12.833524774774773,11.858333333333333,12.7
00-0037239,Chris Olave,WR,2025,15,14,17.5,9.751262150953773,10.4992574992575,11.292307692307693,4.5
00-0037239,Chris Olave,WR,2025,16,15,31.8,11.023366768448245,12.125337837837838,11.735714285714286,17.5
00-0037239,Chris Olave,WR,2025,17,16,21.9,13.046626183912306,16.62205662805663,13.073333333333334,31.8
00-0037240,Jameson Williams,WR,2025,4,3,4.7,8.101232732856754,9.201126126126127,9.233333333333334,5.3
00-0037240,Jameson Williams,WR,2025,5,4,1.5,7.491416691293756,7.7386,8.1,4.7
00-0037240,Jameson Williams,WR,2025,6,5,15.6,5.975059755775982,5.988864276568503,6.78,1.5
00-0037240,Jameson Williams,WR,2025,7,6,0.0,8.097269549833069,8.48753861003861,8.25,15.6
00-0037240,Jameson Williams,WR,2025,9,7,14.6,6.213821921163761,6.513185328185328,7.071428571428571,0.0
00-0037240,Jameson Williams,WR,2025,10,9,20.9,8.273800290695586,8.092927123552123,8.0125,14.6
00-0037240,Jameson Williams,WR,2025,11,10,17.7,9.511763048594895,11.217080652080652,9.444444444444445,20.9
00-0037240,Jameson Williams,WR,2025,12,11,0.0,10.364464754403823,12.861777992277993,10.27,17.7
00-0037240,Jameson Williams,WR,2025,13,12,23.4,8.219750695150504,10.16541067041067,9.336363636363636,0.0
00-0037240,Jameson Williams,WR,2025,14,13,13.8,10.445925825493356,12.928109716859717,10.508333333333333,23.4
00-0037240,Jameson Williams,WR,2025,15,14,22.9,9.920832180276777,13.432214137214137,10.76153846153846,13.8
00-0037240,Jameson Williams,WR,2025,16,15,9.5,11.796225722428566,15.332528957528957,11.628571428571428,22.9
00-0037240,Jameson Williams,WR,2025,17,16,4.7,10.43736333888473,13.609889317889317,11.486666666666666,9.5
00-0037240,Jameson Williams,WR,2025,18,17,10.4,9.669550169863516,11.370407818532819,11.0625,4.7
00-0037247,George Pickens,WR,2025,4,3,29.4,10.50518827117149,12.332432432432434,11.700000000000001,15.3
00-0037247,George Pickens,WR,2025,5,4,12.7,14.655365139384527,17.857435714285714,16.125,29.4
00-0037247,George Pickens,WR,2025,6,5,27.3,13.15849671192905,16.320088348271447,15.44,12.7
00-0037247,George Pickens,WR,2025,7,6,10.2,15.686163252332385,19.088787001287002,17.416666666666668,27.3
00-0037247,George Pickens,WR,2025,8,7,11.3,13.378880148907863,17.337760617760615,16.385714285714286,10.2
00-0037247,George Pickens,WR,2025,9,8,10.9,13.102829047377535,15.910086872586872,15.75,11.3
00-0037247,George Pickens,WR,2025,11,9,24.9,12.226162664428214,14.738522093522093,15.21111111111111,10.9
00-0037247,George Pickens,WR,2025,12,11,25.1,14.31624554546424,16.611899613899613,16.18,24.9
00-0037247,George Pickens,WR,2025,13,12,13.8,15.200051673834041,18.673517023517025,16.990909090909092,25.1
00-0037247,George Pickens,WR,2025,14,13,6.2,14.569177178943304,17.16629826254826,16.725,13.8
00-0037247,George Pickens,WR,2025,15,14,4.8,12.995830625343755,14.92156222156222,15.915384615384616,6.2
00-0037247,George Pickens,WR,2025,16,15,22.5,11.775620430475328,12.85719111969112,15.121428571428572,4.8
00-0037247,George Pickens,WR,2025,17,16,9.8,13.461964953629568,15.20256241956242,15.613333333333333,22.5
00-0037247,George Pickens,WR,2025,18,17,1.4,12.671713564521129,13.70215250965251,15.25,9.8
00-0037248,James Cook,RB,2025,4,3,21.0,18.120717226874675,21.329234234234235,21.333333333333332,19.3
00-0037248,James Cook,RB,2025,5,4,4.9,18.334553703053285,21.222328571428573,21.25,21.0
00-0037248,James Cook,RB,2025,6,5,8.7,14.42670531157334,16.60336491677337,17.98,4.9
00-0037248,James Cook,RB,2025,8,6,33.6,13.45503590023272,14.646203346203347,16.433333333333334,8.7
00-0037248,James Cook,RB,2025,9,8,13.0,16.75844115475537,19.265135135135136,18.885714285714286,33.6
00-0037248,James Cook,RB,2025,10,9,8.2,15.334494814791677,17.49896718146718,18.15,13.0
00-0037248,James Cook,RB,2025,11,10,18.9,14.43715191945931,15.267370227370229,17.044444444444444,8.2
00-0037248,James Cook,RB,2025,12,11,20.4,14.754187859076525,16.004225868725868,17.23,18.9
00-0037248,James Cook,RB,2025,13,12,17.2,15.287017329262728,17.472000702000702,17.51818181818182,20.4
00-0037248,James Cook,RB,2025,14,13,10.1,15.437866437403473,17.721620012870012,17.491666666666667,17.2
00-0037248,James Cook,RB,2025,15,14,30.1,14.6820821727982,15.437169587169588,16.923076923076923,10.1
00-0037248,James Cook,RB,2025,16,15,25.9,16.62204834025604,18.8809555984556,17.864285714285714,30.1
00-0037248,James Cook,RB,2025,17,16,8.2,16.934334046057895,20.74283783783784,18.4,25.9
00-0037248,James Cook,RB,2025,18,17,1.5,15.380893904282894,17.900041023166022,17.7625,8.2
00-0037252,Greg Dulcich,TE,2025,13,11,3.4,4.673422921968123,4.031216216216216,4.3,2.8
00-0037252,Greg Dulcich,TE,2025,14,13,5.6,4.484679255677859,3.8368214285714286,4.075,3.4
00-0037252,Greg Dulcich,TE,2025,15,14,5.6,4.940323181610556,4.346559539052497,4.38,5.6
00-0037252,Greg Dulcich,TE,2025,16,15,4.1,5.187639413302216,4.669070141570142,4.583333333333333,5.6
00-0037252,Greg Dulcich,TE,2025,17,16,13.6,5.148650973499548,4.428822393822394,4.514285714285714,4.1
00-0037252,Greg Dulcich,TE,2025,18,17,4.6,6.538924180896228,6.707615830115829,5.6499999999999995,13.6
00-0037256,Rachaad White,RB,2025,4,3,6.6,6.11015215209459,5.786441441441442,5.866666666666666,1.9
00-0037256,Rachaad White,RB,2025,5,4,21.1,6.775938755401836,6.054271428571428,6.05,6.6
00-0037256,Rachaad White,RB,2025,6,5,16.1,9.563273373162064,10.312927016645327,9.06,21.1
00-0037256,Rachaad White,RB,2025,7,6,6.4,10.432809479274635,11.734234234234236,10.233333333333334,16.1
00-0037256,Rachaad White,RB,2025,8,7,7.1,9.548324963160471,10.695714285714285,9.685714285714287,6.4
00-0037256,Rachaad White,RB,2025,10,8,7.9,8.989479642125271,9.681218629343629,9.3625,7.1
00-0037256,Rachaad White,RB,2025,11,10,7.2,8.742975880002472,9.518108108108109,9.200000000000001,7.9
00-0037256,Rachaad White,RB,2025,12,11,4.7,8.663261119037625,9.06469111969112,9.0,7.2
00-0037256,Rachaad White,RB,2025,13,12,4.4,8.416791368624605,7.635942435942436,8.60909090909091,4.7
00-0037256,Rachaad White,RB,2025,14,13,6.0,8.29906237102323,6.660841377091376,8.258333333333333,4.4
00-0037256,Rachaad White,RB,2025,15,14,3.1,8.285886155399627,6.618360558360559,8.084615384615384,6.0
00-0037256,Rachaad White,RB,2025,16,15,7.0,7.856944453895197,5.90957528957529,7.728571428571429,3.1
00-0037256,Rachaad White,RB,2025,17,16,2.7,8.209034296175755,6.19726640926641,7.680000000000001,7.0
00-0037256,Rachaad White,RB,2025,18,17,5.1,7.671404641488982,5.491437017374517,7.36875,2.7
00-0037258,Dameon Pierce,RB,2025,10,8,0.0,2.82075126829145,0.8250900900900902,0.8666666666666667,0.0
00-0037261,Khalil Shakir,WR,2025,4,3,15.4,7.733186986892038,8.111441441441443,7.866666666666667,12.5
00-0037261,Khalil Shakir,WR,2025,5,4,8.0,9.202048248573597,10.47187142857143,9.75,15.4
00-0037261,Khalil Shakir,WR,2025,6,5,4.8,8.806683846202102,9.739897567221512,9.4,8.0
00-0037261,Khalil Shakir,WR,2025,8,6,17.8,7.937971327381383,8.458848133848134,8.633333333333333,4.8
00-0037261,Khalil Shakir,WR,2025,9,8,7.8,9.564112525921372,10.74592664092664,9.942857142857143,17.8
00-0037261,Khalil Shakir,WR,2025,10,9,9.3,8.826076433838846,10.317813706563706,9.675,7.8
00-0037261,Khalil Shakir,WR,2025,11,10,0.2,9.125198927403193,9.969002574002573,9.633333333333333,9.3
00-0037261,Khalil Shakir,WR,2025,12,11,13.0,7.417598244452191,7.487214285714286,8.69,0.2
00-0037261,Khalil Shakir,WR,2025,13,12,1.0,8.656181134602335,8.801339066339066,9.081818181818182,13.0
00-0037261,Khalil Shakir,WR,2025,14,13,8.6,7.201493645728536,7.188746782496784,8.408333333333333,1.0
00-0037261,Khalil Shakir,WR,2025,15,14,9.0,8.177038670432644,7.206262251262252,8.423076923076923,8.6
00-0037261,Khalil Shakir,WR,2025,16,15,5.4,8.077277566870283,7.660859073359073,8.464285714285714,9.0
00-0037261,Khalil Shakir,WR,2025,17,16,6.5,7.930992484969504,7.1550540540540535,8.26,5.4
00-0037263,Tyler Allgeier,RB,2025,4,3,11.1,6.0539162226672305,5.765855855855856,5.933333333333334,0.9
00-0037263,Tyler Allgeier,RB,2025,6,4,10.3,7.844283267368139,7.507378571428571,7.225,11.1
00-0037263,Tyler Allgeier,RB,2025,7,6,1.6,8.042364946774326,8.28522919334187,7.84,10.3
00-0037263,Tyler Allgeier,RB,2025,8,7,8.4,6.942325694589963,6.552277992277993,6.8,1.6
00-0037263,Tyler Allgeier,RB,2025,9,8,0.6,7.472732720113949,7.1653088803088805,7.0285714285714285,8.4
00-0037263,Tyler Allgeier,RB,2025,10,9,17.7,6.258700008675888,5.3161824324324325,6.225,0.6
00-0037263,Tyler Allgeier,RB,2025,11,10,8.6,8.563721185199817,8.445405405405406,7.5,17.7
00-0037263,Tyler Allgeier,RB,2025,12,11,5.4,8.061256979191585,8.33834555984556,7.61,8.6
00-0037263,Tyler Allgeier,RB,2025,13,12,12.5,7.977977216698128,7.5544173394173395,7.409090909090909,5.4
00-0037263,Tyler Allgeier,RB,2025,14,13,7.7,8.506642907311779,8.877342342342342,7.833333333333333,12.5
00-0037263,Tyler Allgeier,RB,2025,15,14,1.8,8.18990059287941,8.566455301455303,7.823076923076923,7.7
00-0037263,Tyler Allgeier,RB,2025,16,15,7.8,7.518970118289226,7.293503861003861,7.392857142857143,1.8
00-0037263,Tyler Allgeier,RB,2025,17,16,2.3,7.95257540203129,7.045687258687259,7.42,7.8
00-0037263,Tyler Allgeier,RB,2025,18,17,2.4,7.25610025123366,5.973610038610039,7.1,2.3
00-0037267,Jerome Ford,RB,2025,4,3,0.8,5.027723784369317,4.05509009009009,3.966666666666667,3.0
00-0037267,Jerome Ford,RB,2025,5,4,4.8,4.46308584369707,2.9929071428571428,3.1750000000000003,0.8
00-0037267,Jerome Ford,RB,2025,6,5,5.5,4.846911254724459,3.512567221510883,3.5,4.8
00-0037267,Jerome Ford,RB,2025,7,6,2.0,5.204143541293286,4.020778635778636,3.8333333333333335,5.5
00-0037267,Jerome Ford,RB,2025,8,7,0.4,4.905678005212373,3.6195173745173745,3.5714285714285716,2.0
00-0037267,Jerome Ford,RB,2025,10,8,0.1,4.508919731850693,2.689512548262548,3.175,0.4
00-0037267,Jerome Ford,RB,2025,11,10,0.2,4.131513807871505,2.0895817245817248,2.8333333333333335,0.1
00-0037267,Jerome Ford,RB,2025,12,11,-0.3,3.953708224984654,1.7343262548262546,2.57,0.2
00-0037267,Jerome Ford,RB,2025,13,12,3.2,3.807991613896356,1.2061161811161811,2.309090909090909,-0.3
00-0037267,Jerome Ford,RB,2025,14,13,2.0,4.262334815775472,1.5716956241956241,2.3833333333333333,3.2
00-0037291,Jalen Nailor,WR,2025,4,3,8.7,5.064862173107686,4.481441441441441,4.366666666666666,5.2
00-0037291,Jalen Nailor,WR,2025,5,4,5.7,6.06289055063038,5.848728571428571,5.449999999999999,8.7
00-0037291,Jalen Nailor,WR,2025,7,5,4.7,5.977260586343251,5.788796414852753,5.5,5.7
00-0037291,Jalen Nailor,WR,2025,8,7,0.0,5.864680460843753,5.496151866151866,5.366666666666666,4.7
00-0037291,Jalen Nailor,WR,2025,9,8,2.1,4.794221486639435,4.207258687258687,4.6,0.0
00-0037291,Jalen Nailor,WR,2025,10,9,20.9,4.661918273544585,3.701860521235521,4.2875,2.1
00-0037291,Jalen Nailor,WR,2025,11,10,2.1,7.216744017745706,7.74622265122265,6.133333333333333,20.9
00-0037291,Jalen Nailor,WR,2025,12,11,0.0,5.85854045222536,6.314206563706563,5.7299999999999995,2.1
00-0037291,Jalen Nailor,WR,2025,13,12,0.0,5.418968962759109,4.854166374166374,5.209090909090909,0.0
00-0037291,Jalen Nailor,WR,2025,14,13,4.5,4.47923325320326,3.7791264478764472,4.7749999999999995,0.0
00-0037291,Jalen Nailor,WR,2025,15,14,18.0,4.881211660617186,4.134328779328779,4.753846153846154,4.5
00-0037291,Jalen Nailor,WR,2025,16,15,0.0,6.784510543259235,7.332277992277993,5.7,18.0
00-0037291,Jalen Nailor,WR,2025,17,16,0.0,5.632920815101124,5.129625482625483,5.32,0.0
00-0037291,Jalen Nailor,WR,2025,18,17,6.4,5.3526664945721665,4.122458976833976,4.9875,0.0
00-0037292,Andrew Ogletree,TE,2025,8,7,0.0,1.6634334562781197,0.0,0.0,0.0
00-0037292,Andrew Ogletree,TE,2025,9,8,0.0,1.6945465248875289,0.0,0.0,0.0
00-0037292,Andrew Ogletree,TE,2025,10,9,0.0,1.7256595934969383,0.0,0.0,0.0
00-0037292,Andrew Ogletree,TE,2025,12,10,7.8,1.7567726621063475,0.0,0.0,0.0
00-0037292,Andrew Ogletree,TE,2025,13,12,1.3,2.916127525763848,1.883180501930502,0.975,7.8
00-0037292,Andrew Ogletree,TE,2025,14,13,0.0,2.5807524180429904,1.7673251823251823,1.011111111111111,1.3
00-0037292,Andrew Ogletree,TE,2025,16,14,1.6,2.486239908154913,1.3785772200772204,0.91,0.0
00-0037306,John FitzPatrick,TE,2025,8,7,0.9,3.302007476118618,2.668628571428571,2.5,1.1
00-0037306,John FitzPatrick,TE,2025,12,11,1.6,2.8854803841032446,1.8643018018018016,1.9833333333333332,1.0
00-0037306,John FitzPatrick,TE,2025,13,12,0.0,2.944743288598826,1.8442664092664094,1.9285714285714284,1.6
00-0037306,John FitzPatrick,TE,2025,14,13,2.4,2.7032319991012668,1.467574806949807,1.6875,0.0
00-0037306,John FitzPatrick,TE,2025,15,14,3.3,3.1349868582715392,1.4619819819819821,1.7666666666666666,2.4
00-0037306,John FitzPatrick,TE,2025,16,15,0.0,3.33219871372791,1.9183899613899613,1.92,3.3
00-0037348,Tanner Conner,TE,2025,5,4,2.6,2.671741384475838,1.4137837837837839,1.6,0.0
00-0037348,Tanner Conner,TE,2025,6,5,1.3,3.0075912007151016,1.8071,1.85,2.6
00-0037348,Tanner Conner,TE,2025,7,6,3.3,2.8754907442432893,1.6654788732394368,1.74,1.3
00-0037348,Tanner Conner,TE,2025,8,7,1.6,3.2979899883202592,2.0875289575289573,2.0,3.3
00-0037348,Tanner Conner,TE,2025,9,8,0.0,3.155761368712833,1.9313899613899614,1.9428571428571428,1.6
00-0037475,Stone Smartt,TE,2025,15,14,0.0,1.6323203876687105,0.0,0.0,0.0
00-0037475,Stone Smartt,TE,2025,16,15,5.9,1.6634334562781197,0.0,0.0,0.0
00-0037475,Stone Smartt,TE,2025,17,16,2.8,2.8108321819841633,1.670055057618438,1.1800000000000002,5.9
00-0037487,Deven Thompkins,WR,2025,15,14,0.0,2.787891251475171,1.6023873873873873,1.5666666666666667,0.9
00-0037487,Deven Thompkins,WR,2025,16,15,0.0,2.5434352031177467,1.0798214285714285,1.175,0.0
00-0037487,Deven Thompkins,WR,2025,17,16,0.0,2.3116159129035534,0.7784238156209987,0.94,0.0
00-0037487,Deven Thompkins,WR,2025,18,17,0.0,2.22729717296426,0.5869079794079795,0.7833333333333333,0.0
00-0037525,Jordan Mason,RB,2025,4,3,8.7,11.671289033629195,13.156936936936939,12.133333333333333,23.6
00-0037525,Jordan Mason,RB,2025,5,4,11.1,10.308241385349742,11.66602142857143,11.275,8.7
00-0037525,Jordan Mason,RB,2025,7,5,11.7,10.773954972720896,11.488314980793852,11.24,11.1
00-0037525,Jordan Mason,RB,2025,8,7,1.1,10.500500894887564,11.530563063063061,11.316666666666666,11.7
00-0037525,Jordan Mason,RB,2025,9,8,4.2,8.68428331827308,9.063281853281854,9.857142857142858,1.1
00-0037525,Jordan Mason,RB,2025,10,9,3.6,8.287381733818645,8.073851351351351,9.15,4.2
00-0037525,Jordan Mason,RB,2025,11,10,10.5,7.902864658653633,6.521512226512226,8.533333333333333,3.6
00-0037525,Jordan Mason,RB,2025,12,11,4.2,8.79192880457151,7.476214285714285,8.73,10.5
00-0037525,Jordan Mason,RB,2025,13,12,5.3,8.201142325276653,6.666633906633907,8.318181818181818,4.2
00-0037525,Jordan Mason,RB,2025,14,13,11.2,8.299681178937456,6.275862290862291,8.066666666666666,5.3
00-0037525,Jordan Mason,RB,2025,15,14,2.9,8.793743731761694,7.672441342441342,8.307692307692308,11.2
00-0037525,Jordan Mason,RB,2025,16,15,1.6,8.00735331576416,6.771573359073359,7.921428571428572,2.9
00-0037525,Jordan Mason,RB,2025,18,16,9.4,7.591254014324937,5.813938223938225,7.5,1.6
00-0037545,Rashid Shaheed,WR,2025,4,3,7.2,7.884773819728034,8.51981981981982,8.566666666666666,6.2
00-0037545,Rashid Shaheed,WR,2025,5,4,19.4,7.850315826690599,8.092492857142858,8.225,7.2
00-0037545,Rashid Shaheed,WR,2025,6,5,4.8,10.025631597641265,11.299124199743918,10.459999999999999,19.4
00-0037545,Rashid Shaheed,WR,2025,7,6,6.0,8.507350310047839,9.594868082368082,9.516666666666666,4.8
00-0037545,Rashid Shaheed,WR,2025,8,7,10.0,8.306253500109351,8.817471042471041,9.014285714285714,6.0
00-0037545,Rashid Shaheed,WR,2025,9,8,9.3,8.361554419924328,8.957391409266409,9.1375,10.0
00-0037545,Rashid Shaheed,WR,2025,10,9,2.8,8.513454697273815,9.144212784212783,9.155555555555555,9.3
00-0037545,Rashid Shaheed,WR,2025,11,10,3.9,7.633323011240363,7.737019305019306,8.52,2.8
00-0037545,Rashid Shaheed,WR,2025,12,11,0.5,7.517869097079866,6.489671814671814,8.1,3.9
00-0037545,Rashid Shaheed,WR,2025,13,12,2.1,6.625844218587445,5.284298584298584,7.466666666666667,0.5
00-0037545,Rashid Shaheed,WR,2025,14,13,14.7,6.505789067272013,4.676104841104841,7.053846153846154,2.1
00-0037545,Rashid Shaheed,WR,2025,15,14,9.6,7.899312358480356,6.869555984555985,7.6,14.7
00-0037545,Rashid Shaheed,WR,2025,16,15,9.1,7.945880577410504,7.434388674388675,7.733333333333333,9.6
00-0037545,Rashid Shaheed,WR,2025,17,16,1.3,8.209866166340806,7.982759411196911,7.81875,9.1
00-0037545,Rashid Shaheed,WR,2025,18,17,0.7,7.048507496166661,6.65677379059732,7.435294117647059,1.3
00-0037557,Ronnie Rivers,RB,2025,16,15,0.0,3.097363681176799,1.3426576576576577,1.3666666666666665,0.0
00-0037557,Ronnie Rivers,RB,2025,17,16,0.5,2.9475339929819975,0.9069785714285714,1.025,0.0
00-0037557,Ronnie Rivers,RB,2025,18,17,0.0,2.8337759330867005,0.7970576184379001,0.9199999999999999,0.5
00-0037563,Malik Davis,RB,2025,11,9,2.0,2.4254691651639626,0.2175675675675675,0.19999999999999998,0.3
00-0037563,Malik Davis,RB,2025,12,11,2.4,2.8561205578012867,0.7965285714285715,0.65,2.0
00-0037563,Malik Davis,RB,2025,13,12,10.7,3.1732691471283228,1.2438540332906531,1.0,2.4
00-0037563,Malik Davis,RB,2025,14,13,0.6,4.8549594701621785,3.6530534105534107,2.6166666666666667,10.7
00-0037563,Malik Davis,RB,2025,15,14,10.7,4.002783923958565,2.9865250965250962,2.3285714285714283,0.6
00-0037563,Malik Davis,RB,2025,16,15,2.3,5.518255063938609,4.914551158301158,3.375,10.7
00-0037563,Malik Davis,RB,2025,17,16,10.3,4.644023102983579,4.383537108537108,3.2555555555555555,2.3
00-0037594,Julius Chestnut,RB,2025,5,4,0.3,2.8471233464702594,0.9063963963963964,0.9333333333333333,0.0
00-0037594,Julius Chestnut,RB,2025,6,5,0.0,2.821495669019201,0.7102785714285715,0.775,0.3
00-0037594,Julius Chestnut,RB,2025,7,6,0.0,2.6552611191634883,0.5121216389244558,0.62,0.0
00-0037594,Julius Chestnut,RB,2025,8,7,0.5,2.6318464541614564,0.3862001287001287,0.5166666666666667,0.0
00-0037594,Julius Chestnut,RB,2025,9,8,0.0,2.700713426284682,0.4258301158301159,0.5142857142857143,0.5
00-0037594,Julius Chestnut,RB,2025,11,9,0.0,2.715994209549259,0.2503957528957529,0.45,0.0
00-0037594,Julius Chestnut,RB,2025,12,11,0.3,2.7172776673603836,0.20967181467181467,0.4,0.0
00-0037594,Julius Chestnut,RB,2025,13,12,0.0,2.753078520182711,0.237503861003861,0.39,0.3
00-0037594,Julius Chestnut,RB,2025,14,13,0.0,2.742960918935988,0.19984380484380485,0.35454545454545455,0.0
00-0037594,Julius Chestnut,RB,2025,15,14,0.0,2.756869217847527,0.1705646718146718,0.325,0.0
00-0037594,Julius Chestnut,RB,2025,16,15,0.1,2.769374891461898,0.13001930501930503,0.3,0.0
00-0037594,Julius Chestnut,RB,2025,17,16,0.0,2.8009585631073657,0.13853281853281854,0.2857142857142857,0.1
00-0037594,Julius Chestnut,RB,2025,18,17,0.0,2.8138418156717844,0.12223294723294723,0.26666666666666666,0.0
00-0037614,John Metchie III,WR,2025,4,3,2.0,2.215100139654892,0.6808108108108109,0.6,1.3
00-0037614,John Metchie III,WR,2025,11,10,12.0,2.34572529797391,0.8146389244558259,0.78,0.09999999999999998
00-0037614,John Metchie III,WR,2025,12,11,15.5,4.3709462187880535,3.6766119691119687,2.65,12.0
00-0037614,John Metchie III,WR,2025,13,12,3.7,5.981771554307072,6.695926640926642,4.485714285714286,15.5
00-0037614,John Metchie III,WR,2025,14,13,5.4,5.3284277923352725,6.093906853281853,4.3875,3.7
00-0037614,John Metchie III,WR,2025,15,14,4.9,5.3412533462176475,6.015463320463321,4.5,5.4
00-0037614,John Metchie III,WR,2025,16,15,0.9,5.016162086424355,5.817629343629344,4.54,4.9
00-0037614,John Metchie III,WR,2025,17,16,5.6,4.541404042621112,4.819050544050544,4.209090909090909,0.9
00-0037614,John Metchie III,WR,2025,18,17,3.5,5.02382670039722,4.707977799227799,4.325,5.6
00-0037617,Hassan Haskins,RB,2025,4,3,0.0,2.2772369429905472,0.0,0.0,0.0
00-0037617,Hassan Haskins,RB,2025,5,4,2.0,2.3083500115999565,0.0,0.0,0.0
00-0037617,Hassan Haskins,RB,2025,6,5,2.8,2.717864997869242,0.5661203585147246,0.4,2.0
00-0037617,Hassan Haskins,RB,2025,7,6,1.5,3.1020501186435876,1.1300386100386102,0.7999999999999999,2.8
00-0037617,Hassan Haskins,RB,2025,16,14,1.4,2.9588328369349925,0.9761655405405405,0.7875,0.0
00-0037617,Hassan Haskins,RB,2025,17,16,0.0,3.0779224730474923,1.1016066066066066,0.8555555555555555,1.4
00-0037617,Hassan Haskins,RB,2025,18,17,0.3,2.9197931063361664,0.8711216216216215,0.77,0.0
00-0037654,Tucker Fisk,TE,2025,10,9,1.2,2.0805157765421023,0.6761711711711711,0.5666666666666667,1.7
00-0037664,Alec Pierce,WR,2025,7,6,12.3,6.876862657022177,6.915185714285714,6.85,5.8
00-0037664,Alec Pierce,WR,2025,8,7,7.9,8.030767092272098,8.436496798975671,7.94,12.3
00-0037664,Alec Pierce,WR,2025,9,8,14.5,7.7525326570852675,8.2752574002574,7.933333333333334,7.9
00-0037664,Alec Pierce,WR,2025,10,9,16.4,9.020728145518309,9.951100386100386,8.871428571428572,14.5
00-0037664,Alec Pierce,WR,2025,12,10,3.1,9.773126122013213,11.501344111969113,9.8125,16.4
00-0037664,Alec Pierce,WR,2025,13,12,15.8,8.309980884067716,9.530283140283139,9.066666666666666,3.1
00-0037664,Alec Pierce,WR,2025,14,13,10.5,9.588305480008868,11.096046332046333,9.74,15.8
00-0037664,Alec Pierce,WR,2025,15,14,2.1,9.104885570940189,10.841386451386452,9.809090909090909,10.5
00-0037664,Alec Pierce,WR,2025,16,15,22.6,8.179760383108936,8.9016731016731,9.166666666666666,2.1
00-0037664,Alec Pierce,WR,2025,17,16,0.0,10.228722314616464,11.79749034749035,10.2,22.6
00-0037664,Alec Pierce,WR,2025,18,17,27.2,8.015665767216928,8.908610038610039,9.471428571428572,0.0
00-0037666,Jalen Tolbert,WR,2025,4,3,8.1,4.060268074939643,3.3355405405405407,3.0,5.9
00-0037666,Jalen Tolbert,WR,2025,5,4,0.0,5.19319073909668,4.871421428571429,4.275,8.1
00-0037666,Jalen Tolbert,WR,2025,6,5,1.3,4.10347320277908,3.465841229193342,3.42,0.0
00-0037666,Jalen Tolbert,WR,2025,7,6,2.1,3.880116968430561,2.909144144144144,3.066666666666667,1.3
00-0037666,Jalen Tolbert,WR,2025,8,7,11.7,3.678671593908023,2.7994015444015443,2.928571428571429,2.1
00-0037666,Jalen Tolbert,WR,2025,13,11,0.0,4.2201866831834165,3.7088052338052333,3.5777777777777775,0.0
00-0037666,Jalen Tolbert,WR,2025,18,17,0.0,4.248203668890704,3.3630923130923125,3.3909090909090907,5.1
00-0037740,Garrett Wilson,WR,2025,4,3,17.2,13.158830295986403,15.229369369369369,15.133333333333333,19.4
00-0037740,Garrett Wilson,WR,2025,5,4,16.1,13.307828367304143,15.866357142857142,15.649999999999999,17.2
00-0037740,Garrett Wilson,WR,2025,6,5,2.8,13.680800137766319,15.922815620998719,15.74,16.1
00-0037741,Jahan Dotson,WR,2025,4,3,0.0,3.8560082825967568,2.8053603603603605,3.166666666666667,1.2
00-0037741,Jahan Dotson,WR,2025,5,4,2.9,3.0887360946149336,1.9076499999999998,2.375,0.0
00-0037741,Jahan Dotson,WR,2025,6,5,2.2,3.457673505164514,2.209446862996159,2.48,2.9
00-0037741,Jahan Dotson,WR,2025,8,6,10.5,3.45929795167947,2.2200450450450453,2.4333333333333336,2.2
00-0037741,Jahan Dotson,WR,2025,10,8,0.0,4.9858712873119,4.096602316602317,3.585714285714286,10.5
00-0037741,Jahan Dotson,WR,2025,11,10,5.3,3.953764552850579,3.19766167953668,3.1375,0.0
00-0037741,Jahan Dotson,WR,2025,12,11,0.0,4.576325425984059,3.7623766623766626,3.3777777777777778,5.3
00-0037741,Jahan Dotson,WR,2025,13,12,1.7,3.6987943235651906,2.99911583011583,3.04,0.0
00-0037741,Jahan Dotson,WR,2025,14,13,0.8,3.8482494215004626,2.7067304317304313,2.918181818181818,1.7
00-0037741,Jahan Dotson,WR,2025,16,14,2.8,3.5633107986060986,2.304351673101673,2.7416666666666667,0.8
00-0037741,Jahan Dotson,WR,2025,17,16,0.0,3.973803619759053,2.153817938817939,2.746153846153846,2.8
00-0037741,Jahan Dotson,WR,2025,18,17,5.5,3.649191848600226,1.7869980694980692,2.55,0.0
00-0037742,Treylon Burks,WR,2025,14,13,0.0,5.779064283502328,5.696891891891892,5.4,7.0
00-0037742,Treylon Burks,WR,2025,15,14,0.0,4.468028219916909,3.8321571428571426,4.05,0.0
00-0037742,Treylon Burks,WR,2025,16,15,4.0,3.779648843746528,2.757169014084507,3.2399999999999998,0.0
00-0037742,Treylon Burks,WR,2025,17,16,1.6,4.05338446648753,3.0985842985842984,3.3666666666666667,4.0
00-0037742,Treylon Burks,WR,2025,18,17,2.2,3.8328843645901616,2.779633204633204,3.1142857142857143,1.6
00-0037744,Trey McBride,TE,2025,4,3,8.7,9.923886498954117,11.128378378378379,10.9,12.8
00-0037744,Trey McBride,TE,2025,5,4,6.6,9.349774200624752,10.329385714285714,10.35,8.7
00-0037744,Trey McBride,TE,2025,6,5,17.2,8.64201730416584,9.27466709346991,9.6,6.6
00-0037744,Trey McBride,TE,2025,7,6,24.4,10.154698169868539,11.319337194337194,10.866666666666667,17.2
00-0037744,Trey McBride,TE,2025,9,7,14.0,12.103303443002764,14.62030888030888,12.799999999999999,24.4
00-0037744,Trey McBride,TE,2025,10,9,23.2,11.795648023914522,14.525318532818531,12.95,14.0
00-0037744,Trey McBride,TE,2025,11,10,22.5,13.213869242662703,16.561632346632347,14.088888888888889,23.2
00-0037744,Trey McBride,TE,2025,12,11,12.4,13.589687965715687,18.090171814671812,14.93,22.5
00-0037744,Trey McBride,TE,2025,13,12,18.2,12.900316288923529,17.012567567567565,14.7,12.4
00-0037744,Trey McBride,TE,2025,14,13,8.3,13.338682671944834,17.140442406692404,14.991666666666667,18.2
00-0037744,Trey McBride,TE,2025,15,14,31.4,11.972206749210038,14.76923967923968,14.476923076923077,8.3
00-0037744,Trey McBride,TE,2025,16,15,4.7,14.651576928531886,18.48142857142857,15.685714285714285,31.4
00-0037744,Trey McBride,TE,2025,17,16,18.6,12.041319082387314,15.090095238095238,14.953333333333333,4.7
00-0037744,Trey McBride,TE,2025,18,17,10.0,13.540275972120094,15.591043677606176,15.18125,18.6
00-0037745,Velus Jones Jr.,WR,2025,5,4,0.0,1.7521334421872496,0.0,0.0,0.0
00-0037746,Brian Robinson,RB,2025,4,3,2.1,4.405104777825855,2.8150450450450455,2.9333333333333336,2.2
00-0037746,Brian Robinson,RB,2025,5,4,1.2,4.236472375229234,2.5872928571428573,2.725,2.1
00-0037746,Brian Robinson,RB,2025,6,5,2.3,3.98318712400237,2.200764404609475,2.42,1.2
00-0037746,Brian Robinson,RB,2025,7,6,3.6,4.083425982791424,2.2367181467181467,2.4,2.3
00-0037746,Brian Robinson,RB,2025,8,7,0.0,4.362681244514347,2.5114285714285716,2.5714285714285716,3.6
00-0037746,Brian Robinson,RB,2025,9,8,11.3,3.910782040129916,1.911631274131274,2.25,0.0
00-0037746,Brian Robinson,RB,2025,10,9,11.0,5.368915107952715,4.1389618189618185,3.2555555555555555,11.3
00-0037746,Brian Robinson,RB,2025,11,10,2.4,5.972880642251228,5.76077027027027,4.03,11.0
00-0037746,Brian Robinson,RB,2025,12,11,4.9,5.463000879528559,5.053559143559144,3.881818181818182,2.4
00-0037746,Brian Robinson,RB,2025,13,12,2.6,5.503970626943164,5.047252252252253,3.966666666666667,4.9
00-0037746,Brian Robinson,RB,2025,15,13,2.1,5.042318292327725,4.483044253044253,3.8615384615384616,2.6
00-0037746,Brian Robinson,RB,2025,16,15,2.0,5.002419380719675,4.071264478764479,3.7357142857142858,2.1
00-0037746,Brian Robinson,RB,2025,17,16,3.3,4.952284367175639,3.3376177606177606,3.62,2.0
00-0037746,Brian Robinson,RB,2025,18,17,0.9,5.249360783736455,3.078301158301158,3.6,3.3
00-0037801,KaVontae Turpin,WR,2025,4,3,4.9,7.725671519043709,8.47454954954955,8.266666666666667,7.8
00-0037801,KaVontae Turpin,WR,2025,8,7,0.3,6.004410935579798,5.864427656850191,6.38,2.2
00-0037801,KaVontae Turpin,WR,2025,9,8,2.3,5.054421647861298,4.464646074646074,5.366666666666667,0.3
00-0037801,KaVontae Turpin,WR,2025,11,9,0.5,4.870535894126249,3.9892277992277996,4.928571428571429,2.3
00-0037801,KaVontae Turpin,WR,2025,12,11,3.7,4.551885888010094,2.860323359073359,4.375,0.5
00-0037801,KaVontae Turpin,WR,2025,13,12,7.1,4.934028305967104,2.9588030888030885,4.3,3.7
00-0037801,KaVontae Turpin,WR,2025,14,13,4.0,5.439251966536912,3.9245057915057915,4.58,7.1
00-0037801,KaVontae Turpin,WR,2025,15,14,2.2,5.335555730678787,4.039004914004915,4.527272727272727,4.0
00-0037801,KaVontae Turpin,WR,2025,16,15,3.7,5.0977684595529995,3.7818597168597163,4.333333333333333,2.2
00-0037801,KaVontae Turpin,WR,2025,17,16,15.1,5.075390768228324,3.849016929016929,4.2846153846153845,3.7
00-0037801,KaVontae Turpin,WR,2025,18,17,0.7,6.443741636820869,6.499478764478765,5.057142857142857,15.1
00-0037805,Jeremy Ruckert,TE,2025,5,4,4.8,4.548299144405331,4.12045045045045,4.133333333333333,2.8
00-0037805,Jeremy Ruckert,TE,2025,6,5,0.0,4.906006137840063,4.341971428571428,4.3,4.8
00-0037805,Jeremy Ruckert,TE,2025,7,6,0.0,3.8450568509779526,3.111055057618438,3.44,0.0
00-0037805,Jeremy Ruckert,TE,2025,8,7,2.9,3.4486292172094055,2.3303989703989703,2.8666666666666667,0.0
00-0037805,Jeremy Ruckert,TE,2025,10,8,0.5,3.6031297534566664,2.482104247104247,2.8714285714285714,2.9
00-0037805,Jeremy Ruckert,TE,2025,11,10,4.3,3.384650798877444,1.8616361003861006,2.575,0.5
00-0037805,Jeremy Ruckert,TE,2025,13,11,2.2,3.901112528302317,2.4401480051480053,2.7666666666666666,4.3
00-0037805,Jeremy Ruckert,TE,2025,14,13,2.9,3.7589547577409284,2.31838416988417,2.71,2.2
00-0037805,Jeremy Ruckert,TE,2025,15,14,2.3,3.926478398251976,2.555240435240435,2.727272727272727,2.9
00-0037805,Jeremy Ruckert,TE,2025,16,15,2.4,3.839058351834482,2.5972763835263835,2.6916666666666664,2.3
00-0037805,Jeremy Ruckert,TE,2025,17,16,0.7,3.874282952809098,2.548033858033858,2.669230769230769,2.4
00-0037809,Chig Okonkwo,TE,2025,4,3,0.9,6.222084029650595,6.354864864864864,6.0,9.1
00-0037809,Chig Okonkwo,TE,2025,5,4,6.8,4.852578894455554,4.5664928571428565,4.725,0.9
00-0037809,Chig Okonkwo,TE,2025,6,5,7.6,5.575124946243249,5.205798975672215,5.14,6.8
00-0037809,Chig Okonkwo,TE,2025,7,6,0.0,5.835351510395527,5.8155888030888025,5.55,7.6
00-0037809,Chig Okonkwo,TE,2025,8,7,7.3,4.849810642486058,4.45019305019305,4.757142857142857,0.0
00-0037809,Chig Okonkwo,TE,2025,9,8,2.0,5.554553166952299,5.114724903474904,5.075,7.3
00-0037809,Chig Okonkwo,TE,2025,11,9,7.1,4.880424993060585,4.235720720720721,4.733333333333333,2.0
00-0037809,Chig Okonkwo,TE,2025,12,11,5.5,5.626034860379715,5.045677606177606,4.97,7.1
00-0037809,Chig Okonkwo,TE,2025,13,12,4.9,5.5154006438748615,5.084008424008424,5.018181818181818,5.5
00-0037809,Chig Okonkwo,TE,2025,14,13,3.0,5.630312444903237,4.949905083655084,5.008333333333333,4.9
00-0037809,Chig Okonkwo,TE,2025,15,14,5.3,5.345395469813115,4.689637659637659,4.8538461538461535,3.0
00-0037809,Chig Okonkwo,TE,2025,16,15,13.4,5.563134000733927,4.743976833976834,4.885714285714285,5.3
00-0037809,Chig Okonkwo,TE,2025,17,16,13.0,6.571066015014904,6.762740025740026,5.453333333333333,13.4
00-0037809,Chig Okonkwo,TE,2025,18,17,1.2,7.093426293189062,8.034387065637066,5.925,13.0
00-0037816,Romeo Doubs,WR,2025,4,3,26.8,6.804738288815326,6.908378378378378,7.2,3.5
00-0037816,Romeo Doubs,WR,2025,6,4,8.0,11.470151827036808,13.389228571428571,12.1,26.8
00-0037816,Romeo Doubs,WR,2025,7,6,10.2,9.749501675561906,11.80609218950064,11.280000000000001,8.0
00-0037816,Romeo Doubs,WR,2025,8,7,7.9,10.135837769145919,11.369594594594593,11.1,10.2
00-0037816,Romeo Doubs,WR,2025,9,8,12.6,9.08256094571304,10.625714285714285,10.642857142857142,7.9
00-0037816,Romeo Doubs,WR,2025,10,9,1.0,9.727607958251896,11.114582528957529,10.8875,12.6
00-0037816,Romeo Doubs,WR,2025,11,10,7.3,8.035556063152862,8.978620763620764,9.78888888888889,1.0
00-0037816,Romeo Doubs,WR,2025,12,11,3.3,8.6747176622919,8.003555984555984,9.54,7.3
00-0037816,Romeo Doubs,WR,2025,13,12,10.0,7.772957981501207,7.009759564759564,8.972727272727273,3.3
00-0037816,Romeo Doubs,WR,2025,14,13,0.0,8.596859176411353,7.690358751608752,9.058333333333334,10.0
00-0037816,Romeo Doubs,WR,2025,15,14,4.6,7.295274724939715,6.038546183546183,8.361538461538462,0.0
00-0037816,Romeo Doubs,WR,2025,16,15,16.9,7.622776601294224,5.63253861003861,8.092857142857143,4.6
00-0037816,Romeo Doubs,WR,2025,17,16,7.7,8.791444513967951,8.44369498069498,8.68,16.9
00-0037834,Brock Purdy,QB,2025,12,11,7.32,17.555526248280962,18.070504504504505,17.913333333333334,19.3
00-0037834,Brock Purdy,QB,2025,13,12,17.12,14.709146158643941,14.567921428571431,15.265,7.32
00-0037834,Brock Purdy,QB,2025,15,13,26.2,15.61233571021033,15.321489884763125,15.636000000000001,17.12
00-0037834,Brock Purdy,QB,2025,16,15,30.9,17.379311751764682,18.12170205920206,17.39666666666667,26.2
00-0037834,Brock Purdy,QB,2025,17,16,36.92,19.4848789373119,21.30669111969112,19.325714285714287,30.9
00-0037834,Brock Purdy,QB,2025,18,17,5.18,21.653356558652494,25.11790057915058,21.525,36.92
00-0037837,Calvin Austin III,WR,2025,4,3,2.3,8.770591748057601,9.341261261261263,9.533333333333333,10.9
00-0037837,Calvin Austin III,WR,2025,9,8,8.1,6.68348418073244,6.449435339308579,7.14,4.8
00-0037837,Calvin Austin III,WR,2025,10,9,2.4,6.938415321818375,6.90523166023166,7.3,8.1
00-0037837,Calvin Austin III,WR,2025,11,10,1.0,6.311410515628232,5.519362934362935,6.6,2.4
00-0037837,Calvin Austin III,WR,2025,12,11,5.6,5.7035854491616025,4.574710424710425,5.9,1.0
00-0037837,Calvin Austin III,WR,2025,13,12,0.0,6.006970621631095,4.659144144144143,5.866666666666666,5.6
00-0037837,Calvin Austin III,WR,2025,14,13,3.6,5.22484267700944,3.7214362934362932,5.28,0.0
00-0037837,Calvin Austin III,WR,2025,15,14,0.0,5.4995129635898685,3.742402597402597,5.127272727272727,3.6
00-0037837,Calvin Austin III,WR,2025,16,15,1.3,4.916886735915059,2.8209073359073358,4.7,0.0
00-0037837,Calvin Austin III,WR,2025,18,16,13.0,4.928094110323553,2.607940302940303,4.438461538461539,1.3
00-0037838,Isaiah Likely,TE,2025,9,8,7.5,2.9241621087935625,1.7070270270270271,1.7,1.8
00-0037838,Isaiah Likely,TE,2025,10,9,2.7,4.211105587685323,3.5907,3.15,7.5
00-0037838,Isaiah Likely,TE,2025,11,10,2.5,3.928355375938931,3.3188681177976953,3.06,2.7
00-0037838,Isaiah Likely,TE,2025,12,11,1.5,3.9390311318613227,3.0967696267696274,2.966666666666667,2.5
00-0037838,Isaiah Likely,TE,2025,13,12,10.0,3.572291546213795,2.745540540540541,2.757142857142857,1.5
00-0037838,Isaiah Likely,TE,2025,14,13,10.5,4.83735642298427,4.5378209459459455,3.6625,10.0
00-0037838,Isaiah Likely,TE,2025,16,14,0.0,5.547452930881653,6.002082797082798,4.4222222222222225,10.5
00-0037838,Isaiah Likely,TE,2025,17,16,4.2,4.598685547907192,4.469853281853283,3.98,0.0
00-0037838,Isaiah Likely,TE,2025,18,17,4.2,4.731492240646277,4.442915057915058,4.0,4.2
00-0037840,Kyren Williams,RB,2025,4,3,8.9,12.606382084011733,13.868288288288287,13.533333333333333,18.2
00-0037840,Kyren Williams,RB,2025,5,4,27.1,11.190655788937462,12.238964285714285,12.375,8.9
00-0037840,Kyren Williams,RB,2025,6,5,15.7,14.55423597000275,16.451615877080666,15.32,27.1
00-0037840,Kyren Williams,RB,2025,7,6,7.5,13.805168868194272,16.20474581724582,15.383333333333333,15.7
00-0037840,Kyren Williams,RB,2025,9,7,17.4,12.597262919410014,14.116602316602318,14.257142857142858,7.5
00-0037840,Kyren Williams,RB,2025,10,9,21.4,13.170744783737199,15.095492277992278,14.65,17.4
00-0037840,Kyren Williams,RB,2025,11,10,16.1,14.052408796354872,16.45608108108108,15.4,21.4
00-0037840,Kyren Williams,RB,2025,12,11,5.3,14.116914142895094,16.583631274131278,15.47,16.1
00-0037840,Kyren Williams,RB,2025,13,12,13.2,12.61393968803203,13.562009477009479,14.545454545454545,5.3
00-0037840,Kyren Williams,RB,2025,14,13,16.7,12.833695343007301,13.46203346203346,14.433333333333334,13.2
00-0037840,Kyren Williams,RB,2025,15,14,21.3,13.204279575907806,14.457904662904664,14.607692307692307,16.7
00-0037840,Kyren Williams,RB,2025,16,15,10.0,14.30102038827237,15.887374517374518,15.085714285714285,21.3
00-0037840,Kyren Williams,RB,2025,17,16,14.5,13.3567475209585,14.340773487773486,14.746666666666666,10.0
00-0037840,Kyren Williams,RB,2025,18,17,9.6,13.615686931985861,14.340474179536681,14.73125,14.5
00-0038040,Zamir White,RB,2025,18,17,1.5,3.336663068168726,1.4682642857142856,1.525,0.2
00-0038041,Jake Ferguson,TE,2025,4,3,13.5,9.64441470765189,11.193783783783784,10.6,14.7
00-0038041,Jake Ferguson,TE,2025,5,4,20.4,10.351171084609303,11.91975,11.325,13.5
00-0038041,Jake Ferguson,TE,2025,6,5,10.8,12.089267508441656,14.293571062740078,13.14,20.4
00-0038041,Jake Ferguson,TE,2025,7,6,18.4,11.15556487985866,13.3436583011583,12.75,10.8
00-0038041,Jake Ferguson,TE,2025,8,7,0.0,12.384551488683746,14.874362934362933,13.557142857142857,18.4
00-0038041,Jake Ferguson,TE,2025,9,8,5.5,9.360371657671196,11.31614140926641,11.862499999999999,0.0
00-0038041,Jake Ferguson,TE,2025,11,9,9.6,9.201153788918706,9.847706992706993,11.155555555555555,5.5
00-0038041,Jake Ferguson,TE,2025,12,11,8.6,9.107546645560243,9.73023166023166,11.0,9.6
00-0038041,Jake Ferguson,TE,2025,13,12,6.1,9.376011222499578,9.166146016146016,10.781818181818181,8.6
00-0038041,Jake Ferguson,TE,2025,14,13,8.3,9.050607592761894,8.507353603603603,10.391666666666666,6.1
00-0038041,Jake Ferguson,TE,2025,15,14,2.6,9.256655472656755,8.226869616869616,10.23076923076923,8.3
00-0038041,Jake Ferguson,TE,2025,16,15,3.4,8.43604948017359,7.388552123552124,9.685714285714285,2.6
00-0038041,Jake Ferguson,TE,2025,17,16,7.1,8.181960551901582,6.72086229086229,9.266666666666666,3.4
00-0038041,Jake Ferguson,TE,2025,18,17,1.0,8.347466843676973,6.8698757239382235,9.13125,7.1
00-0038046,Charlie Kolar,TE,2025,8,6,7.5,2.6447471221816583,1.3704954954954955,1.5666666666666667,0.0
00-0038046,Charlie Kolar,TE,2025,9,8,9.3,4.074867641798277,3.371842857142857,3.05,7.5
00-0038046,Charlie Kolar,TE,2025,10,9,2.8,5.158530212492191,5.035473751600512,4.3,9.3
00-0038046,Charlie Kolar,TE,2025,11,10,0.0,4.740739503707841,4.427770270270271,4.05,2.8
00-0038046,Charlie Kolar,TE,2025,12,11,0.0,3.9881552289239037,3.3601158301158303,3.4714285714285715,0.0
00-0038046,Charlie Kolar,TE,2025,13,12,2.2,3.444254569140348,2.619186776061776,3.0375,0.0
00-0038046,Charlie Kolar,TE,2025,14,13,2.4,3.5585327390370565,2.6325053625053627,2.9444444444444446,2.2
00-0038046,Charlie Kolar,TE,2025,15,14,0.0,3.6996382240859136,2.4235270270270273,2.89,2.4
00-0038046,Charlie Kolar,TE,2025,16,15,2.3,3.573904129888872,1.6513601263601263,2.6272727272727274,0.0
00-0038046,Charlie Kolar,TE,2025,17,16,0.0,3.7428049018400764,1.8150193050193049,2.6,2.3
00-0038090,Skyy Moore,WR,2025,4,3,0.0,2.1475999617814194,0.5966216216216216,0.5,1.5
00-0038090,Skyy Moore,WR,2025,5,4,0.1,2.011686514764745,0.39867857142857144,0.375,0.0
00-0038090,Skyy Moore,WR,2025,6,5,0.0,2.0275905158919443,0.31307554417413574,0.32,0.1
00-0038090,Skyy Moore,WR,2025,7,6,2.0,1.9711926124189683,0.23325611325611326,0.26666666666666666,0.0
00-0038090,Skyy Moore,WR,2025,8,7,0.0,2.3233554554510287,0.6803088803088803,0.5142857142857142,2.0
00-0038090,Skyy Moore,WR,2025,9,8,2.6,2.181610602731057,0.5327316602316602,0.45,0.0
00-0038090,Skyy Moore,WR,2025,10,9,2.3,2.591802499630203,0.9837365937365937,0.6888888888888889,2.6
00-0038090,Skyy Moore,WR,2025,11,10,0.0,2.6894983618764083,1.3091409266409268,0.85,2.3
00-0038090,Skyy Moore,WR,2025,12,11,0.0,2.5319331533898506,1.0256669006669006,0.7727272727272727,0.0
00-0038090,Skyy Moore,WR,2025,13,12,0.0,2.443550429080036,0.8143259330759332,0.7083333333333334,0.0
00-0038090,Skyy Moore,WR,2025,15,13,0.0,2.3744712252130826,0.5832863082863083,0.6538461538461539,0.0
00-0038090,Skyy Moore,WR,2025,16,15,2.8,2.383134134475334,0.4783301158301158,0.6071428571428571,0.0
00-0038090,Skyy Moore,WR,2025,17,16,1.0,2.766756602128617,0.925075933075933,0.7533333333333333,2.8
00-0038090,Skyy Moore,WR,2025,18,17,0.0,2.734281327066616,0.8818810328185327,0.7687499999999999,1.0
00-0038102,Kenny Pickett,QB,2025,15,14,1.26,5.750950798951137,2.911279279279279,2.2666666666666666,8.48
00-0038102,Kenny Pickett,QB,2025,17,15,0.64,5.303650122877975,2.3481528571428574,2.015,1.26
00-0038102,Kenny Pickett,QB,2025,18,17,-0.98,5.196668977712049,1.8497426376440462,1.7400000000000002,0.64
00-0038104,Tyquan Thornton,WR,2025,4,3,7.6,10.222400052853137,11.830675675675675,11.2,15.6
00-0038104,Tyquan Thornton,WR,2025,5,4,10.5,9.325513652654893,10.429257142857143,10.3,7.6
00-0038104,Tyquan Thornton,WR,2025,7,5,4.4,9.524517876045389,10.443500640204865,10.34,10.5
00-0038104,Tyquan Thornton,WR,2025,9,7,0.0,8.176461768201039,8.891283783783784,9.35,4.4
00-0038104,Tyquan Thornton,WR,2025,11,9,6.6,6.8337539131970955,6.83965250965251,8.014285714285714,0.0
00-0038104,Tyquan Thornton,WR,2025,12,11,0.0,7.105871771391723,6.619958976833977,7.8375,6.6
00-0038104,Tyquan Thornton,WR,2025,13,12,0.0,6.15471601770318,4.797097812097812,6.966666666666667,0.0
00-0038104,Tyquan Thornton,WR,2025,14,13,2.9,5.804698414363535,3.6961795366795362,6.27,0.0
00-0038104,Tyquan Thornton,WR,2025,15,14,5.7,5.816235694779906,3.4173885573885574,5.963636363636364,2.9
00-0038115,Daniel Bellinger,TE,2025,4,3,1.8,2.3515016973382665,0.9595945945945946,1.0,1.1
00-0038115,Daniel Bellinger,TE,2025,5,4,7.2,2.5390950245259942,1.2345428571428572,1.2,1.8
00-0038115,Daniel Bellinger,TE,2025,7,5,16.3,3.7509885550019457,2.9215813060179254,2.4,7.2
00-0038115,Daniel Bellinger,TE,2025,8,7,2.6,6.017271583790117,6.321586229086229,4.716666666666667,16.3
00-0038115,Daniel Bellinger,TE,2025,10,8,1.3,4.997814514588761,5.49519305019305,4.414285714285715,2.6
00-0038115,Daniel Bellinger,TE,2025,11,10,0.0,4.548782362430963,4.628383204633205,4.025,1.3
00-0038115,Daniel Bellinger,TE,2025,12,11,0.0,3.676090850126278,3.6282453882453884,3.577777777777778,0.0
00-0038115,Daniel Bellinger,TE,2025,17,15,2.1,4.022826664241174,3.207748332748333,3.381818181818182,5.0
00-0038115,Daniel Bellinger,TE,2025,18,17,10.8,4.170405791162677,2.50597972972973,3.275,2.1
00-0038117,Wan'Dale Robinson,WR,2025,4,3,2.9,9.658393154112893,11.493558558558558,11.933333333333334,3.1
00-0038117,Wan'Dale Robinson,WR,2025,5,4,5.7,8.219161427879603,8.716621428571427,9.675,2.9
00-0038117,Wan'Dale Robinson,WR,2025,6,5,17.4,7.363654296752843,7.905599231754161,8.879999999999999,5.7
00-0038117,Wan'Dale Robinson,WR,2025,7,6,12.5,9.464060258500501,10.383204633204633,10.299999999999999,17.4
00-0038117,Wan'Dale Robinson,WR,2025,8,7,6.3,9.66385632723819,10.970637065637066,10.614285714285714,12.5
00-0038117,Wan'Dale Robinson,WR,2025,9,8,9.1,9.228852138253565,9.36194498069498,10.075,6.3
00-0038117,Wan'Dale Robinson,WR,2025,10,9,9.2,9.097312541259505,9.554954954954955,9.966666666666667,9.1
00-0038117,Wan'Dale Robinson,WR,2025,11,10,5.6,9.004793084091826,9.728121621621622,9.89,9.2
00-0038117,Wan'Dale Robinson,WR,2025,12,11,26.1,8.566039699264714,8.931447876447876,9.5,5.6
00-0038117,Wan'Dale Robinson,WR,2025,13,12,6.9,11.065764003078332,12.561348133848135,10.883333333333333,26.1
00-0038117,Wan'Dale Robinson,WR,2025,15,13,13.9,9.580003260540442,11.190282150282151,10.576923076923077,6.9
00-0038117,Wan'Dale Robinson,WR,2025,16,15,3.7,10.506149126581212,11.927413127413127,10.814285714285715,13.9
00-0038117,Wan'Dale Robinson,WR,2025,17,16,16.8,8.811878477768946,10.137069498069497,10.34,3.7
00-0038120,Breece Hall,RB,2025,4,3,13.6,8.843118958681087,8.694684684684685,9.166666666666666,7.2
00-0038120,Breece Hall,RB,2025,5,4,15.5,9.864010408590982,10.309078571428572,10.275,13.6
00-0038120,Breece Hall,RB,2025,6,5,5.9,10.983425700189597,11.77689756722151,11.32,15.5
00-0038120,Breece Hall,RB,2025,7,6,6.2,9.821925662553156,10.250331402831403,10.416666666666666,5.9
00-0038120,Breece Hall,RB,2025,8,7,31.86,9.33091630325727,9.068667953667955,9.814285714285715,6.2
00-0038120,Breece Hall,RB,2025,10,8,19.0,12.778217990946464,14.754063706563707,12.57,31.86
00-0038120,Breece Hall,RB,2025,11,10,7.4,12.788523798410822,15.918142428142428,13.284444444444444,19.0
00-0038120,Breece Hall,RB,2025,12,11,11.9,11.80222989990746,13.87940308880309,12.696,7.4
00-0038120,Breece Hall,RB,2025,13,12,14.6,11.421532657702897,13.30221481221481,12.623636363636363,11.9
00-0038120,Breece Hall,RB,2025,14,13,4.3,11.591980548684303,13.81746879021879,12.788333333333334,14.6
00-0038120,Breece Hall,RB,2025,15,14,4.7,10.498365846482757,11.885450252450251,12.135384615384615,4.3
00-0038120,Breece Hall,RB,2025,16,15,7.3,10.36278481180452,9.598218146718146,11.604285714285714,4.7
00-0038120,Breece Hall,RB,2025,17,16,19.9,10.283152251402571,8.888209523809524,11.317333333333334,7.3
00-0038124,Christian Watson,WR,2025,11,10,18.6,7.264583938551805,7.299594594594595,7.6,5.5
00-0038124,Christian Watson,WR,2025,12,11,7.4,9.82691283154037,10.986814285714285,10.35,18.6
00-0038124,Christian Watson,WR,2025,13,12,16.3,8.82224120465075,9.943048655569783,9.76,7.4
00-0038124,Christian Watson,WR,2025,14,13,22.9,10.436510317184295,11.5617277992278,10.85,16.3
00-0038124,Christian Watson,WR,2025,15,14,4.4,11.881999343811911,14.38069498069498,12.571428571428571,22.9
00-0038124,Christian Watson,WR,2025,16,15,2.7,9.999045972434473,12.158581081081083,11.55,4.4
00-0038124,Christian Watson,WR,2025,17,16,19.8,8.900423567577787,10.125630630630631,10.566666666666666,2.7
00-0038128,Malik Willis,QB,2025,17,16,31.52,9.001385845790132,7.060801801801802,6.553333333333334,13.24
00-0038129,Cade Otton,TE,2025,5,4,10.1,3.153835690208967,2.2645045045045045,2.1333333333333333,2.4
00-0038129,Cade Otton,TE,2025,6,5,7.6,5.062367301672082,4.8074071428571425,4.125,10.1
00-0038129,Cade Otton,TE,2025,7,6,10.0,5.456741202885099,5.567358514724712,4.82,7.6
00-0038129,Cade Otton,TE,2025,8,7,6.0,6.398355585345508,6.666232303732303,5.683333333333334,10.0
00-0038129,Cade Otton,TE,2025,10,8,12.7,6.092856994117669,6.698899613899613,5.728571428571429,6.0
00-0038129,Cade Otton,TE,2025,11,10,3.8,7.199877383112979,8.20027027027027,6.6,12.7
00-0038129,Cade Otton,TE,2025,12,11,4.1,6.282986710037239,7.28557057057057,6.288888888888889,3.8
00-0038129,Cade Otton,TE,2025,13,12,1.9,6.1772354037269235,6.392994208494208,6.069999999999999,4.1
00-0038129,Cade Otton,TE,2025,14,13,3.4,5.4650621438561835,5.301393471393471,5.6909090909090905,1.9
00-0038129,Cade Otton,TE,2025,16,14,2.5,5.521876204703402,4.727471042471042,5.5,3.4
00-0038129,Cade Otton,TE,2025,17,16,5.3,5.312085910925196,4.229192159192158,5.269230769230769,2.5
00-0038129,Cade Otton,TE,2025,18,17,18.9,5.825107741092342,4.234613899613899,5.271428571428571,5.3
00-0038134,Kenneth Walker III,RB,2025,4,3,11.5,12.129909415564494,14.025045045045047,13.233333333333334,17.5
00-0038134,Kenneth Walker III,RB,2025,5,4,9.1,11.855736462850953,13.171800000000001,12.8,11.5
00-0038134,Kenneth Walker III,RB,2025,6,5,4.2,11.018415454586961,12.002606914212548,12.06,9.1
00-0038134,Kenneth Walker III,RB,2025,7,6,6.6,9.50100610318643,10.00777027027027,10.75,4.2
00-0038134,Kenneth Walker III,RB,2025,9,7,7.1,9.207670080511392,9.406447876447876,10.157142857142857,6.6
00-0038134,Kenneth Walker III,RB,2025,10,9,7.5,9.077270957908302,8.569531853281854,9.775,7.1
00-0038134,Kenneth Walker III,RB,2025,11,10,18.6,9.260776935757798,8.06090519090519,9.522222222222222,7.5
00-0038134,Kenneth Walker III,RB,2025,12,11,11.6,10.749534622606092,10.468897683397683,10.43,18.6
00-0038134,Kenneth Walker III,RB,2025,13,12,8.9,10.496418024768301,10.774484029484029,10.536363636363637,11.6
00-0038134,Kenneth Walker III,RB,2025,14,13,3.3,10.352908549807745,10.566679536679537,10.4,8.9
00-0038134,Kenneth Walker III,RB,2025,15,14,2.4,9.164526636378394,9.064000594000595,9.853846153846154,3.3
00-0038134,Kenneth Walker III,RB,2025,16,15,23.9,8.515357780955348,7.698503861003861,9.321428571428571,2.4
00-0038134,Kenneth Walker III,RB,2025,17,16,6.7,10.773161860113936,11.390427284427284,10.293333333333333,23.9
00-0038134,Kenneth Walker III,RB,2025,18,17,15.3,9.733641981395865,10.034950530888029,10.06875,6.7
00-0038359,Xavier Smith,WR,2025,4,3,0.0,2.5897380734621662,1.1265765765765765,1.3666666666666665,0.0
00-0038359,Xavier Smith,WR,2025,5,4,0.0,2.2853943556969387,0.7699214285714284,1.025,0.0
00-0038359,Xavier Smith,WR,2025,6,5,0.0,2.2061435057110246,0.5633956466069141,0.82,0.0
00-0038359,Xavier Smith,WR,2025,7,6,2.5,2.1646186283764166,0.43150257400257397,0.6833333333333332,0.0
00-0038359,Xavier Smith,WR,2025,9,7,2.2,2.637950195691955,0.8242084942084942,0.9428571428571428,2.5
00-0038359,Xavier Smith,WR,2025,10,9,1.9,2.790637417846497,1.1905598455598456,1.1,2.2
00-0038359,Xavier Smith,WR,2025,11,10,1.3,2.911729059657718,1.395879450879451,1.1888888888888889,1.9
00-0038359,Xavier Smith,WR,2025,13,11,9.7,2.871376150711253,1.411814671814672,1.2,1.3
00-0038359,Xavier Smith,WR,2025,14,13,1.1,3.972839547850624,3.3518445068445066,1.9727272727272727,9.7
00-0038359,Xavier Smith,WR,2025,15,14,0.0,3.37878132064616,2.8784942084942085,1.9,1.1
00-0038359,Xavier Smith,WR,2025,16,15,6.7,3.231479436903399,2.186008316008316,1.7538461538461538,0.0
00-0038359,Xavier Smith,WR,2025,17,16,8.7,3.7536580854874986,3.1636969111969115,2.107142857142857,6.7
00-0038359,Xavier Smith,WR,2025,18,17,1.1,4.366709757016761,4.363978120978121,2.5466666666666664,8.7
00-0038393,Dontayvion Wicks,WR,2025,4,3,2.9,4.987721441336716,4.427972972972974,4.5,3.1
00-0038393,Dontayvion Wicks,WR,2025,6,4,2.5,4.740319835339067,3.9339714285714287,4.1,2.9
00-0038393,Dontayvion Wicks,WR,2025,7,6,1.0,4.42253434899234,3.5354967989756725,3.7800000000000002,2.5
00-0038393,Dontayvion Wicks,WR,2025,11,10,1.4,4.634139887732053,3.5938030888030887,3.6714285714285713,5.8
00-0038393,Dontayvion Wicks,WR,2025,12,11,4.2,4.204978751722298,2.968810328185328,3.3875,1.4
00-0038393,Dontayvion Wicks,WR,2025,13,12,25.0,4.574948754532924,3.275812955812956,3.477777777777778,4.2
00-0038393,Dontayvion Wicks,WR,2025,15,13,1.1,7.321594637758325,8.354496138996138,5.63,25.0
00-0038393,Dontayvion Wicks,WR,2025,16,15,2.2,5.534669937603238,6.743853983853984,5.218181818181818,1.1
00-0038393,Dontayvion Wicks,WR,2025,17,16,1.2,5.484881737037818,5.826171171171172,4.966666666666667,2.2
00-0038397,Evan Hull,RB,2025,16,15,0.3,3.3187826265279647,1.3806756756756757,1.4,1.2
00-0038397,Evan Hull,RB,2025,17,16,0.3,3.067739948796227,1.030007142857143,1.125,0.3
00-0038397,Evan Hull,RB,2025,18,17,1.1,2.9588117954459574,0.827619718309859,0.96,0.3
00-0038400,Tanner McKee,QB,2025,18,16,11.94,4.270806205607449,0.5924954954954955,0.6066666666666667,-0.2
00-0038440,Zavier Scott,RB,2025,7,5,1.1,6.237631434795782,5.81990990990991,6.233333333333333,-0.2
00-0038440,Zavier Scott,RB,2025,8,7,3.4,5.489292711812642,4.301671428571429,4.95,1.1
00-0038440,Zavier Scott,RB,2025,9,8,0.0,5.165082602097841,4.075440460947503,4.64,3.4
00-0038440,Zavier Scott,RB,2025,14,13,2.5,4.705547022985687,2.88988416988417,3.685714285714286,2.6
00-0038440,Zavier Scott,RB,2025,16,14,1.7,4.846967009239165,2.4607890926640925,3.5375,2.5
00-0038440,Zavier Scott,RB,2025,17,16,0.0,4.7676991238808055,2.426763191763192,3.3333333333333335,1.7
00-0038440,Zavier Scott,RB,2025,18,17,2.2,4.392096185523207,1.9563706563706562,3.0,0.0
00-0038454,Keaton Mitchell,RB,2025,9,8,2.3,3.8504466029638924,2.20490990990991,2.033333333333333,4.3
00-0038454,Keaton Mitchell,RB,2025,10,9,3.1,3.818222583159676,2.228885714285714,2.1,2.3
00-0038454,Keaton Mitchell,RB,2025,11,10,6.4,4.1365274792158715,2.4696991037131877,2.3,3.1
00-0038454,Keaton Mitchell,RB,2025,12,11,2.4,4.806645688865657,3.4677574002574003,2.9833333333333334,6.4
00-0038454,Keaton Mitchell,RB,2025,13,12,10.1,4.5301274529826365,3.243803088803089,2.9,2.4
00-0038454,Keaton Mitchell,RB,2025,14,13,7.6,5.750275179995465,4.998204633204633,3.8,10.1
00-0038454,Keaton Mitchell,RB,2025,15,14,6.6,5.872831160869,5.580036465036464,4.222222222222222,7.6
00-0038454,Keaton Mitchell,RB,2025,16,15,1.3,6.141524428587719,5.861482625482626,4.46,6.6
00-0038454,Keaton Mitchell,RB,2025,17,16,4.8,5.354948732475037,4.833736398736399,4.172727272727273,1.3
00-0038454,Keaton Mitchell,RB,2025,18,17,0.2,5.5702702353300815,4.732417953667953,4.225,4.8
00-0038465,Malik Heath,WR,2025,8,7,4.4,2.556702272630947,1.1608,1.4,0.0
00-0038465,Malik Heath,WR,2025,9,8,1.6,3.359118511988672,2.088386683738796,2.0,4.4
00-0038488,Brady Russell,RB,2025,7,6,0.0,2.3083500115999565,0.0,0.0,0.0
00-0038488,Brady Russell,RB,2025,11,10,0.0,2.370576148818775,0.0,0.0,0.0
00-0038488,Brady Russell,RB,2025,12,11,0.0,2.401689217428184,0.0,0.0,0.0
00-0038488,Brady Russell,RB,2025,16,15,0.0,2.463915354647003,0.0,0.0,0.0
00-0038496,Xavier Gipson,WR,2025,10,8,0.0,1.9630489193041403,0.31819819819819817,0.26666666666666666,0.8
00-0038496,Xavier Gipson,WR,2025,11,10,0.0,1.9050811795796387,0.21262857142857144,0.2,0.0
00-0038496,Xavier Gipson,WR,2025,12,11,0.8,1.9163142453685196,0.15187708066581307,0.16,0.0
00-0038519,Nikko Remigio,WR,2025,4,3,0.0,2.606028731712654,1.288963963963964,1.2333333333333334,1.1
00-0038519,Nikko Remigio,WR,2025,5,4,0.0,2.3907013365210186,0.8675214285714287,0.925,0.0
00-0038519,Nikko Remigio,WR,2025,6,5,0.0,2.2277761438375885,0.6245313700384123,0.74,0.0
00-0038519,Nikko Remigio,WR,2025,7,6,0.0,2.153107528750705,0.4701962676962677,0.6166666666666667,0.0
00-0038519,Nikko Remigio,WR,2025,8,7,0.0,2.133497536738183,0.37577220077220075,0.5285714285714286,0.0
00-0038519,Nikko Remigio,WR,2025,9,8,0.0,2.1703601961212695,0.2134773166023166,0.4625,0.0
00-0038519,Nikko Remigio,WR,2025,11,9,0.0,2.1995228804750715,0.1438888888888889,0.41111111111111115,0.0
00-0038519,Nikko Remigio,WR,2025,12,11,0.0,2.204564846421344,0.1295,0.37,0.0
00-0038519,Nikko Remigio,WR,2025,13,12,0.0,2.214347012851823,0.11772727272727272,0.33636363636363636,0.0
00-0038519,Nikko Remigio,WR,2025,15,13,0.0,2.2276843296454576,0.10791666666666666,0.30833333333333335,0.0
00-0038519,Nikko Remigio,WR,2025,16,15,0.0,2.2437563774876725,0.0996153846153846,0.2846153846153846,0.0
00-0038542,Bijan Robinson,RB,2025,4,3,26.1,15.310281140784472,17.282387387387384,17.766666666666666,13.6
00-0038542,Bijan Robinson,RB,2025,6,4,32.8,17.437084958115527,20.169614285714285,19.85,26.1
00-0038542,Bijan Robinson,RB,2025,7,6,18.2,19.752680826996166,23.730478873239438,22.439999999999998,32.8
00-0038542,Bijan Robinson,RB,2025,8,7,4.3,18.61352766424035,22.25249678249678,21.733333333333334,18.2
00-0038542,Bijan Robinson,RB,2025,9,8,13.6,15.422569693755564,17.816486486486486,19.242857142857144,4.3
00-0038542,Bijan Robinson,RB,2025,10,9,9.8,15.00180001038396,16.843877895752893,18.537499999999998,13.6
00-0038542,Bijan Robinson,RB,2025,11,10,28.3,13.915493254609807,15.373951093951092,17.566666666666666,9.8
00-0038542,Bijan Robinson,RB,2025,12,11,13.7,16.56162096766386,18.119366795366798,18.64,28.3
00-0038542,Bijan Robinson,RB,2025,13,12,27.8,15.573847751465047,16.617590382590382,18.19090909090909,13.7
00-0038542,Bijan Robinson,RB,2025,14,13,8.4,17.459300981317956,19.1904231016731,18.991666666666667,27.8
00-0038542,Bijan Robinson,RB,2025,15,14,25.5,15.095151074947127,17.278679833679835,18.176923076923078,8.4
00-0038542,Bijan Robinson,RB,2025,16,15,26.3,16.895864388356173,19.295,18.7,25.5
00-0038542,Bijan Robinson,RB,2025,17,16,37.4,17.16386372099807,21.1391093951094,19.206666666666667,26.3
00-0038542,Bijan Robinson,RB,2025,18,17,5.8,19.388767024407848,24.330563465250968,20.34375,37.4
00-0038543,Jaxon Smith-Njigba,WR,2025,4,3,11.0,13.76027667292357,15.97630630630631,15.766666666666667,18.1
00-0038543,Jaxon Smith-Njigba,WR,2025,5,4,23.2,12.445669174275217,14.349450000000001,14.575000000000001,11.0
00-0038543,Jaxon Smith-Njigba,WR,2025,6,5,26.2,14.479673544825848,16.864775928297057,16.3,23.2
00-0038543,Jaxon Smith-Njigba,WR,2025,7,6,22.3,15.839139490481537,19.22757722007722,17.95,26.2
00-0038543,Jaxon Smith-Njigba,WR,2025,9,7,18.0,16.34941422534403,20.09291505791506,18.571428571428573,22.3
00-0038543,Jaxon Smith-Njigba,WR,2025,10,9,17.8,15.903356826929372,19.724864864864866,18.5,18.0
00-0038543,Jaxon Smith-Njigba,WR,2025,11,10,16.1,15.601432966373462,19.267121407121408,18.422222222222224,17.8
00-0038543,Jaxon Smith-Njigba,WR,2025,12,11,33.1,15.26267220810419,18.776693050193053,18.19,16.1
00-0038543,Jaxon Smith-Njigba,WR,2025,13,12,3.3,17.513176098156336,21.875619515619515,19.545454545454547,33.1
00-0038543,Jaxon Smith-Njigba,WR,2025,14,13,24.6,14.23531926962121,17.373666344916344,18.191666666666666,3.3
00-0038543,Jaxon Smith-Njigba,WR,2025,15,14,14.8,16.241435776681325,18.872974457974458,18.684615384615384,24.6
00-0038543,Jaxon Smith-Njigba,WR,2025,16,15,19.6,14.812160362196495,17.984932432432434,18.40714285714286,14.8
00-0038543,Jaxon Smith-Njigba,WR,2025,17,16,11.7,15.785303246979442,18.375487773487773,18.486666666666668,19.6
00-0038543,Jaxon Smith-Njigba,WR,2025,18,17,11.4,14.611478027167845,16.99718388030888,18.0625,11.7
00-0038544,Quentin Johnston,WR,2025,4,3,19.8,13.539067938234313,15.603828828828828,16.233333333333334,11.9
00-0038544,Quentin Johnston,WR,2025,5,4,4.9,14.521571105850668,16.99397857142857,17.125,19.8
00-0038544,Quentin Johnston,WR,2025,7,5,10.0,11.705933952302601,13.57651472471191,14.68,4.9
00-0038544,Quentin Johnston,WR,2025,9,7,13.3,11.592387865444929,12.713957528957529,13.9,10.0
00-0038544,Quentin Johnston,WR,2025,10,9,6.7,11.661560360542076,12.562799227799228,13.814285714285715,13.3
00-0038544,Quentin Johnston,WR,2025,11,10,0.0,10.805363768808352,11.137437258687259,12.925,6.7
00-0038544,Quentin Johnston,WR,2025,13,11,9.8,9.172260345024997,8.562694122694122,11.488888888888889,0.0
00-0038544,Quentin Johnston,WR,2025,14,13,1.8,9.773067714289464,8.608853281853282,11.32,9.8
00-0038544,Quentin Johnston,WR,2025,16,14,18.4,8.5744683741755,7.327662337662338,10.454545454545455,1.8
00-0038544,Quentin Johnston,WR,2025,17,16,12.3,10.541709163050545,9.927802445302444,11.116666666666667,18.4
00-0038547,Luke Schoonmaker,TE,2025,4,3,1.8,1.8959647340648231,0.39774774774774774,0.3333333333333333,1.0
00-0038547,Luke Schoonmaker,TE,2025,5,4,0.8,2.235468903950106,0.8511714285714286,0.7,1.8
00-0038547,Luke Schoonmaker,TE,2025,6,5,1.3,2.2462235577635443,0.8299257362355955,0.72,0.8
00-0038547,Luke Schoonmaker,TE,2025,8,6,3.5,2.3789891353989727,0.9449839124839126,0.8166666666666667,1.3
00-0038547,Luke Schoonmaker,TE,2025,9,8,1.9,2.7966425050239687,1.6062548262548262,1.2,3.5
00-0038547,Luke Schoonmaker,TE,2025,13,12,0.6,2.596133966749278,1.3143393393393392,1.1444444444444444,0.0
00-0038547,Luke Schoonmaker,TE,2025,14,13,1.7,2.5406122531103588,1.1221177606177606,1.09,0.6
00-0038547,Luke Schoonmaker,TE,2025,15,14,3.4,2.6674845537651453,1.2642874692874693,1.1454545454545455,1.7
00-0038547,Luke Schoonmaker,TE,2025,17,15,2.5,3.0124794679708495,1.7405855855855854,1.3333333333333333,3.4
00-0038547,Luke Schoonmaker,TE,2025,18,17,1.7,3.1134462415818587,1.8245827145827145,1.4230769230769231,2.5
00-0038551,Kendre Miller,RB,2025,4,3,12.5,4.454964655590029,2.9803153153153152,2.833333333333333,4.6
00-0038551,Kendre Miller,RB,2025,5,4,5.4,6.553657958073524,6.0703,5.25,12.5
00-0038551,Kendre Miller,RB,2025,6,5,3.7,6.301360367486244,5.843877080665813,5.28,5.4
00-0038551,Kendre Miller,RB,2025,7,6,0.7,6.072964337473817,5.267879665379666,5.016666666666667,3.7
00-0038555,Tank Bigsby,RB,2025,5,4,0.0,2.52238951799784,0.3297297297297297,0.39999999999999997,0.0
00-0038555,Tank Bigsby,RB,2025,6,5,0.0,2.4553201125463793,0.22534285714285712,0.3,0.0
00-0038555,Tank Bigsby,RB,2025,7,6,1.5,2.454131546444963,0.16489628681177976,0.24,0.0
00-0038555,Tank Bigsby,RB,2025,8,7,10.4,2.744085929590422,0.5103185328185328,0.45,1.5
00-0038555,Tank Bigsby,RB,2025,10,8,0.7,4.309250862671922,2.9333011583011586,1.8714285714285714,10.4
00-0038555,Tank Bigsby,RB,2025,11,10,3.4,3.6388603041693823,2.450854247104247,1.725,0.7
00-0038555,Tank Bigsby,RB,2025,12,11,0.8,4.033486261212376,2.726340626340626,1.9111111111111112,3.4
00-0038555,Tank Bigsby,RB,2025,14,12,0.4,3.5015276026458206,2.3312355212355214,1.8,0.8
00-0038555,Tank Bigsby,RB,2025,15,14,5.7,3.4445830216475497,1.9404545454545452,1.6727272727272728,0.4
00-0038555,Tank Bigsby,RB,2025,16,15,9.7,4.074538795819,2.7931869369369373,2.0083333333333333,5.7
00-0038555,Tank Bigsby,RB,2025,17,16,1.4,5.010522543922735,4.029324324324325,2.6,9.7
00-0038555,Tank Bigsby,RB,2025,18,17,17.1,4.496492856677933,3.4716216216216216,2.5142857142857142,1.4
00-0038558,Darnell Washington,TE,2025,7,6,7.7,5.017041966746987,4.758378378378378,4.4,7.7
00-0038558,Darnell Washington,TE,2025,9,7,6.3,5.716750617935693,5.700521428571429,5.225,7.7
00-0038558,Darnell Washington,TE,2025,10,9,2.0,5.897068510113815,5.8489423815621,5.44,6.3
00-0038558,Darnell Washington,TE,2025,11,10,8.7,5.115486132379208,4.843873873873874,4.866666666666667,2.0
00-0038558,Darnell Washington,TE,2025,12,11,3.2,5.926594529475786,5.899884169884169,5.414285714285715,8.7
00-0038558,Darnell Washington,TE,2025,13,12,5.5,5.325400140946726,5.311233108108108,5.1375,3.2
00-0038558,Darnell Washington,TE,2025,14,13,1.7,5.681215825150353,5.2633998283998285,5.177777777777778,5.5
00-0038558,Darnell Washington,TE,2025,15,14,4.0,5.030333266213134,4.344032818532819,4.83,1.7
00-0038558,Darnell Washington,TE,2025,16,15,3.1,5.217357875986733,4.223318708318708,4.754545454545455,4.0
00-0038558,Darnell Washington,TE,2025,17,16,2.5,5.028655616509522,4.07770592020592,4.616666666666666,3.1
00-0038559,Michael Wilson,WR,2025,4,3,3.0,3.831602977697874,3.1613513513513514,3.1999999999999997,1.0
00-0038559,Michael Wilson,WR,2025,5,4,2.6,4.071378782940696,3.110442857142857,3.15,3.0
00-0038559,Michael Wilson,WR,2025,6,5,6.4,3.850534629687568,2.9677259923175416,3.04,2.6
00-0038559,Michael Wilson,WR,2025,7,6,5.5,4.632003445237464,3.84992277992278,3.6,6.4
00-0038559,Michael Wilson,WR,2025,9,7,7.6,4.844926106457674,4.349517374517374,3.8714285714285714,5.5
00-0038559,Michael Wilson,WR,2025,10,9,5.4,5.458424519781889,4.999013030888031,4.3375,7.6
00-0038559,Michael Wilson,WR,2025,11,10,26.0,5.3978327635443435,5.202417417417417,4.455555555555556,5.4
00-0038559,Michael Wilson,WR,2025,12,11,16.8,8.241519490553834,10.079947876447877,6.61,26.0
00-0038559,Michael Wilson,WR,2025,13,12,5.1,8.458663324353969,11.692167427167426,7.536363636363636,16.8
00-0038559,Michael Wilson,WR,2025,14,13,31.7,7.64936219485727,10.140508365508365,7.333333333333333,5.1
00-0038559,Michael Wilson,WR,2025,15,14,13.9,10.414559533320999,14.976128601128602,9.207692307692307,31.7
00-0038559,Michael Wilson,WR,2025,16,15,12.2,9.391910530023226,14.635482625482625,9.542857142857143,13.9
00-0038559,Michael Wilson,WR,2025,17,16,17.4,9.787370259638372,14.095359073359074,9.72,12.2
00-0038559,Michael Wilson,WR,2025,18,17,18.4,10.03127016649435,14.114942084942083,10.2,17.4
00-0038563,Tre Tucker,WR,2025,4,3,3.2,15.383880810421239,19.197522522522522,17.566666666666666,36.9
00-0038563,Tre Tucker,WR,2025,5,4,9.1,10.820453314514753,13.928849999999999,13.975,3.2
00-0038563,Tre Tucker,WR,2025,6,5,9.5,11.014602657948501,12.56405889884763,13.0,9.1
00-0038563,Tre Tucker,WR,2025,7,6,5.8,9.824067915483969,11.800582368082368,12.416666666666666,9.5
00-0038563,Tre Tucker,WR,2025,9,7,5.3,9.16959248874421,10.31635135135135,11.471428571428572,5.8
00-0038563,Tre Tucker,WR,2025,10,9,4.5,8.604465449700704,9.399111969111969,10.7,5.3
00-0038563,Tre Tucker,WR,2025,11,10,12.7,8.703513196567622,7.33578078078078,10.011111111111111,4.5
00-0038563,Tre Tucker,WR,2025,12,11,4.3,9.569776905000506,8.869911196911197,10.28,12.7
00-0038563,Tre Tucker,WR,2025,13,12,3.5,8.68921848235333,7.891530361530361,9.736363636363636,4.3
00-0038563,Tre Tucker,WR,2025,14,13,3.4,8.360584571401985,6.946335263835264,9.216666666666667,3.5
00-0038563,Tre Tucker,WR,2025,15,14,0.0,7.792450724043352,6.327667062667063,8.769230769230768,3.4
00-0038563,Tre Tucker,WR,2025,16,15,7.4,7.075748705516346,5.107355212355213,8.142857142857142,0.0
00-0038563,Tre Tucker,WR,2025,17,16,7.4,7.661521341854475,5.830214929214929,8.093333333333334,7.4
00-0038563,Tre Tucker,WR,2025,18,17,4.4,7.88015500347543,6.0816891891891895,8.05,7.4
00-0038564,Cameron Latu,TE,2025,7,6,0.0,1.6323203876687105,0.0,0.0,0.0
00-0038564,Cameron Latu,TE,2025,8,7,0.0,1.6634334562781197,0.0,0.0,0.0
00-0038564,Cameron Latu,TE,2025,12,11,0.0,1.7256595934969383,0.0,0.0,0.0
00-0038564,Cameron Latu,TE,2025,13,12,0.0,1.7567726621063475,0.0,0.0,0.0
00-0038564,Cameron Latu,TE,2025,14,13,0.0,1.7878857307157567,0.0,0.0,0.0
00-0038573,Derius Davis,WR,2025,8,7,0.0,1.8560384460085955,0.10949285714285716,0.125,0.0
00-0038573,Derius Davis,WR,2025,9,8,0.0,1.8732608273610674,0.0791933418693982,0.1,0.0
00-0038573,Derius Davis,WR,2025,10,9,0.8,1.8879990510937292,0.05991956241956242,0.08333333333333333,0.0
00-0038573,Derius Davis,WR,2025,11,10,0.0,2.046012038702961,0.23565637065637066,0.18571428571428572,0.8
00-0038573,Derius Davis,WR,2025,13,11,0.0,2.010416568266958,0.18486727799227803,0.1625,0.0
00-0038573,Derius Davis,WR,2025,14,13,0.0,2.0328725185816743,0.13951308451308453,0.14444444444444446,0.0
00-0038576,Charlie Jones,WR,2025,4,3,0.0,1.7521334421872496,0.0,0.0,0.0
00-0038576,Charlie Jones,WR,2025,5,4,0.0,1.7832465107966589,0.0,0.0,0.0
00-0038576,Charlie Jones,WR,2025,6,5,0.0,1.814359579406068,0.0,0.0,0.0
00-0038576,Charlie Jones,WR,2025,7,6,0.0,1.8454726480154773,0.0,0.0,0.0
00-0038576,Charlie Jones,WR,2025,8,7,0.0,1.8765857166248867,0.0,0.0,0.0
00-0038576,Charlie Jones,WR,2025,9,8,6.0,1.907698785234296,0.0,0.0,0.0
00-0038576,Charlie Jones,WR,2025,11,9,0.0,2.7538433280042782,1.4194337194337194,0.6666666666666666,6.0
00-0038576,Charlie Jones,WR,2025,12,11,0.0,2.350879791319153,1.0995752895752897,0.6,0.0
00-0038576,Charlie Jones,WR,2025,13,12,0.0,2.365390712024313,0.8580905580905581,0.5454545454545454,0.0
00-0038576,Charlie Jones,WR,2025,14,13,0.0,2.164405545527207,0.6753861003861004,0.5,0.0
00-0038576,Charlie Jones,WR,2025,15,14,0.0,2.181246303305537,0.5368280368280368,0.46153846153846156,0.0
00-0038589,Josh Whyle,TE,2025,14,13,2.6,3.147855538945025,2.0374774774774775,2.4333333333333336,0.0
00-0038589,Josh Whyle,TE,2025,18,17,0.9,3.0947187254000843,1.9820473751600514,2.24,1.3
00-0038597,Chase Brown,RB,2025,4,3,8.6,7.808069243025164,7.371846846846846,7.866666666666666,4.0
00-0038597,Chase Brown,RB,2025,5,4,8.3,8.146588077634538,7.7913,8.05,8.6
00-0038597,Chase Brown,RB,2025,6,5,7.9,8.22592672941808,7.946862996158771,8.1,8.3
00-0038597,Chase Brown,RB,2025,7,6,11.0,8.362984278142088,7.942232947232948,8.066666666666666,7.9
00-0038597,Chase Brown,RB,2025,8,7,24.0,8.942532017637255,8.557972972972973,8.485714285714286,11.0
00-0038597,Chase Brown,RB,2025,9,8,15.2,11.147371926433483,12.320255791505792,10.425,24.0
00-0038597,Chase Brown,RB,2025,11,9,15.7,11.151929062526602,13.20212784212784,10.955555555555556,15.2
00-0038597,Chase Brown,RB,2025,12,11,14.0,11.664041894534686,13.827314671814669,11.43,15.7
00-0038597,Chase Brown,RB,2025,13,12,14.8,11.397915111543517,13.927929097929098,11.663636363636364,14.0
00-0038597,Chase Brown,RB,2025,14,13,17.0,11.684729869572163,14.205757722007723,11.925,14.8
00-0038597,Chase Brown,RB,2025,15,14,12.5,12.165385379367713,14.807990792990793,12.315384615384616,17.0
00-0038597,Chase Brown,RB,2025,16,15,30.9,12.045847273556697,13.81484555984556,12.32857142857143,12.5
00-0038597,Chase Brown,RB,2025,17,16,27.6,14.152713819093204,17.446846846846846,13.566666666666666,30.9
00-0038597,Chase Brown,RB,2025,18,17,17.0,14.693170123556186,19.482880067567567,14.44375,27.6
00-0038606,Parker Washington,WR,2025,4,3,5.9,5.40142477253988,5.45536036036036,5.166666666666667,5.4
00-0038606,Parker Washington,WR,2025,5,4,8.6,5.825822120766729,5.588271428571429,5.35,5.9
00-0038606,Parker Washington,WR,2025,6,5,3.9,6.360459541195482,6.4301152368758,6.0,8.6
00-0038606,Parker Washington,WR,2025,7,6,8.2,5.847199697075893,5.7616698841698835,5.65,3.9
00-0038606,Parker Washington,WR,2025,9,7,13.0,6.509095310858139,6.564131274131274,6.014285714285714,8.2
00-0038606,Parker Washington,WR,2025,10,9,16.4,7.443686722282359,7.96950530888031,6.8875,13.0
00-0038606,Parker Washington,WR,2025,11,10,3.0,8.615651715538501,10.001733161733162,7.944444444444445,16.4
00-0038606,Parker Washington,WR,2025,12,11,15.6,7.29916489394793,8.408851351351352,7.45,3.0
00-0038606,Parker Washington,WR,2025,13,12,3.1,8.61959128004559,9.999115479115478,8.190909090909091,15.6
00-0038606,Parker Washington,WR,2025,15,13,6.8,7.13045786522254,8.543159588159588,7.766666666666667,3.1
00-0038606,Parker Washington,WR,2025,16,15,23.5,7.534329656582792,8.116670626670627,7.6923076923076925,6.8
00-0038606,Parker Washington,WR,2025,17,16,15.0,9.363084434636766,11.343947876447878,8.821428571428571,23.5
00-0038606,Parker Washington,WR,2025,18,17,17.2,9.478875908851363,11.812245817245817,9.233333333333333,15.0
00-0038608,Kayshon Boutte,WR,2025,4,3,2.3,7.607483333322565,7.818513513513514,8.4,3.8
00-0038608,Kayshon Boutte,WR,2025,5,4,5.8,6.244886573464368,6.047364285714286,6.875,2.3
00-0038608,Kayshon Boutte,WR,2025,6,5,23.8,6.323278807551421,6.0143610755441745,6.66,5.8
00-0038608,Kayshon Boutte,WR,2025,7,6,12.5,9.623791735402888,10.598844916344918,9.516666666666667,23.8
00-0038608,Kayshon Boutte,WR,2025,8,7,15.0,9.49965612711675,10.934111969111969,9.942857142857143,12.5
00-0038608,Kayshon Boutte,WR,2025,9,8,0.0,10.355129178039334,11.972099420849421,10.575,15.0
00-0038608,Kayshon Boutte,WR,2025,13,12,11.5,7.373157349677368,8.013866795366795,8.71,2.5
00-0038608,Kayshon Boutte,WR,2025,15,13,3.5,8.008831108181285,8.930593190593191,8.963636363636363,11.5
00-0038608,Kayshon Boutte,WR,2025,16,15,2.1,7.595344497025026,7.177434041184041,8.508333333333333,3.5
00-0038608,Kayshon Boutte,WR,2025,18,16,3.4,7.302640331670502,5.9303653103653104,8.015384615384615,2.1
00-0038611,Chris Rodriguez Jr.,RB,2025,7,5,7.2,4.619996690704349,3.2821621621621624,3.5,0.7
00-0038611,Chris Rodriguez Jr.,RB,2025,8,7,0.2,5.70981230871987,4.5651214285714286,4.425,7.2
00-0038611,Chris Rodriguez Jr.,RB,2025,9,8,12.5,4.570109654998409,3.3232624839948786,3.58,0.2
00-0038611,Chris Rodriguez Jr.,RB,2025,10,9,7.6,6.582853651526208,5.68501287001287,5.066666666666666,12.5
00-0038611,Chris Rodriguez Jr.,RB,2025,11,10,9.0,6.48349155677143,6.1989382239382245,5.428571428571429,7.6
00-0038611,Chris Rodriguez Jr.,RB,2025,13,11,10.1,7.160819184680966,6.8520222007722005,5.875,9.0
00-0038611,Chris Rodriguez Jr.,RB,2025,14,13,5.2,7.455600847189156,7.789358644358645,6.344444444444444,10.1
00-0038611,Chris Rodriguez Jr.,RB,2025,16,14,13.4,7.030038310091895,7.131735521235521,6.23,5.2
00-0038611,Chris Rodriguez Jr.,RB,2025,18,16,14.8,8.161388284373349,8.763983853983854,6.881818181818182,13.4
00-0038618,Xavier Hutchinson,WR,2025,4,3,2.7,4.58182103548328,3.746666666666667,3.8333333333333335,3.1
00-0038618,Xavier Hutchinson,WR,2025,5,4,15.3,4.35168275146535,3.4097857142857144,3.55,2.7
00-0038618,Xavier Hutchinson,WR,2025,7,5,1.8,6.690855027387473,6.781702944942381,5.9,15.3
00-0038618,Xavier Hutchinson,WR,2025,8,7,15.4,5.403160855431858,5.463883526383526,5.216666666666667,1.8
00-0038618,Xavier Hutchinson,WR,2025,9,8,4.5,7.512800273392177,7.94953667953668,6.671428571428572,15.4
00-0038618,Xavier Hutchinson,WR,2025,11,9,5.7,6.282107515547902,7.203262548262549,6.4,4.5
00-0038618,Xavier Hutchinson,WR,2025,12,11,0.9,6.520339347991223,6.952951522951523,6.322222222222222,5.7
00-0038618,Xavier Hutchinson,WR,2025,13,12,4.9,5.421473322967509,5.661050193050194,5.78,0.9
00-0038618,Xavier Hutchinson,WR,2025,14,13,0.0,5.809904207529102,5.153880308880309,5.7,4.9
00-0038618,Xavier Hutchinson,WR,2025,15,14,2.1,5.045472338934811,4.134580115830116,5.2250000000000005,0.0
00-0038618,Xavier Hutchinson,WR,2025,16,15,0.9,5.355223375392216,3.3472987822987825,4.984615384615385,2.1
00-0038618,Xavier Hutchinson,WR,2025,17,16,3.9,5.00417043936048,2.8641023166023167,4.692857142857143,0.9
00-0038618,Xavier Hutchinson,WR,2025,18,17,10.9,5.354340217223312,3.110621621621622,4.640000000000001,3.9
00-0038619,Andrei Iosivas,WR,2025,6,5,1.0,5.781109320559794,5.770945945945946,5.2,10.7
00-0038619,Andrei Iosivas,WR,2025,7,6,6.4,4.551221086178241,4.196242857142856,4.1499999999999995,1.0
00-0038619,Andrei Iosivas,WR,2025,8,7,0.0,5.338866503276789,4.8179705505761845,4.6,6.4
00-0038619,Andrei Iosivas,WR,2025,9,8,15.5,4.125405324843683,3.5740025740025736,3.8333333333333335,0.0
00-0038619,Andrei Iosivas,WR,2025,11,9,3.5,6.4965476825300925,6.603532818532819,5.5,15.5
00-0038619,Andrei Iosivas,WR,2025,12,11,8.6,5.48218571326893,5.925704633204633,5.25,3.5
00-0038619,Andrei Iosivas,WR,2025,13,12,9.4,6.40444341853503,6.357546117546117,5.622222222222222,8.6
00-0038619,Andrei Iosivas,WR,2025,14,13,2.7,6.475374629244217,7.215366795366795,6.0,9.4
00-0038619,Andrei Iosivas,WR,2025,15,14,0.0,5.882649004126838,6.140096525096525,5.7,2.7
00-0038619,Andrei Iosivas,WR,2025,16,15,2.6,5.198557131938094,4.937572393822394,5.225,0.0
00-0038619,Andrei Iosivas,WR,2025,17,16,6.1,5.2155150120896145,4.058327888327888,5.023076923076923,2.6
00-0038619,Andrei Iosivas,WR,2025,18,17,2.0,5.618759577764564,4.592915057915057,5.1,6.1
00-0038621,DeMario Douglas,WR,2025,5,3,2.7,4.067909094145822,3.0802702702702702,3.4,1.7
00-0038621,DeMario Douglas,WR,2025,6,5,14.6,3.92078533380521,2.96955,3.225,2.7
00-0038621,DeMario Douglas,WR,2025,7,6,3.2,6.325130360982442,6.27309218950064,5.5,14.6
00-0038621,DeMario Douglas,WR,2025,8,7,5.2,5.456199143364204,5.449134491634492,5.116666666666667,3.2
00-0038621,DeMario Douglas,WR,2025,9,8,18.0,5.740928785215661,5.313359073359074,5.128571428571429,5.2
00-0038621,DeMario Douglas,WR,2025,10,9,4.4,7.4747037853046105,8.509457046332047,6.7375,18.0
00-0038621,DeMario Douglas,WR,2025,11,10,4.6,6.523232236688835,7.6907164307164315,6.477777777777778,4.4
00-0038621,DeMario Douglas,WR,2025,12,11,5.6,6.487004990366031,7.083469111969112,6.29,4.6
00-0038621,DeMario Douglas,WR,2025,13,12,4.8,6.195520093869062,6.434371709371709,6.2272727272727275,5.6
00-0038621,DeMario Douglas,WR,2025,15,13,0.5,6.138889704101958,6.165329794079795,6.108333333333333,4.8
00-0038621,DeMario Douglas,WR,2025,16,15,1.1,5.500910518217826,4.923370953370953,5.676923076923077,0.5
00-0038621,DeMario Douglas,WR,2025,17,16,1.5,5.524020247702553,3.6589864864864863,5.35,1.1
00-0038621,DeMario Douglas,WR,2025,18,17,3.9,5.320692135733491,3.264249678249678,5.093333333333334,1.5
00-0038640,Jalen Brooks,WR,2025,16,15,0.0,3.3147949651900728,2.33,2.2,2.4
00-0038640,Jalen Brooks,WR,2025,18,16,0.0,2.873852665251316,1.5669857142857142,1.65,0.0
00-0038643,Brayden Willis,TE,2025,5,4,0.0,1.6323203876687105,0.0,0.0,0.0
00-0038643,Brayden Willis,TE,2025,6,5,0.0,1.6634334562781197,0.0,0.0,0.0
00-0038679,Tyrell Shavers,WR,2025,5,4,0.0,2.4322385421465795,1.1134234234234233,1.1333333333333333,0.0
00-0038679,Tyrell Shavers,WR,2025,6,5,4.2,2.3133015197476188,0.7521285714285715,0.85,0.0
00-0038679,Tyrell Shavers,WR,2025,10,9,2.9,2.8560807128236956,1.585920205920206,1.4666666666666668,1.2
00-0038679,Tyrell Shavers,WR,2025,11,10,17.0,3.2197316971171945,1.9627220077220078,1.6714285714285715,2.9
00-0038679,Tyrell Shavers,WR,2025,16,14,2.6,4.387748796325057,4.818627198627199,3.422222222222222,2.1
00-0038679,Tyrell Shavers,WR,2025,17,16,4.6,4.439648527220532,4.3986138996139,3.34,2.6
00-0038685,Chris Brooks,RB,2025,4,3,0.6,3.3154140832734713,1.5952252252252257,1.6666666666666667,0.0
00-0038685,Chris Brooks,RB,2025,6,4,0.1,3.241638051462052,1.274457142857143,1.4000000000000001,0.6
00-0038685,Chris Brooks,RB,2025,7,6,0.0,2.949608551876516,0.9476299615877081,1.1400000000000001,0.1
00-0038685,Chris Brooks,RB,2025,8,7,0.0,2.871559501144123,0.7142760617760618,0.9500000000000001,0.0
00-0038685,Chris Brooks,RB,2025,9,8,3.4,2.8021666667332563,0.5431853281853282,0.8142857142857143,0.0
00-0038685,Chris Brooks,RB,2025,10,9,0.0,3.3749031743479057,1.116117277992278,1.1375,3.4
00-0038685,Chris Brooks,RB,2025,11,10,0.8,3.1047732366038994,0.8923830973830973,1.011111111111111,0.0
00-0038685,Chris Brooks,RB,2025,12,11,3.1,3.2066429717490523,0.887407335907336,0.99,0.8
00-0038685,Chris Brooks,RB,2025,13,12,1.9,3.4544643032380336,1.4286170586170588,1.1818181818181819,3.1
00-0038685,Chris Brooks,RB,2025,14,13,1.1,3.5052761843800124,1.5714173101673101,1.2416666666666667,1.9
00-0038685,Chris Brooks,RB,2025,15,14,2.1,3.5000866577137875,1.500846450846451,1.2307692307692308,1.1
00-0038685,Chris Brooks,RB,2025,16,15,0.4,3.615868414179393,1.550569498069498,1.292857142857143,2.1
00-0038685,Chris Brooks,RB,2025,17,16,1.6,3.459075986329322,1.3342921492921493,1.2333333333333334,0.4
00-0038685,Chris Brooks,RB,2025,18,17,6.1,3.6051662630327583,1.4048033301158303,1.25625,1.6
00-0038705,Emari Demercado,RB,2025,5,4,6.1,4.676400495195177,3.6195045045045044,3.033333333333333,9.1
00-0038705,Emari Demercado,RB,2025,6,5,0.1,5.186805544115091,4.402457142857143,3.8,6.1
00-0038705,Emari Demercado,RB,2025,10,9,11.9,5.455444649776279,4.469485199485199,3.933333333333333,8.3
00-0038705,Emari Demercado,RB,2025,11,10,3.0,6.508625482649362,6.447046332046332,5.071428571428571,11.9
00-0038705,Emari Demercado,RB,2025,16,15,3.0,5.400924703325386,4.510096525096525,4.4,1.1
00-0038705,Emari Demercado,RB,2025,17,16,3.0,5.180630628740307,4.097003861003861,4.26,3.0
00-0038705,Emari Demercado,RB,2025,18,17,6.2,5.169678237425642,3.99494383994384,4.1454545454545455,3.0
00-0038710,Blake Whiteheart,TE,2025,7,6,0.9,1.7641425608667674,0.19887387387387387,0.16666666666666666,0.5
00-0038710,Blake Whiteheart,TE,2025,14,13,0.0,1.8721085699091444,0.22344272844272844,0.23333333333333334,0.0
00-0038710,Blake Whiteheart,TE,2025,18,17,0.0,1.8698444221189174,0.14099903474903475,0.175,0.0
00-0038720,Julian Hill,TE,2025,5,4,4.2,2.974030385529041,1.798873873873874,1.7666666666666666,2.4
00-0038720,Julian Hill,TE,2025,6,5,4.6,3.513540820272036,2.5784499999999997,2.375,4.2
00-0038720,Julian Hill,TE,2025,7,6,0.6,3.9425137248832036,3.141571062740077,2.82,4.6
00-0038720,Julian Hill,TE,2025,13,11,0.0,3.428020964539971,2.3486679536679533,2.3714285714285714,1.9
00-0038720,Julian Hill,TE,2025,15,13,3.5,2.9950670854658648,1.8335859073359073,2.075,0.0
00-0038720,Julian Hill,TE,2025,17,15,2.1,3.443213966456959,2.2196203346203345,2.2333333333333334,3.5
00-0038720,Julian Hill,TE,2025,18,17,1.3,3.3951701556543563,2.1228301158301157,2.2199999999999998,2.1
00-0038738,Hunter Luepke,RB,2025,6,5,7.7,2.816834323974584,0.7931081081081081,0.7,1.5
00-0038738,Hunter Luepke,RB,2025,7,6,0.8,4.374822306049553,3.035557142857143,2.45,7.7
00-0038738,Hunter Luepke,RB,2025,8,7,0.2,3.7856360842410113,2.376571062740077,2.12,0.8
00-0038738,Hunter Luepke,RB,2025,9,8,0.0,3.5719308780586903,1.8069884169884172,1.8,0.2
00-0038738,Hunter Luepke,RB,2025,11,9,5.6,3.171734127615658,1.422741312741313,1.542857142857143,0.0
00-0038738,Hunter Luepke,RB,2025,12,11,1.2,3.9990516091876342,2.465472972972973,2.05,5.6
00-0038738,Hunter Luepke,RB,2025,14,12,0.0,3.720543330782688,2.179869154869155,1.9555555555555555,1.2
00-0038738,Hunter Luepke,RB,2025,15,14,4.0,3.6606883852028216,1.4666563706563707,1.76,0.0
00-0038738,Hunter Luepke,RB,2025,16,15,1.9,3.982044918316817,2.087851877851878,1.9636363636363636,4.0
00-0038738,Hunter Luepke,RB,2025,17,16,4.9,3.8960344033983536,2.1044128056628058,1.9583333333333333,1.9
00-0038738,Hunter Luepke,RB,2025,18,17,2.1,4.407838014656216,2.7975111375111377,2.1846153846153844,4.9
00-0038783,Nate Adkins,TE,2025,7,6,3.0,4.456139824899547,4.111216216216217,3.6,9.3
00-0038783,Nate Adkins,TE,2025,8,7,0.0,4.07104885041247,3.729128571428572,3.45,3.0
00-0038794,Jaleel McLaughlin,RB,2025,14,13,3.6,4.918508361221911,3.9791891891891895,3.8000000000000003,3.5
00-0038794,Jaleel McLaughlin,RB,2025,15,14,0.4,5.091915594858574,3.848614285714286,3.75,3.6
00-0038794,Jaleel McLaughlin,RB,2025,16,15,3.7,4.263181755968893,2.8680384122919333,3.08,0.4
00-0038794,Jaleel McLaughlin,RB,2025,17,16,4.0,4.595918584630656,3.091232303732304,3.1833333333333336,3.7
00-0038794,Jaleel McLaughlin,RB,2025,18,17,6.3,4.739564195202668,3.428532818532819,3.3000000000000003,4.0
00-0038797,Emanuel Wilson,RB,2025,4,3,9.6,3.035535193106045,1.1042792792792793,0.9666666666666667,2.5
00-0038797,Emanuel Wilson,RB,2025,6,4,1.2,4.919621070129261,3.8616357142857143,3.125,9.6
00-0038797,Emanuel Wilson,RB,2025,7,6,2.0,4.241349734708975,3.075286811779769,2.7399999999999998,1.2
00-0038797,Emanuel Wilson,RB,2025,8,7,10.2,4.27082660782255,2.7838642213642215,2.6166666666666667,2.0
00-0038797,Emanuel Wilson,RB,2025,9,8,2.2,5.400836777623445,4.698320463320464,3.6999999999999997,10.2
00-0038797,Emanuel Wilson,RB,2025,10,9,0.9,4.848581873889584,4.216768822393822,3.5124999999999997,2.2
00-0038797,Emanuel Wilson,RB,2025,11,10,13.4,4.606494697170834,3.4582797082797083,3.2222222222222223,0.9
00-0038797,Emanuel Wilson,RB,2025,12,11,25.5,6.062129959631537,5.543073359073359,4.24,13.4
00-0038797,Emanuel Wilson,RB,2025,13,12,1.4,8.433546752778764,10.203466128466129,6.172727272727273,25.5
00-0038797,Emanuel Wilson,RB,2025,14,13,1.0,6.701002237199201,8.25989864864865,5.775,1.4
00-0038797,Emanuel Wilson,RB,2025,15,14,0.3,6.134446423077447,6.410491535491536,5.407692307692308,1.0
00-0038797,Emanuel Wilson,RB,2025,16,15,8.2,5.054955822402658,5.1352509652509655,5.042857142857143,0.3
00-0038797,Emanuel Wilson,RB,2025,17,16,2.9,5.97903536513596,5.955693693693695,5.253333333333333,8.2
00-0038797,Emanuel Wilson,RB,2025,18,17,5.3,5.702421939898916,4.976782094594594,5.10625,2.9
00-0038824,Ryan Miller,WR,2025,7,6,1.9,3.1083840331740604,1.8803214285714285,2.125,0.0
00-0038824,Ryan Miller,WR,2025,11,10,0.0,2.747114235862081,1.4200257400257401,1.7333333333333334,0.0
00-0038824,Ryan Miller,WR,2025,13,11,0.0,2.6376440264221617,1.130019305019305,1.4857142857142858,0.0
00-0038824,Ryan Miller,WR,2025,14,13,0.0,2.6735809396210657,0.6134555984555984,1.3,0.0
00-0038839,Mitchell Tinsley,WR,2025,13,12,3.2,5.340256835076491,4.875250960307298,4.46,9.9
00-0038839,Mitchell Tinsley,WR,2025,15,13,2.1,4.888528136958435,4.426380308880309,4.25,3.2
00-0038839,Mitchell Tinsley,WR,2025,16,15,0.0,4.678662561398911,3.7248648648648652,3.942857142857143,2.1
00-0038840,Brycen Tremayne,WR,2025,4,3,5.1,3.772031220169258,3.0574774774774776,2.933333333333333,2.5
00-0038840,Brycen Tremayne,WR,2025,5,4,1.4,4.483329626048824,3.7167071428571425,3.4749999999999996,5.1
00-0038840,Brycen Tremayne,WR,2025,7,5,0.0,3.8667032830065273,3.050129321382842,3.06,1.4
00-0038840,Brycen Tremayne,WR,2025,8,7,0.0,3.43033150597464,2.269720077220077,2.55,0.0
00-0038840,Brycen Tremayne,WR,2025,9,8,1.3,3.0740283639563497,1.7979150579150578,2.1857142857142855,0.0
00-0038840,Brycen Tremayne,WR,2025,11,9,2.7,3.182596003123435,1.5362693050193048,2.0749999999999997,1.3
00-0038840,Brycen Tremayne,WR,2025,12,11,0.0,3.431565170334654,1.8038567138567139,2.1444444444444444,2.7
00-0038840,Brycen Tremayne,WR,2025,13,12,0.0,3.2239975256095423,1.2860405405405406,1.93,0.0
00-0038840,Brycen Tremayne,WR,2025,15,13,0.0,3.111973400141323,1.0227395577395577,1.7545454545454544,0.0
00-0038840,Brycen Tremayne,WR,2025,16,15,0.0,2.961083941603045,0.8694031531531532,1.6083333333333334,0.0
00-0038840,Brycen Tremayne,WR,2025,17,16,0.0,2.919937395642632,0.7494802494802495,1.4846153846153847,0.0
00-0038840,Brycen Tremayne,WR,2025,18,17,3.7,2.8934111750824236,0.6091602316602316,1.3785714285714286,0.0
00-0038896,Jacob Saylors,RB,2025,4,3,1.1,2.2772369429905472,0.0,0.0,0.0
00-0038896,Jacob Saylors,RB,2025,5,4,0.0,2.5468120928261553,0.3577357142857143,0.275,1.1
00-0038896,Jacob Saylors,RB,2025,7,5,0.0,2.476096327251437,0.25277464788732396,0.22000000000000003,0.0
00-0038896,Jacob Saylors,RB,2025,9,7,0.0,2.4902209773843444,0.186483268983269,0.18333333333333335,0.0
00-0038896,Jacob Saylors,RB,2025,11,9,0.0,2.467458382236055,0.14673745173745176,0.15714285714285717,0.0
00-0038896,Jacob Saylors,RB,2025,12,11,0.0,2.4879697626287904,0.1169280888030888,0.1375,0.0
00-0038896,Jacob Saylors,RB,2025,14,12,0.0,2.5107855441667972,0.09438009438009438,0.12222222222222223,0.0
00-0038896,Jacob Saylors,RB,2025,16,14,0.0,2.564786238490209,0.0385,0.11000000000000001,0.0
00-0038933,Dalton Kincaid,TE,2025,4,3,9.3,10.132728085693367,11.389729729729728,11.2,15.1
00-0038933,Dalton Kincaid,TE,2025,5,4,13.8,9.404772794108723,10.702435714285714,10.725,9.3
00-0038933,Dalton Kincaid,TE,2025,9,8,19.1,8.38340235487295,9.320794723294725,9.916666666666668,2.8
00-0038933,Dalton Kincaid,TE,2025,10,9,4.7,10.505151558496783,11.64287644787645,11.22857142857143,19.1
00-0038933,Dalton Kincaid,TE,2025,15,14,4.9,9.775860855371453,10.455617760617761,10.6,12.1
00-0038933,Dalton Kincaid,TE,2025,16,15,0.0,8.494474314678365,9.21115637065637,10.030000000000001,4.9
00-0038933,Dalton Kincaid,TE,2025,18,16,6.3,7.555921721109975,6.981325026325026,9.118181818181819,0.0
00-0038935,Brenton Strange,TE,2025,4,3,7.5,6.735871607398402,6.838153153153153,6.733333333333333,9.1
00-0038935,Brenton Strange,TE,2025,5,4,2.7,6.7719811879931475,7.049149999999999,6.925,7.5
00-0038935,Brenton Strange,TE,2025,13,12,12.0,7.19580550640598,7.358288288288287,7.033333333333333,11.8
00-0038935,Brenton Strange,TE,2025,14,13,4.2,7.750043288204421,8.476718146718149,7.742857142857143,12.0
00-0038935,Brenton Strange,TE,2025,15,14,3.1,7.084750319328981,7.597722007722007,7.3,4.2
00-0038935,Brenton Strange,TE,2025,16,15,12.4,6.485257742963772,6.466357786357787,6.833333333333334,3.1
00-0038935,Brenton Strange,TE,2025,17,16,6.9,7.399838562183291,7.829916988416988,7.390000000000001,12.4
00-0038935,Brenton Strange,TE,2025,18,17,14.2,7.158169109598291,7.772492102492103,7.345454545454546,6.9
00-0038938,Jalin Hyatt,WR,2025,9,7,0.0,2.3922323597960315,1.0479279279279279,1.0666666666666667,0.0
00-0038938,Jalin Hyatt,WR,2025,11,9,2.8,2.2821218133387386,0.7078857142857142,0.8,0.0
00-0038951,Sean Tucker,RB,2025,4,3,0.0,2.3180957054917624,0.054954954954954956,0.06666666666666667,0.0
00-0038951,Sean Tucker,RB,2025,5,4,1.4,2.3328450284243605,0.03755714285714286,0.05,0.0
00-0038951,Sean Tucker,RB,2025,6,5,8.5,2.6295546471402966,0.4237669654289372,0.32,1.4
00-0038951,Sean Tucker,RB,2025,7,6,1.1,4.0318996253891575,2.4864253539253536,1.6833333333333333,8.5
00-0038951,Sean Tucker,RB,2025,8,7,10.2,3.5619569691519843,2.193359073359073,1.6,1.1
00-0038951,Sean Tucker,RB,2025,10,8,5.6,5.019673473692597,4.177639961389961,2.675,10.2
00-0038951,Sean Tucker,RB,2025,11,10,33.0,4.827271313859707,4.588069498069498,3.0,5.6
00-0038951,Sean Tucker,RB,2025,12,11,5.1,8.908343237046587,11.277104247104248,6.0,33.0
00-0038951,Sean Tucker,RB,2025,13,12,0.0,6.904253634744236,9.913120393120394,5.918181818181818,5.1
00-0038951,Sean Tucker,RB,2025,14,13,8.9,6.201974151784265,7.4810086872586865,5.425,0.0
00-0038951,Sean Tucker,RB,2025,15,14,6.7,6.159559353542409,7.89968220968221,5.6923076923076925,8.9
00-0038951,Sean Tucker,RB,2025,16,15,6.3,6.176910145752732,7.413638996138997,5.764285714285714,6.7
00-0038951,Sean Tucker,RB,2025,17,16,0.8,6.45769472008804,7.125482625482626,5.8,6.3
00-0038951,Sean Tucker,RB,2025,18,17,-0.4,6.280767367139193,4.739331563706564,5.4875,0.8
00-0038953,Dylan Drummond,WR,2025,15,14,0.0,3.688743100462135,2.6006306306306306,2.5666666666666664,3.6
00-0038953,Dylan Drummond,WR,2025,17,15,0.0,2.975271490729024,1.7534928571428572,1.925,0.0
00-0038953,Dylan Drummond,WR,2025,18,17,0.0,2.7597088813288186,1.264819462227913,1.54,0.0
00-0038976,Marvin Mims Jr.,WR,2025,4,3,17.5,4.5808158046789105,4.178153153153153,4.333333333333334,0.9
00-0038976,Marvin Mims Jr.,WR,2025,5,4,2.9,7.94170427915515,8.516892857142857,7.625,17.5
00-0038976,Marvin Mims Jr.,WR,2025,6,5,3.8,6.257219308483899,6.887084507042253,6.68,2.9
00-0038976,Marvin Mims Jr.,WR,2025,7,6,12.8,6.230124431252623,6.086776061776062,6.2,3.8
00-0038976,Marvin Mims Jr.,WR,2025,8,7,1.8,7.181990440378808,7.872934362934362,7.142857142857143,12.8
00-0038976,Marvin Mims Jr.,WR,2025,13,11,2.7,5.494186672229767,5.071199056199056,5.777777777777778,0.2
00-0038976,Marvin Mims Jr.,WR,2025,14,13,7.2,5.3542646666305815,4.11926833976834,5.47,2.7
00-0038976,Marvin Mims Jr.,WR,2025,15,14,5.7,5.92237936616282,4.94441031941032,5.627272727272727,7.2
00-0038976,Marvin Mims Jr.,WR,2025,16,15,4.4,6.0326924879511195,5.195913770913771,5.633333333333334,5.7
00-0038976,Marvin Mims Jr.,WR,2025,17,16,2.5,6.123178718182529,4.776106326106326,5.538461538461538,4.4
00-0038976,Marvin Mims Jr.,WR,2025,18,17,2.0,5.742821975666037,4.42161196911197,5.321428571428571,2.5
00-0038979,Cedric Tillman,WR,2025,4,3,1.1,8.040680105799552,8.407972972972972,9.0,4.1
00-0038979,Cedric Tillman,WR,2025,11,10,6.7,5.516191589631602,4.979076824583867,6.04,2.1
00-0038979,Cedric Tillman,WR,2025,12,11,1.0,6.019321530786723,5.470704633204633,6.1499999999999995,6.7
00-0038979,Cedric Tillman,WR,2025,13,12,0.0,5.359085632170669,4.099324324324324,5.414285714285714,1.0
00-0038979,Cedric Tillman,WR,2025,14,13,2.8,4.936367525945391,2.9876809845559844,4.7375,0.0
00-0038979,Cedric Tillman,WR,2025,16,14,1.3,4.884561696525139,2.989206349206349,4.522222222222222,2.8
00-0038979,Cedric Tillman,WR,2025,17,16,4.7,4.630108400584507,2.743108108108108,4.2,1.3
00-0038979,Cedric Tillman,WR,2025,18,17,2.8,5.0411530876732575,3.2959670059670056,4.245454545454545,4.7
00-0038994,Jordan Addison,WR,2025,8,7,10.1,12.75627336939154,14.689234234234235,14.433333333333334,17.3
00-0038994,Jordan Addison,WR,2025,9,8,7.4,11.538771084556135,13.186385714285715,13.35,10.1
00-0038994,Jordan Addison,WR,2025,10,9,5.0,10.491139403892578,11.555807938540333,12.16,7.4
00-0038994,Jordan Addison,WR,2025,11,10,9.0,9.208040823086064,9.90648005148005,10.966666666666667,5.0
00-0038994,Jordan Addison,WR,2025,12,11,0.0,9.322500795371289,9.598803088803088,10.685714285714285,9.0
00-0038994,Jordan Addison,WR,2025,13,12,6.1,7.684639391631496,7.223291505791506,9.35,0.0
00-0038994,Jordan Addison,WR,2025,14,13,8.2,8.10806145079348,6.706400686400686,8.988888888888889,6.1
00-0038994,Jordan Addison,WR,2025,15,14,7.6,8.195314966046537,7.054368725868726,8.91,8.2
00-0038994,Jordan Addison,WR,2025,16,15,3.6,8.361911273438293,7.270756405756405,8.790909090909091,7.6
00-0038994,Jordan Addison,WR,2025,17,16,12.5,7.7849134860830365,6.606613577863577,8.358333333333333,3.6
00-0038994,Jordan Addison,WR,2025,18,17,1.3,8.639625983872783,7.952212652212652,8.676923076923076,12.5
00-0038996,Tucker Kraft,TE,2025,4,3,8.1,9.48295020934809,11.203603603603604,11.566666666666666,4.4
00-0038996,Tucker Kraft,TE,2025,6,4,11.3,9.298558947626464,10.208971428571429,10.7,8.1
00-0038996,Tucker Kraft,TE,2025,7,6,14.3,9.282617236339403,10.53975928297055,10.82,11.3
00-0038996,Tucker Kraft,TE,2025,8,7,29.8,10.206602686377968,11.515926640926642,11.4,14.3
00-0038996,Tucker Kraft,TE,2025,9,8,3.0,13.26286200522713,16.13227799227799,14.028571428571428,29.8
00-0038997,Josh Downs,WR,2025,4,3,4.4,5.272057166939486,5.007162162162163,4.9,4.4
00-0038997,Josh Downs,WR,2025,5,4,8.4,5.336503759616702,4.805364285714285,4.775,4.4
00-0038997,Josh Downs,WR,2025,6,5,13.2,6.036494042921384,5.82150448143406,5.5,8.4
00-0038997,Josh Downs,WR,2025,8,6,11.4,7.338261103181841,7.695054697554698,6.783333333333333,13.2
00-0038997,Josh Downs,WR,2025,9,8,14.7,7.868957713160634,8.771853281853282,7.442857142857143,11.4
00-0038997,Josh Downs,WR,2025,10,9,0.8,8.79504670866373,10.168600386100387,8.35,14.7
00-0038997,Josh Downs,WR,2025,12,10,2.0,6.9727339205903345,8.066803946803947,7.511111111111111,0.8
00-0038997,Josh Downs,WR,2025,13,12,5.4,6.461089622894386,6.754996138996139,6.96,2.0
00-0038997,Josh Downs,WR,2025,14,13,4.3,6.319202785824329,6.397560547560548,6.818181818181818,5.4
00-0038997,Josh Downs,WR,2025,15,14,8.8,6.346249276871767,5.706932110682111,6.608333333333333,4.3
00-0038997,Josh Downs,WR,2025,16,15,9.3,7.024654486450839,6.255957825957825,6.776923076923077,8.8
00-0038997,Josh Downs,WR,2025,17,16,4.4,7.4131392622306835,6.669285714285715,6.957142857142857,9.3
00-0038997,Josh Downs,WR,2025,18,17,7.6,7.055477136260626,6.3927078507078505,6.786666666666667,4.4
00-0039021,Roschon Johnson,RB,2025,6,4,0.6,2.2772369429905472,0.0,0.0,0.0
00-0039021,Roschon Johnson,RB,2025,7,6,1.1,2.438420237723338,0.19512857142857143,0.15,0.6
00-0039032,Tyjae Spears,RB,2025,8,7,15.7,5.683716956219571,4.864639639639639,4.633333333333333,5.5
00-0039032,Tyjae Spears,RB,2025,9,8,7.7,8.303184408046143,8.379085714285715,7.3999999999999995,15.7
00-0039032,Tyjae Spears,RB,2025,11,9,5.9,7.8994686758904304,8.143074263764404,7.46,7.7
00-0039032,Tyjae Spears,RB,2025,12,11,4.5,7.720841720553882,7.5359459459459455,7.2,5.9
00-0039032,Tyjae Spears,RB,2025,13,12,5.4,7.076705588479721,6.987277992277992,6.814285714285714,4.5
00-0039032,Tyjae Spears,RB,2025,14,13,5.7,6.995296578346842,6.596040057915058,6.6375,5.4
00-0039032,Tyjae Spears,RB,2025,15,14,4.6,6.985885446851997,6.42463963963964,6.533333333333333,5.7
00-0039032,Tyjae Spears,RB,2025,16,15,19.0,7.053192080860585,5.679444015444015,6.34,4.6
00-0039032,Tyjae Spears,RB,2025,17,16,0.6,8.826722202971931,8.702223587223587,7.490909090909091,19.0
00-0039032,Tyjae Spears,RB,2025,18,17,6.2,7.124633119954412,6.8921653796653795,6.916666666666667,0.6
00-0039040,De'Von Achane,RB,2025,4,3,16.6,14.356430943486988,16.403243243243246,16.6,12.6
00-0039040,De'Von Achane,RB,2025,5,4,13.6,14.751997458155438,16.4752,16.6,16.6
00-0039040,De'Von Achane,RB,2025,6,5,29.0,13.94227992661076,15.666927016645326,16.0,13.6
00-0039040,De'Von Achane,RB,2025,7,6,11.3,16.638409219421906,19.096441441441442,18.166666666666668,29.0
00-0039040,De'Von Achane,RB,2025,8,7,17.6,14.717677902125784,17.27465250965251,17.185714285714287,11.3
00-0039040,De'Von Achane,RB,2025,9,8,13.6,15.394496701197022,17.176020752895752,17.2375,17.6
00-0039040,De'Von Achane,RB,2025,10,9,37.5,14.386427025154088,16.49402187902188,16.833333333333332,13.6
00-0039040,De'Von Achane,RB,2025,11,10,19.0,17.747930762071068,21.39584942084942,18.9,37.5
00-0039040,De'Von Achane,RB,2025,13,11,19.4,16.61565792076608,20.981309231309233,18.90909090909091,19.0
00-0039040,De'Von Achane,RB,2025,14,13,17.0,17.01580370934942,20.219584942084943,18.95,19.4
00-0039040,De'Von Achane,RB,2025,15,14,15.7,16.125783336164808,19.733359073359075,18.8,17.0
00-0039040,De'Von Achane,RB,2025,16,15,16.5,15.86207831255502,18.85192084942085,18.57857142857143,15.7
00-0039040,De'Von Achane,RB,2025,17,16,12.7,15.80300106323542,18.49934749034749,18.44,16.5
00-0039041,Elijah Higgins,TE,2025,4,3,0.0,3.3031899526429522,2.4982432432432438,2.5,1.2
00-0039041,Elijah Higgins,TE,2025,5,4,2.0,2.873301814052349,1.6858499999999998,1.875,0.0
00-0039041,Elijah Higgins,TE,2025,6,5,4.4,2.9397711292789763,1.7832330345710625,1.9,2.0
00-0039041,Elijah Higgins,TE,2025,7,6,0.8,3.469899577943669,2.4587870012870012,2.316666666666667,4.4
00-0039041,Elijah Higgins,TE,2025,9,7,4.5,3.1658513382030624,2.100965250965251,2.1,0.8
00-0039041,Elijah Higgins,TE,2025,10,9,2.9,3.721305219984227,2.5605405405405404,2.4,4.5
00-0039041,Elijah Higgins,TE,2025,11,10,0.09999999999999998,3.6170044634162313,2.680911625911626,2.4555555555555557,2.9
00-0039041,Elijah Higgins,TE,2025,12,11,0.0,3.316182885470072,2.162868725868726,2.22,0.09999999999999998
00-0039041,Elijah Higgins,TE,2025,13,12,2.7,3.068060073446433,1.6753983853983851,2.018181818181818,0.0
00-0039041,Elijah Higgins,TE,2025,14,13,0.5,3.3202086696807234,1.831964285714286,2.075,2.7
00-0039041,Elijah Higgins,TE,2025,15,14,0.8,3.1508925706028994,1.583826848826849,1.9538461538461538,0.5
00-0039041,Elijah Higgins,TE,2025,16,15,12.6,3.230182368886514,1.3298069498069496,1.8714285714285714,0.8
00-0039041,Elijah Higgins,TE,2025,17,16,0.0,4.497936319043518,3.800217503217503,2.586666666666667,12.6
00-0039041,Elijah Higgins,TE,2025,18,17,4.3,3.593486615912852,3.0163947876447876,2.425,0.0
00-0039050,Payne Durham,TE,2025,5,4,0.0,1.6323203876687105,0.0,0.0,0.0
00-0039050,Payne Durham,TE,2025,14,13,0.0,1.9993712716438368,0.40962676962676964,0.26666666666666666,1.6
00-0039062,Jonathan Mingo,WR,2025,17,16,0.0,2.352226177445483,0.9824324324324325,1.0,0.0
00-0039062,Jonathan Mingo,WR,2025,18,17,0.0,2.250942106929859,0.6636428571428571,0.75,0.0
00-0039064,Zay Flowers,WR,2025,4,3,10.9,10.239028269572303,11.407522522522523,12.766666666666667,2.3
00-0039064,Zay Flowers,WR,2025,5,4,9.7,10.147426572891737,11.297514285714286,12.3,10.9
00-0039064,Zay Flowers,WR,2025,6,5,5.6,9.7718745947535,10.890157490396927,11.780000000000001,9.7
00-0039064,Zay Flowers,WR,2025,8,6,10.6,9.077064340329827,9.578600386100387,10.75,5.6
00-0039064,Zay Flowers,WR,2025,9,8,8.9,9.682724588769483,9.34700772200772,10.728571428571428,10.6
00-0039064,Zay Flowers,WR,2025,10,9,10.1,9.441654287934792,9.227297297297298,10.5,8.9
00-0039064,Zay Flowers,WR,2025,11,10,9.8,9.732245543340056,9.739347919347919,10.455555555555556,10.1
00-0039064,Zay Flowers,WR,2025,12,11,9.4,9.677243382791138,9.75022586872587,10.39,9.8
00-0039064,Zay Flowers,WR,2025,13,12,-0.3999999999999999,9.643454663337373,9.707239382239383,10.3,9.4
00-0039064,Zay Flowers,WR,2025,14,13,16.6,8.055348544307398,7.593495817245817,9.408333333333333,-0.3999999999999999
00-0039064,Zay Flowers,WR,2025,15,14,14.3,9.638786412833753,9.62057321057321,9.961538461538462,16.6
00-0039064,Zay Flowers,WR,2025,16,15,17.7,9.78127202443342,10.70926640926641,10.271428571428572,14.3
00-0039064,Zay Flowers,WR,2025,17,16,11.0,10.858198830815887,12.247676962676962,10.766666666666667,17.7
00-0039064,Zay Flowers,WR,2025,18,17,27.8,10.257412944476076,11.9626652992278,10.78125,11.0
00-0039065,Sam LaPorta,TE,2025,4,3,5.4,6.503025838506434,6.445765765765765,6.766666666666667,5.3
00-0039065,Sam LaPorta,TE,2025,5,4,17.7,6.163764873526637,6.118664285714287,6.425,5.4
00-0039065,Sam LaPorta,TE,2025,6,5,14.0,8.607725448361041,9.410580025608194,8.68,17.7
00-0039065,Sam LaPorta,TE,2025,7,6,3.0,9.194388438394464,10.55039897039897,9.566666666666666,14.0
00-0039065,Sam LaPorta,TE,2025,9,7,18.7,7.8788642660878905,8.631100386100385,8.628571428571428,3.0
00-0039065,Sam LaPorta,TE,2025,10,9,7.8,9.607378764068482,11.221377895752894,9.8875,18.7
00-0039066,Michael Mayer,TE,2025,7,6,1.5,5.855088646443053,5.899857142857142,5.3,13.5
00-0039066,Michael Mayer,TE,2025,9,7,4.1,4.659186134417213,4.627604353393085,4.54,1.5
00-0039066,Michael Mayer,TE,2025,10,9,3.7,5.008489427024127,4.488314028314028,4.466666666666667,4.1
00-0039066,Michael Mayer,TE,2025,11,10,2.8,4.6072070789258035,4.246100386100386,4.357142857142857,3.7
00-0039066,Michael Mayer,TE,2025,12,11,1.9,4.51921215175512,3.984365347490347,4.1625,2.8
00-0039066,Michael Mayer,TE,2025,16,15,1.5,4.0632937775393065,2.4604362934362936,3.52,0.0
00-0039066,Michael Mayer,TE,2025,17,16,13.4,4.040056905394386,2.3328044928044926,3.3363636363636364,1.5
00-0039066,Michael Mayer,TE,2025,18,17,6.2,5.469147046986528,4.839763513513514,4.175,13.4
00-0039067,Rashee Rice,WR,2025,11,9,6.8,15.978476340170438,18.892702702702703,19.1,16.6
00-0039067,Rashee Rice,WR,2025,12,11,20.1,12.904925238167278,14.968378571428572,16.025,6.8
00-0039067,Rashee Rice,WR,2025,13,12,25.4,14.264874355535035,16.468193341869398,16.84,20.1
00-0039067,Rashee Rice,WR,2025,14,13,5.4,15.706909173269755,18.772773487773488,18.266666666666666,25.4
00-0039067,Rashee Rice,WR,2025,15,14,8.6,13.249867372196276,15.40895752895753,16.428571428571427,5.4
00-0039074,Davis Allen,TE,2025,4,3,0.5,5.1749851875696375,4.8520270270270265,5.3,0.8
00-0039074,Davis Allen,TE,2025,5,4,3.4,4.22234919030892,3.454828571428571,4.1,0.5
00-0039074,Davis Allen,TE,2025,6,5,1.2,4.242441167299422,3.468163892445582,3.96,3.4
00-0039074,Davis Allen,TE,2025,7,6,0.9,3.881648689676542,2.9111389961389955,3.5,1.2
00-0039074,Davis Allen,TE,2025,9,7,5.2,3.7517847444646626,2.2630888030888032,3.1285714285714286,0.9
00-0039074,Davis Allen,TE,2025,10,9,7.8,4.315946977006127,2.832806467181467,3.3875,5.2
00-0039074,Davis Allen,TE,2025,12,10,4.4,4.928119664211486,4.106392106392106,3.8777777777777778,7.8
00-0039074,Davis Allen,TE,2025,13,12,0.9,4.887305532783783,4.289592664092664,3.93,4.4
00-0039074,Davis Allen,TE,2025,14,13,3.1,4.384307004801462,3.522951912951913,3.6545454545454543,0.9
00-0039074,Davis Allen,TE,2025,15,14,3.1,4.379398002313887,3.516410875160875,3.6083333333333334,3.1
00-0039074,Davis Allen,TE,2025,16,15,4.4,4.357010874704284,3.5205049005049007,3.5692307692307694,3.1
00-0039074,Davis Allen,TE,2025,18,16,0.0,4.635861910229062,3.6603088803088806,3.6285714285714286,4.4
00-0039075,Puka Nacua,WR,2025,4,3,29.5,16.34634159591066,19.58292792792793,19.666666666666668,17.3
00-0039075,Puka Nacua,WR,2025,5,4,19.5,18.86661033084055,22.81149285714286,22.125,29.5
00-0039075,Puka Nacua,WR,2025,6,5,3.8,17.812522880090548,21.84343790012804,21.6,19.5
00-0039075,Puka Nacua,WR,2025,10,9,14.9,15.22049652085293,17.751447876447877,18.728571428571428,19.3
00-0039075,Puka Nacua,WR,2025,11,10,10.8,14.546229711149117,16.89999034749035,18.25,14.9
00-0039075,Puka Nacua,WR,2025,12,11,13.2,14.085210098185678,15.508453453453455,17.422222222222224,10.8
00-0039075,Puka Nacua,WR,2025,13,12,10.2,14.02607632491975,14.579517374517375,17.0,13.2
00-0039075,Puka Nacua,WR,2025,14,13,32.2,13.394767409138185,13.536068796068795,16.381818181818183,10.2
00-0039075,Puka Nacua,WR,2025,15,14,23.4,16.033856045905274,18.27853281853282,17.7,32.2
00-0039075,Puka Nacua,WR,2025,16,15,40.5,16.002550279811178,19.357863082863084,18.138461538461538,23.4
00-0039075,Puka Nacua,WR,2025,17,16,13.2,18.753298415916205,24.14649613899614,19.735714285714288,40.5
00-0039075,Puka Nacua,WR,2025,18,17,21.0,16.12079448838835,21.913687258687258,19.3,13.2
00-0039139,Jahmyr Gibbs,RB,2025,4,3,16.7,15.545142235408424,18.314639639639637,17.433333333333334,24.4
00-0039139,Jahmyr Gibbs,RB,2025,5,4,15.7,15.258913957321521,17.753842857142857,17.25,16.7
00-0039139,Jahmyr Gibbs,RB,2025,6,5,7.0,15.016847226580152,17.149947503201023,16.939999999999998,15.7
00-0039139,Jahmyr Gibbs,RB,2025,7,6,35.3,12.865667383486407,14.54129021879022,15.283333333333333,7.0
00-0039139,Jahmyr Gibbs,RB,2025,9,7,4.3,16.79315358267166,19.870482625482623,18.142857142857142,35.3
00-0039139,Jahmyr Gibbs,RB,2025,10,9,36.7,13.311311573771158,16.104992760617762,16.412499999999998,4.3
00-0039139,Jahmyr Gibbs,RB,2025,11,10,17.1,17.641073698897827,20.700302445302448,18.666666666666668,36.7
00-0039139,Jahmyr Gibbs,RB,2025,12,11,49.9,15.61849175498386,19.89655019305019,18.509999999999998,17.1
00-0039139,Jahmyr Gibbs,RB,2025,13,12,10.1,20.63172942056615,26.852832572832572,21.363636363636363,49.9
00-0039139,Jahmyr Gibbs,RB,2025,14,13,33.5,16.632760519284336,23.430738416988415,20.425,10.1
00-0039139,Jahmyr Gibbs,RB,2025,15,14,7.8,19.420582828908707,25.092680427680428,21.43076923076923,33.5
00-0039139,Jahmyr Gibbs,RB,2025,16,15,17.8,15.82250170451298,21.74457528957529,20.457142857142856,7.8
00-0039139,Jahmyr Gibbs,RB,2025,17,16,5.4,16.867534081551828,20.263965250965253,20.28,17.8
00-0039139,Jahmyr Gibbs,RB,2025,18,17,18.8,14.577023423191388,17.112828185328187,19.35,5.4
00-0039144,Luke Musgrave,TE,2025,6,4,1.2,3.037477330237845,2.060225225225225,2.066666666666667,1.1
00-0039144,Luke Musgrave,TE,2025,8,6,1.0,2.9750900514665966,1.7807285714285714,1.85,1.2
00-0039144,Luke Musgrave,TE,2025,9,8,4.9,2.7880091941924166,1.562833546734955,1.6800000000000002,1.0
00-0039144,Luke Musgrave,TE,2025,10,9,3.8,3.4867565517088615,2.4228410553410553,2.216666666666667,4.9
00-0039144,Luke Musgrave,TE,2025,11,10,0.4,3.6561700854769614,2.8097876447876446,2.442857142857143,3.8
00-0039144,Luke Musgrave,TE,2025,12,11,1.2,3.311077193840368,2.1630188223938225,2.1875,0.4
00-0039144,Luke Musgrave,TE,2025,13,12,2.8,3.2071747002692934,1.9737859287859287,2.077777777777778,1.2
00-0039144,Luke Musgrave,TE,2025,14,13,3.2,3.3449646493804086,2.198716216216216,2.15,2.8
00-0039144,Luke Musgrave,TE,2025,15,14,7.2,3.552943961988458,2.4679747279747284,2.2454545454545456,3.2
00-0039144,Luke Musgrave,TE,2025,16,15,5.3,4.230547419592887,3.4428877091377093,2.658333333333333,7.2
00-0039146,Jayden Reed,WR,2025,16,15,5.6,8.470178126645843,8.869864864864866,9.1,8.0
00-0039146,Jayden Reed,WR,2025,17,16,6.1,7.591458073306298,7.815778571428572,8.225,5.6
00-0039150,Bryce Young,QB,2025,4,3,10.3,13.831037772477,13.853765765765765,13.706666666666667,11.64
00-0039150,Bryce Young,QB,2025,5,4,12.02,13.410278207524021,12.69207285714286,12.855,10.3
00-0039150,Bryce Young,QB,2025,6,5,18.46,13.16233226883509,12.509122663252242,12.688,12.02
00-0039150,Bryce Young,QB,2025,7,6,10.52,14.390907771680794,14.041252895752898,13.65,18.46
00-0039150,Bryce Young,QB,2025,9,7,2.98,13.664202521077014,13.361347490347491,13.202857142857143,10.52
00-0039150,Bryce Young,QB,2025,10,9,1.56,12.209194020841075,10.567997104247105,11.925,2.98
00-0039150,Bryce Young,QB,2025,11,10,31.82,10.86301712920855,8.465203346203346,10.773333333333333,1.56
00-0039150,Bryce Young,QB,2025,12,11,8.26,14.420008822068729,13.956099227799228,12.878,31.82
00-0039150,Bryce Young,QB,2025,13,12,22.54,12.826574878293965,12.656923481923481,12.458181818181819,8.26
00-0039150,Bryce Young,QB,2025,15,13,15.42,14.965160570907766,14.683134813384815,13.298333333333334,22.54
00-0039150,Bryce Young,QB,2025,16,15,17.64,14.001932820651698,14.91122572022572,13.461538461538462,15.42
00-0039150,Bryce Young,QB,2025,17,16,8.86,14.719617702103855,15.848054054054053,13.76,17.64
00-0039150,Bryce Young,QB,2025,18,17,16.54,13.629136048162358,14.67229601029601,13.433333333333334,8.86
00-0039163,C.J. Stroud,QB,2025,4,3,18.42,12.313263892097819,11.422315315315316,11.353333333333333,10.36
00-0039163,C.J. Stroud,QB,2025,5,4,28.76,14.164028218776554,13.69526857142857,13.120000000000001,18.42
00-0039163,C.J. Stroud,QB,2025,7,5,13.66,16.925512059223927,17.93376542893726,16.248,28.76
00-0039163,C.J. Stroud,QB,2025,8,7,21.72,15.874290557856353,16.75850514800515,15.816666666666666,13.66
00-0039163,C.J. Stroud,QB,2025,9,8,4.36,17.059779453785033,18.23488803088803,16.66,21.72
00-0039163,C.J. Stroud,QB,2025,14,13,12.62,13.961292858669568,13.707217503217503,14.446666666666667,9.04
00-0039163,C.J. Stroud,QB,2025,15,14,23.4,13.821531235754785,13.32724942084942,14.264,12.62
00-0039163,C.J. Stroud,QB,2025,16,15,11.48,15.780418387308366,15.148144963144961,15.094545454545454,23.4
00-0039163,C.J. Stroud,QB,2025,17,16,13.76,14.932610822355743,14.365257400257399,14.793333333333333,11.48
00-0039163,C.J. Stroud,QB,2025,18,17,17.26,15.20347122708062,13.996479358479359,14.713846153846154,13.76
00-0039165,Zach Charbonnet,RB,2025,5,4,11.3,8.065340839686694,7.801891891891891,7.7,11.4
00-0039165,Zach Charbonnet,RB,2025,6,5,4.2,8.63834864893732,8.935400000000001,8.6,11.3
00-0039165,Zach Charbonnet,RB,2025,7,6,18.5,7.825407739888779,7.579996158770807,7.72,4.2
00-0039165,Zach Charbonnet,RB,2025,9,7,5.1,9.982716051071385,10.382435649935651,9.516666666666667,18.5
00-0039165,Zach Charbonnet,RB,2025,10,9,14.3,8.540503120225875,9.03042471042471,8.885714285714286,5.1
00-0039165,Zach Charbonnet,RB,2025,11,10,5.7,9.95134784816443,10.578882722007723,9.5625,14.3
00-0039165,Zach Charbonnet,RB,2025,12,11,9.5,8.718252579877667,9.346377091377091,9.133333333333333,5.7
00-0039165,Zach Charbonnet,RB,2025,13,12,11.2,9.202087768283269,9.302202702702703,9.17,9.5
00-0039165,Zach Charbonnet,RB,2025,14,13,7.6,9.348965051815794,9.909901719901722,9.354545454545455,11.2
00-0039165,Zach Charbonnet,RB,2025,15,14,3.1,9.268318350634939,9.05127574002574,9.208333333333334,7.6
00-0039165,Zach Charbonnet,RB,2025,16,15,15.4,8.512046091569204,7.863114048114047,8.738461538461538,3.1
00-0039165,Zach Charbonnet,RB,2025,17,16,25.2,9.721298101676593,9.369691119691119,9.214285714285714,15.4
00-0039165,Zach Charbonnet,RB,2025,18,17,17.2,11.285567054634702,12.987594594594594,10.28,25.2
00-0039299,George Holani,RB,2025,4,3,0.0,4.442812918358011,3.2376576576576577,3.066666666666667,3.2
00-0039299,George Holani,RB,2025,5,4,0.0,3.8266051853235528,2.1778,2.3,0.0
00-0039299,George Holani,RB,2025,6,5,0.0,3.390979449100856,1.5668169014084508,1.84,0.0
00-0039299,George Holani,RB,2025,7,6,0.0,3.1416192615346636,1.178828828828829,1.5333333333333334,0.0
00-0039299,George Holani,RB,2025,9,7,0.9,3.046806114970271,0.9416216216216216,1.3142857142857143,0.0
00-0039299,George Holani,RB,2025,10,9,9.1,3.2260895267473857,0.769905888030888,1.2625,0.9
00-0039299,George Holani,RB,2025,11,10,0.6,4.436723033996327,2.679021879021879,2.1333333333333333,9.1
00-0039337,Malik Nabers,WR,2025,4,3,3.0,11.481951277410273,14.42490990990991,15.033333333333335,2.3
00-0039338,Brock Bowers,TE,2025,4,3,7.1,8.203131771169204,8.682657657657659,8.966666666666667,7.8
00-0039338,Brock Bowers,TE,2025,10,9,3.2,13.524543321962694,16.436659411011522,14.26,37.3
00-0039338,Brock Bowers,TE,2025,11,10,10.7,10.104497694177761,12.94313063063063,12.416666666666666,3.2
00-0039338,Brock Bowers,TE,2025,12,11,8.5,10.668097460081018,12.372837837837839,12.17142857142857,10.7
00-0039338,Brock Bowers,TE,2025,13,12,20.3,9.27137483311916,11.642656853281853,11.7125,8.5
00-0039338,Brock Bowers,TE,2025,14,13,12.6,11.186424750460608,13.829337194337196,12.666666666666666,20.3
00-0039338,Brock Bowers,TE,2025,15,14,5.8,10.784081977228134,13.719011583011582,12.66,12.6
00-0039338,Brock Bowers,TE,2025,16,15,11.8,10.411368964877099,11.01295893295893,12.036363636363635,5.8
00-0039342,Xavier Legette,WR,2025,6,5,2.1,5.107225743366122,4.802432432432433,4.3,10.1
00-0039342,Xavier Legette,WR,2025,7,6,19.7,4.30627286711975,3.9032142857142857,3.75,2.1
00-0039342,Xavier Legette,WR,2025,8,7,2.7,7.787146834681444,8.367802816901408,6.9399999999999995,19.7
00-0039342,Xavier Legette,WR,2025,9,8,2.7,6.056134389047237,6.848056628056628,6.233333333333333,2.7
00-0039342,Xavier Legette,WR,2025,10,9,0.0,5.848288113893224,5.95057915057915,5.728571428571429,2.7
00-0039342,Xavier Legette,WR,2025,11,10,16.3,4.604221211164859,4.703004343629344,5.0125,0.0
00-0039342,Xavier Legette,WR,2025,12,11,3.7,6.819853110255126,7.271692406692407,6.266666666666667,16.3
00-0039342,Xavier Legette,WR,2025,13,12,0.6,5.91078779735143,6.569812741312742,6.01,3.7
00-0039342,Xavier Legette,WR,2025,15,13,4.9,5.706573998420382,4.706595296595297,5.5181818181818185,0.6
00-0039342,Xavier Legette,WR,2025,16,15,1.7,5.579694384840041,4.868410553410554,5.466666666666667,4.9
00-0039342,Xavier Legette,WR,2025,17,16,0.8,5.168578788435434,4.269297594297594,5.176923076923077,1.7
00-0039342,Xavier Legette,WR,2025,18,17,3.7,4.989788004810603,3.703677606177606,4.864285714285715,0.8
00-0039355,Luke McCaffrey,WR,2025,4,3,9.1,6.267177203945501,6.651396396396397,5.833333333333333,13.1
00-0039355,Luke McCaffrey,WR,2025,5,4,5.5,6.862820519594683,7.414585714285714,6.65,9.1
00-0039355,Luke McCaffrey,WR,2025,6,5,9.8,6.61043181315697,6.838446862996158,6.42,5.5
00-0039355,Luke McCaffrey,WR,2025,7,6,0.0,7.146308700992623,7.576521879021879,6.983333333333333,9.8
00-0039355,Luke McCaffrey,WR,2025,8,7,3.9,5.640680996497408,5.944266409266409,5.985714285714286,0.0
00-0039355,Luke McCaffrey,WR,2025,9,8,0.0,5.743388159479166,5.506858108108108,5.725,3.9
00-0039356,Ja'Tavion Sanders,TE,2025,8,7,3.4,4.022455284513381,3.221764285714286,3.6750000000000003,0.0
00-0039356,Ja'Tavion Sanders,TE,2025,9,8,1.0,4.070610044678248,3.292486555697823,3.62,3.4
00-0039356,Ja'Tavion Sanders,TE,2025,10,9,5.7,3.658055804927962,2.7213288288288293,3.1833333333333336,1.0
00-0039356,Ja'Tavion Sanders,TE,2025,11,10,4.2,4.390782044574125,3.4419884169884174,3.542857142857143,5.7
00-0039356,Ja'Tavion Sanders,TE,2025,12,11,1.1,4.471766693404797,3.4373793436293436,3.625,4.2
00-0039356,Ja'Tavion Sanders,TE,2025,13,12,0.0,4.140262045738322,2.940594165594166,3.3444444444444446,1.1
00-0039356,Ja'Tavion Sanders,TE,2025,15,13,1.5,3.7129230234837935,2.381028957528958,3.0100000000000002,0.0
00-0039356,Ja'Tavion Sanders,TE,2025,16,15,7.9,3.6763441184788137,2.178002808002808,2.872727272727273,1.5
00-0039359,Cade Stover,TE,2025,15,13,3.7,3.3576544875644143,2.3075225225225227,2.3666666666666667,2.9
00-0039359,Cade Stover,TE,2025,16,15,1.7,3.6184884074067165,2.7627714285714284,2.7,3.7
00-0039359,Cade Stover,TE,2025,18,16,1.4,3.4720873072567247,2.4591357234314986,2.5,1.7
00-0039361,Bucky Irving,RB,2025,4,3,23.0,12.101155268267224,13.112792792792794,13.166666666666666,11.9
00-0039361,Bucky Irving,RB,2025,14,13,15.1,13.927769209793917,15.950597951344431,15.52,15.1
00-0039361,Bucky Irving,RB,2025,15,14,7.6,14.069479210087968,15.7121138996139,15.45,15.1
00-0039361,Bucky Irving,RB,2025,16,15,7.1,12.371826191925102,13.806061776061775,14.32857142857143,7.6
00-0039361,Bucky Irving,RB,2025,17,16,5.8,11.564066227166988,12.16432915057915,13.425,7.1
00-0039361,Bucky Irving,RB,2025,18,17,10.3,10.67874741955058,10.729287859287858,12.577777777777778,5.8
00-0039363,Isaac Guerendo,RB,2025,5,3,0.0,2.2772369429905472,0.0,0.0,0.0
00-0039363,Isaac Guerendo,RB,2025,7,5,0.0,2.3083500115999565,0.0,0.0,0.0
00-0039363,Isaac Guerendo,RB,2025,9,7,0.0,2.3394630802093657,0.0,0.0,0.0
00-0039364,Sione Vaki,RB,2025,14,13,0.0,2.369267345991446,0.10631428571428572,0.1,0.0
00-0039364,Sione Vaki,RB,2025,15,14,0.0,2.3904404131905914,0.07593854033290653,0.08,0.0
00-0039364,Sione Vaki,RB,2025,17,15,0.0,2.4005318464314893,0.056692406692406695,0.06666666666666667,0.0
00-0039364,Sione Vaki,RB,2025,18,17,0.0,2.426279846268736,0.045019305019305025,0.05714285714285715,0.0
00-0039373,Audric Estimé,RB,2025,17,16,16.3,5.3855219969544335,4.4593693693693695,4.233333333333333,5.1
00-0039373,Audric Estimé,RB,2025,18,17,13.1,8.216590301183961,8.300957142857143,7.25,16.3
00-0039376,Spencer Rattler,QB,2025,4,3,13.94,14.764422876833882,14.910234234234233,14.953333333333333,11.72
00-0039376,Spencer Rattler,QB,2025,5,4,15.6,14.936171046619721,14.596445714285714,14.7,13.94
00-0039376,Spencer Rattler,QB,2025,6,5,11.08,14.985670614799059,14.885143405889886,14.88,15.6
00-0039376,Spencer Rattler,QB,2025,7,6,10.52,14.342350953645575,13.91071557271557,14.246666666666666,11.08
00-0039376,Spencer Rattler,QB,2025,8,7,2.64,13.909776132029924,13.169714285714285,13.714285714285714,10.52
00-0039379,Jamari Thrash,WR,2025,5,3,2.7,2.720769408448486,1.3059009009009008,1.2666666666666666,1.7
00-0039379,Jamari Thrash,WR,2025,6,5,2.3,3.0561462035278657,1.7576928571428572,1.625,2.7
00-0039379,Jamari Thrash,WR,2025,7,6,2.8,3.1848945862314575,1.9052637644046095,1.76,2.3
00-0039379,Jamari Thrash,WR,2025,8,7,4.1,3.383652890446764,2.1273423423423425,1.9333333333333333,2.8
00-0039379,Jamari Thrash,WR,2025,10,8,0.0,3.702648701851919,2.6448069498069495,2.242857142857143,4.1
00-0039384,Tyrone Tracy Jr.,RB,2025,7,6,10.6,5.116524626485367,3.8334,4.2,0.6
00-0039384,Tyrone Tracy Jr.,RB,2025,8,7,6.3,6.595939539278023,5.765151088348271,5.4799999999999995,10.6
00-0039384,Tyrone Tracy Jr.,RB,2025,9,8,5.2,6.488614894226141,5.888362290862291,5.616666666666666,6.3
00-0039384,Tyrone Tracy Jr.,RB,2025,10,9,7.6,6.582981755069462,5.756525096525097,5.557142857142857,5.2
00-0039384,Tyrone Tracy Jr.,RB,2025,11,10,15.9,6.80691243470953,6.145610521235522,5.8125,7.6
00-0039384,Tyrone Tracy Jr.,RB,2025,12,11,14.5,8.203501440565065,8.491415701415702,6.933333333333334,15.9
00-0039384,Tyrone Tracy Jr.,RB,2025,13,12,3.8,8.890546151393625,10.085361003861003,7.6899999999999995,14.5
00-0039384,Tyrone Tracy Jr.,RB,2025,15,13,23.2,7.899565606252416,8.491375921375921,7.336363636363636,3.8
00-0039384,Tyrone Tracy Jr.,RB,2025,16,15,8.8,10.002260625452843,11.837752574002575,8.658333333333333,23.2
00-0039384,Tyrone Tracy Jr.,RB,2025,17,16,6.2,8.91803305033875,11.19639293139293,8.669230769230769,8.8
00-0039384,Tyrone Tracy Jr.,RB,2025,18,17,23.9,8.819056113292712,10.052364864864865,8.492857142857142,6.2
00-0039391,Kimani Vidal,RB,2025,7,6,5.5,8.479229821474723,9.257972972972974,7.9,21.3
00-0039391,Kimani Vidal,RB,2025,8,7,19.2,7.39814385621893,7.980828571428572,7.3,5.5
00-0039391,Kimani Vidal,RB,2025,9,8,3.0,10.274595689263908,11.12607938540333,9.68,19.2
00-0039391,Kimani Vidal,RB,2025,10,9,17.3,7.983725657505727,8.97609395109395,8.566666666666666,3.0
00-0039391,Kimani Vidal,RB,2025,11,10,2.2,10.098385134310579,11.338243243243245,9.814285714285715,17.3
00-0039391,Kimani Vidal,RB,2025,13,11,20.2,7.994361661711446,9.379770752895753,8.8625,2.2
00-0039391,Kimani Vidal,RB,2025,14,13,10.9,10.571798602817413,11.494997854997855,10.122222222222222,20.2
00-0039391,Kimani Vidal,RB,2025,15,14,5.3,9.80545798153836,11.495405405405403,10.2,10.9
00-0039391,Kimani Vidal,RB,2025,16,15,1.1,9.434810977362467,9.730345735345734,9.754545454545454,5.3
00-0039391,Kimani Vidal,RB,2025,18,16,1.5,8.124304957719627,8.010759330759331,9.033333333333333,1.1
00-0039394,Casey Washington,WR,2025,7,6,2.2,3.3054253357110985,2.104864864864865,2.4,0.0
00-0039394,Casey Washington,WR,2025,8,7,3.0,3.3752741698887196,2.147757142857143,2.35,2.2
00-0039398,Joe Milton III,QB,2025,18,16,5.22,4.846397832505082,1.6286756756756757,1.7000000000000002,-0.86
00-0039405,Jawhar Jordan,RB,2025,18,17,0.3,8.284131248291317,8.060045045045044,8.633333333333333,3.6
00-0039407,Dylan Laube,RB,2025,4,3,0.0,2.8790035429982717,0.9637387387387389,0.9666666666666668,0.2
00-0039407,Dylan Laube,RB,2025,5,4,0.0,2.76700056325383,0.6504357142857143,0.7250000000000001,0.0
00-0039407,Dylan Laube,RB,2025,6,5,0.0,2.624321444863837,0.4696581306017926,0.5800000000000001,0.0
00-0039407,Dylan Laube,RB,2025,7,6,0.9,2.5979089689749415,0.35472651222651225,0.4833333333333334,0.0
00-0039407,Dylan Laube,RB,2025,9,7,0.0,2.7520776282797117,0.5070849420849421,0.5428571428571429,0.9
00-0039407,Dylan Laube,RB,2025,10,9,0.0,2.733771000216689,0.30906853281853286,0.47500000000000003,0.0
00-0039407,Dylan Laube,RB,2025,11,10,0.0,2.7344395551125746,0.24785499785499784,0.4222222222222222,0.0
00-0039407,Dylan Laube,RB,2025,12,11,0.0,2.708285992919325,0.20805791505791504,0.38,0.0
00-0039407,Dylan Laube,RB,2025,13,12,0.0,2.719009428528543,0.17720252720252722,0.34545454545454546,0.0
00-0039407,Dylan Laube,RB,2025,14,13,0.0,2.7330046546337554,0.15305341055341057,0.3166666666666667,0.0
00-0039407,Dylan Laube,RB,2025,15,14,0.4,2.7737380471884383,0.10230769230769231,0.2923076923076923,0.0
00-0039407,Dylan Laube,RB,2025,16,15,0.0,2.835879740453981,0.1840733590733591,0.30000000000000004,0.4
00-0039407,Dylan Laube,RB,2025,17,16,0.0,2.8281896271622085,0.1573050193050193,0.28,0.0
00-0039407,Dylan Laube,RB,2025,18,17,0.0,2.8494040951483965,0.1363537644787645,0.2625,0.0
00-0039410,Ryan Flournoy,WR,2025,5,4,15.4,3.4224484969652393,2.4470720720720722,2.2333333333333334,3.6
00-0039410,Ryan Flournoy,WR,2025,6,5,4.8,6.392363665118252,6.650892857142857,5.525,15.4
00-0039410,Ryan Flournoy,WR,2025,7,6,0.0,5.740193905983282,6.076623559539053,5.38,4.8
00-0039410,Ryan Flournoy,WR,2025,8,7,1.2,4.846742750093884,4.487390604890605,4.483333333333333,0.0
00-0039410,Ryan Flournoy,WR,2025,9,8,8.2,4.200417918955034,3.830888030888031,4.014285714285714,1.2
00-0039410,Ryan Flournoy,WR,2025,11,9,6.7,5.092167393909869,4.919476351351351,4.5375,8.2
00-0039410,Ryan Flournoy,WR,2025,12,11,0.0,5.388436454666561,5.368554268554268,4.777777777777778,6.7
00-0039410,Ryan Flournoy,WR,2025,13,12,4.9,4.844184902893652,3.7354247104247102,4.3,0.0
00-0039410,Ryan Flournoy,WR,2025,14,13,22.0,5.110190002432211,3.9966777816777816,4.3545454545454545,4.9
00-0039410,Ryan Flournoy,WR,2025,15,14,6.0,7.254162037596977,8.242224903474904,5.825,22.0
00-0039410,Ryan Flournoy,WR,2025,16,15,8.8,6.464001020119032,7.839948024948025,5.838461538461538,6.0
00-0039410,Ryan Flournoy,WR,2025,18,16,9.3,6.963571624476128,7.915974903474904,6.05,8.8
00-0039424,Devaughn Vele,WR,2025,10,8,2.0,3.9467544612850602,2.9414,3.1,1.5
00-0039424,Devaughn Vele,WR,2025,12,10,5.2,3.725829355416278,2.682020486555698,2.88,2.0
00-0039424,Devaughn Vele,WR,2025,13,12,19.3,4.285148917625105,3.3361904761904766,3.2666666666666666,5.2
00-0039424,Devaughn Vele,WR,2025,14,13,5.5,6.8611463537735045,7.341602316602318,5.557142857142857,19.3
00-0039424,Devaughn Vele,WR,2025,15,14,9.4,6.098577910269832,6.837963320463321,5.55,5.5
00-0039451,Isaiah Williams,WR,2025,6,4,0.0,1.7521334421872496,0.0,0.0,0.0
00-0039451,Isaiah Williams,WR,2025,7,6,0.0,1.7832465107966589,0.0,0.0,0.0
00-0039451,Isaiah Williams,WR,2025,8,7,7.1,1.814359579406068,0.0,0.0,0.0
00-0039451,Isaiah Williams,WR,2025,10,8,6.9,3.06006821979234,1.8177187902187901,1.1833333333333333,7.1
00-0039451,Isaiah Williams,WR,2025,11,10,1.1,3.7203111186706637,3.116679536679537,2.0,6.9
00-0039451,Isaiah Williams,WR,2025,12,11,0.0,3.356010223545704,2.6905863899613904,1.8875,1.1
00-0039451,Isaiah Williams,WR,2025,13,12,0.0,2.962443022909339,2.1096932646932647,1.6777777777777778,0.0
00-0039451,Isaiah Williams,WR,2025,14,13,9.4,2.668665702923442,1.6703532818532818,1.51,0.0
00-0039451,Isaiah Williams,WR,2025,15,14,8.3,3.938310901047211,3.494159354159354,2.2272727272727275,9.4
00-0039451,Isaiah Williams,WR,2025,16,15,4.5,4.4447489865288645,4.383597168597169,2.7333333333333334,8.3
00-0039451,Isaiah Williams,WR,2025,17,16,5.5,4.488923286942014,4.221238491238492,2.8692307692307693,4.5
00-0039451,Isaiah Williams,WR,2025,18,17,4.9,4.559863036653409,4.531312741312742,3.0571428571428574,5.5
00-0039458,Brenden Bates,TE,2025,17,16,2.4,2.3064899689387652,0.9067567567567567,1.0999999999999999,0.0
00-0039458,Brenden Bates,TE,2025,18,17,1.1,2.652959976012678,1.4002071428571428,1.4249999999999998,2.4
00-0039491,Jalen Coker,WR,2025,10,9,3.6,3.2003101377884153,2.226981981981982,2.1666666666666665,1.4
00-0039491,Jalen Coker,WR,2025,11,10,9.2,3.7275118351703043,2.6710642857142854,2.525,3.6
00-0039491,Jalen Coker,WR,2025,12,11,4.7,4.95071666931089,4.512613316261203,3.86,9.2
00-0039491,Jalen Coker,WR,2025,13,12,15.4,4.897512954822535,4.529189189189189,4.0,4.7
00-0039491,Jalen Coker,WR,2025,15,13,12.0,6.839704515550169,7.361216216216216,5.628571428571428,15.4
00-0039491,Jalen Coker,WR,2025,16,15,6.2,7.1510924436364816,8.484927606177607,6.425,12.0
00-0039491,Jalen Coker,WR,2025,17,16,2.6,6.898620684816086,8.093513513513512,6.4,6.2
00-0039491,Jalen Coker,WR,2025,18,17,13.7,6.050448791280914,6.884451737451737,6.02,2.6
00-0039521,Xavier Weaver,WR,2025,12,11,1.4,2.411244308177532,0.9943693693693694,0.8333333333333334,2.5
00-0039521,Xavier Weaver,WR,2025,13,12,0.0,2.5087315913285075,1.1197642857142858,0.975,1.4
00-0039521,Xavier Weaver,WR,2025,17,16,3.4,2.765989311806804,1.3341184041184042,1.1333333333333333,2.9
00-0039530,Brevyn Spann-Ford,TE,2025,5,3,0.0,1.7923451170709062,0.26198198198198197,0.26666666666666666,0.0
00-0039530,Brevyn Spann-Ford,TE,2025,6,5,0.7,1.7881522819136404,0.17697142857142856,0.2,0.0
00-0039530,Brevyn Spann-Ford,TE,2025,7,6,0.0,1.9169053613015805,0.32604993597951343,0.3,0.7
00-0039530,Brevyn Spann-Ford,TE,2025,8,7,1.4,1.8741471095377338,0.24132239382239382,0.25,0.0
00-0039530,Brevyn Spann-Ford,TE,2025,9,8,0.0,2.1264186981085804,0.5371235521235521,0.41428571428571426,1.4
00-0039530,Brevyn Spann-Ford,TE,2025,11,9,0.9,2.0123224681795735,0.39282094594594597,0.3625,0.0
00-0039530,Brevyn Spann-Ford,TE,2025,12,11,6.9,2.1667284148509585,0.5251522951522951,0.4222222222222222,0.9
00-0039530,Brevyn Spann-Ford,TE,2025,13,12,0.0,3.000508002904188,2.021546332046332,1.07,6.9
00-0039530,Brevyn Spann-Ford,TE,2025,14,13,1.2,2.5232306790001573,1.5511109161109164,0.9727272727272728,0.0
00-0039530,Brevyn Spann-Ford,TE,2025,15,14,0.0,2.6711650506655036,1.4922956885456884,0.9916666666666667,1.2
00-0039530,Brevyn Spann-Ford,TE,2025,16,15,0.0,2.342897819266537,1.130037125037125,0.9153846153846154,0.0
00-0039530,Brevyn Spann-Ford,TE,2025,17,16,3.6,2.3489188018440568,0.9047393822393822,0.85,0.0
00-0039530,Brevyn Spann-Ford,TE,2025,18,17,4.0,2.783668917865611,1.4970913770913774,1.0333333333333334,3.6
00-0039589,Kameron Johnson,WR,2025,4,3,0.0,1.7521334421872496,0.0,0.0,0.0
00-0039589,Kameron Johnson,WR,2025,5,4,0.2,1.7832465107966589,0.0,0.0,0.0
00-0039589,Kameron Johnson,WR,2025,6,5,14.4,1.852199771172055,0.056612035851472474,0.04,0.2
00-0039589,Kameron Johnson,WR,2025,7,6,0.0,4.335773667877315,3.7279601029601035,2.4333333333333336,14.4
00-0039589,Kameron Johnson,WR,2025,8,7,0.0,3.2067216382422776,2.8872200772200776,2.085714285714286,0.0
00-0039589,Kameron Johnson,WR,2025,10,8,1.1,3.1088962791703993,2.2566650579150576,1.825,0.0
00-0039589,Kameron Johnson,WR,2025,11,10,0.0,2.704180570328624,2.0414435864435863,1.7444444444444445,1.1
00-0039589,Kameron Johnson,WR,2025,12,11,0.0,2.577375210223861,1.622666023166023,1.57,0.0
00-0039589,Kameron Johnson,WR,2025,13,12,0.0,2.5392296331962743,1.2973832923832924,1.4272727272727272,0.0
00-0039589,Kameron Johnson,WR,2025,14,13,0.0,2.8279614293616513,0.5496541184041184,1.3083333333333333,0.0
00-0039589,Kameron Johnson,WR,2025,15,14,0.0,2.79710685273283,0.4914953964953964,1.2076923076923076,0.0
00-0039589,Kameron Johnson,WR,2025,16,15,0.0,2.7749060399412233,0.4441023166023166,1.1214285714285714,0.0
00-0039589,Kameron Johnson,WR,2025,17,16,0.0,2.7892464468156932,0.3663333333333333,1.0466666666666666,0.0
00-0039589,Kameron Johnson,WR,2025,18,17,0.0,2.7788747540928815,0.3434375,0.9812500000000001,0.0
00-0039603,British Brooks,RB,2025,14,12,0.0,2.492062637782985,0.28167857142857144,0.375,0.0
00-0039603,British Brooks,RB,2025,15,14,0.0,2.4827986630038614,0.2061203585147247,0.3,0.0
00-0039603,British Brooks,RB,2025,16,15,0.0,2.4873368733410697,0.15786679536679538,0.25,0.0
00-0039603,British Brooks,RB,2025,18,16,6.3,2.537581065286232,0.075,0.21428571428571427,0.0
00-0039623,Mason Tipton,WR,2025,13,12,3.4,2.8238083197837103,1.5610285714285714,1.2,4.8
00-0039623,Mason Tipton,WR,2025,14,13,0.0,3.1328263678857633,2.0654212548015365,1.64,3.4
00-0039623,Mason Tipton,WR,2025,15,14,0.6,2.7969881424858873,1.5161711711711712,1.3666666666666667,0.0
00-0039623,Mason Tipton,WR,2025,16,15,6.1,2.66358629724152,1.336988416988417,1.2571428571428571,0.6
00-0039648,David Martin-Robinson,TE,2025,9,8,0.0,2.952524405236823,2.1613513513513514,2.1999999999999997,0.0
00-0039648,David Martin-Robinson,TE,2025,11,9,0.0,2.692363767771161,1.4600142857142857,1.65,0.0
00-0039648,David Martin-Robinson,TE,2025,13,11,0.0,2.3132269262183014,1.0552394366197182,1.3199999999999998,0.0
00-0039648,David Martin-Robinson,TE,2025,14,13,1.1,2.2310589911286183,0.7978185328185328,1.0999999999999999,0.0
00-0039648,David Martin-Robinson,TE,2025,15,14,0.0,2.3720163548025246,0.912065637065637,1.0999999999999999,1.1
00-0039648,David Martin-Robinson,TE,2025,16,15,0.0,2.3983505247364643,0.49996380308880306,0.9624999999999999,0.0
00-0039648,David Martin-Robinson,TE,2025,17,16,1.4,2.3649413876528342,0.42176104676104675,0.8555555555555555,0.0
00-0039648,David Martin-Robinson,TE,2025,18,17,1.9,2.5065389769585407,0.6869942084942084,0.9099999999999999,1.4
00-0039686,Colson Yankoff,TE,2025,5,4,0.0,1.6323203876687105,0.0,0.0,0.0
00-0039686,Colson Yankoff,TE,2025,6,5,0.0,1.6634334562781197,0.0,0.0,0.0
00-0039686,Colson Yankoff,TE,2025,7,6,0.0,1.6945465248875289,0.0,0.0,0.0
00-0039686,Colson Yankoff,TE,2025,13,11,1.9,1.8971462962781724,0.22291505791505795,0.1285714285714286,0.9
00-0039686,Colson Yankoff,TE,2025,14,13,0.0,2.1549876935673336,0.631534749034749,0.35,1.9
00-0039686,Colson Yankoff,TE,2025,15,14,0.0,2.040067455800994,0.4906649506649507,0.3111111111111111,0.0
00-0039732,Bo Nix,QB,2025,4,3,25.74,13.802012930092534,13.845378378378378,13.5,13.42
00-0039732,Bo Nix,QB,2025,5,4,17.88,16.979324265500132,17.699691428571427,16.56,25.74
00-0039732,Bo Nix,QB,2025,6,5,13.36,16.60242529213159,17.69975723431498,16.823999999999998,17.88
00-0039732,Bo Nix,QB,2025,7,6,39.96,16.05571889480458,16.546572715572715,16.246666666666666,13.36
00-0039732,Bo Nix,QB,2025,8,7,23.78,19.985427877657187,22.675953667953667,19.634285714285713,39.96
00-0039732,Bo Nix,QB,2025,9,8,18.52,19.434249991792722,22.895139478764477,20.1525,23.78
00-0039732,Bo Nix,QB,2025,10,9,5.8,19.276935411895742,22.06014757614758,19.97111111111111,18.52
00-0039732,Bo Nix,QB,2025,11,10,12.6,16.44890612812793,18.037537065637064,18.554,5.8
00-0039732,Bo Nix,QB,2025,13,11,16.44,16.264608791584394,16.823914004914005,18.012727272727272,12.6
00-0039732,Bo Nix,QB,2025,14,13,15.98,16.40484806751205,16.928042792792795,17.881666666666668,16.44
00-0039732,Bo Nix,QB,2025,15,14,29.08,17.086737645766934,15.962531333531334,17.735384615384614,15.98
00-0039732,Bo Nix,QB,2025,16,15,15.18,18.83916237514537,18.719332046332045,18.545714285714286,29.08
00-0039732,Bo Nix,QB,2025,17,16,19.48,17.780231955854845,17.932953153153154,18.32133333333333,15.18
00-0039732,Bo Nix,QB,2025,18,17,10.54,18.3243865949191,18.724986245173746,18.39375,19.48
00-0039738,Blake Corum,RB,2025,4,3,2.6,6.50493390013725,6.090855855855855,5.933333333333334,5.3
00-0039738,Blake Corum,RB,2025,5,4,1.3,5.915345212731648,4.949199999999999,5.1,2.6
00-0039738,Blake Corum,RB,2025,6,5,2.3,5.105757701838813,3.923001280409731,4.34,1.3
00-0039738,Blake Corum,RB,2025,7,6,4.8,4.917104111104988,3.5275482625482626,4.0,2.3
00-0039738,Blake Corum,RB,2025,9,7,5.8,5.253014232744442,3.91065637065637,4.114285714285714,4.8
00-0039738,Blake Corum,RB,2025,10,9,5.6,5.721484857744859,4.1473986486486485,4.325,5.8
00-0039738,Blake Corum,RB,2025,11,10,1.0,5.92331477604227,4.459124839124839,4.466666666666667,5.6
00-0039738,Blake Corum,RB,2025,12,11,2.4,5.311910788509764,3.7200501930501932,4.12,1.0
00-0039738,Blake Corum,RB,2025,13,12,14.1,5.239997132166514,3.5245121095121097,3.9636363636363634,2.4
00-0039738,Blake Corum,RB,2025,14,13,25.6,6.598079000044672,5.992260296010295,4.808333333333334,14.1
00-0039738,Blake Corum,RB,2025,15,14,13.1,8.742679105783358,10.366514701514701,6.407692307692308,25.6
00-0039738,Blake Corum,RB,2025,16,15,12.6,8.570841508068884,10.8884555984556,6.885714285714286,13.1
00-0039738,Blake Corum,RB,2025,17,16,1.8,8.756766669984664,11.195958815958814,7.266666666666667,12.6
00-0039738,Blake Corum,RB,2025,18,17,7.4,7.122759198410967,9.23386583011583,6.925,1.8
00-0039739,Roman Wilson,WR,2025,8,7,15.4,3.179340388196082,1.9603603603603605,1.8666666666666667,2.7
00-0039739,Roman Wilson,WR,2025,9,8,-1.1,6.152023185800601,6.327328571428572,5.25,15.4
00-0039739,Roman Wilson,WR,2025,10,9,10.5,4.273798655716856,4.176764404609475,3.98,-1.1
00-0039739,Roman Wilson,WR,2025,11,10,2.2,5.979098220754519,5.786151866151866,5.066666666666666,10.5
00-0039739,Roman Wilson,WR,2025,12,11,0.0,4.754226434532215,5.032297297297298,4.6571428571428575,2.2
00-0039739,Roman Wilson,WR,2025,13,12,0.0,4.363863951179622,3.918161196911197,4.075,0.0
00-0039746,Will Shipley,RB,2025,6,5,0.0,3.0825974192234904,1.0723873873873875,1.1666666666666667,0.9
00-0039746,Will Shipley,RB,2025,7,6,1.2,2.7931578593509117,0.7274499999999999,0.875,0.0
00-0039746,Will Shipley,RB,2025,8,7,0.2,2.9891510909957115,0.8678092189500639,0.9400000000000001,1.2
00-0039746,Will Shipley,RB,2025,10,8,4.4,2.8601716189215836,0.7003120978120978,0.8166666666666667,0.2
00-0039746,Will Shipley,RB,2025,12,10,0.0,3.57136295154786,1.5541891891891892,1.3285714285714287,4.4
00-0039746,Will Shipley,RB,2025,13,12,1.6,3.1709238811431617,1.2237668918918918,1.1625,0.0
00-0039746,Will Shipley,RB,2025,14,13,0.8,3.387447666440695,1.3211861861861862,1.2111111111111112,1.6
00-0039746,Will Shipley,RB,2025,15,14,0.0,3.2175023339585844,1.2406196911196912,1.1700000000000002,0.8
00-0039746,Will Shipley,RB,2025,16,15,0.8,3.1402345680184434,0.9533924183924185,1.0636363636363637,0.0
00-0039746,Will Shipley,RB,2025,17,16,0.2,3.186508459180644,0.9515331402831402,1.0416666666666667,0.8
00-0039746,Will Shipley,RB,2025,18,17,2.3,3.1947644646164615,0.666865161865162,0.976923076923077,0.2
00-0039751,Jordan Whittington,WR,2025,4,3,1.2,3.649064655211913,2.794864864864865,2.7,2.4
00-0039751,Jordan Whittington,WR,2025,5,4,4.3,3.4249844381726295,2.27235,2.325,1.2
00-0039751,Jordan Whittington,WR,2025,6,5,3.8,3.853813744555476,2.8486517285531368,2.7199999999999998,4.3
00-0039751,Jordan Whittington,WR,2025,7,6,1.9,4.007803403345828,3.086023166023166,2.9,3.8
00-0039751,Jordan Whittington,WR,2025,12,11,3.2,3.703110390422451,2.4328836872586868,2.5875,1.4
00-0039751,Jordan Whittington,WR,2025,13,12,0.0,3.865287660165642,2.6230351780351775,2.6555555555555554,3.2
00-0039751,Jordan Whittington,WR,2025,14,13,1.0,3.456631328838179,2.064472972972973,2.39,0.0
00-0039751,Jordan Whittington,WR,2025,15,14,0.0,3.4961255271403813,1.7596472446472446,2.2636363636363637,1.0
00-0039751,Jordan Whittington,WR,2025,16,15,2.4,3.264430759748726,1.318083976833977,2.075,0.0
00-0039751,Jordan Whittington,WR,2025,17,16,0.0,3.5393815635912853,1.5864671814671814,2.1,2.4
00-0039751,Jordan Whittington,WR,2025,18,17,0.0,3.2877778111282003,1.2718436293436293,1.95,0.0
00-0039754,Devin Culp,TE,2025,15,13,7.1,1.6323203876687105,0.0,0.0,0.0
00-0039757,Terrell Jennings,RB,2025,10,9,0.5,5.969263672543465,5.321261261261261,4.733333333333333,10.9
00-0039757,Terrell Jennings,RB,2025,12,10,0.0,4.670887607437956,3.729507142857144,3.6750000000000003,0.5
00-0039757,Terrell Jennings,RB,2025,13,12,0.0,4.222538368803612,2.671394366197183,2.94,0.0
00-0039792,Devontez Walker,WR,2025,5,4,0.0,5.884738151935038,5.563648648648648,6.5,0.0
00-0039792,Devontez Walker,WR,2025,13,12,0.0,4.5558847731237355,3.757912932138284,4.6,3.5
00-0039792,Devontez Walker,WR,2025,18,16,11.6,3.9275827575153657,1.722142857142857,3.2857142857142856,0.0
00-0039793,AJ Barner,TE,2025,4,3,10.7,4.627427922020881,4.515315315315316,4.433333333333334,2.8
00-0039793,AJ Barner,TE,2025,5,4,20.8,6.414591686907885,6.523342857142857,6.0,10.7
00-0039793,AJ Barner,TE,2025,6,5,8.6,9.001656589322405,10.541089628681178,8.96,20.8
00-0039793,AJ Barner,TE,2025,7,6,1.4,8.443172255763256,9.968069498069498,8.9,8.6
00-0039793,AJ Barner,TE,2025,9,7,10.0,7.0874146174312465,8.131930501930501,7.828571428571428,1.4
00-0039793,AJ Barner,TE,2025,10,9,0.3,7.473167586033245,8.510984555984557,8.1,10.0
00-0039793,AJ Barner,TE,2025,11,10,12.1,6.0706347070096385,6.74944658944659,7.233333333333333,0.3
00-0039793,AJ Barner,TE,2025,12,11,2.8,7.531060606929299,7.880841698841699,7.72,12.1
00-0039793,AJ Barner,TE,2025,13,12,5.7,6.643545943356889,6.251284661284661,7.2727272727272725,2.8
00-0039793,AJ Barner,TE,2025,14,13,4.2,7.006536511950726,6.103174066924066,7.141666666666667,5.7
00-0039793,AJ Barner,TE,2025,15,14,4.2,6.534600627076605,5.9040911790911785,6.915384615384616,4.2
00-0039793,AJ Barner,TE,2025,16,15,13.0,6.553156652740084,5.443716216216217,6.7214285714285715,4.2
00-0039793,AJ Barner,TE,2025,17,16,11.8,7.553450095720629,7.376741312741313,7.14,13.0
00-0039793,AJ Barner,TE,2025,18,17,2.4,7.909088754975779,8.166188465250965,7.43125,11.8
00-0039794,Braelon Allen,RB,2025,4,3,0.6,5.665214973333708,4.523333333333333,4.566666666666666,5.7
00-0039796,Rasheen Ali,RB,2025,4,3,0.0,2.379383849243586,0.1373873873873874,0.16666666666666666,0.0
00-0039796,Rasheen Ali,RB,2025,5,4,0.0,2.3695875536609656,0.09389285714285714,0.125,0.0
00-0039796,Rasheen Ali,RB,2025,6,5,0.0,2.387241607807531,0.0687067861715749,0.1,0.0
00-0039796,Rasheen Ali,RB,2025,8,6,0.0,2.409496390326207,0.052622265122265116,0.08333333333333333,0.0
00-0039796,Rasheen Ali,RB,2025,9,8,0.0,2.446986500047533,0.024999999999999998,0.07142857142857142,0.0
00-0039796,Rasheen Ali,RB,2025,11,9,2.0,2.4724374083295246,0.021875,0.0625,0.0
00-0039796,Rasheen Ali,RB,2025,13,11,1.7,2.7708237325155762,0.4925890175890176,0.2777777777777778,2.0
00-0039796,Rasheen Ali,RB,2025,14,13,2.3,2.905109348945753,0.7795868725868726,0.42,1.7
00-0039796,Rasheen Ali,RB,2025,15,14,10.2,3.136351922517049,1.1359301509301507,0.5909090909090909,2.3
00-0039796,Rasheen Ali,RB,2025,16,15,1.2,4.215803741567095,3.200287966537966,1.3916666666666666,10.2
00-0039796,Rasheen Ali,RB,2025,17,16,1.8,3.6398318721553617,2.754046629046629,1.376923076923077,1.2
00-0039796,Rasheen Ali,RB,2025,18,17,0.0,3.743610409077382,2.5524227799227797,1.407142857142857,1.8
00-0039798,Isaiah Davis,RB,2025,4,3,3.7,2.9054251642549693,0.8548198198198198,0.9666666666666667,0.0
00-0039798,Isaiah Davis,RB,2025,5,4,4.8,3.5999761592664363,1.7846428571428574,1.6500000000000001,3.7
00-0039798,Isaiah Davis,RB,2025,6,5,0.6,4.164191856882766,2.6321485275288095,2.2800000000000002,4.8
00-0039798,Isaiah Davis,RB,2025,7,6,4.2,3.7860293999256145,2.094942084942085,2.0,0.6
00-0039798,Isaiah Davis,RB,2025,8,7,15.4,4.238672852006057,2.6231467181467183,2.3142857142857145,4.2
00-0039798,Isaiah Davis,RB,2025,10,8,1.6,6.0538847825884075,5.747982625482626,3.95,15.4
00-0039798,Isaiah Davis,RB,2025,11,10,1.1,5.0762000787104276,4.881516516516517,3.688888888888889,1.6
00-0039798,Isaiah Davis,RB,2025,12,11,0.7,4.848316205010371,3.9805772200772203,3.43,1.1
00-0039798,Isaiah Davis,RB,2025,13,12,0.0,4.208919288081512,3.1681923481923486,3.181818181818182,0.7
00-0039798,Isaiah Davis,RB,2025,14,13,2.2,4.0044629817726225,2.5406402831402835,2.9166666666666665,0.0
00-0039798,Isaiah Davis,RB,2025,15,14,13.0,4.198441153019788,2.4285268785268785,2.8615384615384616,2.2
00-0039798,Isaiah Davis,RB,2025,16,15,8.0,5.803562739221773,4.353301158301158,3.585714285714286,13.0
00-0039798,Isaiah Davis,RB,2025,17,16,2.5,5.885712907361523,5.206899613899614,3.88,8.0
00-0039816,Anthony Gould,WR,2025,4,3,0.0,1.7521334421872496,0.0,0.0,0.0
00-0039816,Anthony Gould,WR,2025,5,4,0.0,1.7832465107966589,0.0,0.0,0.0
00-0039816,Anthony Gould,WR,2025,6,5,0.0,1.814359579406068,0.0,0.0,0.0
00-0039816,Anthony Gould,WR,2025,7,6,0.8,1.8454726480154773,0.0,0.0,0.0
00-0039816,Anthony Gould,WR,2025,8,7,0.0,2.001362280333175,0.19814671814671816,0.1142857142857143,0.8
00-0039816,Anthony Gould,WR,2025,13,12,0.0,1.997641298766624,0.12006864006864007,0.08888888888888889,0.0
00-0039816,Anthony Gould,WR,2025,14,13,0.8,1.9960143466560958,0.09471814671814673,0.08,0.0
00-0039847,Theo Johnson,TE,2025,4,3,9.2,3.4256825900957955,2.639774774774775,2.6333333333333333,1.5
00-0039847,Theo Johnson,TE,2025,5,4,18.3,5.114637885064413,4.7729928571428575,4.275,9.2
00-0039847,Theo Johnson,TE,2025,6,5,3.7,7.597084648606565,8.57967733674776,7.08,18.3
00-0039847,Theo Johnson,TE,2025,7,6,14.1,6.456579840397288,7.258246460746461,6.516666666666667,3.7
00-0039847,Theo Johnson,TE,2025,8,7,3.5,7.951847625299257,9.145212355212356,7.6,14.1
00-0039847,Theo Johnson,TE,2025,9,8,10.2,6.465351703922021,7.846435810810811,7.0875,3.5
00-0039847,Theo Johnson,TE,2025,10,9,11.0,7.418012326991194,8.589620334620335,7.433333333333334,10.2
00-0039847,Theo Johnson,TE,2025,11,10,5.1,7.589705587997938,9.068295366795367,7.79,11.0
00-0039847,Theo Johnson,TE,2025,12,11,9.2,7.294508617267748,7.761584766584766,7.545454545454545,5.1
00-0039847,Theo Johnson,TE,2025,13,12,4.4,7.658167500048076,8.21818211068211,7.683333333333334,9.2
00-0039847,Theo Johnson,TE,2025,15,13,8.7,7.078066841764026,7.121251856251856,7.430769230769231,4.4
00-0039847,Theo Johnson,TE,2025,16,15,0.0,7.589026976935405,7.619565637065637,7.521428571428571,8.7
00-0039849,Marvin Harrison Jr.,WR,2025,4,3,15.6,7.667880773351797,7.844864864864865,8.4,5.9
00-0039849,Marvin Harrison Jr.,WR,2025,5,4,11.8,9.339348475703908,10.38942857142857,10.2,15.6
00-0039849,Marvin Harrison Jr.,WR,2025,6,5,4.2,9.61462891236182,10.780233034571062,10.52,11.8
00-0039849,Marvin Harrison Jr.,WR,2025,7,6,6.8,8.487381488200473,9.083063063063063,9.466666666666667,4.2
00-0039849,Marvin Harrison Jr.,WR,2025,9,7,19.1,8.24133050702034,8.302683397683397,9.085714285714285,6.8
00-0039849,Marvin Harrison Jr.,WR,2025,10,9,12.8,9.918909145145422,11.105711872586873,10.3375,19.1
00-0039849,Marvin Harrison Jr.,WR,2025,17,16,0.0,8.395514248632303,8.896060021060022,9.754545454545454,1.9
00-0039851,Drake Maye,QB,2025,4,3,23.22,18.944189944204147,20.455927927927927,20.266666666666666,19.22
00-0039851,Drake Maye,QB,2025,5,4,12.12,19.982776801400973,21.34717857142857,21.005,23.22
00-0039851,Drake Maye,QB,2025,6,5,27.24,17.70385726154501,18.72002791293214,19.227999999999998,12.12
00-0039851,Drake Maye,QB,2025,7,6,23.08,19.75146737431831,20.92572265122265,20.563333333333333,27.24
00-0039851,Drake Maye,QB,2025,8,7,26.28,19.701416293494898,21.644347490347492,20.922857142857143,23.08
00-0039851,Drake Maye,QB,2025,9,8,16.36,20.834926722036165,22.56818194980695,21.5925,26.28
00-0039851,Drake Maye,QB,2025,10,9,18.1,19.49097193466805,21.169869583869584,21.01111111111111,16.36
00-0039851,Drake Maye,QB,2025,11,10,15.44,19.331172838322818,20.375096525096524,20.72,18.1
00-0039851,Drake Maye,QB,2025,12,11,15.96,18.584393810223688,19.552131274131273,20.24,15.44
00-0039851,Drake Maye,QB,2025,13,12,20.48,18.525746471679202,18.5068963963964,19.883333333333333,15.96
00-0039851,Drake Maye,QB,2025,15,13,20.5,18.976885783213948,18.87255123255123,19.92923076923077,20.48
00-0039851,Drake Maye,QB,2025,16,15,23.7,19.314659666719795,19.04038030888031,19.97,20.5
00-0039851,Drake Maye,QB,2025,17,16,32.44,19.864498952623993,20.224189703989705,20.218666666666667,23.7
00-0039851,Drake Maye,QB,2025,18,17,15.74,21.034342025874363,22.9806472007722,20.982499999999998,32.44
00-0039855,Jalen McMillan,WR,2025,18,17,1.6,7.514025261623201,8.096801801801803,7.433333333333334,14.9
00-0039868,Troy Franklin,WR,2025,4,3,7.5,7.894151114411537,9.024054054054053,9.4,1.8
00-0039868,Troy Franklin,WR,2025,5,4,7.0,8.14776121957739,8.543635714285713,8.925,7.5
00-0039868,Troy Franklin,WR,2025,6,5,1.6,7.496271038871347,8.123750320102435,8.540000000000001,7.0
00-0039868,Troy Franklin,WR,2025,7,6,11.4,6.510366497673626,6.473587516087516,7.383333333333334,1.6
00-0039868,Troy Franklin,WR,2025,8,7,23.9,7.630407850802186,7.730482625482626,7.957142857142857,11.4
00-0039868,Troy Franklin,WR,2025,9,8,6.3,10.095332092036731,11.21257722007722,9.95,23.9
00-0039868,Troy Franklin,WR,2025,10,9,12.5,8.914721036218044,10.32018876018876,9.544444444444444,6.3
00-0039868,Troy Franklin,WR,2025,11,10,10.4,9.565513721038963,10.885891891891893,9.84,12.5
00-0039868,Troy Franklin,WR,2025,13,11,3.1,9.010545269229356,10.852860652860652,9.89090909090909,10.4
00-0039868,Troy Franklin,WR,2025,14,13,2.6,8.187044103040943,9.363556949806949,9.325,3.1
00-0039868,Troy Franklin,WR,2025,15,14,17.8,7.563337334370717,7.770433620433621,8.807692307692308,2.6
00-0039868,Troy Franklin,WR,2025,16,15,8.6,9.32063672063281,9.50118725868726,9.45,17.8
00-0039868,Troy Franklin,WR,2025,17,16,3.7,8.889712256640898,9.411353925353925,9.393333333333333,8.6
00-0039868,Troy Franklin,WR,2025,18,17,0.0,8.489669848830207,8.047526544401544,9.0375,3.7
00-0039874,Jaylen Wright,RB,2025,13,11,1.6,3.484684679024265,1.6225675675675675,1.7999999999999998,0.4
00-0039874,Jaylen Wright,RB,2025,14,13,16.7,3.514449412646121,1.6224142857142856,1.75,1.6
00-0039874,Jaylen Wright,RB,2025,15,14,1.6,6.444917139040317,5.895984635083226,4.74,16.7
00-0039874,Jaylen Wright,RB,2025,16,15,11.8,5.245879091951881,4.740524453024453,4.216666666666667,1.6
00-0039874,Jaylen Wright,RB,2025,17,16,5.6,6.88576838948167,6.520077220077219,5.3,11.8
00-0039874,Jaylen Wright,RB,2025,18,17,3.0,6.135389967906535,6.414148166023167,5.3375,5.6
00-0039875,Ray Davis,RB,2025,4,3,0.3,2.905349061595746,0.9508108108108108,1.0,0.0
00-0039875,Ray Davis,RB,2025,5,4,0.1,2.8529949143728803,0.74115,0.825,0.3
00-0039875,Ray Davis,RB,2025,6,5,8.9,2.7086792720930615,0.563416133162612,0.6799999999999999,0.1
00-0039875,Ray Davis,RB,2025,8,6,1.6,4.258202487976199,2.703330115830116,2.05,8.9
00-0039875,Ray Davis,RB,2025,9,8,0.0,3.8094636554122094,2.4795559845559847,1.9857142857142858,1.6
00-0039875,Ray Davis,RB,2025,10,9,0.3,3.6049329602438496,1.862101833976834,1.7375,0.0
00-0039875,Ray Davis,RB,2025,11,10,0.0,3.267115305002078,1.552009867009867,1.5777777777777777,0.3
00-0039875,Ray Davis,RB,2025,12,11,6.0,3.1389449651956265,1.2362857142857142,1.42,0.0
00-0039875,Ray Davis,RB,2025,13,12,6.2,3.9717875182147586,2.3797736047736047,1.8363636363636364,6.0
00-0039875,Ray Davis,RB,2025,14,13,0.0,4.468892290517246,2.9852895752895754,2.2,6.2
00-0039875,Ray Davis,RB,2025,15,14,1.8,4.003602690723075,2.315942975942976,2.0307692307692307,0.0
00-0039875,Ray Davis,RB,2025,16,15,4.4,4.010260397092731,2.264710424710425,2.0142857142857142,1.8
00-0039875,Ray Davis,RB,2025,17,16,2.1,4.2256598443788675,2.7897014157014155,2.1733333333333333,4.4
00-0039875,Ray Davis,RB,2025,18,17,24.4,4.198056476907289,2.695973696911197,2.16875,2.1
00-0039880,Malik Washington,WR,2025,4,3,3.1,5.979315037294541,5.888333333333334,5.866666666666667,4.7
00-0039880,Malik Washington,WR,2025,5,4,2.0,5.483269328541229,4.980650000000001,5.175,3.1
00-0039880,Malik Washington,WR,2025,6,5,4.3,4.824226622169153,4.145638924455826,4.54,2.0
00-0039880,Malik Washington,WR,2025,7,6,5.5,4.982436301677035,4.204131274131274,4.5,4.3
00-0039880,Malik Washington,WR,2025,8,7,11.6,5.249804178869337,4.546891891891892,4.642857142857143,5.5
00-0039880,Malik Washington,WR,2025,9,8,5.6,6.444810185020353,6.097270752895753,5.5125,11.6
00-0039880,Malik Washington,WR,2025,10,9,8.3,6.121777952575337,6.00036465036465,5.522222222222222,5.6
00-0039880,Malik Washington,WR,2025,11,10,5.7,6.577190582988796,6.6123938223938215,5.8,8.3
00-0039880,Malik Washington,WR,2025,13,11,5.0,6.255213113388161,6.52004212004212,5.790909090909091,5.7
00-0039880,Malik Washington,WR,2025,14,13,2.5,6.204555062040257,6.210796332046332,5.725,5.0
00-0039880,Malik Washington,WR,2025,15,14,1.5,5.722741789126268,5.372907632907633,5.476923076923077,2.5
00-0039880,Malik Washington,WR,2025,16,15,9.7,5.471809966674511,4.2978861003861,5.192857142857143,1.5
00-0039880,Malik Washington,WR,2025,17,16,1.0,6.298886696433472,5.503458172458172,5.493333333333333,9.7
00-0039880,Malik Washington,WR,2025,18,17,10.3,5.569761329923139,4.415629826254826,5.2125,1.0
00-0039890,Adonai Mitchell,WR,2025,4,3,9.1,3.078317641918533,1.8342342342342342,2.033333333333333,0.0
00-0039890,Adonai Mitchell,WR,2025,5,4,0.0,4.814962778411048,4.205228571428571,3.8,9.1
00-0039890,Adonai Mitchell,WR,2025,7,5,1.3,3.7001155353012094,2.9967720870678614,3.04,0.0
00-0039890,Adonai Mitchell,WR,2025,8,7,0.0,3.725399146963785,2.564449806949807,2.75,1.3
00-0039890,Adonai Mitchell,WR,2025,9,8,1.2,3.1198662952379985,1.9173938223938225,2.357142857142857,0.0
00-0039890,Adonai Mitchell,WR,2025,11,9,1.5,3.1973006935312975,1.725340250965251,2.2125,1.2
00-0039890,Adonai Mitchell,WR,2025,12,11,5.2,3.2080625860457554,1.7564157014157014,2.1333333333333333,1.5
00-0039890,Adonai Mitchell,WR,2025,13,12,20.2,3.9317427159092806,2.319096525096525,2.44,5.2
00-0039890,Adonai Mitchell,WR,2025,14,13,2.9,6.0782997533764185,6.5111179361179365,4.054545454545455,20.2
00-0039890,Adonai Mitchell,WR,2025,15,14,14.4,4.9676735621759995,5.731980373230373,3.958333333333333,2.9
00-0039890,Adonai Mitchell,WR,2025,16,15,5.8,6.476787217951643,7.773102168102168,4.7615384615384615,14.4
00-0039890,Adonai Mitchell,WR,2025,17,16,3.7,5.50457688466952,7.376766409266409,4.835714285714285,5.8
00-0039890,Adonai Mitchell,WR,2025,18,17,0.0,5.4525067160377665,6.6078532818532825,4.76,3.7
00-0039893,Brian Thomas Jr.,WR,2025,4,3,8.1,7.193213405640105,7.18054054054054,7.3,6.5
00-0039893,Brian Thomas Jr.,WR,2025,5,4,10.0,7.431216231175116,7.4844,7.5,8.1
00-0039893,Brian Thomas Jr.,WR,2025,6,5,19.0,7.952590691729467,8.197163892445582,8.0,10.0
00-0039893,Brian Thomas Jr.,WR,2025,7,6,4.6,9.856190321610494,10.953384813384814,9.833333333333334,19.0
00-0039893,Brian Thomas Jr.,WR,2025,9,7,7.0,8.363620046363934,9.424073359073358,9.085714285714285,4.6
00-0039893,Brian Thomas Jr.,WR,2025,14,13,10.2,7.280581302010964,7.783893178893178,8.266666666666666,3.8
00-0039893,Brian Thomas Jr.,WR,2025,15,14,15.1,8.037955585179718,8.360305019305018,8.459999999999999,10.2
00-0039893,Brian Thomas Jr.,WR,2025,16,15,2.8,8.948871625387389,9.85493681993682,9.063636363636363,15.1
00-0039893,Brian Thomas Jr.,WR,2025,17,16,5.9,7.986762414439287,7.88661036036036,8.541666666666666,2.8
00-0039893,Brian Thomas Jr.,WR,2025,18,17,6.4,7.973265000724339,7.5957202257202265,8.338461538461539,5.9
00-0039894,Xavier Worthy,WR,2025,6,5,9.6,7.113361113697188,8.002927927927928,7.566666666666666,8.1
00-0039894,Xavier Worthy,WR,2025,7,6,6.3,7.938268009079594,8.50465,8.075,9.6
00-0039894,Xavier Worthy,WR,2025,8,7,7.8,7.290006358037181,7.8613854033290655,7.72,6.3
00-0039894,Xavier Worthy,WR,2025,9,8,4.5,7.45157052632596,7.838867438867439,7.733333333333333,7.8
00-0039894,Xavier Worthy,WR,2025,11,9,4.0,6.884370829368516,7.283725868725869,7.271428571428571,4.5
00-0039894,Xavier Worthy,WR,2025,12,11,7.9,6.687060466827478,6.232975386100386,6.8625,4.0
00-0039894,Xavier Worthy,WR,2025,13,12,9.4,7.040763250567893,6.592260832260832,6.977777777777778,7.9
00-0039894,Xavier Worthy,WR,2025,14,13,7.0,7.470519472003332,7.159992277992277,7.22,9.4
00-0039894,Xavier Worthy,WR,2025,15,14,4.5,7.4309324849144405,7.156872586872588,7.2,7.0
00-0039894,Xavier Worthy,WR,2025,16,15,5.1,7.06112766066969,6.534049227799228,6.975,4.5
00-0039894,Xavier Worthy,WR,2025,17,16,0.1,6.905810807609431,6.31022869022869,6.8307692307692305,5.1
00-0039901,Keon Coleman,WR,2025,4,3,6.0,8.172734658697255,8.56,9.6,3.5
00-0039901,Keon Coleman,WR,2025,5,4,8.3,7.355731511141625,7.769571428571428,8.7,6.0
00-0039901,Keon Coleman,WR,2025,6,5,2.6,7.678914518065383,7.961327784891165,8.62,8.3
00-0039901,Keon Coleman,WR,2025,8,6,4.5,6.736481733286806,6.620427927927928,7.616666666666666,2.6
00-0039901,Keon Coleman,WR,2025,9,8,2.7,6.920928572445266,5.619633204633205,7.171428571428572,4.5
00-0039901,Keon Coleman,WR,2025,10,9,12.1,6.291699637256267,5.036093146718146,6.6125,2.7
00-0039901,Keon Coleman,WR,2025,14,13,2.6,7.369170388647988,7.134685328185329,7.29,7.9
00-0039910,Jayden Daniels,QB,2025,6,5,21.64,18.156843588561905,18.797171171171172,18.986666666666668,17.14
00-0039910,Jayden Daniels,QB,2025,7,6,17.74,18.899255019226484,19.729374285714286,19.65,21.64
00-0039910,Jayden Daniels,QB,2025,9,7,15.22,18.380889703728464,19.162711651728554,19.268,17.74
00-0039912,Ben Sinnott,TE,2025,10,8,6.9,2.636693274635435,1.4036486486486486,1.3,2.7
00-0039912,Ben Sinnott,TE,2025,15,14,4.1,3.413993727784308,2.6310460947503205,2.42,1.3
00-0039912,Ben Sinnott,TE,2025,16,15,1.0,3.853431983795903,2.996969111969112,2.7,4.1
00-0039912,Ben Sinnott,TE,2025,17,16,4.4,3.32999135046385,2.5544401544401545,2.4571428571428573,1.0
00-0039912,Ben Sinnott,TE,2025,18,17,1.3,3.844909593161543,3.0856370656370653,2.7,4.4
00-0039915,Ladd McConkey,WR,2025,4,3,1.6,7.552574311505483,7.674504504504505,7.933333333333334,6.1
00-0039915,Ladd McConkey,WR,2025,5,4,12.4,5.976947931304462,5.709471428571428,6.35,1.6
00-0039915,Ladd McConkey,WR,2025,6,5,19.5,7.550593995299317,7.6319411011523695,7.5600000000000005,12.4
00-0039915,Ladd McConkey,WR,2025,7,6,11.2,9.509466475782878,10.666901544401544,9.55,19.5
00-0039915,Ladd McConkey,WR,2025,8,7,17.8,9.458521680641098,10.766447876447875,9.785714285714286,11.2
00-0039915,Ladd McConkey,WR,2025,9,8,7.6,10.623984548504785,12.543636583011583,10.7875,17.8
00-0039915,Ladd McConkey,WR,2025,10,9,18.7,9.379309339726715,11.515450450450452,10.433333333333334,7.6
00-0039915,Ladd McConkey,WR,2025,11,10,2.8,10.943775180364145,13.479223938223939,11.26,18.7
00-0039915,Ladd McConkey,WR,2025,13,11,11.9,8.907877683341846,10.942725517725517,10.49090909090909,2.8
00-0039915,Ladd McConkey,WR,2025,14,13,1.7,9.85892457597449,10.832453346203346,10.608333333333333,11.9
00-0039915,Ladd McConkey,WR,2025,15,14,3.0,8.208872152129185,8.754737154737155,9.923076923076923,1.7
00-0039915,Ladd McConkey,WR,2025,16,15,12.3,8.171965549328462,7.228030888030888,9.428571428571429,3.0
00-0039915,Ladd McConkey,WR,2025,17,16,3.6,8.87190802086232,8.477135135135136,9.62,12.3
00-0039916,Ricky Pearsall,WR,2025,4,3,6.6,10.805207084678838,12.119594594594595,11.9,15.7
00-0039916,Ricky Pearsall,WR,2025,12,11,1.8,7.391752392378459,7.548829705505762,8.56,0.5
00-0039916,Ricky Pearsall,WR,2025,13,12,2.4,6.369318810988439,6.125682110682111,7.433333333333334,1.8
00-0039916,Ricky Pearsall,WR,2025,15,13,12.6,5.925526481244876,5.017104247104248,6.714285714285714,2.4
00-0039916,Ricky Pearsall,WR,2025,17,15,11.0,7.399882898948936,6.845318532818532,7.45,12.6
00-0039917,Michael Penix Jr.,QB,2025,4,3,18.72,11.31559524113093,9.839207207207206,11.033333333333333,3.78
00-0039917,Michael Penix Jr.,QB,2025,6,4,14.6,13.262605339453247,12.77573,12.955,18.72
00-0039917,Michael Penix Jr.,QB,2025,7,6,12.24,13.5767995859425,13.30012599231754,13.283999999999999,14.6
00-0039917,Michael Penix Jr.,QB,2025,9,7,22.74,13.69967796543384,13.027940154440154,13.11,12.24
00-0039917,Michael Penix Jr.,QB,2025,10,9,10.98,15.372101248658065,15.049795366795365,14.485714285714286,22.74
00-0039917,Michael Penix Jr.,QB,2025,11,10,7.9,14.271004389986095,14.385563223938224,14.0475,10.98
00-0039918,Caleb Williams,QB,2025,4,3,11.78,21.773864883008066,23.79253153153153,23.433333333333334,29.12
00-0039918,Caleb Williams,QB,2025,6,4,20.38,18.43495569077441,19.87133714285714,20.52,11.78
00-0039918,Caleb Williams,QB,2025,7,6,4.68,19.1975618829901,20.044330601792574,20.492,20.38
00-0039918,Caleb Williams,QB,2025,8,7,11.8,15.694850882039798,16.132342985842985,17.856666666666666,4.68
00-0039918,Caleb Williams,QB,2025,9,8,37.7,15.771400478371108,14.840108108108108,16.99142857142857,11.8
00-0039918,Caleb Williams,QB,2025,10,9,25.1,19.25910210042414,20.37808108108108,19.580000000000002,37.7
00-0039918,Caleb Williams,QB,2025,11,10,10.32,19.530941825003165,21.148790218790218,20.193333333333335,25.1
00-0039918,Caleb Williams,QB,2025,12,11,21.66,18.00078594647493,18.908574903474904,19.206,10.32
00-0039918,Caleb Williams,QB,2025,13,12,9.46,18.33456724775026,19.504822744822746,19.42909090909091,21.66
00-0039918,Caleb Williams,QB,2025,14,13,14.94,16.605255682607872,17.743324002574003,18.598333333333333,9.46
00-0039918,Caleb Williams,QB,2025,15,14,18.98,17.047625763549384,17.37457944757945,18.31692307692308,14.94
00-0039918,Caleb Williams,QB,2025,16,15,21.0,17.578420746020875,17.075859073359073,18.364285714285714,18.98
00-0039918,Caleb Williams,QB,2025,17,16,23.0,18.28421665456438,17.743517374517374,18.54,21.0
00-0039918,Caleb Williams,QB,2025,18,17,16.58,18.824146683905326,19.211076013513516,18.81875,23.0
00-0039919,Rome Odunze,WR,2025,4,3,14.9,14.82382516861795,18.206396396396396,18.233333333333334,13.7
00-0039919,Rome Odunze,WR,2025,6,4,4.2,14.603322525222794,17.132199999999997,17.4,14.9
00-0039919,Rome Odunze,WR,2025,7,6,4.1,11.477596384379131,13.48358642765685,14.76,4.2
00-0039919,Rome Odunze,WR,2025,8,7,14.9,10.143811051647775,11.14264157014157,12.983333333333333,4.1
00-0039919,Rome Odunze,WR,2025,9,8,0.0,11.026455136350274,12.087509652509652,13.257142857142856,14.9
00-0039919,Rome Odunze,WR,2025,10,9,17.6,9.18915882043985,8.649942084942085,11.6,0.0
00-0039919,Rome Odunze,WR,2025,11,10,5.1,11.156781344788675,10.733005148005148,12.266666666666667,17.6
00-0039919,Rome Odunze,WR,2025,12,11,6.8,9.628978563236867,9.356206563706564,11.55,5.1
00-0039919,Rome Odunze,WR,2025,13,12,1.8,9.770974297906383,9.073120393120394,11.118181818181819,6.8
00-0039920,Malachi Corley,WR,2025,10,8,3.2,3.4884363495489397,2.4194594594594596,2.3000000000000003,3.1
00-0039920,Malachi Corley,WR,2025,11,10,1.9,3.732576949469218,2.6684642857142857,2.5250000000000004,3.2
00-0039920,Malachi Corley,WR,2025,12,11,0.7,3.583152701803014,2.444526248399488,2.4,1.9
00-0039920,Malachi Corley,WR,2025,13,12,0.9,3.282132630472625,1.9957561132561135,2.1166666666666667,0.7
00-0039920,Malachi Corley,WR,2025,14,13,0.2,3.145494465702223,1.7604054054054052,1.9428571428571428,0.9
00-0039920,Malachi Corley,WR,2025,15,14,1.5,2.9442986842564833,1.35859555984556,1.725,0.2
00-0039920,Malachi Corley,WR,2025,16,15,5.1,3.0909981863103915,1.3485907335907337,1.7,1.5
00-0039920,Malachi Corley,WR,2025,17,16,0.9,3.6406856130821548,2.174791505791506,2.04,5.1
00-0039920,Malachi Corley,WR,2025,18,17,4.8,3.3593235300054,1.8843875043875045,1.9363636363636363,0.9
00-0039921,Trey Benson,RB,2025,4,3,7.9,7.52496155804747,6.91918918918919,7.0,6.6
00-0039923,J.J. McCarthy,QB,2025,10,9,14.72,14.820901109169776,14.554369369369368,14.653333333333334,18.92
00-0039923,J.J. McCarthy,QB,2025,11,10,6.0,14.369667982661818,14.612242857142856,14.67,14.72
00-0039923,J.J. McCarthy,QB,2025,12,11,0.48,12.95416363894848,12.177043021766966,12.936,6.0
00-0039923,J.J. McCarthy,QB,2025,14,12,20.42,10.749521224929554,9.21891891891892,10.86,0.48
00-0039923,J.J. McCarthy,QB,2025,15,14,23.5,13.106346314618078,11.597359073359076,12.225714285714286,20.42
00-0039923,J.J. McCarthy,QB,2025,16,15,8.32,14.632729729833427,14.80736196911197,13.635,23.5
00-0039923,J.J. McCarthy,QB,2025,18,16,7.98,13.651330626297081,13.070945516945518,13.044444444444444,8.32
00-0040009,Savion Williams,WR,2025,4,3,3.8,2.348692443968436,0.9110360360360359,0.9666666666666667,-0.1
00-0040009,Savion Williams,WR,2025,6,4,0.3,3.128040442226136,1.8528214285714286,1.6749999999999998,3.8
00-0040009,Savion Williams,WR,2025,7,6,0.0,2.6983067280952637,1.405326504481434,1.4,0.3
00-0040009,Savion Williams,WR,2025,8,7,7.4,2.588775982715254,1.0452831402831402,1.1666666666666665,0.0
00-0040009,Savion Williams,WR,2025,9,8,0.19999999999999996,3.643407768085176,2.6394594594594594,2.057142857142857,7.4
00-0040009,Savion Williams,WR,2025,10,9,1.2,3.060146706318287,2.03344111969112,1.825,0.19999999999999996
00-0040009,Savion Williams,WR,2025,11,10,3.8,3.176223731597709,1.9012012012012012,1.7555555555555555,1.2
00-0040009,Savion Williams,WR,2025,12,11,0.0,3.363175336453826,2.2685675675675676,1.96,3.8
00-0040024,Darius Cooper,WR,2025,15,14,3.9,2.784647730581068,1.5113063063063064,1.3666666666666667,2.4
00-0040024,Darius Cooper,WR,2025,17,15,0.9,3.3923701250942058,2.282285714285714,2.0,3.9
00-0040024,Darius Cooper,WR,2025,18,17,4.8,3.0783292376271274,1.8783905249679897,1.78,0.9
00-0040058,Nick Kallerup,TE,2025,15,13,0.0,1.6323203876687105,0.0,0.0,0.0
00-0040075,LaJohntay Wester,WR,2025,5,3,0.0,1.7521334421872496,0.0,0.0,0.0
00-0040075,LaJohntay Wester,WR,2025,6,5,0.0,1.7832465107966589,0.0,0.0,0.0
00-0040075,LaJohntay Wester,WR,2025,10,9,0.0,1.8454726480154773,0.0,0.0,0.0
00-0040075,LaJohntay Wester,WR,2025,11,10,0.0,1.8765857166248867,0.0,0.0,0.0
00-0040075,LaJohntay Wester,WR,2025,12,11,0.0,1.907698785234296,0.0,0.0,0.0
00-0040075,LaJohntay Wester,WR,2025,14,12,0.0,1.9388118538437051,0.0,0.0,0.0
00-0040075,LaJohntay Wester,WR,2025,15,14,0.0,1.9699249224531146,0.0,0.0,0.0
00-0040075,LaJohntay Wester,WR,2025,16,15,0.0,2.001037991062524,0.0,0.0,0.0
00-0040075,LaJohntay Wester,WR,2025,17,16,0.0,2.032151059671933,0.0,0.0,0.0
00-0040075,LaJohntay Wester,WR,2025,18,17,0.0,2.063264128281342,0.0,0.0,0.0
00-0040078,Brashard Smith,RB,2025,4,3,5.1,2.6687319794075544,0.5825675675675677,0.5,1.3
00-0040078,Brashard Smith,RB,2025,5,4,5.1,3.69510463683239,2.0483571428571428,1.65,5.1
00-0040078,Brashard Smith,RB,2025,6,5,3.6,4.276156785314579,2.894339308578745,2.34,5.1
00-0040078,Brashard Smith,RB,2025,7,6,10.6,4.422644722887694,3.0483301158301153,2.55,3.6
00-0040078,Brashard Smith,RB,2025,8,7,0.8,5.663467243585411,5.007316602316602,3.6999999999999997,10.6
00-0040078,Brashard Smith,RB,2025,9,8,0.7,4.700669393137194,4.10347249034749,3.3375,0.8
00-0040078,Brashard Smith,RB,2025,11,9,1.8,4.479480480597696,3.3597061347061343,3.0444444444444443,0.7
00-0040078,Brashard Smith,RB,2025,12,11,5.1,4.215892679675938,2.919007722007722,2.92,1.8
00-0040078,Brashard Smith,RB,2025,13,12,0.0,4.728039935696881,3.3428694278694278,3.118181818181818,5.1
00-0040078,Brashard Smith,RB,2025,14,13,0.7,4.253350692387235,2.562385778635779,2.8583333333333334,0.0
00-0040078,Brashard Smith,RB,2025,15,14,0.1,4.369107952700072,1.879218889218889,2.692307692307692,0.7
00-0040078,Brashard Smith,RB,2025,16,15,0.9,4.075791588959882,1.5718050193050193,2.507142857142857,0.1
00-0040078,Brashard Smith,RB,2025,17,16,8.0,4.1293109883096735,1.514015444015444,2.4,0.9
00-0040078,Brashard Smith,RB,2025,18,17,6.8,4.946370225549509,2.9861486486486486,2.75,8.0
00-0040122,Ashton Jeanty,RB,2025,4,3,32.5,7.922146796532256,7.46045045045045,7.733333333333333,6.3
00-0040122,Ashton Jeanty,RB,2025,5,4,13.4,13.432996933495813,15.614721428571432,13.925,32.5
00-0040122,Ashton Jeanty,RB,2025,6,5,15.6,12.472958323126843,14.912249679897567,13.82,13.4
00-0040122,Ashton Jeanty,RB,2025,7,6,3.9,13.232360551482868,15.03577541827542,14.116666666666667,15.6
00-0040122,Ashton Jeanty,RB,2025,9,7,17.4,10.617165758309671,12.385154440154441,12.657142857142857,3.9
00-0040122,Ashton Jeanty,RB,2025,10,9,13.8,12.032962019605643,13.835974903474902,13.25,17.4
00-0040122,Ashton Jeanty,RB,2025,11,10,6.4,11.82095690238471,14.064120549120549,13.311111111111112,13.8
00-0040122,Ashton Jeanty,RB,2025,12,11,20.8,11.403469195803506,11.592637065637067,12.62,6.4
00-0040122,Ashton Jeanty,RB,2025,13,12,9.1,12.808185573859353,13.69935766935767,13.363636363636363,20.8
00-0040122,Ashton Jeanty,RB,2025,14,13,4.8,11.713657696136835,12.569538288288289,13.008333333333333,9.1
00-0040122,Ashton Jeanty,RB,2025,15,14,6.2,11.097561012045981,11.156054351054351,12.376923076923077,4.8
00-0040122,Ashton Jeanty,RB,2025,16,15,31.3,10.521300475502272,9.909044401544401,11.935714285714285,6.2
00-0040122,Ashton Jeanty,RB,2025,17,16,8.3,13.298658529664634,14.629951093951094,13.226666666666667,31.3
00-0040122,Ashton Jeanty,RB,2025,18,17,10.9,11.76737544874409,13.437624276061776,12.91875,8.3
00-0040124,Tetairoa McMillan,WR,2025,4,3,8.2,8.606887051489169,9.318423423423424,9.533333333333333,6.3
00-0040124,Tetairoa McMillan,WR,2025,5,4,10.3,8.557048623571648,8.9634,9.2,8.2
00-0040124,Tetairoa McMillan,WR,2025,6,5,16.4,8.764241185449128,9.352320102432778,9.42,10.3
00-0040124,Tetairoa McMillan,WR,2025,7,6,4.8,10.138097210526599,11.159900257400256,10.583333333333334,16.4
00-0040124,Tetairoa McMillan,WR,2025,8,7,13.4,8.776929072511896,9.628474903474903,9.757142857142856,4.8
00-0040124,Tetairoa McMillan,WR,2025,9,8,6.6,9.749540347575135,10.426054536679537,10.2125,13.4
00-0040124,Tetairoa McMillan,WR,2025,10,9,8.5,8.754597216033908,9.65570356070356,9.811111111111112,6.6
00-0040124,Tetairoa McMillan,WR,2025,11,10,29.0,8.98246306189467,9.446166023166022,9.68,8.5
00-0040124,Tetairoa McMillan,WR,2025,12,11,10.5,11.529959476543393,13.916781326781328,11.436363636363636,29.0
00-0040124,Tetairoa McMillan,WR,2025,13,12,10.8,10.456226695032157,12.90962516087516,11.358333333333333,10.5
00-0040124,Tetairoa McMillan,WR,2025,15,13,3.5,10.626082634157257,12.627141372141374,11.315384615384616,10.8
00-0040124,Tetairoa McMillan,WR,2025,16,15,16.3,8.980833822076217,10.48550193050193,10.757142857142856,3.5
00-0040124,Tetairoa McMillan,WR,2025,17,16,1.0,10.24768144179613,11.92473873873874,11.126666666666667,16.3
00-0040124,Tetairoa McMillan,WR,2025,18,17,10.5,8.56128517002406,9.594241071428572,10.49375,1.0
00-0040126,Colston Loveland,TE,2025,7,6,3.9,3.0742435632105103,2.0529071428571433,1.975,2.1
00-0040126,Colston Loveland,TE,2025,8,7,5.3,3.577681644368907,2.572261203585147,2.36,3.9
00-0040126,Colston Loveland,TE,2025,9,8,26.8,4.017556707697944,3.260395752895753,2.85,5.3
00-0040126,Colston Loveland,TE,2025,10,9,7.5,7.749229663921508,9.112683397683398,6.271428571428571,26.8
00-0040126,Colston Loveland,TE,2025,11,10,5.5,6.725567620247378,8.91963803088803,6.425,7.5
00-0040126,Colston Loveland,TE,2025,12,11,12.9,6.626586344811071,8.176542256542257,6.322222222222222,5.5
00-0040126,Colston Loveland,TE,2025,13,12,4.3,7.033176293665342,9.392054054054054,6.98,12.9
00-0040126,Colston Loveland,TE,2025,14,13,10.9,6.284492770753993,8.282341172341173,6.736363636363636,4.3
00-0040126,Colston Loveland,TE,2025,15,14,8.1,7.170221957998724,8.89090411840412,7.083333333333333,10.9
00-0040126,Colston Loveland,TE,2025,16,15,4.5,7.255147036647058,7.973662013662015,7.161538461538462,8.1
00-0040126,Colston Loveland,TE,2025,17,16,18.4,6.963167776259924,7.166042471042472,6.9714285714285715,4.5
00-0040126,Colston Loveland,TE,2025,18,17,20.1,8.42117546916828,9.695064350064351,7.733333333333333,18.4
00-0040128,Tyler Warren,TE,2025,4,3,15.8,7.9808433471009765,8.482522522522522,8.866666666666667,5.3
00-0040128,Tyler Warren,TE,2025,5,4,12.4,9.778511872237335,10.877828571428571,10.6,15.8
00-0040128,Tyler Warren,TE,2025,6,5,15.3,9.889604302034162,11.296268886043535,10.96,12.4
00-0040128,Tyler Warren,TE,2025,7,6,14.9,10.874467095361975,12.305112612612614,11.683333333333334,15.3
00-0040128,Tyler Warren,TE,2025,8,7,7.3,11.08486760649887,12.956351351351351,12.142857142857142,14.9
00-0040128,Tyler Warren,TE,2025,9,8,5.1,10.083969763078082,11.66266167953668,11.5375,7.3
00-0040128,Tyler Warren,TE,2025,10,9,13.9,9.224789413582126,10.327893607893609,10.822222222222223,5.1
00-0040128,Tyler Warren,TE,2025,12,10,7.0,9.996027233239873,10.992488416988419,11.13,13.9
00-0040128,Tyler Warren,TE,2025,13,12,9.7,9.347777868172368,10.034341874341875,10.754545454545454,7.0
00-0040128,Tyler Warren,TE,2025,14,13,2.7,9.728409396168948,9.81524453024453,10.666666666666666,9.7
00-0040128,Tyler Warren,TE,2025,15,14,3.4,8.6095170797367,8.0897920997921,10.053846153846154,2.7
00-0040128,Tyler Warren,TE,2025,16,15,4.5,8.29450769283398,7.195994208494208,9.57857142857143,3.4
00-0040128,Tyler Warren,TE,2025,17,16,6.8,8.016052782277896,6.826760617760618,9.24,4.5
00-0040128,Tyler Warren,TE,2025,18,17,5.1,8.359816498180473,6.73039333976834,9.0875,6.8
00-0040129,Emeka Egbuka,WR,2025,4,3,18.1,12.399252137117964,14.078738738738739,14.666666666666668,11.5
00-0040129,Emeka Egbuka,WR,2025,5,4,27.8,13.248354415141801,15.410321428571429,15.525,18.1
00-0040129,Emeka Egbuka,WR,2025,6,5,3.4,15.785231699594068,18.922475032010244,17.98,27.8
00-0040129,Emeka Egbuka,WR,2025,7,6,7.8,12.445198155370424,14.90311776061776,15.55,3.4
00-0040129,Emeka Egbuka,WR,2025,8,7,5.0,11.840693979598507,12.932432432432432,14.442857142857143,7.8
00-0040129,Emeka Egbuka,WR,2025,10,8,20.5,10.178438865024642,11.154867277992278,13.262500000000001,5.0
00-0040129,Emeka Egbuka,WR,2025,11,10,6.5,12.214827554095697,13.45597812097812,14.066666666666666,20.5
00-0040129,Emeka Egbuka,WR,2025,12,11,4.7,10.862153735878083,11.706106177606177,13.31,6.5
00-0040129,Emeka Egbuka,WR,2025,13,12,6.2,10.620383346707303,9.621263601263601,12.527272727272727,4.7
00-0040129,Emeka Egbuka,WR,2025,14,13,2.5,9.939174444240939,9.233552123552123,12.0,6.2
00-0040129,Emeka Egbuka,WR,2025,15,14,8.4,9.161392259671295,7.939172854172854,11.26923076923077,2.5
00-0040129,Emeka Egbuka,WR,2025,16,15,4.5,9.57292615519667,8.353330115830117,11.064285714285715,8.4
00-0040129,Emeka Egbuka,WR,2025,17,16,3.5,9.327851564227743,7.248271557271558,10.626666666666667,4.5
00-0040129,Emeka Egbuka,WR,2025,18,17,1.3,9.073499870633814,6.673340974903475,10.18125,3.5
00-0040130,Jayden Higgins,WR,2025,4,3,8.9,3.705602220723978,2.6324774774774777,2.8333333333333335,1.0
00-0040130,Jayden Higgins,WR,2025,5,4,5.2,5.194605617967165,4.6789000000000005,4.35,8.9
00-0040130,Jayden Higgins,WR,2025,7,5,0.0,5.157985330691537,4.8116927016645334,4.5200000000000005,5.2
00-0040130,Jayden Higgins,WR,2025,8,7,11.4,4.374186282560615,3.565785070785071,3.7666666666666666,0.0
00-0040130,Jayden Higgins,WR,2025,9,8,0.9,5.7761597977929515,5.491409266409267,4.857142857142858,11.4
00-0040130,Jayden Higgins,WR,2025,10,9,12.7,4.665935907358106,4.432241795366795,4.3625,0.9
00-0040130,Jayden Higgins,WR,2025,11,10,7.5,6.3838869502124655,6.505531960531961,5.288888888888889,12.7
00-0040130,Jayden Higgins,WR,2025,12,11,11.8,6.059094974236859,6.58880888030888,5.51,7.5
00-0040130,Jayden Higgins,WR,2025,13,12,9.0,7.041228176160801,7.77357844857845,6.081818181818182,11.8
00-0040130,Jayden Higgins,WR,2025,14,13,4.9,6.945980931351432,8.226607142857144,6.325,9.0
00-0040130,Jayden Higgins,WR,2025,15,14,0.9,6.601865677834553,7.252585387585388,6.2153846153846155,4.9
00-0040130,Jayden Higgins,WR,2025,16,15,2.2,5.812067821440253,5.996650579150579,5.835714285714285,0.9
00-0040130,Jayden Higgins,WR,2025,17,16,15.8,5.62996553142152,4.911353925353925,5.593333333333334,2.2
00-0040130,Jayden Higgins,WR,2025,18,17,9.3,7.133837336487084,7.255725144787645,6.23125,15.8
00-0040131,Kyle Williams,WR,2025,6,4,0.0,2.339156451537042,0.8132882882882884,0.9333333333333333,-0.2
00-0040131,Kyle Williams,WR,2025,7,6,0.0,2.1892898775295278,0.5536571428571428,0.7,0.0
00-0040131,Kyle Williams,WR,2025,9,7,0.0,2.0950456558640655,0.40348399487836106,0.56,0.0
00-0040131,Kyle Williams,WR,2025,10,9,13.7,2.08176353712034,0.3077155727155727,0.4666666666666667,0.0
00-0040131,Kyle Williams,WR,2025,11,10,0.0,4.26683159179816,3.5817374517374523,2.357142857142857,13.7
00-0040131,Kyle Williams,WR,2025,12,11,2.3,3.2164658143067144,2.7436896718146713,2.0625,0.0
00-0040131,Kyle Williams,WR,2025,13,12,9.8,3.5178106452794125,2.709180609180609,2.0888888888888886,2.3
00-0040131,Kyle Williams,WR,2025,15,13,0.0,4.271485629155042,4.421849420849421,2.86,9.8
00-0040131,Kyle Williams,WR,2025,16,15,11.6,3.5277775697080664,3.4756370656370654,2.6,0.0
00-0040131,Kyle Williams,WR,2025,17,16,3.5,5.028731387120358,5.389855212355213,3.35,11.6
00-0040131,Kyle Williams,WR,2025,18,17,0.5,4.415806489049636,4.549434214434214,3.3615384615384616,3.5
00-0040134,Pat Bryant,WR,2025,6,5,3.2,2.324156117204266,0.7693693693693693,0.9333333333333332,0.0
00-0040134,Pat Bryant,WR,2025,7,6,1.1,2.8903429735042043,1.566485714285714,1.5,3.2
00-0040134,Pat Bryant,WR,2025,8,7,11.0,2.7832523815773302,1.431468629961588,1.42,1.1
00-0040134,Pat Bryant,WR,2025,9,8,3.0,4.6010982759733166,3.880620978120978,3.0166666666666666,11.0
00-0040134,Pat Bryant,WR,2025,10,9,4.8,4.086293791187101,3.6681274131274133,3.0142857142857142,3.0
00-0040134,Pat Bryant,WR,2025,11,10,10.7,4.508260557199351,4.041850868725869,3.2375,4.8
00-0040134,Pat Bryant,WR,2025,13,11,5.7,5.331991496728058,5.72009009009009,4.066666666666666,10.7
00-0040134,Pat Bryant,WR,2025,14,13,5.2,5.232535387640883,5.717276061776062,4.2299999999999995,5.7
00-0040134,Pat Bryant,WR,2025,16,14,6.7,5.3476102716672465,5.678197613197613,4.318181818181818,5.2
00-0040134,Pat Bryant,WR,2025,18,16,5.1,5.514871784979087,5.643420205920206,4.516666666666667,6.7
00-0040138,Jaylin Noel,WR,2025,4,3,0.5,2.2655560398560426,0.6877027027027026,0.7,0.9
00-0040138,Jaylin Noel,WR,2025,5,4,8.8,2.219301773722499,0.6271571428571429,0.65,0.5
00-0040138,Jaylin Noel,WR,2025,7,5,9.7,3.853126801310808,2.9415851472471193,2.2800000000000002,8.8
00-0040138,Jaylin Noel,WR,2025,8,7,8.8,4.895133392003937,4.640022522522522,3.5166666666666666,9.7
00-0040138,Jaylin Noel,WR,2025,9,8,-0.3,5.557499157850726,5.7492857142857146,4.271428571428571,8.8
00-0040138,Jaylin Noel,WR,2025,10,9,5.5,4.354063205573816,4.426409266409267,3.7,-0.3
00-0040138,Jaylin Noel,WR,2025,11,10,1.7,4.762632817828793,4.76915057915058,3.9,5.5
00-0040138,Jaylin Noel,WR,2025,12,11,1.4,4.192264446280043,4.1595830115830115,3.68,1.7
00-0040138,Jaylin Noel,WR,2025,13,12,0.0,4.193633799513394,3.3362846612846613,3.4727272727272727,1.4
00-0040138,Jaylin Noel,WR,2025,14,13,2.3,3.8511734662080723,2.363510296010296,3.1833333333333336,0.0
00-0040138,Jaylin Noel,WR,2025,15,14,0.0,4.12153272695961,2.1724502524502523,3.1153846153846154,2.3
00-0040138,Jaylin Noel,WR,2025,16,15,0.0,3.825929256029435,1.834604247104247,2.892857142857143,0.0
00-0040138,Jaylin Noel,WR,2025,17,16,13.1,3.8260409111925413,1.368069498069498,2.7,0.0
00-0040138,Jaylin Noel,WR,2025,18,17,1.8,5.129225776537869,4.019642857142857,3.35,13.1
00-0040142,Kaleb Johnson,RB,2025,6,4,1.5,2.8313790406823967,0.8528378378378378,0.7000000000000001,2.2
00-0040142,Kaleb Johnson,RB,2025,10,9,0.3,3.2148531395832167,1.2603687580025609,1.08,1.8
00-0040142,Kaleb Johnson,RB,2025,11,10,1.5,3.0101607290793306,1.0058204633204635,0.9500000000000001,0.3
00-0040142,Kaleb Johnson,RB,2025,13,11,0.3,3.172894130644435,1.1685521235521237,1.0285714285714287,1.5
00-0040142,Kaleb Johnson,RB,2025,14,13,0.4,3.0237714890920024,0.9903257722007722,0.9375,0.3
00-0040142,Kaleb Johnson,RB,2025,15,14,0.4,3.0460125581848603,0.8055426855426855,0.8777777777777778,0.4
00-0040154,Tai Felton,WR,2025,5,4,0.0,2.0321767186410917,0.45846846846846834,0.4666666666666666,0.0
00-0040154,Tai Felton,WR,2025,7,5,0.0,2.001504455658819,0.3097,0.35,0.0
00-0040154,Tai Felton,WR,2025,9,7,0.0,1.9455948160519896,0.2238386683738796,0.27999999999999997,0.0
00-0040154,Tai Felton,WR,2025,11,9,0.0,1.9526785808464395,0.16923423423423423,0.2333333333333333,0.0
00-0040154,Tai Felton,WR,2025,12,11,0.0,1.9644236609566659,0.13567567567567568,0.19999999999999998,0.0
00-0040154,Tai Felton,WR,2025,13,12,0.0,2.018677127651702,0.06124999999999999,0.175,0.0
00-0040154,Tai Felton,WR,2025,14,13,1.5,2.0374592693258435,0.05444444444444444,0.15555555555555556,0.0
00-0040154,Tai Felton,WR,2025,16,14,1.1,2.251896098982667,0.3980250965250965,0.29,1.5
00-0040154,Tai Felton,WR,2025,18,16,0.0,2.3259652552144976,0.5671182871182872,0.36363636363636365,1.1
00-0040162,Dylan Sampson,RB,2025,4,3,-0.2,7.269715970783985,6.812342342342343,7.633333333333334,0.2
00-0040162,Dylan Sampson,RB,2025,5,4,0.7,5.647239483969831,4.565078571428572,5.675000000000001,-0.2
00-0040162,Dylan Sampson,RB,2025,6,5,3.4,4.867909164233016,3.5206696542893727,4.680000000000001,0.7
00-0040162,Dylan Sampson,RB,2025,7,6,2.2,5.0884054655129045,3.545553410553411,4.466666666666667,3.4
00-0040162,Dylan Sampson,RB,2025,8,7,5.4,5.0801611926573775,2.9036293436293437,4.142857142857143,2.2
00-0040162,Dylan Sampson,RB,2025,10,8,0.4,5.656270700332698,3.331988416988417,4.3,5.4
00-0040162,Dylan Sampson,RB,2025,11,10,1.9,4.99066190070601,2.7956113256113255,3.8666666666666667,0.4
00-0040162,Dylan Sampson,RB,2025,12,11,15.2,5.004650152664515,2.7488436293436296,3.67,1.9
00-0040162,Dylan Sampson,RB,2025,13,12,2.3,6.556543455061966,5.729780624780624,4.718181818181818,15.2
00-0040162,Dylan Sampson,RB,2025,14,13,7.3,5.685616668138841,4.974694337194337,4.516666666666667,2.3
00-0040162,Dylan Sampson,RB,2025,18,17,5.4,5.7757155495668355,5.216090733590734,4.692857142857143,4.2
00-0040164,Jaylin Lane,WR,2025,4,3,2.8,3.9831907332829535,3.174684684684684,2.8666666666666667,6.3
00-0040164,Jaylin Lane,WR,2025,5,4,2.1,3.836163755778004,3.0403571428571428,2.85,2.8
00-0040164,Jaylin Lane,WR,2025,6,5,4.9,3.8051706674374275,2.7656658130601794,2.7,2.1
00-0040164,Jaylin Lane,WR,2025,7,6,7.5,4.1777961859698,3.3089317889317886,3.066666666666667,4.9
00-0040164,Jaylin Lane,WR,2025,8,7,0.5,4.861275014029374,4.398030888030888,3.7,7.5
00-0040164,Jaylin Lane,WR,2025,9,8,4.4,4.1495226244037955,3.5564864864864867,3.3,0.5
00-0040164,Jaylin Lane,WR,2025,10,9,4.6,4.5195270745263825,3.6470441870441874,3.4222222222222225,4.4
00-0040164,Jaylin Lane,WR,2025,11,10,1.8,4.519669072939147,3.8867799227799225,3.54,4.6
00-0040164,Jaylin Lane,WR,2025,13,11,0.0,4.331217986575184,3.4514162864162863,3.381818181818182,1.8
00-0040164,Jaylin Lane,WR,2025,14,13,0.0,3.9361593032396454,2.613436293436293,3.1,0.0
00-0040164,Jaylin Lane,WR,2025,15,14,6.0,3.7459488241930172,1.883990198990199,2.8615384615384616,0.0
00-0040164,Jaylin Lane,WR,2025,16,15,0.0,4.38496418470692,2.910347490347491,3.085714285714286,6.0
00-0040170,Elic Ayomanor,WR,2025,4,3,5.4,8.576373531009368,9.7790990990991,9.233333333333334,11.8
00-0040170,Elic Ayomanor,WR,2025,5,4,2.8,7.7809728978256025,8.33285,8.275,5.4
00-0040170,Elic Ayomanor,WR,2025,6,5,4.2,6.6393251705330645,6.764133162612037,7.18,2.8
00-0040170,Elic Ayomanor,WR,2025,7,6,3.9,6.2323699955068355,6.12768018018018,6.683333333333334,4.2
00-0040170,Elic Ayomanor,WR,2025,8,7,7.2,5.9720787189073095,5.731428571428571,6.285714285714286,3.9
00-0040170,Elic Ayomanor,WR,2025,9,8,6.1,6.535053008447738,5.833397683397683,6.4,7.2
00-0040170,Elic Ayomanor,WR,2025,11,9,2.1,6.643905296024205,5.714086229086229,6.366666666666667,6.1
00-0040170,Elic Ayomanor,WR,2025,13,11,1.0,6.094580310049804,4.918459459459459,5.94,2.1
00-0040170,Elic Ayomanor,WR,2025,14,13,7.9,5.566933616595936,4.150582660582661,5.490909090909091,1.0
00-0040170,Elic Ayomanor,WR,2025,15,14,2.2,6.171143150018433,5.077585263835264,5.691666666666666,7.9
00-0040170,Elic Ayomanor,WR,2025,16,15,7.3,5.668439968744281,4.509891594891595,5.423076923076923,2.2
00-0040170,Elic Ayomanor,WR,2025,17,16,11.7,6.321059887615543,5.093629343629344,5.557142857142857,7.3
00-0040170,Elic Ayomanor,WR,2025,18,17,6.5,6.875199100011053,6.548082368082369,5.966666666666667,11.7
00-0040179,DJ Giddens,RB,2025,5,3,2.2,3.2073696043718787,1.2459009009009008,1.4666666666666666,0.3
00-0040184,KeAndre Lambert-Smith,WR,2025,5,4,0.0,1.7521334421872496,0.0,0.0,0.0
00-0040184,KeAndre Lambert-Smith,WR,2025,6,5,0.6,1.7832465107966589,0.0,0.0,0.0
00-0040184,KeAndre Lambert-Smith,WR,2025,16,15,1.5,3.2129518001846686,2.102953667953668,1.2428571428571429,8.1
00-0040184,KeAndre Lambert-Smith,WR,2025,17,16,0.0,2.853862845364296,1.9937403474903475,1.275,1.5
00-0040184,KeAndre Lambert-Smith,WR,2025,18,17,3.4,2.7224828522068654,1.557284427284427,1.1333333333333333,0.0
00-0040187,Mitchell Evans,TE,2025,5,4,6.9,4.909904622515577,4.741081081081082,4.2,9.8
00-0040187,Mitchell Evans,TE,2025,6,5,2.6,5.35264197787277,5.421278571428571,4.875,6.9
00-0040187,Mitchell Evans,TE,2025,7,6,3.4,4.910876687370444,4.598254801536492,4.42,2.6
00-0040187,Mitchell Evans,TE,2025,11,10,3.8,3.902169254873894,3.3222972972972973,3.642857142857143,0.0
00-0040187,Mitchell Evans,TE,2025,12,11,0.0,4.249907936316144,3.519288127413127,3.6625,3.8
00-0040187,Mitchell Evans,TE,2025,13,12,3.5,3.759567917000481,2.4727069927069922,3.2555555555555555,0.0
00-0040187,Mitchell Evans,TE,2025,15,13,0.0,4.215369205397394,2.597073359073359,3.2800000000000002,3.5
00-0040187,Mitchell Evans,TE,2025,16,15,3.8,3.702731756381054,2.0389645489645494,2.981818181818182,0.0
00-0040187,Mitchell Evans,TE,2025,17,16,1.1,4.142521500921174,2.4455694980694975,3.05,3.8
00-0040187,Mitchell Evans,TE,2025,18,17,1.0,3.8242274260753453,2.2660038610038606,2.9,1.1
00-0040189,Oronde Gadsden II,TE,2025,6,5,8.3,4.308079589445593,3.558063063063063,3.8666666666666667,1.9
00-0040189,Oronde Gadsden II,TE,2025,7,6,25.9,5.404532944791005,5.1127071428571425,4.975,8.3
00-0040189,Oronde Gadsden II,TE,2025,8,7,16.2,9.409309788323768,10.990603072983355,9.16,25.9
00-0040189,Oronde Gadsden II,TE,2025,9,8,9.3,9.983337189321391,12.236222651222649,10.333333333333332,16.2
00-0040189,Oronde Gadsden II,TE,2025,10,9,2.8,9.531188950610057,11.618320463320462,10.185714285714285,9.3
00-0040189,Oronde Gadsden II,TE,2025,11,10,5.1,7.819423843881346,9.743902027027026,9.2625,2.8
00-0040189,Oronde Gadsden II,TE,2025,13,11,3.2,7.403204972208712,8.897857142857143,8.8,5.1
00-0040189,Oronde Gadsden II,TE,2025,14,13,1.2,6.782427965031196,7.58795752895753,8.24,3.2
00-0040189,Oronde Gadsden II,TE,2025,15,14,8.1,6.566867781311912,5.513938223938224,7.6,1.2
00-0040189,Oronde Gadsden II,TE,2025,16,15,1.2,7.327244570695798,5.84630148005148,7.641666666666667,8.1
00-0040189,Oronde Gadsden II,TE,2025,17,16,10.7,6.597115257645757,4.789956934956935,7.146153846153846,1.2
00-0040189,Oronde Gadsden II,TE,2025,18,17,3.3,7.6024168503858585,6.323301158301158,7.3999999999999995,10.7
00-0040194,Jackson Hawes,TE,2025,4,3,2.0,4.560206391355367,4.045945945945945,3.8,7.0
00-0040194,Jackson Hawes,TE,2025,9,8,2.3,4.004208045198246,3.123256081946223,3.18,2.5
00-0040194,Jackson Hawes,TE,2025,10,9,9.1,3.7810919384036614,2.9152187902187903,3.033333333333333,2.3
00-0040194,Jackson Hawes,TE,2025,12,10,3.6,4.922368421547589,4.434459459459459,3.9,9.1
00-0040194,Jackson Hawes,TE,2025,13,12,1.5,4.614432814733037,4.330446428571428,3.8625,3.6
00-0040194,Jackson Hawes,TE,2025,14,13,6.8,4.367370454760162,3.544169884169884,3.6,1.5
00-0040194,Jackson Hawes,TE,2025,15,14,1.4,4.819037680832071,4.359007722007722,3.92,6.8
00-0040194,Jackson Hawes,TE,2025,16,15,3.6,4.286796631463501,3.7208722358722355,3.690909090909091,1.4
00-0040194,Jackson Hawes,TE,2025,18,16,0.5,4.545823048388167,3.741695624195624,3.683333333333333,3.6
00-0040198,Ollie Gordon II,RB,2025,4,3,1.0,5.501788481767829,4.707207207207208,4.133333333333334,9.8
00-0040198,Ollie Gordon II,RB,2025,5,4,-0.2,4.529173218887703,3.4783285714285714,3.35,1.0
00-0040198,Ollie Gordon II,RB,2025,6,5,0.7,4.026069968007379,2.4314007682458385,2.64,-0.2
00-0040198,Ollie Gordon II,RB,2025,7,6,1.8,3.627063730076051,1.9981692406692408,2.316666666666667,0.7
00-0040198,Ollie Gordon II,RB,2025,8,7,13.1,3.7175151374258086,2.003185328185328,2.242857142857143,1.8
00-0040198,Ollie Gordon II,RB,2025,9,8,1.4,5.577631142001948,4.69996138996139,3.6,13.1
00-0040198,Ollie Gordon II,RB,2025,10,9,-0.3,4.779307495258475,3.6863749463749462,3.3555555555555556,1.4
00-0040198,Ollie Gordon II,RB,2025,11,10,10.5,4.435790768969313,2.8359594594594597,2.99,-0.3
00-0040198,Ollie Gordon II,RB,2025,13,11,1.0,5.387074316842839,4.710261495261495,3.672727272727273,10.5
00-0040198,Ollie Gordon II,RB,2025,14,13,7.7,4.661718762697475,3.9491602316602314,3.45,1.0
00-0040198,Ollie Gordon II,RB,2025,15,14,0.0,5.5948991279115345,4.837000297000296,3.776923076923077,7.7
00-0040198,Ollie Gordon II,RB,2025,16,15,-0.1,4.713274759807113,3.402905405405405,3.507142857142857,0.0
00-0040198,Ollie Gordon II,RB,2025,17,16,0.0,4.584858150170952,2.7058622908622905,3.2666666666666666,-0.1
00-0040198,Ollie Gordon II,RB,2025,18,17,1.6,4.248474187787687,2.2543267374517377,3.0625,0.0
00-0040202,Devin Neal,RB,2025,9,8,1.7,3.2088398434554417,1.3141891891891893,1.2,2.6
00-0040202,Devin Neal,RB,2025,10,9,4.6,3.2868847944599695,1.4350357142857142,1.325,1.7
00-0040202,Devin Neal,RB,2025,12,10,8.6,4.003192159642503,2.325989756722151,1.98,4.6
00-0040202,Devin Neal,RB,2025,13,12,8.4,5.0471034003391955,3.9155952380952375,3.083333333333333,8.6
00-0040202,Devin Neal,RB,2025,14,13,14.9,5.688664586513019,5.1011969111969115,3.842857142857143,8.4
00-0040202,Devin Neal,RB,2025,15,14,9.7,7.176875790018822,7.5878619691119695,5.225,14.9
00-0040205,Kalel Mullings,RB,2025,17,16,0.4,2.3372462165163705,0.09824324324324324,0.09999999999999999,0.0
00-0040206,Riley Leonard,QB,2025,17,16,-2.0,6.023885963908171,3.400495495495496,3.466666666666667,0.0
00-0040206,Riley Leonard,QB,2025,18,17,22.6,5.07856938207208,1.6468571428571428,2.1,-2.0
00-0040208,Tahj Brooks,RB,2025,4,3,0.0,2.725432331863939,0.6761711711711711,0.5666666666666667,1.7
00-0040208,Tahj Brooks,RB,2025,8,7,0.0,2.556116745379576,0.3227387964148527,0.33999999999999997,0.0
00-0040208,Tahj Brooks,RB,2025,9,8,0.1,2.4978878636728123,0.24094272844272843,0.2833333333333333,0.0
00-0040208,Tahj Brooks,RB,2025,11,9,0.5,2.5246148267556627,0.21610038610038607,0.2571428571428571,0.1
00-0040208,Tahj Brooks,RB,2025,12,11,0.5,2.616110964124962,0.2940419884169884,0.2875,0.5
00-0040208,Tahj Brooks,RB,2025,16,15,0.7,2.6829189011314094,0.23606949806949806,0.27999999999999997,0.0
00-0040208,Tahj Brooks,RB,2025,17,16,2.4,2.7823376371292854,0.35329413829413825,0.3181818181818182,0.7
00-0040218,Jimmy Horn Jr.,WR,2025,8,7,0.9,4.518492429587468,3.788693693693694,3.933333333333333,2.0
00-0040218,Jimmy Horn Jr.,WR,2025,9,8,1.3,3.9088664104496287,2.855107142857143,3.175,0.9
00-0040218,Jimmy Horn Jr.,WR,2025,16,15,2.5,3.4361909211056387,1.9265444015444015,2.4,1.2
00-0040218,Jimmy Horn Jr.,WR,2025,17,16,1.9,3.67821813899008,1.9529464285714284,2.4125,2.5
00-0040218,Jimmy Horn Jr.,WR,2025,18,17,2.0,3.640971680823197,1.961104676104676,2.3555555555555556,1.9
00-0040234,Quinn Ewers,QB,2025,18,17,8.38,10.168756422755306,8.919702702702702,8.1,15.28
00-0040236,Kyle Monangai,RB,2025,4,3,1.8,4.266145356204701,2.7766666666666664,2.7333333333333334,2.5
00-0040236,Kyle Monangai,RB,2025,6,4,4.9,4.130558745854592,2.4572857142857143,2.5,1.8
00-0040236,Kyle Monangai,RB,2025,7,6,16.4,4.6467040315225425,3.1506312419974396,2.98,4.9
00-0040236,Kyle Monangai,RB,2025,8,7,2.4,6.937090523209181,6.5344819819819815,5.216666666666667,16.4
00-0040236,Kyle Monangai,RB,2025,9,8,21.3,5.831480744189925,5.634633204633205,4.814285714285714,2.4
00-0040236,Kyle Monangai,RB,2025,10,9,8.8,8.651044848223744,9.434879343629344,6.875,21.3
00-0040236,Kyle Monangai,RB,2025,11,10,10.2,7.713507595652005,9.404238524238526,7.088888888888889,8.8
00-0040236,Kyle Monangai,RB,2025,12,11,10.8,8.354895070233656,9.735386100386101,7.4,10.2
00-0040236,Kyle Monangai,RB,2025,13,12,19.0,8.263832882420012,10.01980343980344,7.709090909090909,10.8
00-0040236,Kyle Monangai,RB,2025,14,13,8.2,9.692767346412534,11.69769305019305,8.65,19.0
00-0040236,Kyle Monangai,RB,2025,15,14,3.3,9.01121223648212,11.05459310959311,8.615384615384615,8.2
00-0040236,Kyle Monangai,RB,2025,16,15,10.8,8.391061786383911,8.814855212355212,8.235714285714286,3.3
00-0040236,Kyle Monangai,RB,2025,17,16,6.2,8.728309738238002,9.216966537966538,8.406666666666666,10.8
00-0040236,Kyle Monangai,RB,2025,18,17,5.4,8.321041812610764,8.466803812741313,8.26875,6.2
00-0040237,Tez Johnson,WR,2025,5,4,7.9,2.226693265700253,0.715945945945946,0.6,1.8
00-0040237,Tez Johnson,WR,2025,6,5,11.0,3.831613136278714,3.0476071428571427,2.4250000000000003,7.9
00-0040237,Tez Johnson,WR,2025,7,6,13.8,5.350694037998425,5.270766965428937,4.14,11.0
00-0040237,Tez Johnson,WR,2025,8,7,6.8,6.841474094454759,7.399990347490348,5.75,13.8
00-0040237,Tez Johnson,WR,2025,10,8,18.2,6.484652813456558,7.449864864864866,5.9,6.8
00-0040237,Tez Johnson,WR,2025,11,10,1.1,8.331494763039103,10.239611486486487,7.4375,18.2
00-0040237,Tez Johnson,WR,2025,12,11,10.8,6.402321003560135,8.238153153153153,6.733333333333333,1.1
00-0040237,Tez Johnson,WR,2025,13,12,1.0,7.480748762540927,8.76714671814672,7.14,10.8
00-0040237,Tez Johnson,WR,2025,15,13,0.0,5.93599356282732,6.8154124254124255,6.581818181818182,1.0
00-0040237,Tez Johnson,WR,2025,16,15,0.4,5.627688662458967,5.009967824967825,6.033333333333333,0.0
00-0040237,Tez Johnson,WR,2025,17,16,2.9,5.085174230371769,3.973552123552124,5.6,0.4
00-0040237,Tez Johnson,WR,2025,18,17,2.7,5.4857497740153995,3.3356081081081084,5.4071428571428575,2.9
00-0040238,LeQuint Allen Jr.,RB,2025,4,3,1.2,3.356055964508702,1.4222072072072072,1.4333333333333333,1.4
00-0040238,LeQuint Allen Jr.,RB,2025,5,4,0.0,3.324526775907254,1.3503928571428572,1.375,1.2
00-0040238,LeQuint Allen Jr.,RB,2025,6,5,1.7,3.0471961388782196,0.9692509603072983,1.1,0.0
00-0040238,LeQuint Allen Jr.,RB,2025,7,6,0.9,3.2577494680353296,1.1626254826254827,1.2,1.7
00-0040238,LeQuint Allen Jr.,RB,2025,9,7,1.6,3.202067703647233,1.0835907335907335,1.157142857142857,0.9
00-0040238,LeQuint Allen Jr.,RB,2025,10,9,1.1,3.3644496425819264,1.2038730694980695,1.2125,1.6
00-0040238,LeQuint Allen Jr.,RB,2025,11,10,3.6,3.3342789651832665,1.172818532818533,1.2,1.1
00-0040238,LeQuint Allen Jr.,RB,2025,12,11,0.2,3.7146198103742383,1.7380540540540543,1.44,3.6
00-0040238,LeQuint Allen Jr.,RB,2025,13,12,0.0,3.412612901007046,1.4296226746226748,1.3272727272727274,0.2
00-0040238,LeQuint Allen Jr.,RB,2025,14,13,1.8,3.335768126839343,1.0898294723294724,1.2166666666666668,0.0
00-0040238,LeQuint Allen Jr.,RB,2025,15,14,2.1,3.44191054479825,1.2637006237006236,1.2615384615384615,1.8
00-0040238,LeQuint Allen Jr.,RB,2025,16,15,1.0,3.5861404736425277,1.4379633204633204,1.3214285714285714,2.1
00-0040238,LeQuint Allen Jr.,RB,2025,17,16,0.3,3.5700717563983075,1.3455791505791506,1.3,1.0
00-0040242,Jacory Croskey-Merritt,RB,2025,4,3,6.7,8.492024703498045,8.276891891891893,8.5,9.6
00-0040242,Jacory Croskey-Merritt,RB,2025,5,4,26.0,7.83415023932005,7.7730999999999995,8.049999999999999,6.7
00-0040242,Jacory Croskey-Merritt,RB,2025,6,5,5.3,11.801054949636345,12.944793854033291,11.64,26.0
00-0040242,Jacory Croskey-Merritt,RB,2025,7,6,3.7,9.728761297621869,10.924823037323037,10.583333333333334,5.3
00-0040242,Jacory Croskey-Merritt,RB,2025,8,7,2.5,9.033541625276678,9.007316602316601,9.6,3.7
00-0040242,Jacory Croskey-Merritt,RB,2025,9,8,4.6,7.656062489778755,7.71925916988417,8.7125,2.5
00-0040242,Jacory Croskey-Merritt,RB,2025,10,9,3.0,7.556106056180164,6.963440583440583,8.255555555555555,4.6
00-0040242,Jacory Croskey-Merritt,RB,2025,11,10,3.8,7.156815581991011,6.118318532818533,7.7299999999999995,3.0
00-0040242,Jacory Croskey-Merritt,RB,2025,13,11,2.0,7.622758105536193,4.976497016497017,7.372727272727273,3.8
00-0040242,Jacory Croskey-Merritt,RB,2025,14,13,3.2,7.187100158968839,4.42967664092664,6.925,2.0
00-0040242,Jacory Croskey-Merritt,RB,2025,15,14,15.6,7.128222176722715,4.33031482031482,6.638461538461538,3.2
00-0040242,Jacory Croskey-Merritt,RB,2025,16,15,8.5,8.403898601651747,7.04854247104247,7.2785714285714285,15.6
00-0040242,Jacory Croskey-Merritt,RB,2025,17,16,22.5,8.190004780336922,7.470247104247104,7.36,8.5
00-0040242,Jacory Croskey-Merritt,RB,2025,18,17,2.9,10.061197740907776,10.920199083011585,8.30625,22.5
00-0040259,Gage Larvadain,WR,2025,8,7,0.3,2.3922323597960315,1.0479279279279279,1.0666666666666667,0.0
00-0040259,Gage Larvadain,WR,2025,10,8,0.0,2.3579784664306906,0.80545,0.875,0.3
00-0040259,Gage Larvadain,WR,2025,11,10,0.0,2.160925043502707,0.5805697823303457,0.7000000000000001,0.0
00-0040259,Gage Larvadain,WR,2025,12,11,0.0,2.131476052404288,0.4376801801801802,0.5833333333333334,0.0
00-0040259,Gage Larvadain,WR,2025,13,12,3.3,2.1036260701725547,0.35013513513513517,0.5,0.0
00-0040259,Gage Larvadain,WR,2025,14,13,2.8,2.6620833262712065,0.968619691119691,0.85,3.3
00-0040259,Gage Larvadain,WR,2025,15,14,1.3,2.852905008587838,1.4301866151866152,1.0666666666666667,2.8
00-0040259,Gage Larvadain,WR,2025,16,15,0.0,2.8459765233862804,1.4205733590733591,1.09,1.3
00-0040259,Gage Larvadain,WR,2025,17,16,0.0,2.6259547481408942,1.126123201123201,0.9909090909090909,0.0
00-0040259,Gage Larvadain,WR,2025,18,17,0.0,2.5193035261002588,0.9023954311454311,0.9083333333333333,0.0
00-0040277,Jahdae Walker,WR,2025,17,16,4.0,3.7559782736679455,2.9594499999999995,2.275,9.1
00-0040277,Jahdae Walker,WR,2025,18,17,10.6,3.8079255598695694,3.2233764404609473,2.62,4.0
00-0040398,Brady Cook,QB,2025,17,16,4.18,7.50448169937388,5.099702702702703,5.06,3.72
00-0040398,Brady Cook,QB,2025,18,17,9.1,7.528196488603023,4.7989942857142855,4.84,4.18
00-0040432,Beaux Collins,WR,2025,8,7,2.3,1.992170536290543,0.39297297297297296,0.39999999999999997,0.0
00-0040466,Raheim Sanders,RB,2025,18,17,3.8,5.9187426903977975,4.833108108108108,5.0,3.6
00-0040494,Max Brosmer,QB,2025,17,16,3.64,4.0244268409972594,0.04280537772087069,0.059999999999999984,1.78
00-0040494,Max Brosmer,QB,2025,18,17,0.28,4.595128590270593,0.9645746460746462,0.6566666666666666,3.64
00-0040506,Myles Price,WR,2025,4,3,0.0,1.7521334421872496,0.0,0.0,0.0
00-0040506,Myles Price,WR,2025,5,4,0.0,1.7832465107966589,0.0,0.0,0.0
00-0040506,Myles Price,WR,2025,7,5,0.0,1.814359579406068,0.0,0.0,0.0
00-0040506,Myles Price,WR,2025,8,7,0.0,1.8454726480154773,0.0,0.0,0.0
00-0040506,Myles Price,WR,2025,9,8,0.0,1.8765857166248867,0.0,0.0,0.0
00-0040506,Myles Price,WR,2025,10,9,0.0,1.907698785234296,0.0,0.0,0.0
00-0040506,Myles Price,WR,2025,11,10,0.0,1.9388118538437051,0.0,0.0,0.0
00-0040506,Myles Price,WR,2025,12,11,0.0,1.9699249224531146,0.0,0.0,0.0
00-0040506,Myles Price,WR,2025,13,12,0.0,2.001037991062524,0.0,0.0,0.0
00-0040506,Myles Price,WR,2025,14,13,0.0,2.032151059671933,0.0,0.0,0.0
00-0040506,Myles Price,WR,2025,15,14,0.0,2.063264128281342,0.0,0.0,0.0
00-0040506,Myles Price,WR,2025,16,15,0.0,2.0943771968907514,0.0,0.0,0.0
00-0040506,Myles Price,WR,2025,17,16,0.0,2.1254902655001606,0.0,0.0,0.0
00-0040509,Ben Yurosek,TE,2025,9,8,0.0,1.8959647340648231,0.39774774774774774,0.3333333333333333,1.0
00-0040509,Ben Yurosek,TE,2025,10,9,0.0,1.815726792256844,0.2657857142857143,0.25,0.0
00-0040534,Ke'Shawn Williams,WR,2025,9,8,0.0,1.7521334421872496,0.0,0.0,0.0
00-0040534,Ke'Shawn Williams,WR,2025,10,9,0.0,1.7832465107966589,0.0,0.0,0.0
00-0040534,Ke'Shawn Williams,WR,2025,11,10,0.0,1.814359579406068,0.0,0.0,0.0
00-0040534,Ke'Shawn Williams,WR,2025,12,11,0.0,1.8454726480154773,0.0,0.0,0.0
00-0040534,Ke'Shawn Williams,WR,2025,13,12,0.0,1.8765857166248867,0.0,0.0,0.0
00-0040534,Ke'Shawn Williams,WR,2025,17,16,1.0,1.952395711746381,0.02365722865722866,0.011111111111111112,0.1
00-0040534,Ke'Shawn Williams,WR,2025,18,17,0.9,2.107836006840254,0.2510096525096525,0.11,1.0
00-0040556,Corey Kiner,RB,2025,18,17,3.8,3.2505865372563827,1.4297297297297298,1.5,0.2
00-0040563,Efton Chism III,WR,2025,10,9,0.0,1.7521334421872496,0.0,0.0,0.0
00-0040563,Efton Chism III,WR,2025,11,10,0.0,1.7832465107966589,0.0,0.0,0.0
00-0040563,Efton Chism III,WR,2025,13,11,0.0,1.814359579406068,0.0,0.0,0.0
00-0040563,Efton Chism III,WR,2025,18,17,4.0,3.5922634676138663,2.724517374517374,1.5714285714285714,11.0
00-0040581,Dont'e Thornton Jr.,WR,2025,4,3,0.0,4.687058627888864,3.881171171171171,3.966666666666667,3.9
00-0040581,Dont'e Thornton Jr.,WR,2025,5,4,0.0,3.6428515477633385,2.6224214285714282,2.975,0.0
00-0040581,Dont'e Thornton Jr.,WR,2025,7,5,0.0,3.23896828455552,1.8958873239436618,2.38,0.0
00-0040581,Dont'e Thornton Jr.,WR,2025,12,10,1.9,2.991037079420289,1.179131274131274,1.8285714285714285,0.9
00-0040581,Dont'e Thornton Jr.,WR,2025,13,12,1.6,3.1579618008756385,1.335113416988417,1.8375,1.9
00-0040581,Dont'e Thornton Jr.,WR,2025,18,17,0.0,3.367700107285791,1.6059555984555984,1.85,2.2
00-0040582,Arian Smith,WR,2025,5,3,1.9,2.1412467528358916,0.5755405405405405,0.5,1.2
00-0040582,Arian Smith,WR,2025,6,5,0.0,2.4712824974966634,1.0032142857142858,0.85,1.9
00-0040582,Arian Smith,WR,2025,7,6,0.5,2.270662428466943,0.7123918053777207,0.6799999999999999,0.0
00-0040582,Arian Smith,WR,2025,8,7,2.8,2.2998042260020473,0.656457528957529,0.65,0.5
00-0040582,Arian Smith,WR,2025,10,8,1.3,2.6628402232602295,1.2102316602316603,0.9571428571428571,2.8
00-0040582,Arian Smith,WR,2025,12,10,0.8,2.666478358517722,1.2528571428571427,1.0,1.3
00-0040582,Arian Smith,WR,2025,16,15,0.0,2.499006702133698,0.8359536679536681,0.88,0.0
00-0040582,Arian Smith,WR,2025,17,16,1.0,2.443097255654928,0.675965250965251,0.7999999999999999,0.0
00-0040582,Arian Smith,WR,2025,18,17,0.2,2.5558231155699738,0.7628989703989704,0.8166666666666667,1.0
00-0040583,Woody Marks,RB,2025,4,3,25.9,4.699962439536877,3.5470720720720714,3.333333333333333,4.1
00-0040583,Woody Marks,RB,2025,5,4,2.4,9.81773279977733,10.807907142857141,8.975,25.9
00-0040583,Woody Marks,RB,2025,7,5,11.0,7.476085329822121,8.345987195902687,7.659999999999999,2.4
00-0040583,Woody Marks,RB,2025,8,7,13.1,8.715303298154355,8.992454954954955,8.216666666666667,11.0
00-0040583,Woody Marks,RB,2025,9,8,2.7,8.830185483890125,10.286563706563706,8.914285714285715,13.1
00-0040583,Woody Marks,RB,2025,10,9,15.1,7.753509965484191,8.559765926640926,8.1375,2.7
00-0040583,Woody Marks,RB,2025,11,10,5.6,9.185584391845229,10.24338695838696,8.911111111111111,15.1
00-0040583,Woody Marks,RB,2025,12,11,7.4,8.39873193173034,8.54215057915058,8.58,5.6
00-0040583,Woody Marks,RB,2025,13,12,7.2,8.701142625638255,8.498234468234468,8.472727272727273,7.4
00-0040583,Woody Marks,RB,2025,14,13,14.6,8.39632776834697,8.114221364221365,8.366666666666667,7.2
00-0040583,Woody Marks,RB,2025,15,14,4.3,9.459148501213317,9.410844965844966,8.846153846153847,14.6
00-0040583,Woody Marks,RB,2025,17,15,8.0,8.546293394867817,8.473561776061775,8.52142857142857,4.3
00-0040583,Woody Marks,RB,2025,18,17,5.8,8.930026952793538,8.138827541827542,8.486666666666666,8.0
00-0040584,Gunnar Helm,TE,2025,4,3,1.7,3.7310881043089825,2.869774774774775,2.7333333333333334,4.2
00-0040584,Gunnar Helm,TE,2025,5,4,5.4,3.4368059208671924,2.4838214285714284,2.475,1.7
00-0040584,Gunnar Helm,TE,2025,6,5,2.5,4.141232429383474,3.308880921895007,3.06,5.4
00-0040584,Gunnar Helm,TE,2025,7,6,5.6,3.873119550498546,3.0898198198198203,2.966666666666667,2.5
00-0040584,Gunnar Helm,TE,2025,8,7,9.3,4.441379555164879,3.7417567567567565,3.342857142857143,5.6
00-0040584,Gunnar Helm,TE,2025,9,8,2.0,5.194548996252906,5.131049710424711,4.0875,9.3
00-0040584,Gunnar Helm,TE,2025,11,9,4.9,4.595642308747145,4.372359502359503,3.8555555555555556,2.0
00-0040584,Gunnar Helm,TE,2025,12,11,8.1,4.875067758398218,4.562023166023166,3.96,4.9
00-0040584,Gunnar Helm,TE,2025,13,12,5.3,5.25524057935212,5.310989820989821,4.336363636363637,8.1
00-0040584,Gunnar Helm,TE,2025,14,13,1.3,5.282358691729174,5.350543758043758,4.416666666666667,5.3
00-0040584,Gunnar Helm,TE,2025,15,14,12.9,4.790035088085415,4.375417285417285,4.176923076923077,1.3
00-0040584,Gunnar Helm,TE,2025,16,15,1.9,6.008401820841728,6.088030888030888,4.8,12.9
00-0040584,Gunnar Helm,TE,2025,17,16,0.6,5.095211930260236,5.22358815958816,4.6066666666666665,1.9
00-0040586,Jaydon Blue,RB,2025,8,7,2.9,3.4788454530619455,1.7435585585585587,1.5333333333333332,3.9
00-0040590,Konata Mumpfield,WR,2025,12,10,3.5,3.449729261563435,2.622072072072072,2.7333333333333334,0.0
00-0040590,Konata Mumpfield,WR,2025,13,12,0.0,3.9350877886608817,2.9120928571428566,2.925,3.5
00-0040590,Konata Mumpfield,WR,2025,14,13,1.0,3.150510431393264,2.088372599231754,2.34,0.0
00-0040590,Konata Mumpfield,WR,2025,15,14,0.0,3.1723190725503785,1.8218371943371943,2.1166666666666667,1.0
00-0040590,Konata Mumpfield,WR,2025,16,15,5.5,2.8339833873765556,1.4035328185328186,1.8142857142857143,0.0
00-0040590,Konata Mumpfield,WR,2025,17,16,2.0,3.7152133090706436,2.2136245173745173,2.275,5.5
00-0040590,Konata Mumpfield,WR,2025,18,17,0.0,3.5259784780590198,2.243953238953239,2.2444444444444445,2.0
00-0040644,Trevor Etienne,RB,2025,4,3,3.3,2.5139403166016696,0.3391441441441441,0.36666666666666664,0.0
00-0040644,Trevor Etienne,RB,2025,5,4,3.4,3.2213016349561423,1.3031714285714286,1.0999999999999999,3.3
00-0040644,Trevor Etienne,RB,2025,6,5,1.7,3.6024461925555107,1.8876133162612034,1.56,3.4
00-0040644,Trevor Etienne,RB,2025,7,6,0.0,3.6060399831238366,1.823819176319176,1.5833333333333333,1.7
00-0040644,Trevor Etienne,RB,2025,8,7,1.6,3.279298564365357,1.4131660231660232,1.3571428571428572,0.0
00-0040644,Trevor Etienne,RB,2025,9,8,0.0,3.3739612192271813,1.4809145752895754,1.3875,1.6
00-0040644,Trevor Etienne,RB,2025,10,9,0.0,3.1551416833577735,1.1781338481338481,1.2333333333333334,0.0
00-0040644,Trevor Etienne,RB,2025,11,10,0.2,3.1395066056848413,0.8322451737451737,1.1099999999999999,0.0
00-0040644,Trevor Etienne,RB,2025,12,11,0.0,3.1293016394028674,0.6122674622674622,1.0272727272727273,0.2
00-0040644,Trevor Etienne,RB,2025,13,12,0.9,3.113329349680366,0.459313063063063,0.9416666666666667,0.0
00-0040644,Trevor Etienne,RB,2025,15,13,0.0,3.224304755418869,0.6036738936738937,0.9384615384615385,0.9
00-0040644,Trevor Etienne,RB,2025,16,15,0.0,3.1712590826139193,0.4551158301158301,0.8714285714285714,0.0
00-0040644,Trevor Etienne,RB,2025,17,16,0.0,3.1685659214564694,0.39725353925353923,0.8133333333333334,0.0
00-0040644,Trevor Etienne,RB,2025,18,17,0.0,3.137204483533293,0.35131515444015443,0.7625,0.0
00-0040648,Tory Horton,WR,2025,4,3,1.5,8.570219210647753,9.982657657657658,8.966666666666667,16.7
00-0040648,Tory Horton,WR,2025,5,4,11.4,6.598476554103213,7.182828571428571,7.1,1.5
00-0040648,Tory Horton,WR,2025,6,5,0.0,7.863167559327834,8.372837387964148,7.96,11.4
00-0040648,Tory Horton,WR,2025,7,6,0.0,5.786008667168101,6.209388674388674,6.633333333333333,0.0
00-0040648,Tory Horton,WR,2025,9,7,18.8,5.240602154004927,4.905791505791506,5.685714285714286,0.0
00-0040663,Harold Fannin Jr.,TE,2025,4,3,3.5,6.700793419426788,6.756801801801801,7.133333333333333,4.0
00-0040663,Harold Fannin Jr.,TE,2025,5,4,9.3,5.929993091368815,5.712892857142856,6.225,3.5
00-0040663,Harold Fannin Jr.,TE,2025,6,5,11.6,6.757693810548164,6.751163892445582,6.84,9.3
00-0040663,Harold Fannin Jr.,TE,2025,7,6,5.6,7.625613523970389,7.996821106821107,7.633333333333333,11.6
00-0040663,Harold Fannin Jr.,TE,2025,8,7,15.4,7.189186986964399,7.315540540540541,7.3428571428571425,5.6
00-0040663,Harold Fannin Jr.,TE,2025,10,8,6.4,8.536930766968968,9.269140926640926,8.35,15.4
00-0040663,Harold Fannin Jr.,TE,2025,11,10,3.6,7.676624350626004,8.731087516087516,8.133333333333333,6.4
00-0040663,Harold Fannin Jr.,TE,2025,12,11,6.4,7.226728592748247,7.6898339768339765,7.68,3.6
00-0040663,Harold Fannin Jr.,TE,2025,13,12,9.8,7.073859126402648,7.336616356616357,7.5636363636363635,6.4
00-0040663,Harold Fannin Jr.,TE,2025,14,13,21.4,7.565944829574542,7.758677606177606,7.75,9.8
00-0040663,Harold Fannin Jr.,TE,2025,15,14,8.5,9.338138082311412,10.898030888030888,8.8,21.4
00-0040663,Harold Fannin Jr.,TE,2025,16,15,17.5,8.628989962372348,10.07450772200772,8.778571428571428,8.5
00-0040663,Harold Fannin Jr.,TE,2025,17,16,10.0,9.777227321522233,11.761791505791505,9.36,17.5
00-0040666,Omarion Hampton,RB,2025,4,3,25.0,10.551412682950673,11.644009009009007,10.666666666666666,21.9
00-0040666,Omarion Hampton,RB,2025,5,4,10.0,13.38840297159421,15.947985714285714,14.25,25.0
00-0040666,Omarion Hampton,RB,2025,15,14,7.0,12.350736282356163,14.025434362934364,13.45,13.7
00-0040666,Omarion Hampton,RB,2025,16,15,16.0,10.778750017262496,12.507432432432433,12.528571428571428,7.0
00-0040666,Omarion Hampton,RB,2025,17,16,16.0,11.941865809785458,13.686083494208495,12.9625,16.0
00-0040667,Matthew Golden,WR,2025,4,3,8.8,4.903752208367884,4.4273873873873875,4.066666666666666,8.1
00-0040667,Matthew Golden,WR,2025,6,4,11.7,5.855117446626653,5.834814285714286,5.25,8.8
00-0040667,Matthew Golden,WR,2025,7,6,5.7,7.1366432601456475,7.468859154929578,6.54,11.7
00-0040667,Matthew Golden,WR,2025,8,7,1.9,6.633670696104977,6.97131274131274,6.4,5.7
00-0040667,Matthew Golden,WR,2025,9,8,1.9,5.808673631541348,5.847606177606178,5.757142857142857,1.9
00-0040667,Matthew Golden,WR,2025,11,9,2.9,5.236827783572938,5.043527992277992,5.275,1.9
00-0040667,Matthew Golden,WR,2025,15,14,7.0,4.6179656258254305,3.2835772200772197,4.51,0.0
00-0040667,Matthew Golden,WR,2025,16,15,0.4,5.510770702071926,3.9086732186732185,4.736363636363636,7.0
00-0040667,Matthew Golden,WR,2025,17,16,1.7,4.826663440337066,3.0979874517374517,4.375,0.4
00-0040667,Matthew Golden,WR,2025,18,17,1.3,4.888195823110942,2.9034971784971786,4.1692307692307695,1.7
00-0040668,Shedeur Sanders,QB,2025,14,13,33.46,9.484103640408204,7.966801801801803,7.433333333333334,10.56
00-0040668,Shedeur Sanders,QB,2025,15,14,3.48,15.40628720460664,16.235948571428573,13.94,33.46
00-0040668,Shedeur Sanders,QB,2025,16,15,11.18,12.058721409482775,12.522561843790012,11.848,3.48
00-0040668,Shedeur Sanders,QB,2025,17,16,9.44,12.666373635530617,12.14638931788932,11.736666666666666,11.18
00-0040668,Shedeur Sanders,QB,2025,18,17,5.04,11.576691021323965,11.835976833976835,11.40857142857143,9.44
00-0040669,Isaac TeSlaa,WR,2025,5,3,7.7,4.160438866646076,3.256666666666667,3.7333333333333334,0.0
00-0040669,Isaac TeSlaa,WR,2025,7,5,0.0,5.256017715597076,4.721007142857143,4.725,7.7
00-0040669,Isaac TeSlaa,WR,2025,11,10,0.0,4.106232049318746,2.9469144144144144,3.4166666666666665,1.6
00-0040669,Isaac TeSlaa,WR,2025,12,11,0.0,3.527775401134611,2.063880308880309,2.9285714285714284,0.0
00-0040669,Isaac TeSlaa,WR,2025,13,12,10.5,3.3556803149369054,1.5564116795366796,2.5625,0.0
00-0040669,Isaac TeSlaa,WR,2025,14,13,9.0,4.749890728888796,3.7758837408837405,3.4444444444444446,10.5
00-0040669,Isaac TeSlaa,WR,2025,15,14,0.0,5.2685761252425936,4.835984555984556,4.0,9.0
00-0040669,Isaac TeSlaa,WR,2025,16,15,13.2,4.514889722914369,3.8497156897156897,3.6363636363636362,0.0
00-0040669,Isaac TeSlaa,WR,2025,17,16,12.4,5.8368464270274485,6.037535392535393,4.433333333333334,13.2
00-0040669,Isaac TeSlaa,WR,2025,18,17,2.3,6.223250424919155,7.581829521829521,5.046153846153846,12.4
00-0040676,Cam Ward,QB,2025,4,3,4.52,10.03450583086626,8.647783783783783,8.08,11.96
00-0040676,Cam Ward,QB,2025,5,4,8.0,9.158804028019818,7.282374285714287,7.19,4.52
00-0040676,Cam Ward,QB,2025,6,5,6.88,9.48242938506685,7.481374135723432,7.352,8.0
00-0040676,Cam Ward,QB,2025,7,6,10.2,9.232315172542926,7.321187902187902,7.273333333333333,6.88
00-0040676,Cam Ward,QB,2025,8,7,12.76,9.951349760328933,8.202756756756758,7.691428571428571,10.2
00-0040676,Cam Ward,QB,2025,9,8,6.4,10.639227502945348,9.224460424710424,8.325,12.76
00-0040676,Cam Ward,QB,2025,11,9,13.06,10.148613487674268,8.416302016302016,8.11111111111111,6.4
00-0040676,Cam Ward,QB,2025,12,11,23.94,10.976891178601209,9.61787606177606,8.606,13.06
00-0040676,Cam Ward,QB,2025,13,12,6.34,12.61806560296065,12.905405405405405,10.0,23.94
00-0040676,Cam Ward,QB,2025,14,13,11.08,11.336873377075309,11.458555019305019,9.695,6.34
00-0040676,Cam Ward,QB,2025,15,14,15.0,11.709923003198634,11.310978615978616,9.801538461538462,11.08
00-0040676,Cam Ward,QB,2025,16,15,18.02,11.875191461095836,11.987140926640926,10.172857142857143,15.0
00-0040676,Cam Ward,QB,2025,17,16,17.04,12.800147549717414,13.400661776061778,10.696,18.02
00-0040676,Cam Ward,QB,2025,18,17,9.18,13.188968647222891,14.034201254826256,11.0925,17.04
00-0040691,Jaxson Dart,QB,2025,5,4,15.58,9.167802426929414,7.907126126126125,6.613333333333333,19.84
00-0040691,Jaxson Dart,QB,2025,6,5,23.6,10.788817112062656,10.350055714285714,8.855,15.58
00-0040691,Jaxson Dart,QB,2025,7,6,28.42,13.809639705555885,14.033721382842511,11.804,23.6
00-0040691,Jaxson Dart,QB,2025,8,7,19.42,15.96305932571469,17.609574002574004,14.573333333333334,28.42
00-0040691,Jaxson Dart,QB,2025,9,8,27.24,16.032514055661053,18.574247104247107,15.265714285714287,19.42
00-0040691,Jaxson Dart,QB,2025,10,9,26.28,17.79468054321333,21.164651061776063,16.7625,27.24
00-0040691,Jaxson Dart,QB,2025,15,13,22.14,17.075025104065613,20.198139382239383,17.394000000000002,13.56
00-0040691,Jaxson Dart,QB,2025,16,15,0.0200000000000001,17.788260620335258,20.367970866970868,17.825454545454544,22.14
00-0040691,Jaxson Dart,QB,2025,17,16,25.08,14.49846998612162,15.320421171171173,16.34166666666667,0.0200000000000001
00-0040691,Jaxson Dart,QB,2025,18,17,20.4,16.933393556107337,17.430112563112562,17.013846153846153,25.08
00-0040704,Dillon Gabriel,QB,2025,6,5,8.84,9.354543531722179,7.711666666666666,6.953333333333334,16.1
00-0040704,Dillon Gabriel,QB,2025,7,6,5.84,9.369969860922302,8.047904285714285,7.425000000000001,8.84
00-0040704,Dillon Gabriel,QB,2025,8,7,11.54,9.28477508594927,7.3950752880921895,7.1080000000000005,5.84
00-0040704,Dillon Gabriel,QB,2025,10,8,20.08,9.963056980792063,8.44243371943372,7.846666666666667,11.54
00-0040704,Dillon Gabriel,QB,2025,11,10,2.92,11.815064168352594,11.432084942084941,9.594285714285714,20.08
00-0040704,Dillon Gabriel,QB,2025,13,11,0.0,10.185520824069737,9.698799227799228,8.76,2.92
00-0040705,Chimere Dike,WR,2025,4,3,-0.4,2.935488050013763,1.6322522522522522,1.5666666666666667,2.0
00-0040705,Chimere Dike,WR,2025,5,4,2.7,2.4510285011612503,0.9686785714285715,1.075,-0.4
00-0040705,Chimere Dike,WR,2025,6,5,1.8,2.8969668216441136,1.4635019206145967,1.4000000000000001,2.7
00-0040705,Chimere Dike,WR,2025,7,6,14.9,2.9012044257105503,1.5465958815958816,1.4666666666666668,1.8
00-0040705,Chimere Dike,WR,2025,8,7,12.9,5.132395543010183,4.873764478764478,3.3857142857142857,14.9
00-0040705,Chimere Dike,WR,2025,9,8,7.0,5.96402218218796,6.854609073359074,4.575,12.9
00-0040705,Chimere Dike,WR,2025,11,9,2.4,5.9594745898990436,6.948991848991849,4.844444444444445,7.0
00-0040705,Chimere Dike,WR,2025,12,11,18.9,5.163412297388851,6.038590733590734,4.6,2.4
00-0040705,Chimere Dike,WR,2025,13,12,1.4,7.099102876423659,9.027664092664093,5.9,18.9
00-0040705,Chimere Dike,WR,2025,14,13,10.9,5.595555768554958,7.36917471042471,5.525,1.4
00-0040705,Chimere Dike,WR,2025,15,14,3.0,6.8573254242174135,7.785546480546481,5.938461538461539,10.9
00-0040705,Chimere Dike,WR,2025,16,15,11.5,5.735135801423279,6.42449806949807,5.728571428571429,3.0
00-0040705,Chimere Dike,WR,2025,17,16,8.2,6.877050093533898,7.481365508365508,6.113333333333333,11.5
00-0040705,Chimere Dike,WR,2025,18,17,4.2,6.68131989986951,7.728150337837837,6.24375,8.2
00-0040715,Cam Skattebo,RB,2025,4,3,12.0,11.393397099472798,13.139009009009012,11.966666666666667,21.1
00-0040715,Cam Skattebo,RB,2025,5,4,11.4,11.266146043589199,12.721107142857143,11.975,12.0
00-0040715,Cam Skattebo,RB,2025,6,5,30.0,11.204400114442825,12.313784891165172,11.860000000000001,11.4
00-0040715,Cam Skattebo,RB,2025,7,6,16.9,14.312675446799817,16.819919562419564,14.883333333333333,30.0
00-0040715,Cam Skattebo,RB,2025,8,7,9.5,13.90758851425843,17.292065637065637,15.17142857142857,16.9
00-0040719,Bhayshul Tuten,RB,2025,4,3,2.7,7.885439709785709,8.239684684684685,7.866666666666667,8.1
00-0040719,Bhayshul Tuten,RB,2025,5,4,1.6,6.905792429361315,6.422992857142857,6.575,2.7
00-0040719,Bhayshul Tuten,RB,2025,6,5,3.8,5.858181938681269,5.064594110115237,5.58,1.6
00-0040719,Bhayshul Tuten,RB,2025,7,6,2.2,5.739492095789795,4.765633848133848,5.283333333333333,3.8
00-0040719,Bhayshul Tuten,RB,2025,9,7,9.1,5.398848574217593,4.278552123552124,4.8428571428571425,2.2
00-0040719,Bhayshul Tuten,RB,2025,10,9,1.5,6.567146575328633,5.111192084942084,5.375,9.1
00-0040719,Bhayshul Tuten,RB,2025,11,10,13.4,5.7994424107260345,4.164551694551694,4.944444444444445,1.5
00-0040719,Bhayshul Tuten,RB,2025,12,11,1.7,7.3194853498237515,6.40595945945946,5.79,13.4
00-0040719,Bhayshul Tuten,RB,2025,13,12,8.4,6.103487753282438,5.460726570726571,5.418181818181818,1.7
00-0040719,Bhayshul Tuten,RB,2025,14,13,-1.5,6.94955761121857,6.183449163449164,5.666666666666667,8.4
00-0040719,Bhayshul Tuten,RB,2025,15,14,8.8,5.477869563599088,4.566542916542916,5.115384615384616,-1.5
00-0040727,Tre Harris,WR,2025,4,3,0.0,3.02434164136943,1.8805405405405407,2.0,0.0
00-0040727,Tre Harris,WR,2025,6,4,4.7,2.7168605249581743,1.2738,1.5,0.0
00-0040727,Tre Harris,WR,2025,7,6,3.3,3.4125966422025673,2.253737516005122,2.14,4.7
00-0040727,Tre Harris,WR,2025,8,7,7.8,3.5811517998997062,2.5161261261261263,2.3333333333333335,3.3
00-0040727,Tre Harris,WR,2025,9,8,2.8,4.562479699698886,3.8502316602316604,3.1142857142857143,7.8
00-0040727,Tre Harris,WR,2025,10,9,1.4,4.179432575116343,3.545130308880309,3.075,2.8
00-0040727,Tre Harris,WR,2025,11,10,1.7,3.969010752970639,3.1395280995280994,2.888888888888889,1.4
00-0040727,Tre Harris,WR,2025,13,11,4.5,3.7616804473799728,2.9018745173745173,2.77,1.7
00-0040727,Tre Harris,WR,2025,14,13,2.6,4.129474868128476,3.198039663039663,2.9272727272727272,4.5
00-0040727,Tre Harris,WR,2025,15,14,6.4,4.064745939439361,3.042992277992278,2.9,2.6
00-0040727,Tre Harris,WR,2025,16,15,7.4,4.689520090810225,3.620968220968221,3.169230769230769,6.4
00-0040727,Tre Harris,WR,2025,17,16,2.0,4.990279788682118,4.463146718146719,3.4714285714285715,7.4
00-0040727,Tre Harris,WR,2025,18,17,3.8,4.607756871128942,3.962886743886745,3.3733333333333335,2.0
00-0040729,Jack Bech,WR,2025,5,4,4.2,2.6812039627839646,1.2605855855855856,1.4333333333333333,0.0
00-0040729,Jack Bech,WR,2025,6,5,0.0,3.4077614655577038,2.2235214285714284,2.125,4.2
00-0040729,Jack Bech,WR,2025,7,6,2.3,2.858501635949022,1.5897247119078104,1.7,0.0
00-0040729,Jack Bech,WR,2025,9,7,0.0,3.191288991754112,1.776872586872587,1.8,2.3
00-0040729,Jack Bech,WR,2025,10,9,0.0,2.7760909372814466,1.3016409266409266,1.542857142857143,0.0
00-0040729,Jack Bech,WR,2025,11,10,2.4,2.699923078925167,0.9909555984555984,1.35,0.0
00-0040729,Jack Bech,WR,2025,13,11,3.2,2.948387221242936,1.3766151866151866,1.4666666666666666,2.4
00-0040729,Jack Bech,WR,2025,14,13,8.0,3.255464917707184,1.7062779922779923,1.64,3.2
00-0040729,Jack Bech,WR,2025,15,14,2.7,4.083695068720552,3.207039312039312,2.2181818181818183,8.0
00-0040729,Jack Bech,WR,2025,16,15,5.3,3.7966524651376075,3.0662467824967825,2.2583333333333333,2.7
00-0040729,Jack Bech,WR,2025,18,16,0.0,4.204647598630808,3.626902286902287,2.4923076923076923,5.3
00-0040730,RJ Harvey,RB,2025,4,3,17.8,5.460183909506065,4.216036036036035,4.466666666666667,3.1
00-0040730,RJ Harvey,RB,2025,5,4,4.5,8.47942091770387,8.643885714285714,7.800000000000001,17.8
00-0040730,RJ Harvey,RB,2025,6,5,4.5,7.338345200110892,7.433174135723432,7.140000000000001,4.5
00-0040730,RJ Harvey,RB,2025,7,6,6.7,7.215653219238611,6.668127413127413,6.7,4.5
00-0040730,RJ Harvey,RB,2025,8,7,23.6,7.000149029879772,6.651467181467181,6.7,6.7
00-0040730,RJ Harvey,RB,2025,9,8,14.1,9.780278218030542,10.877521718146719,8.8125,23.6
00-0040730,RJ Harvey,RB,2025,10,9,2.8,9.850446457529948,11.813127413127415,9.4,14.1
00-0040730,RJ Harvey,RB,2025,11,10,6.5,8.710268982193961,9.378594594594594,8.74,2.8
00-0040730,RJ Harvey,RB,2025,13,11,19.7,8.299518591196133,8.854040014040015,8.536363636363637,6.5
00-0040730,RJ Harvey,RB,2025,14,13,19.0,9.828821032226749,11.449105534105534,9.466666666666667,19.7
00-0040730,RJ Harvey,RB,2025,15,14,10.5,10.748742115453608,13.192084942084943,10.2,19.0
00-0040730,RJ Harvey,RB,2025,16,15,20.1,10.522657976568325,12.039411196911196,10.221428571428572,10.5
00-0040730,RJ Harvey,RB,2025,17,16,16.1,11.49649270797027,13.631783783783785,10.88,20.1
00-0040730,RJ Harvey,RB,2025,18,17,3.8,11.415250766993188,14.374214527027027,11.20625,16.1
00-0040734,TreVeyon Henderson,RB,2025,4,3,11.6,7.071714890751238,6.329099099099098,6.433333333333334,6.2
00-0040734,TreVeyon Henderson,RB,2025,5,4,3.7,8.2414783414224,8.047492857142856,7.725,11.6
00-0040734,TreVeyon Henderson,RB,2025,6,5,4.1,7.2290239443977935,6.802467349551857,6.92,3.7
00-0040734,TreVeyon Henderson,RB,2025,7,6,0.5,6.957992479789419,6.116245173745174,6.45,4.1
00-0040734,TreVeyon Henderson,RB,2025,8,7,5.5,5.8518638431225805,4.6679150579150575,5.6,0.5
00-0040734,TreVeyon Henderson,RB,2025,9,8,10.7,6.267568904389769,4.897902992277992,5.5875,5.5
00-0040734,TreVeyon Henderson,RB,2025,10,9,27.5,7.126453209667386,6.258228228228228,6.155555555555555,10.7
00-0040734,TreVeyon Henderson,RB,2025,11,10,29.8,10.002956504817186,11.007503861003862,8.29,27.5
00-0040734,TreVeyon Henderson,RB,2025,12,11,9.6,11.846907815949415,15.426198666198667,10.245454545454546,29.8
00-0040734,TreVeyon Henderson,RB,2025,13,12,10.1,10.536963696398495,14.200809202059203,10.191666666666666,9.6
00-0040734,TreVeyon Henderson,RB,2025,15,13,29.1,10.120233324067517,13.518920403920403,10.184615384615384,10.1
00-0040734,TreVeyon Henderson,RB,2025,16,15,1.7,12.056561002823418,17.06230694980695,11.535714285714286,29.1
00-0040734,TreVeyon Henderson,RB,2025,17,16,8.2,9.63640328936313,13.536204633204633,10.88,1.7
00-0040734,TreVeyon Henderson,RB,2025,18,17,17.3,10.11517940748508,11.6989888996139,10.7125,8.2
00-0040735,Luther Burden III,WR,2025,4,3,0.6,6.872080042485824,7.661216216216216,6.5,18.3
00-0040735,Luther Burden III,WR,2025,6,4,7.1,4.947430443602459,5.317778571428573,5.025,0.6
00-0040735,Luther Burden III,WR,2025,7,6,2.6,5.933574061381372,5.80916005121639,5.44,7.1
00-0040735,Luther Burden III,WR,2025,8,7,0.4,4.87314580180457,4.969800514800514,4.966666666666667,2.6
00-0040735,Luther Burden III,WR,2025,10,8,6.6,4.3919610522198385,4.005637065637066,4.314285714285714,0.4
00-0040735,Luther Burden III,WR,2025,11,10,4.2,4.979696485415344,4.751254826254826,4.6,6.6
00-0040735,Luther Burden III,WR,2025,12,11,7.6,5.147315008175959,4.136799656799656,4.555555555555555,4.2
00-0040735,Luther Burden III,WR,2025,13,12,5.6,5.800730084455569,5.089050193050193,4.86,7.6
00-0040735,Luther Burden III,WR,2025,14,13,9.0,5.709978359147602,5.122808002808003,4.927272727272727,5.6
00-0040735,Luther Burden III,WR,2025,15,14,11.4,6.2772327592434936,6.07970398970399,5.266666666666667,9.0
00-0040735,Luther Burden III,WR,2025,17,15,23.8,6.842782097866518,7.425256905256905,5.7384615384615385,11.4
00-0040735,Luther Burden III,WR,2025,18,17,6.0,8.689202108236897,10.995250965250964,7.0285714285714285,23.8
00-0040736,Mason Taylor,TE,2025,4,3,9.0,3.493232272230036,2.525855855855856,2.433333333333333,3.8
00-0040736,Mason Taylor,TE,2025,5,4,13.2,4.9165460903269915,4.627592857142858,4.075,9.0
00-0040736,Mason Taylor,TE,2025,6,5,0.7,6.595756544560441,7.029385403329065,5.8999999999999995,13.2
00-0040736,Mason Taylor,TE,2025,7,6,4.6,5.20766867302973,5.354620334620335,5.033333333333333,0.7
00-0040736,Mason Taylor,TE,2025,8,7,11.9,5.32535229390073,5.256100386100386,4.9714285714285715,4.6
00-0040736,Mason Taylor,TE,2025,10,8,0.9,6.244118533445943,6.997449324324324,5.8374999999999995,11.9
00-0040736,Mason Taylor,TE,2025,11,10,5.0,5.238564314989724,5.611072501072501,5.288888888888889,0.9
00-0040736,Mason Taylor,TE,2025,12,11,3.6,5.57699993825028,5.332737451737453,5.26,5.0
00-0040736,Mason Taylor,TE,2025,13,12,3.1,5.241657539999431,4.654224289224289,5.109090909090909,3.6
00-0040736,Mason Taylor,TE,2025,14,13,7.6,5.241698228372587,4.467305341055341,4.941666666666666,3.1
00-0040737,Terrance Ferguson,TE,2025,9,7,6.4,4.80402576233229,4.532792792792793,4.066666666666666,9.6
00-0040737,Terrance Ferguson,TE,2025,10,9,3.7,5.115387914523037,5.121157142857143,4.65,6.4
00-0040737,Terrance Ferguson,TE,2025,12,10,0.0,5.02492033783218,4.697811779769526,4.46,3.7
00-0040737,Terrance Ferguson,TE,2025,13,12,0.0,4.04937198912686,3.4836518661518663,3.716666666666667,0.0
00-0040737,Terrance Ferguson,TE,2025,14,13,0.0,3.5468410553889527,2.660637065637066,3.185714285714286,0.0
00-0040737,Terrance Ferguson,TE,2025,15,14,1.1,3.223005623183107,2.134852799227799,2.7875,0.0
00-0040737,Terrance Ferguson,TE,2025,16,15,10.8,3.3673800844124715,1.6591119691119691,2.6,1.1
00-0040737,Terrance Ferguson,TE,2025,17,16,12.4,4.745968170592694,3.6686409266409266,3.42,10.8
00-0040739,Elijah Arroyo,TE,2025,4,3,5.4,2.747781485362923,1.6723873873873871,1.7666666666666666,0.0
00-0040739,Elijah Arroyo,TE,2025,5,4,1.5,3.7794160441802322,2.8884785714285717,2.675,5.4
00-0040739,Elijah Arroyo,TE,2025,6,5,1.1,3.3343645513640463,2.48590781049936,2.44,1.5
00-0040739,Elijah Arroyo,TE,2025,7,6,4.2,3.2653030855843745,2.1288835263835266,2.216666666666667,1.1
00-0040739,Elijah Arroyo,TE,2025,9,7,9.9,3.6072569048863423,2.677837837837838,2.5,4.2
00-0040739,Elijah Arroyo,TE,2025,10,9,1.0,4.723557451608748,4.363692084942086,3.4250000000000003,9.9
00-0040739,Elijah Arroyo,TE,2025,11,10,0.0,4.0222491645729885,3.6758344058344057,3.1555555555555554,1.0
00-0040739,Elijah Arroyo,TE,2025,12,11,1.0,3.687134530691135,2.7325521235521237,2.84,0.0
00-0040739,Elijah Arroyo,TE,2025,13,12,0.0,3.380732477005102,2.3842769392769396,2.672727272727273,1.0
00-0040739,Elijah Arroyo,TE,2025,14,13,0.0,3.190000537769417,1.9054150579150577,2.45,0.0
00-0040743,Tyler Shough,QB,2025,10,9,18.98,7.4077603363129105,5.089891891891892,4.5200000000000005,9.24
00-0040743,Tyler Shough,QB,2025,12,10,7.92,10.61854992628687,9.584072857142857,8.135,18.98
00-0040743,Tyler Shough,QB,2025,13,12,17.36,10.076251192169574,9.048230729833547,8.092,7.92
00-0040743,Tyler Shough,QB,2025,14,13,21.26,11.883663718533112,11.130176962676963,9.636666666666667,17.36
00-0040743,Tyler Shough,QB,2025,15,14,18.08,13.164683376621175,13.974756756756758,11.297142857142857,21.26
00-0040743,Tyler Shough,QB,2025,16,15,17.12,13.887685320969696,15.188441119691117,12.145,18.08
00-0040743,Tyler Shough,QB,2025,17,16,21.92,14.222085580661313,15.706735735735737,12.697777777777778,17.12
00-0040743,Tyler Shough,QB,2025,18,17,21.76,15.101112553915636,16.879324324324326,13.620000000000001,21.92
00-0040782,Isaiah Bond,WR,2025,4,3,7.3,3.1697794050313166,1.963873873873874,1.8666666666666667,2.6
00-0040782,Isaiah Bond,WR,2025,5,4,3.9,4.400305981894336,3.695321428571429,3.225,7.3
00-0040782,Isaiah Bond,WR,2025,6,5,1.9,4.366317642782075,3.732222791293214,3.36,3.9
00-0040782,Isaiah Bond,WR,2025,8,6,0.0,4.119300053233816,3.2452348777348776,3.1166666666666667,1.9
00-0040782,Isaiah Bond,WR,2025,12,11,6.8,3.3494833103910824,2.126368243243243,2.4375,0.8
00-0040782,Isaiah Bond,WR,2025,13,12,3.2,4.177408930808556,3.2304804804804803,2.922222222222222,6.8
00-0040782,Isaiah Bond,WR,2025,14,13,0.0,4.1439234038657915,3.0640250965250964,2.95,3.2
00-0040782,Isaiah Bond,WR,2025,15,14,9.9,3.7975444277138117,2.325064935064935,2.6818181818181817,0.0
00-0040782,Isaiah Bond,WR,2025,16,15,2.0,4.795491540390139,4.079205276705276,3.283333333333333,9.9
00-0040782,Isaiah Bond,WR,2025,17,16,2.1,4.216047568520021,3.7075111375111374,3.184615384615385,2.0
00-0040782,Isaiah Bond,WR,2025,18,17,2.2,4.311953891139173,3.4191602316602316,3.107142857142857,2.1
00-0040784,Quinshon Judkins,RB,2025,5,4,13.3,13.424445870032663,15.358783783783784,14.7,19.5
00-0040784,Quinshon Judkins,RB,2025,6,5,3.6,13.056466488272125,14.662557142857143,14.35,13.3
00-0040784,Quinshon Judkins,RB,2025,7,6,26.4,10.694118022558825,11.517208706786173,12.2,3.6
00-0040784,Quinshon Judkins,RB,2025,8,7,3.2,13.69760496704409,15.360302445302445,14.566666666666666,26.4
00-0040784,Quinshon Judkins,RB,2025,10,8,9.5,10.846147823577207,12.556486486486486,12.942857142857143,3.2
00-0040784,Quinshon Judkins,RB,2025,11,10,5.9,11.306853615188926,11.71429777992278,12.5125,9.5
00-0040784,Quinshon Judkins,RB,2025,12,11,16.7,10.013822441266635,10.1036700986701,11.777777777777779,5.9
00-0040784,Quinshon Judkins,RB,2025,13,12,14.4,11.465233105199179,11.613959459459458,12.27,16.7
00-0040784,Quinshon Judkins,RB,2025,14,13,8.9,11.605278323288468,12.571848016848016,12.463636363636363,14.4
00-0040784,Quinshon Judkins,RB,2025,15,14,3.2,11.470846698986456,11.246055341055342,12.166666666666666,8.9
00-0040784,Quinshon Judkins,RB,2025,16,15,7.6,10.281078109252082,9.777714582714584,11.476923076923077,3.2
00-0023459,Aaron Rodgers,QB,2026,4,3,21.96,13.975521156584467,13.769954954954954,13.066666666666666,22.68
00-0026498,Matthew Stafford,QB,2026,4,3,9.68,16.640377791109557,18.274846846846845,17.326666666666668,20.9
00-0029604,Kirk Cousins,QB,2026,4,3,22.6,18.140268592372657,19.25144144144144,18.746666666666666,22.22
00-0030506,Travis Kelce,TE,2026,4,3,2.5,11.871625823369367,14.240045045045044,14.033333333333333,12.9
00-0030565,Geno Smith,QB,2026,4,3,8.76,16.92415833466733,18.014855855855856,16.973333333333333,26.04
00-0031381,Davante Adams,WR,2026,4,3,5.2,15.122742838675643,19.59328828828829,18.933333333333334,17.2
00-0031408,Mike Evans,WR,2026,4,3,10.1,9.62534169293528,10.414414414414415,10.566666666666666,10.9
00-0031588,Stefon Diggs,WR,2026,4,3,6.0,10.536125670273387,12.10509009009009,12.666666666666666,5.3
00-0031610,Darren Waller,TE,2026,4,3,5.1,8.278709660394282,9.56864864864865,9.4,7.6
00-0032104,Ameer Abdullah,RB,2026,4,3,0.0,3.527016378820554,1.6856756756756759,1.9000000000000001,0.2
00-0032464,Kalif Raymond,WR,2026,4,3,1.6,11.151005142865612,12.69527027027027,12.3,18.0
00-0032764,Derrick Henry,RB,2026,4,3,14.9,19.96660577724751,23.379099099099097,24.133333333333333,21.4
00-0032951,Laquon Treadwell,WR,2026,4,3,6.7,4.0346761996026395,3.483198198198198,3.3666666666666667,2.5
00-0033077,Dak Prescott,QB,2026,4,3,18.1,19.33108951639675,21.23582882882883,21.033333333333335,18.94
00-0033090,Hunter Henry,TE,2026,4,3,8.7,4.034934408494786,3.3254504504504503,3.533333333333333,1.0
00-0033106,Jared Goff,QB,2026,4,3,20.48,19.98435646766351,21.969972972972972,21.86,19.36
00-0033119,Jacoby Brissett,QB,2026,4,3,10.44,16.329685698672858,16.839234234234237,16.193333333333335,25.6
00-0033280,Christian McCaffrey,RB,2026,4,3,14.5,15.171982062433559,17.64684684684685,17.166666666666668,19.6
00-0033288,George Kittle,TE,2026,4,3,15.0,12.096208356881663,15.071891891891893,13.8,23.2
00-0033293,Aaron Jones,RB,2026,4,3,14.8,10.439001497077015,10.83990990990991,10.733333333333333,11.7
00-0033526,Samaje Perine,RB,2026,4,3,0.7,4.8544089645102755,3.4259459459459465,3.7,1.9
00-0033537,Deshaun Watson,QB,2026,4,3,12.92,17.544626042855665,18.36307207207207,17.993333333333332,20.26
00-0033555,Mack Hollins,WR,2026,4,3,6.8,7.270075296376812,7.521486486486486,7.199999999999999,11.7
00-0033576,Eric Saubert,TE,2026,4,3,0.0,3.565552566179955,2.938693693693694,2.433333333333333,7.8
00-0033873,Patrick Mahomes,QB,2026,4,3,17.0,20.044617034722116,21.782018018018018,22.193333333333335,15.94
00-0033881,Evan Engram,TE,2026,4,3,1.1,4.680731911949359,4.10018018018018,4.833333333333334,0.0
00-0033908,Cooper Kupp,WR,2026,4,3,1.8,6.932942867264698,7.230540540540541,6.7,12.6
00-0033921,Chris Godwin Jr.,WR,2026,4,3,6.1,6.00040064820614,5.712657657657657,5.866666666666666,4.0
00-0034348,Courtland Sutton,WR,2026,4,3,0.9,4.855312854735234,4.313198198198198,4.066666666666666,6.1
00-0034383,Dalton Schultz,TE,2026,4,3,1.9,8.398676215948651,9.850675675675676,10.0,4.5
00-0034419,Braxton Berrios,WR,2026,4,3,0.0,1.7521334421872496,0.0,0.0,0.0
00-0034753,Mark Andrews,TE,2026,4,3,11.2,6.109761361857042,6.034234234234235,6.233333333333333,3.9
00-0034796,Lamar Jackson,QB,2026,4,3,18.88,18.950812658069538,19.83500900900901,20.066666666666666,20.44
00-0034827,DJ Moore,WR,2026,4,3,2.2,8.433620068542776,8.908738738738737,9.366666666666667,9.7
00-0034844,Saquon Barkley,RB,2026,4,3,1.5,7.165622585835121,6.535135135135135,6.5,8.5
00-0034857,Josh Allen,QB,2026,4,3,18.52,26.042230907454275,29.911900900900896,31.146666666666665,16.96
00-0034960,Jakobi Meyers,WR,2026,4,3,4.8,9.481784616512366,10.482342342342342,10.133333333333333,15.9
00-0034975,Justice Hill,RB,2026,4,3,3.5,4.6523655472286025,3.1362612612612613,3.1333333333333333,3.3
00-0034981,Foster Moreau,TE,2026,4,3,0.6,5.358869947035241,5.190495495495496,4.866666666666667,7.7
00-0035208,Olamide Zaccheaus,WR,2026,4,3,0.0,2.6990899357761555,1.2924774774774774,1.2333333333333334,1.9
00-0035229,T.J. Hockenson,TE,2026,4,3,18.4,5.725501319048054,5.463558558558558,6.033333333333333,2.1
00-0035261,Tony Pollard,RB,2026,4,3,12.0,8.012983867629483,7.977837837837837,7.5,11.6
00-0035500,Greg Dortch,WR,2026,4,3,0.0,1.7521334421872496,0.0,0.0,0.0
00-0035544,Tom Kennedy,WR,2026,4,3,0.0,1.7521334421872496,0.0,0.0,0.0
00-0035640,DK Metcalf,WR,2026,4,3,14.0,7.197475361907834,7.403918918918919,7.1,10.6
00-0035685,David Montgomery,RB,2026,4,3,4.3,10.501216291480565,10.949189189189187,12.2,5.8
00-0035689,Dawson Knox,TE,2026,4,3,2.3,3.7417039269398717,3.183558558558558,3.2333333333333334,1.0
00-0035710,Daniel Jones,QB,2026,4,3,7.92,10.916898450627857,9.359414414414415,9.446666666666667,7.9
00-0035719,Deebo Samuel Sr.,WR,2026,4,3,15.5,10.643529319204838,11.884324324324325,11.8,15.4
00-0035891,Cody White,WR,2026,4,3,6.6,6.9237956527677,7.787612612612613,7.433333333333334,6.9
00-0036040,Juwan Johnson,TE,2026,4,3,8.9,12.034140732862001,14.037432432432434,13.6,19.3
00-0036158,J.K. Dobbins,RB,2026,4,3,6.2,5.590610369655036,4.475045045045046,4.333333333333333,5.8
00-0036223,Jonathan Taylor,RB,2026,4,3,22.2,15.964829832128231,18.653603603603607,19.666666666666668,8.2
00-0036264,Jordan Love,QB,2026,4,3,13.08,16.96614366264757,17.22218018018018,17.253333333333334,18.48
00-0036265,AJ Dillon,RB,2026,4,3,1.2,3.340014992874993,1.426846846846847,1.4666666666666666,1.9
00-0036275,D'Andre Swift,RB,2026,4,3,6.4,14.380151327239677,16.069009009009008,17.366666666666667,9.8
00-0036290,Cole Kmet,TE,2026,4,3,2.3,3.7774054189825224,2.885135135135135,3.5,0.0
00-0036309,Darnell Mooney,WR,2026,4,3,0.0,5.043111472499826,4.467252252252252,4.466666666666667,3.9
00-0036331,Devin Duvernay,WR,2026,4,3,0.0,1.7521334421872496,0.0,0.0,0.0
00-0036355,Justin Herbert,QB,2026,4,3,9.56,12.457220084241234,11.291342342342341,11.293333333333333,12.74
00-0036358,CeeDee Lamb,WR,2026,4,3,32.8,16.39264928282501,20.437027027027025,20.3,16.7
00-0036389,Jalen Hurts,QB,2026,4,3,13.52,16.848622453767618,17.104045045045044,17.833333333333332,12.62
00-0036410,Tee Higgins,WR,2026,4,3,21.2,11.267865035157367,13.122522522522523,12.466666666666667,18.0
00-0036425,DeeJay Dallas,RB,2026,4,3,1.5,2.9882743038621946,1.0631081081081082,1.1,0.2
00-0036442,Joe Burrow,QB,2026,4,3,23.72,17.39974251354453,18.170540540540543,17.64,22.58
00-0036463,Chris Blair,WR,2026,4,3,0.0,2.5409979947263683,1.155720720720721,1.0333333333333334,2.0
00-0036550,Rashod Bateman,WR,2026,4,3,5.6,6.850818313657749,7.862252252252253,7.666666666666667,4.7
00-0036555,Chuba Hubbard,RB,2026,4,3,25.4,14.125260599549245,15.658918918918918,16.2,13.0
00-0036613,Jaylen Waddle,WR,2026,4,3,12.0,7.141045514015926,8.16927927927928,7.966666666666667,5.4
00-0036626,Dyami Brown,WR,2026,4,3,8.0,2.172198356868013,0.6877027027027027,0.7000000000000001,0.0
00-0036637,Noah Gray,TE,2026,4,3,2.7,3.303630812382795,2.422612612612613,2.1333333333333333,5.4
00-0036754,Brock Wright,TE,2026,4,3,1.3,2.3219409235854744,0.950945945945946,0.9,1.7
00-0036825,Feleipe Franks,TE,2026,4,3,0.0,1.6323203876687105,0.0,0.0,0.0
00-0036875,Rhamondre Stevenson,RB,2026,4,3,16.9,7.122639895032492,6.42054054054054,6.8,5.3
00-0036887,Luke Farrell,TE,2026,4,3,0.0,2.224772443936334,0.7968468468468468,0.9666666666666667,0.0
00-0036894,Pat Freiermuth,TE,2026,4,3,9.2,6.901036857346355,6.998693693693694,7.533333333333333,4.1
00-0036900,Ja'Marr Chase,WR,2026,4,3,4.2,12.942766539149785,16.210765765765764,15.166666666666668,20.3
00-0036919,Kenny Gainwell,RB,2026,4,3,9.7,4.06960014243468,2.40990990990991,2.433333333333333,2.0
00-0036963,Amon-Ra St. Brown,WR,2026,4,3,11.5,16.743848295199268,20.50342342342342,21.433333333333334,9.9
00-0036970,Kyle Pitts,TE,2026,4,3,6.2,2.3346129764403503,1.0527027027027027,1.0,1.0
00-0036971,Trevor Lawrence,QB,2026,4,3,13.08,16.76428787701512,17.056333333333335,17.346666666666668,19.78
00-0036997,Javonte Williams,RB,2026,4,3,28.8,13.544060611436544,14.97225225225225,15.166666666666666,17.3
00-0037004,Hunter Long,TE,2026,4,3,1.5,1.8959647340648231,0.39774774774774774,0.3333333333333333,1.0
00-0037005,Tommy Tremble,TE,2026,4,3,3.2,4.299515554931545,3.621216216216216,3.5,5.6
00-0037091,Bo Melton,WR,2026,4,3,0.0,2.0585741609463657,0.41216216216216217,0.5,0.0
00-0037093,Dareke Young,WR,2026,4,3,1.4,2.3922323597960315,1.0479279279279279,1.0666666666666667,0.0
00-0037132,Britain Covey,WR,2026,4,3,0.0,1.7521334421872496,0.0,0.0,0.0
00-0037228,Jaylen Warren,RB,2026,4,3,14.1,11.398949455436082,12.589279279279282,11.866666666666667,19.1
00-0037238,Drake London,WR,2026,4,3,12.1,10.869558490160038,13.002252252252251,11.766666666666666,23.9
00-0037239,Chris Olave,WR,2026,4,3,15.6,15.742722127453955,18.51162162162162,19.0,15.2
00-0037240,Jameson Williams,WR,2026,4,3,13.2,6.2241771333588805,5.938648648648648,5.9,6.9
00-0037247,George Pickens,WR,2026,4,3,8.5,7.618004349120155,8.127522522522522,7.666666666666666,11.7
00-0037248,James Cook,RB,2026,4,3,15.3,14.304504809964227,16.704954954954957,16.066666666666666,19.4
00-0037261,Khalil Shakir,WR,2026,4,3,9.7,4.780073494150293,4.0965765765765765,4.466666666666667,1.1
00-0037263,Tyler Allgeier,RB,2026,4,3,11.9,5.5210053888048245,4.301351351351351,4.6,2.9
00-0037545,Rashid Shaheed,WR,2026,4,3,11.8,3.7928970778388607,2.9702702702702704,2.9,2.4
00-0037740,Garrett Wilson,WR,2026,4,3,4.2,13.672961474552189,16.27635135135135,15.6,21.7
00-0037741,Jahan Dotson,WR,2026,4,3,12.4,3.2486680662340164,1.9835585585585584,2.033333333333333,1.6
00-0037744,Trey McBride,TE,2026,4,3,6.6,12.886661859472698,14.8859009009009,15.366666666666667,12.0
00-0037746,Brian Robinson,RB,2026,4,3,25.2,7.805152279662915,7.748603603603605,7.266666666666667,11.0
00-0037801,KaVontae Turpin,WR,2026,4,3,0.0,4.287721807755916,3.6912612612612614,3.2333333333333334,8.3
00-0037816,Romeo Doubs,WR,2026,4,3,20.8,5.898680924253758,6.180585585585586,5.833333333333333,6.4
00-0037834,Brock Purdy,QB,2026,4,3,19.62,24.376405754252946,27.565855855855858,26.953333333333333,31.28
00-0037838,Isaiah Likely,TE,2026,4,3,10.1,8.623787854947704,9.35382882882883,10.633333333333333,2.3
00-0037840,Kyren Williams,RB,2026,4,3,31.7,14.343171619899225,16.138423423423426,15.833333333333334,18.8
00-0038041,Jake Ferguson,TE,2026,4,3,2.6,8.074187128182642,9.53490990990991,9.233333333333334,7.8
00-0038090,Skyy Moore,WR,2026,4,3,0.3,3.350535793392562,2.3536036036036037,2.0666666666666664,4.6
00-0038104,Tyquan Thornton,WR,2026,4,3,25.6,4.849506945366295,4.744054054054054,4.6,3.2
00-0038115,Daniel Bellinger,TE,2026,4,3,0.7,2.6099998492570013,1.3638738738738738,1.2666666666666666,2.6
00-0038117,Wan'Dale Robinson,WR,2026,4,3,9.5,7.654761229856267,8.235315315315315,7.633333333333333,15.2
00-0038124,Christian Watson,WR,2026,4,3,6.2,16.661887072118002,19.72027027027027,20.3,19.1
00-0038128,Malik Willis,QB,2026,4,3,2.5,13.496899566226816,12.653135135135134,13.06,10.0
00-0038129,Cade Otton,TE,2026,4,3,5.7,6.052672692999814,6.0136936936936936,5.833333333333333,7.1
00-0038134,Kenneth Walker III,RB,2026,4,3,30.4,20.325743730485332,23.84346846846847,24.566666666666666,20.3
00-0038393,Dontayvion Wicks,WR,2026,4,3,3.3,8.358500661897736,8.841846846846847,9.466666666666667,4.2
00-0038454,Keaton Mitchell,RB,2026,4,3,8.8,6.78534668076797,6.540720720720721,5.833333333333333,12.2
00-0038519,Nikko Remigio,WR,2026,4,3,0.0,1.7521334421872496,0.0,0.0,0.0
00-0038542,Bijan Robinson,RB,2026,4,3,27.2,20.31350461262899,24.287882882882883,23.733333333333334,34.3
00-0038543,Jaxon Smith-Njigba,WR,2026,4,3,10.1,24.232324114467083,30.619765765765763,30.186666666666667,30.36
00-0038544,Quentin Johnston,WR,2026,4,3,4.5,4.34155492894834,3.5517117117117114,3.3666666666666667,5.5
00-0038555,Tank Bigsby,RB,2026,4,3,5.5,4.20153549744293,3.2214414414414416,3.3666666666666667,-1.0
00-0038558,Darnell Washington,TE,2026,4,3,10.2,4.784202031622444,4.423873873873874,4.066666666666666,8.2
00-0038559,Michael Wilson,WR,2026,4,3,13.0,9.821950525909186,11.256666666666666,10.433333333333334,20.4
00-0038563,Tre Tucker,WR,2026,4,3,6.4,8.701109809581492,10.203018018018017,10.133333333333333,6.3
00-0038573,Derius Davis,WR,2026,4,3,1.1,1.7521334421872496,0.0,0.0,0.0
00-0038597,Chase Brown,RB,2026,4,3,13.6,10.42884711950579,10.797567567567567,11.3,7.9
00-0038606,Parker Washington,WR,2026,4,3,1.5,12.000511462729245,13.545765765765767,13.866666666666667,11.5
00-0038608,Kayshon Boutte,WR,2026,4,3,5.1,4.39974652945269,3.6503153153153156,3.6333333333333333,3.1
00-0038611,Chris Rodriguez Jr.,RB,2026,4,3,9.5,5.727396412212329,4.915855855855856,4.433333333333333,9.7
00-0038618,Xavier Hutchinson,WR,2026,4,3,6.1,6.048526413143625,5.77855855855856,5.633333333333334,7.0
00-0038621,DeMario Douglas,WR,2026,4,3,2.5,4.304129003756157,3.4052702702702704,3.4,4.3
00-0038685,Chris Brooks,RB,2026,4,3,4.0,3.872922049043775,2.17,2.3,0.9
00-0038797,Emanuel Wilson,RB,2026,4,3,25.5,4.623865163373569,3.652072072072072,3.633333333333333,1.4
00-0038840,Brycen Tremayne,WR,2026,4,3,4.2,4.467670210067216,4.096801801801803,3.4333333333333336,10.3
00-0038896,Jacob Saylors,RB,2026,4,3,0.0,2.2772369429905472,0.0,0.0,0.0
00-0038933,Dalton Kincaid,TE,2026,4,3,1.2,10.023470145000966,11.594774774774775,12.433333333333334,2.8
00-0038935,Brenton Strange,TE,2026,4,3,13.0,5.641296267198218,5.309009009009009,5.566666666666667,4.7
00-0038994,Jordan Addison,WR,2026,4,3,7.1,7.120686992943202,7.975765765765766,6.866666666666667,17.5
00-0038996,Tucker Kraft,TE,2026,4,3,13.5,5.292741563410611,4.846531531531531,5.033333333333333,4.6
00-0038997,Josh Downs,WR,2026,4,3,3.1,8.145400134645346,8.852477477477478,8.533333333333333,10.2
00-0039032,Tyjae Spears,RB,2026,4,3,1.1,4.866699948169327,3.7529279279279275,3.966666666666667,0.5
00-0039065,Sam LaPorta,TE,2026,4,3,18.4,8.119237743604042,9.002747747747748,9.133333333333333,5.9
00-0039066,Michael Mayer,TE,2026,4,3,12.2,6.92536384446622,7.203918918918918,6.8999999999999995,10.7
00-0039074,Davis Allen,TE,2026,4,3,0.0,3.1387597387090405,2.041036036036036,1.9666666666666666,2.9
00-0039139,Jahmyr Gibbs,RB,2026,4,3,15.7,24.933289271032198,30.267927927927932,29.766666666666666,37.9
00-0039150,Bryce Young,QB,2026,4,3,21.46,20.407668241206995,21.94985585585586,23.053333333333335,13.64
00-0039163,C.J. Stroud,QB,2026,4,3,23.08,15.004776259341785,14.742153153153154,15.053333333333333,11.68
00-0039299,George Holani,RB,2026,4,3,2.5,5.680102013744098,4.753108108108108,4.4,8.3
00-0039337,Malik Nabers,WR,2026,4,3,20.2,5.468844289021107,4.94527027027027,5.2,5.1
00-0039361,Bucky Irving,RB,2026,4,3,6.1,10.490774702600136,10.923153153153153,11.533333333333333,6.8
00-0039364,Sione Vaki,RB,2026,4,3,2.2,4.573354702585542,3.121216216216216,3.0,4.2
00-0039365,Jacob Cowing,WR,2026,4,3,0.2,1.7521334421872496,0.0,0.0,0.0
00-0039384,Tyrone Tracy Jr.,RB,2026,4,3,-0.1,2.200469545166313,-0.04554054054054053,-0.09999999999999999,0.3
00-0039407,Dylan Laube,RB,2026,4,3,0.0,2.2772369429905472,0.0,0.0,0.0
00-0039410,Ryan Flournoy,WR,2026,4,3,5.7,4.501832558407677,3.7239639639639637,3.7333333333333334,3.2
00-0039424,Devaughn Vele,WR,2026,4,3,14.4,8.944548172141813,9.568693693693692,10.233333333333333,5.4
00-0039451,Isaiah Williams,WR,2026,4,3,14.3,4.412713756328127,3.9181981981981986,3.8666666666666667,2.6
00-0039530,Brevyn Spann-Ford,TE,2026,4,3,0.0,2.828409126864029,1.614054054054054,1.5999999999999999,2.4
00-0039589,Kameron Johnson,WR,2026,4,3,0.8,1.7521334421872496,0.0,0.0,0.0
00-0039686,Colson Yankoff,TE,2026,4,3,0.0,2.2254045597557828,0.9006306306306306,0.8666666666666666,0.7
00-0039732,Bo Nix,QB,2026,4,3,13.56,15.075378394662796,15.720387387387387,14.566666666666666,24.14
00-0039738,Blake Corum,RB,2026,4,3,2.6,6.3244919694204995,5.6546846846846845,5.866666666666666,2.5
00-0039739,Roman Wilson,WR,2026,4,3,14.9,7.636332922926918,8.231801801801803,7.633333333333333,13.5
00-0039746,Will Shipley,RB,2026,4,3,2.3,3.9770763708677466,2.3806756756756755,2.4,1.6
00-0039793,AJ Barner,TE,2026,4,3,1.7,6.448961424915025,6.794144144144146,6.366666666666667,9.4
00-0039794,Braelon Allen,RB,2026,4,3,7.7,5.865338833585225,4.991711711711711,5.066666666666666,3.2
00-0039811,MarShawn Lloyd,RB,2026,4,3,7.4,5.586168385870766,4.619189189189189,4.7,2.8
00-0039849,Marvin Harrison Jr.,WR,2026,4,3,7.7,4.113080033763191,3.2317567567567567,3.1,5.5
00-0039851,Drake Maye,QB,2026,4,3,26.16,9.033595652843935,6.82018918918919,7.2,3.76
00-0039880,Malik Washington,WR,2026,4,3,9.5,6.85182937279982,6.933648648648648,6.7,8.6
00-0039893,Brian Thomas Jr.,WR,2026,4,3,8.7,4.565157483602172,3.8294594594594598,4.1,1.3
00-0039894,Xavier Worthy,WR,2026,4,3,9.0,5.705029097834049,5.7022522522522525,5.766666666666667,3.0
00-0039901,Keon Coleman,WR,2026,4,3,20.6,5.040974950732568,4.880945945945946,4.7,4.2
00-0039915,Ladd McConkey,WR,2026,4,3,0.0,9.037565568509047,9.646756756756757,10.1,8.6
00-0039919,Rome Odunze,WR,2026,4,3,12.4,6.2681990130450185,5.949684684684685,5.966666666666667,5.9
00-0039920,Malachi Corley,WR,2026,4,3,0.0,1.7521334421872496,0.0,0.0,0.0
00-0040024,Darius Cooper,WR,2026,4,3,16.8,3.672430195013596,3.1437837837837836,3.1999999999999997,0.0
00-0040075,LaJohntay Wester,WR,2026,4,3,0.0,2.708035348082303,1.309144144144144,1.4666666666666666,0.0
00-0040122,Ashton Jeanty,RB,2026,4,3,15.6,13.720730192966636,15.17454954954955,16.266666666666666,10.8
00-0040124,Tetairoa McMillan,WR,2026,4,3,38.2,7.066650282675261,7.398333333333333,7.766666666666667,2.7
00-0040126,Colston Loveland,TE,2026,4,3,8.7,3.1719042317666934,2.2904954954954952,1.9666666666666666,5.1
00-0040128,Tyler Warren,TE,2026,4,3,6.6,9.25617741684478,10.208288288288289,10.133333333333333,10.2
00-0040129,Emeka Egbuka,WR,2026,4,3,2.3,8.401219135622567,8.760225225225225,8.766666666666667,8.7
00-0040131,Kyle Williams,WR,2026,4,3,0.0,3.1410335345901785,2.0424324324324323,1.8,3.9
00-0040134,Pat Bryant,WR,2026,4,3,6.2,7.203304889851017,7.557387387387388,7.066666666666666,13.4
00-0040138,Jaylin Noel,WR,2026,4,3,10.4,5.315649692874951,4.727837837837838,4.9,3.5
00-0040142,Kaleb Johnson,RB,2026,4,3,2.2,3.5465816682940923,1.8831981981981984,1.7666666666666668,2.1
00-0040164,Jaylin Lane,WR,2026,4,3,0.0,2.658389826033254,1.2814414414414415,1.1666666666666667,2.6
00-0040170,Elic Ayomanor,WR,2026,4,3,2.7,5.639906675662643,5.311756756756757,5.7,1.6
00-0040187,Mitchell Evans,TE,2026,4,3,1.3,3.76852742602621,3.002657657657658,2.7666666666666666,5.1
00-0040189,Oronde Gadsden II,TE,2026,4,3,6.3,4.414240386893861,4.035855855855856,4.333333333333334,0.0
00-0040236,Kyle Monangai,RB,2026,4,3,27.5,8.859279898906674,8.790495495495495,9.766666666666666,3.1
00-0040237,Tez Johnson,WR,2026,4,3,3.7,3.1278822664581103,2.175540540540541,2.1,1.3
00-0040242,Jacory Croskey-Merritt,RB,2026,4,3,6.0,7.5354915262163455,6.969594594594594,7.3999999999999995,4.8
00-0040466,Raheim Sanders,RB,2026,4,3,2.6,5.5511453008797265,4.4745495495495495,4.266666666666667,7.1
00-0040506,Myles Price,WR,2026,4,3,1.8,3.3339995205639292,2.3864864864864863,2.0,6.0
00-0040556,Corey Kiner,RB,2026,4,3,0.0,3.39078257638186,1.5750450450450448,1.4333333333333333,3.2
00-0040583,Woody Marks,RB,2026,4,3,8.2,7.135995798372918,6.621981981981982,6.366666666666666,8.6
00-0040584,Gunnar Helm,TE,2026,4,3,3.0,3.920248301926673,3.0267117117117115,3.1666666666666665,2.4
00-0040590,Konata Mumpfield,WR,2026,4,3,1.2,6.728834249426029,7.437747747747748,6.333333333333334,17.3
00-0040646,Jalen Royals,WR,2026,4,3,0.0,3.762983875910634,3.125225225225225,3.0666666666666664,1.6
00-0040663,Harold Fannin Jr.,TE,2026,4,3,10.2,9.761984546679674,11.632477477477478,10.533333333333333,20.6
00-0040666,Omarion Hampton,RB,2026,4,3,12.3,9.375719664595266,9.911396396396396,10.133333333333333,5.6
00-0040667,Matthew Golden,WR,2026,4,3,10.2,11.641543433639882,13.347342342342344,12.933333333333334,18.5
00-0040669,Isaac TeSlaa,WR,2026,4,3,11.5,4.749905660375428,4.400675675675676,3.9,8.1
00-0040676,Cam Ward,QB,2026,4,3,15.58,13.781143739130195,13.525702702702702,13.719999999999999,9.44
00-0040705,Chimere Dike,WR,2026,4,3,2.0,2.236859433155598,0.647927927927928,0.6666666666666666,0.8
00-0040715,Cam Skattebo,RB,2026,4,3,7.1,10.521982977036613,10.904504504504505,11.033333333333333,11.5
00-0040719,Bhayshul Tuten,RB,2026,4,3,10.1,12.030154622861254,13.242072072072073,12.833333333333334,16.0
00-0040727,Tre Harris,WR,2026,4,3,7.5,6.836622817748943,7.077207207207207,6.633333333333333,10.6
00-0040735,Luther Burden III,WR,2026,4,3,9.4,8.94809700573652,9.945855855855857,9.333333333333334,16.3
00-0040743,Tyler Shough,QB,2026,4,3,15.94,21.50343716824561,23.170117117117115,23.126666666666665,23.8
00-0040784,Quinshon Judkins,RB,2026,4,3,18.6,7.908688127783432,7.579189189189189,7.4,8.9
00-0040785,Dohnte Meyers,WR,2026,4,3,11.7,3.6999685542518628,2.656846846846847,2.566666666666667,4.4
00-0040867,Makai Lemon,WR,2026,4,3,4.2,3.5054924512036,2.4833333333333334,2.2666666666666666,4.4
00-0040878,Mike Washington Jr.,RB,2026,4,3,2.2,6.46523463910541,5.890135135135135,5.4,11.4
00-0040894,Malik Benson,WR,2026,4,3,0.0,1.8134215859390725,0.08243243243243242,0.09999999999999999,0.0
00-0041013,Emmett Johnson,RB,2026,4,3,1.5,5.484167753056548,4.293063063063063,4.666666666666667,1.7
00-0041027,Jeremiyah Love,RB,2026,4,3,6.0,11.828011767394951,12.978468468468469,12.466666666666667,19.4
00-0041032,Kenyon Sadiq,TE,2026,4,3,0.0,10.001815497996903,11.559414414414414,10.866666666666667,20.0
00-0041037,Denzel Boston,WR,2026,4,3,10.9,10.72890951194688,12.263198198198197,12.666666666666666,7.1
00-0041040,Antonio Williams,WR,2026,4,3,3.6,6.42335310251054,6.228288288288288,6.933333333333334,2.5
00-0041042,Malachi Fields,WR,2026,4,3,12.2,4.319317968109252,3.4250900900900905,3.466666666666667,2.9
00-0041044,Zachariah Branch,WR,2026,4,3,2.0,2.5948845487132166,1.2632432432432432,1.2,1.2
00-0041048,Ted Hurst III,WR,2026,4,3,3.5,6.700484956941522,6.7893693693693695,6.433333333333334,10.5
00-0041052,Kaelon Black,RB,2026,4,3,1.3,4.948088725048715,3.5556756756756753,3.9,1.7
00-0041067,Bryce Lance,WR,2026,4,3,1.2,3.2322182746824106,1.991936936936937,2.3333333333333335,0.0
00-0041100,Josh Cameron,WR,2026,4,3,5.2,5.872648324485597,5.535630630630631,5.566666666666666,7.7
00-0041125,Seth McGowan,RB,2026,4,3,4.3,2.7689113665984575,0.6942342342342342,0.6333333333333333,1.4
00-0041326,CJ Donaldson,RB,2026,4,3,3.3,2.6214109097732474,0.4567117117117117,0.4666666666666667,0.5
00-0041397,Kaden Wetjen,WR,2026,4,3,0.0,1.7521334421872496,0.0,0.0,0.0
00-0041438,Carnell Tate,WR,2026,4,3,17.0,6.546271609956442,6.469279279279279,6.266666666666667,8.8
00-0041524,Will Kacmarek,TE,2026,4,3,2.0,1.81234820824618,0.2947297297297297,0.3,0.0
00-0041525,Chris Bell,WR,2026,4,3,0.0,4.781836676400086,4.2847297297297295,3.9,8.7
00-0041547,KC Concepcion,WR,2026,4,3,8.9,4.7600062176491305,4.052297297297297,4.3,1.9
