id,name,position,season,week,history_end,actual,ridge,blend,history,last_game
00-0023459,Aaron Rodgers,QB,2024,4,3,11.6,15.300576457225862,15.684189189189189,14.92,21.04
00-0023459,Aaron Rodgers,QB,2024,5,4,11.76,14.375976860001293,14.325002857142858,14.09,11.6
00-0023459,Aaron Rodgers,QB,2024,6,5,17.76,14.071849192297826,13.588442253521126,13.624,11.76
00-0023459,Aaron Rodgers,QB,2024,7,6,13.04,14.775250083118335,14.65814157014157,14.313333333333333,17.76
00-0023459,Aaron Rodgers,QB,2024,8,7,17.32,14.475959930816474,14.458274131274132,14.131428571428572,13.04
00-0023459,Aaron Rodgers,QB,2024,9,8,20.34,15.209079426270446,15.110905405405406,14.53,17.32
00-0023459,Aaron Rodgers,QB,2024,10,9,4.04,15.901141941226607,16.11112012012012,15.175555555555556,20.34
00-0023459,Aaron Rodgers,QB,2024,11,10,16.06,13.829573119757168,13.41197027027027,14.062,4.04
00-0023459,Aaron Rodgers,QB,2024,13,11,14.0,14.715957084586467,14.114014040014041,14.243636363636364,16.06
00-0023459,Aaron Rodgers,QB,2024,14,13,17.56,14.384876657973368,13.967433075933073,14.223333333333333,14.0
00-0023459,Aaron Rodgers,QB,2024,15,14,30.06,15.244540631457529,14.822478764478763,14.48,17.56
00-0023459,Aaron Rodgers,QB,2024,16,15,12.84,16.955390768734933,18.10634555984556,15.592857142857143,30.06
00-0023459,Aaron Rodgers,QB,2024,17,16,0.48,15.745406902947488,16.702525353925353,15.409333333333333,12.84
00-0023459,Aaron Rodgers,QB,2024,18,17,24.96,13.881984232295718,13.50137861969112,14.47625,0.48
00-0026158,Joe Flacco,QB,2024,10,9,10.88,13.785846764682628,13.321781428571427,14.575,3.06
00-0026158,Joe Flacco,QB,2024,18,17,14.56,13.942587158428829,13.411015444015444,14.08,15.3
00-0026300,Josh Johnson,QB,2024,17,15,0.64,3.9567461450739865,0.03671171171171171,0.04666666666666667,-0.1
00-0026498,Matthew Stafford,QB,2024,4,3,4.86,12.468541447753061,11.315225225225227,11.386666666666667,12.84
00-0026498,Matthew Stafford,QB,2024,5,4,12.4,10.637498614705416,9.218787142857142,9.754999999999999,4.86
00-0026498,Matthew Stafford,QB,2024,7,5,3.96,11.69322101573475,10.143243790012804,10.284,12.4
00-0026498,Matthew Stafford,QB,2024,8,7,24.76,10.222827223871162,8.567001930501931,9.23,3.96
00-0026498,Matthew Stafford,QB,2024,9,8,17.92,13.389606763102817,12.387525096525097,11.448571428571428,24.76
00-0026498,Matthew Stafford,QB,2024,10,9,9.72,13.553655980560357,13.884387548262549,12.2575,17.92
00-0026498,Matthew Stafford,QB,2024,11,10,27.8,13.115160127148362,12.856869154869155,11.975555555555555,9.72
00-0026498,Matthew Stafford,QB,2024,12,11,19.22,15.189174848168486,16.568975675675677,13.558,27.8
00-0026498,Matthew Stafford,QB,2024,13,12,15.62,14.97370929078283,17.156412074412074,14.072727272727272,19.22
00-0026498,Matthew Stafford,QB,2024,14,13,20.8,15.208537886586335,17.092289897039898,14.201666666666666,15.62
00-0026498,Matthew Stafford,QB,2024,15,14,8.2,15.680142990417622,17.480184437184437,14.70923076923077,20.8
00-0026498,Matthew Stafford,QB,2024,16,15,6.0,14.234345668693555,15.224982625482626,14.244285714285715,8.2
00-0026498,Matthew Stafford,QB,2024,17,16,9.16,13.506302930909394,13.316863063063064,13.694666666666667,6.0
00-0027973,Andy Dalton,QB,2024,5,4,3.74,13.560165001158026,14.287486486486486,13.42,15.7
00-0027973,Andy Dalton,QB,2024,6,5,14.94,11.601360318968183,10.82216,11.0,3.74
00-0027973,Andy Dalton,QB,2024,7,6,0.0200000000000002,12.545435686586183,11.995710371318822,11.788,14.94
00-0029263,Russell Wilson,QB,2024,11,10,6.3,17.98825975591733,18.555873873873875,18.926666666666666,18.1
00-0029263,Russell Wilson,QB,2024,12,11,13.8,14.61960677454122,14.585105714285717,15.77,6.3
00-0029263,Russell Wilson,QB,2024,13,12,26.86,14.96500413726442,14.415867605633803,15.376000000000001,13.8
00-0029263,Russell Wilson,QB,2024,14,13,16.02,17.16414541982885,17.64796718146718,17.29,26.86
00-0029263,Russell Wilson,QB,2024,15,14,8.42,16.7855272638957,16.977579150579153,17.10857142857143,16.02
00-0029263,Russell Wilson,QB,2024,16,15,15.38,15.495431590492615,15.028319015444016,16.0225,8.42
00-0029263,Russell Wilson,QB,2024,17,16,17.7,15.55393063200388,15.051773058773058,15.95111111111111,15.38
00-0029263,Russell Wilson,QB,2024,18,17,11.52,15.91295470388145,16.02310386100386,16.126,17.7
00-0029604,Kirk Cousins,QB,2024,4,3,7.52,12.400673568777993,11.862558558558558,11.613333333333333,11.1
00-0029604,Kirk Cousins,QB,2024,5,4,34.36,11.684575357249422,10.440202857142856,10.59,7.52
00-0029604,Kirk Cousins,QB,2024,6,5,12.5,16.404009553338735,17.21764455825864,15.344,34.36
00-0029604,Kirk Cousins,QB,2024,7,6,7.18,14.81585680790569,15.919704633204633,14.87,12.5
00-0029604,Kirk Cousins,QB,2024,8,7,28.64,13.898154559182643,14.057633204633206,13.77142857142857,7.18
00-0029604,Kirk Cousins,QB,2024,9,8,17.78,16.08170855409017,17.443260617760618,15.629999999999999,28.64
00-0029604,Kirk Cousins,QB,2024,10,9,10.24,15.712487057821342,17.657956670956672,15.86888888888889,17.78
00-0029604,Kirk Cousins,QB,2024,11,10,4.92,15.104173996595717,16.19468301158301,15.306,10.24
00-0029604,Kirk Cousins,QB,2024,13,11,2.1,13.679039391992077,12.918524394524393,14.361818181818181,4.92
00-0029604,Kirk Cousins,QB,2024,14,13,9.76,12.390504708218767,10.563258687258688,13.34,2.1
00-0029604,Kirk Cousins,QB,2024,15,14,6.48,12.755106116062649,10.670082566082566,13.064615384615385,9.76
00-0030035,Adam Thielen,WR,2024,13,12,19.9,6.937095157826212,7.26355,7.025,7.2
00-0030035,Adam Thielen,WR,2024,14,13,14.7,9.696044154483001,10.829756722151087,9.6,19.9
00-0030035,Adam Thielen,WR,2024,15,14,7.6,9.981593297607727,11.761438223938224,10.45,14.7
00-0030035,Adam Thielen,WR,2024,16,15,12.8,9.345734214563619,10.870173745173744,10.042857142857143,7.6
00-0030035,Adam Thielen,WR,2024,17,16,25.5,9.728255319862983,11.576802606177607,10.3875,12.8
00-0030035,Adam Thielen,WR,2024,18,17,6.9,11.739646401045071,14.815534105534105,12.066666666666666,25.5
00-0030061,Zach Ertz,TE,2024,4,3,5.7,6.281325225491226,6.3726576576576575,6.266666666666667,6.3
00-0030061,Zach Ertz,TE,2024,5,4,2.0,6.2580033449827805,6.149607142857143,6.125,5.7
00-0030061,Zach Ertz,TE,2024,6,5,8.8,5.313963834700322,4.973918053777209,5.3,2.0
00-0030061,Zach Ertz,TE,2024,7,6,12.0,6.1979894198305665,5.969147361647362,5.883333333333333,8.8
00-0030061,Zach Ertz,TE,2024,8,7,11.2,7.081889934572663,7.5183976833976836,6.757142857142857,12.0
00-0030061,Zach Ertz,TE,2024,9,8,1.0,7.66790211594902,8.349973455598455,7.3125,11.2
00-0030061,Zach Ertz,TE,2024,10,9,5.1,6.3314943653348585,6.6328657228657235,6.611111111111111,1.0
00-0030061,Zach Ertz,TE,2024,11,10,15.7,6.3216094696321115,6.307872586872586,6.46,5.1
00-0030061,Zach Ertz,TE,2024,12,11,12.8,7.585730767217067,8.623416988416988,7.3,15.7
00-0030061,Zach Ertz,TE,2024,13,12,11.0,8.062746673825735,9.487462998712997,7.758333333333333,12.8
00-0030061,Zach Ertz,TE,2024,15,13,3.5,8.339837152099037,9.634043659043659,8.007692307692308,11.0
00-0030061,Zach Ertz,TE,2024,16,15,1.7,7.296457876570223,8.11135135135135,7.685714285714286,3.5
00-0030061,Zach Ertz,TE,2024,17,16,22.2,6.643982461797096,6.917225225225225,7.286666666666666,1.7
00-0030061,Zach Ertz,TE,2024,18,17,12.9,8.720310383664337,10.36086751930502,8.21875,22.2
00-0030279,Keenan Allen,WR,2024,6,5,18.6,5.053226989323405,4.369009009009009,4.366666666666667,4.8
00-0030279,Keenan Allen,WR,2024,8,6,4.9,8.163035141210935,8.997035714285715,7.925000000000001,18.6
00-0030279,Keenan Allen,WR,2024,9,8,5.6,7.0296174383416945,7.789381562099873,7.32,4.9
00-0030279,Keenan Allen,WR,2024,10,9,6.9,7.024727886278892,7.206280566280565,7.033333333333333,5.6
00-0030279,Keenan Allen,WR,2024,11,10,6.1,6.716124724146596,7.20507722007722,7.014285714285714,6.9
00-0030279,Keenan Allen,WR,2024,12,11,19.1,6.687370082104766,7.0638030888030885,6.9,6.1
00-0030279,Keenan Allen,WR,2024,13,12,21.8,8.686842551588706,9.98291934791935,8.255555555555556,19.1
00-0030279,Keenan Allen,WR,2024,14,13,4.5,10.098876401169276,12.33869305019305,9.610000000000001,21.8
00-0030279,Keenan Allen,WR,2024,15,14,17.2,8.698522057728939,10.64948051948052,9.145454545454546,4.5
00-0030279,Keenan Allen,WR,2024,16,15,24.6,9.8624404476308,12.225389317889318,9.816666666666666,17.2
00-0030279,Keenan Allen,WR,2024,17,16,5.0,10.988830319666048,15.046259281259282,10.953846153846154,24.6
00-0030279,Keenan Allen,WR,2024,18,17,2.0,9.559058179991668,12.868108108108107,10.528571428571428,5.0
00-0030431,Robert Woods,WR,2024,9,8,5.4,3.538913119498481,2.3742792792792793,2.3666666666666667,2.8
00-0030431,Robert Woods,WR,2024,10,9,0.6,4.2150461155417975,3.3579785714285717,3.125,5.4
00-0030431,Robert Woods,WR,2024,11,10,2.3,3.5973054860054168,2.5668847631241998,2.62,0.6
00-0030431,Robert Woods,WR,2024,12,11,1.3,3.706952741714658,2.501113256113256,2.5666666666666664,2.3
00-0030431,Robert Woods,WR,2024,13,12,0.0,3.421316588394766,2.1955598455598455,2.3857142857142857,1.3
00-0030431,Robert Woods,WR,2024,15,13,2.2,3.1692926600920215,1.6982697876447879,2.0875,0.0
00-0030431,Robert Woods,WR,2024,16,15,3.4,3.351312791789498,1.7971235521235522,2.1,2.2
00-0030431,Robert Woods,WR,2024,17,16,3.1,3.6453089486317274,2.0592258687258687,2.23,3.4
00-0030431,Robert Woods,WR,2024,18,17,2.9,3.795583739067482,2.3589347139347137,2.309090909090909,3.1
00-0030506,Travis Kelce,TE,2024,4,3,12.4,4.389176031937435,3.695360360360361,3.666666666666667,5.0
00-0030506,Travis Kelce,TE,2024,5,4,11.5,6.274365755765319,6.5250714285714295,5.8500000000000005,12.4
00-0030506,Travis Kelce,TE,2024,7,5,3.7,7.242493625152476,7.903083226632523,6.98,11.5
00-0030506,Travis Kelce,TE,2024,8,7,20.0,6.426818898014573,6.782612612612612,6.433333333333334,3.7
00-0030506,Travis Kelce,TE,2024,9,8,15.0,8.729755322001138,10.109478764478764,8.371428571428572,20.0
00-0030506,Travis Kelce,TE,2024,10,9,16.4,9.026076532621566,11.531158301158303,9.2,15.0
00-0030506,Travis Kelce,TE,2024,11,10,1.8,10.07532668638818,12.79945945945946,10.0,16.4
00-0030506,Travis Kelce,TE,2024,12,11,9.2,8.010527511778356,10.107150579150579,9.18,1.8
00-0030506,Travis Kelce,TE,2024,13,12,10.3,8.367891900972289,9.798327483327483,9.181818181818182,9.2
00-0030506,Travis Kelce,TE,2024,14,13,7.0,8.344616722089624,10.090728764478765,9.275,10.3
00-0030506,Travis Kelce,TE,2024,15,14,4.7,8.371486564384247,8.998474903474904,9.1,7.0
00-0030506,Travis Kelce,TE,2024,16,15,5.5,7.984144961518956,7.8364671814671825,8.785714285714286,4.7
00-0030506,Travis Kelce,TE,2024,17,16,18.4,7.9276308403786775,7.079684684684685,8.566666666666666,5.5
00-0030564,DeAndre Hopkins,WR,2024,4,3,4.1,6.718404091575689,7.298963963963964,6.333333333333334,16.3
00-0030564,DeAndre Hopkins,WR,2024,6,4,7.4,5.778718139992923,6.219507142857144,5.775,4.1
00-0030564,DeAndre Hopkins,WR,2024,7,6,0.3,6.484816978081249,6.533777208706788,6.1000000000000005,7.4
00-0030564,DeAndre Hopkins,WR,2024,8,7,3.9,4.939121969380453,4.9169562419562425,5.133333333333334,0.3
00-0030564,DeAndre Hopkins,WR,2024,9,8,24.6,5.119400174483476,4.8004440154440156,4.957142857142857,3.9
00-0030564,DeAndre Hopkins,WR,2024,10,9,7.6,8.235727133649279,9.707212837837838,7.4125000000000005,24.6
00-0030564,DeAndre Hopkins,WR,2024,11,10,4.4,7.4718183080322085,8.865199485199486,7.433333333333334,7.6
00-0030564,DeAndre Hopkins,WR,2024,12,11,12.0,7.176404537924867,7.918704633204634,7.13,4.4
00-0030564,DeAndre Hopkins,WR,2024,13,12,11.0,7.490502950009969,8.82970164970165,7.572727272727273,12.0
00-0030564,DeAndre Hopkins,WR,2024,14,13,11.2,7.768716272126002,9.54881435006435,7.858333333333333,11.0
00-0030564,DeAndre Hopkins,WR,2024,15,14,6.1,8.235040201025553,10.016021681021682,8.115384615384615,11.2
00-0030564,DeAndre Hopkins,WR,2024,16,15,5.7,7.947561106422408,8.512084942084943,7.9714285714285715,6.1
00-0030564,DeAndre Hopkins,WR,2024,17,16,1.7,7.696451090016004,7.887965250965252,7.82,5.7
00-0030565,Geno Smith,QB,2024,4,3,21.6,15.389672396270086,15.275693693693693,15.693333333333333,11.36
00-0030565,Geno Smith,QB,2024,5,4,22.56,17.036632787738117,17.349362857142857,17.17,21.6
00-0030565,Geno Smith,QB,2024,6,5,12.48,17.882485423895982,18.816264788732393,18.248,22.56
00-0030565,Geno Smith,QB,2024,7,6,17.78,16.735949343735534,17.166734877734875,17.286666666666665,12.48
00-0030565,Geno Smith,QB,2024,8,7,8.08,17.03236761306119,17.299440154440155,17.357142857142858,17.78
00-0030565,Geno Smith,QB,2024,9,8,22.12,15.204703677307997,15.055657818532818,16.1975,8.08
00-0030565,Geno Smith,QB,2024,11,9,15.74,16.838496236360147,16.91241741741742,16.855555555555554,22.12
00-0030565,Geno Smith,QB,2024,12,11,12.36,16.336082003658248,16.47170501930502,16.744,15.74
00-0030565,Geno Smith,QB,2024,13,12,12.44,16.158323222453895,15.329017199017198,16.345454545454544,12.36
00-0030565,Geno Smith,QB,2024,14,13,13.32,15.669548464165935,14.833173745173745,16.02,12.44
00-0030565,Geno Smith,QB,2024,15,14,4.46,15.579506451499313,14.461520047520048,15.812307692307693,13.32
00-0030565,Geno Smith,QB,2024,16,15,21.36,14.268174952618518,12.543295366795366,15.001428571428571,4.46
00-0030565,Geno Smith,QB,2024,17,16,8.3,15.94379421682219,14.31272380952381,15.425333333333333,21.36
00-0030565,Geno Smith,QB,2024,18,17,26.32,14.688374734695644,13.015378378378378,14.98,8.3
00-0030578,Cordarrelle Patterson,RB,2024,4,3,7.2,4.334762497706816,2.961261261261261,2.6333333333333333,6.3
00-0030578,Cordarrelle Patterson,RB,2024,11,10,0.5,4.695526980167602,3.4734443021766963,3.3,1.4
00-0030578,Cordarrelle Patterson,RB,2024,12,11,-0.2,4.2109259085606645,2.703848133848134,2.8333333333333335,0.5
00-0030578,Cordarrelle Patterson,RB,2024,13,12,6.8,3.680903169260012,2.0388610038610038,2.4,-0.2
00-0030578,Cordarrelle Patterson,RB,2024,14,13,-1.4,4.647659001103712,3.265337837837838,2.95,6.8
00-0030578,Cordarrelle Patterson,RB,2024,15,14,1.3,3.8062266063316406,2.03954954954955,2.466666666666667,-1.4
00-0030578,Cordarrelle Patterson,RB,2024,16,15,7.7,4.078324018449277,1.7083301158301158,2.35,1.3
00-0030578,Cordarrelle Patterson,RB,2024,17,16,0.2,4.734258993801125,3.130005265005265,2.8363636363636364,7.7
00-0030578,Cordarrelle Patterson,RB,2024,18,17,0.1,4.203660236997119,2.540736808236808,2.6166666666666667,0.2
00-0031235,Odell Beckham,WR,2024,10,9,2.7,2.5430664813755888,1.1932432432432432,1.0,3.0
00-0031235,Odell Beckham,WR,2024,11,10,2.3,2.892531449643087,1.6754357142857144,1.425,2.7
00-0031235,Odell Beckham,WR,2024,12,11,0.0,3.088258294526753,1.8410243277848912,1.6,2.3
00-0031235,Odell Beckham,WR,2024,13,12,1.4,2.7124900557960503,1.358095238095238,1.3333333333333333,0.0
00-0031235,Odell Beckham,WR,2024,14,13,0.6,2.8041575816336954,1.4153281853281854,1.3428571428571427,1.4
00-0031236,Brandin Cooks,WR,2024,4,3,2.1,5.748732532647945,5.320270270270271,5.9,2.6
00-0031236,Brandin Cooks,WR,2024,14,13,6.8,6.0389330798321135,5.685387964148528,5.78,9.1
00-0031236,Brandin Cooks,WR,2024,15,14,4.9,6.174222812860435,5.975299227799228,5.95,6.8
00-0031236,Brandin Cooks,WR,2024,16,15,6.3,6.201395101092202,5.478455598455598,5.8,4.9
00-0031236,Brandin Cooks,WR,2024,17,16,7.2,6.25304118726553,5.79214527027027,5.8625,6.3
00-0031236,Brandin Cooks,WR,2024,18,17,2.5,6.439996606476437,6.240935220935221,6.011111111111111,7.2
00-0031280,Derek Carr,QB,2024,4,3,8.06,15.900186151643906,16.17228828828829,17.033333333333335,7.98
00-0031280,Derek Carr,QB,2024,5,4,12.6,14.159230735030043,13.568928571428572,14.790000000000001,8.06
00-0031280,Derek Carr,QB,2024,10,9,20.46,14.155414589708284,13.420745173745175,14.2,13.44
00-0031280,Derek Carr,QB,2024,11,10,18.72,15.603515542175023,14.916254826254827,15.094285714285714,20.46
00-0031280,Derek Carr,QB,2024,13,11,14.56,16.022443881304728,15.599497586872587,15.5475,18.72
00-0031280,Derek Carr,QB,2024,14,13,11.96,15.776655309291042,15.61913341913342,15.437777777777779,14.56
00-0031381,Davante Adams,WR,2024,8,7,7.4,8.748190074378616,9.391685714285714,10.1,4.5
00-0031381,Davante Adams,WR,2024,9,8,18.6,8.195814065666076,8.85959795134443,9.56,7.4
00-0031381,Davante Adams,WR,2024,10,9,6.1,10.225779051787237,11.387001287001286,11.066666666666666,18.6
00-0031381,Davante Adams,WR,2024,11,10,10.2,9.063287583262106,10.170579150579151,10.357142857142858,6.1
00-0031381,Davante Adams,WR,2024,13,11,15.1,9.627428363715937,9.78723696911197,10.3375,10.2
00-0031381,Davante Adams,WR,2024,14,13,21.4,10.087681517248718,11.20408622908623,10.866666666666667,15.1
00-0031381,Davante Adams,WR,2024,15,14,38.3,11.554740578914314,13.794664092664092,11.92,21.4
00-0031381,Davante Adams,WR,2024,16,15,16.3,14.598588603372932,19.539278694278693,14.318181818181818,38.3
00-0031381,Davante Adams,WR,2024,17,16,7.2,13.337778846731378,18.532931145431146,14.483333333333333,16.3
00-0031381,Davante Adams,WR,2024,18,17,17.8,12.057629032855546,16.179602019602022,13.923076923076923,7.2
00-0031408,Mike Evans,WR,2024,4,3,19.4,8.189823084917789,8.6009009009009,9.666666666666668,2.7
00-0031408,Mike Evans,WR,2024,5,4,20.7,10.649311111136582,12.156085714285712,12.1,19.4
00-0031408,Mike Evans,WR,2024,6,5,4.4,12.260148568854593,14.572019206145967,13.82,20.7
00-0031408,Mike Evans,WR,2024,7,6,9.0,10.389113005498324,11.931631274131274,12.25,4.4
00-0031408,Mike Evans,WR,2024,13,12,21.8,9.660919428527723,10.744763513513512,11.475,9.3
00-0031408,Mike Evans,WR,2024,14,13,8.9,11.717341505644331,13.678665808665809,12.622222222222222,21.8
00-0031408,Mike Evans,WR,2024,15,14,32.4,10.73077202352262,12.309990347490347,12.25,8.9
00-0031408,Mike Evans,WR,2024,16,15,9.4,13.884256632812226,16.622149877149877,14.081818181818182,32.4
00-0031408,Mike Evans,WR,2024,17,16,25.7,11.769795339160888,15.265635456885455,13.691666666666666,9.4
00-0031408,Mike Evans,WR,2024,18,17,13.4,13.933401679341634,17.73436144936145,14.615384615384615,25.7
00-0031428,Allen Robinson,WR,2024,11,9,1.2,1.9366844846645284,0.2784234234234234,0.2333333333333333,0.7
00-0031428,Allen Robinson,WR,2024,17,15,2.6,2.0699559175525524,0.4086466069142125,0.38,0.0
00-0031484,Chris Manhertz,TE,2024,18,17,2.1,3.4927736625211367,2.8702702702702703,2.8,1.7
00-0031503,Jameis Winston,QB,2024,7,5,8.68,4.147139744339698,0.2778918918918919,0.28,0.34
00-0031503,Jameis Winston,QB,2024,8,7,23.56,5.9989361683546605,3.0104628571428576,2.38,8.68
00-0031503,Jameis Winston,QB,2024,9,8,10.1,9.89578686771765,8.799021254801536,6.616,23.56
00-0031503,Jameis Winston,QB,2024,11,9,26.6,9.757511305867405,9.027064993564993,7.196666666666666,10.1
00-0031503,Jameis Winston,QB,2024,12,11,13.46,12.920447200284082,13.614478764478765,9.968571428571428,26.6
00-0031503,Jameis Winston,QB,2024,13,12,32.98,12.030717795242044,13.893159266409267,10.405,13.46
00-0031503,Jameis Winston,QB,2024,14,13,15.28,15.506862305547562,18.71585971685972,12.913333333333332,32.98
00-0031503,Jameis Winston,QB,2024,15,14,-0.36,14.184878376444239,17.96485521235521,13.15,15.28
00-0031544,Amari Cooper,WR,2024,4,3,5.5,9.394577236354214,11.151576576576577,9.766666666666667,24.1
00-0031544,Amari Cooper,WR,2024,5,4,8.0,7.763337848318926,9.257514285714286,8.700000000000001,5.5
00-0031544,Amari Cooper,WR,2024,6,5,6.2,8.161660607782618,8.876627400768246,8.56,8.0
00-0031544,Amari Cooper,WR,2024,7,6,14.6,7.259204881767397,8.176132561132562,8.166666666666668,6.2
00-0031544,Amari Cooper,WR,2024,8,7,0.8,8.675499258644434,9.963050193050194,9.085714285714285,14.6
00-0031544,Amari Cooper,WR,2024,13,11,2.7,7.564247015974461,7.05971256971257,7.877777777777778,6.5
00-0031544,Amari Cooper,WR,2024,14,13,12.5,6.6147346272024805,6.1431042471042465,7.36,2.7
00-0031544,Amari Cooper,WR,2024,16,14,1.5,7.903518700994513,7.60444892944893,7.827272727272727,12.5
00-0031544,Amari Cooper,WR,2024,17,16,13.1,6.72017923679484,6.282065637065637,7.3,1.5
00-0031549,Nelson Agholor,WR,2024,4,3,2.0,4.0763251447206095,3.3179729729729726,3.0,6.1
00-0031549,Nelson Agholor,WR,2024,5,4,0.9,3.7419242843074523,2.8764714285714286,2.75,2.0
00-0031549,Nelson Agholor,WR,2024,6,5,3.0,3.468611234804533,2.3113546734955186,2.38,0.9
00-0031549,Nelson Agholor,WR,2024,7,6,2.5,3.5969110421364605,2.4909620334620333,2.4833333333333334,3.0
00-0031549,Nelson Agholor,WR,2024,8,7,11.1,3.61599060171538,2.5418532818532817,2.4857142857142858,2.5
00-0031549,Nelson Agholor,WR,2024,9,8,3.4,5.039561638327107,4.63172055984556,3.5625,11.1
00-0031549,Nelson Agholor,WR,2024,10,9,7.1,4.577580684347151,4.236694551694551,3.5444444444444443,3.4
00-0031549,Nelson Agholor,WR,2024,11,10,0.0,5.204520396901007,4.945289575289575,3.9,7.1
00-0031549,Nelson Agholor,WR,2024,13,11,0.0,4.181329340137378,3.8944612144612143,3.5454545454545454,0.0
00-0031549,Nelson Agholor,WR,2024,15,13,3.1,3.9408691241757716,3.0221138996138994,3.25,0.0
00-0031585,MyCole Pruitt,TE,2024,14,13,0.4,2.8376330572986035,1.6028857142857142,1.5,3.1
00-0031585,MyCole Pruitt,TE,2024,16,14,6.6,2.525480184360518,1.2577951344430218,1.28,0.4
00-0031588,Stefon Diggs,WR,2024,4,3,16.0,11.532808686554988,12.994261261261261,13.173333333333332,14.92
00-0031588,Stefon Diggs,WR,2024,5,4,11.2,11.960363550367777,13.979022857142855,13.879999999999999,16.0
00-0031588,Stefon Diggs,WR,2024,6,5,16.7,11.591859322581382,13.18796338028169,13.344,11.2
00-0031588,Stefon Diggs,WR,2024,7,6,4.8,12.379308116165342,14.09461068211068,13.903333333333332,16.7
00-0031588,Stefon Diggs,WR,2024,8,7,10.2,10.490886941556424,11.616247104247105,12.602857142857143,4.8
00-0031687,Raheem Mostert,RB,2024,8,7,15.5,6.090265867665972,5.526846846846847,5.566666666666666,3.0
00-0031687,Raheem Mostert,RB,2024,9,8,7.8,8.71808878966465,8.771871428571428,8.05,15.5
00-0031687,Raheem Mostert,RB,2024,10,9,4.4,8.135460470699897,8.464487836107555,8.0,7.8
00-0031687,Raheem Mostert,RB,2024,11,10,-0.2,7.684059134670507,7.401563706563707,7.4,4.4
00-0031687,Raheem Mostert,RB,2024,12,11,0.7,6.209910641628668,5.677104247104248,6.314285714285714,-0.2
00-0031687,Raheem Mostert,RB,2024,13,12,4.4,5.685445328666944,4.323100868725868,5.6125,0.7
00-0031687,Raheem Mostert,RB,2024,15,13,3.6,5.878039219903973,4.45052338052338,5.477777777777778,4.4
00-0031687,Raheem Mostert,RB,2024,16,15,5.6,6.076333320086618,3.9177934362934357,5.29,3.6
00-0031687,Raheem Mostert,RB,2024,17,16,2.9,6.449688009789939,4.243680238680239,5.318181818181818,5.6
00-0031690,Eric Tomlinson,TE,2024,9,8,0.7,1.8723574817720041,0.39297297297297296,0.39999999999999997,0.0
00-0031763,DeAndre Carter,WR,2024,10,8,1.0,3.6723374291017277,2.619935714285715,2.6750000000000003,1.2
00-0031800,Taylor Heinicke,QB,2024,17,15,0.8,4.458826158479148,0.7203963963963964,0.7733333333333333,0.16
00-0031941,Jamison Crowder,WR,2024,17,16,4.0,6.847080399943103,7.417522522522521,6.566666666666666,14.5
00-0032104,Ameer Abdullah,RB,2024,6,5,3.3,6.46287792478814,6.09454954954955,5.366666666666666,12.6
00-0032104,Ameer Abdullah,RB,2024,8,6,1.6,5.697663415366378,5.156242857142857,4.85,3.3
00-0032104,Ameer Abdullah,RB,2024,9,8,4.1,5.255399760806438,4.135915492957746,4.2,1.6
00-0032104,Ameer Abdullah,RB,2024,11,9,9.2,5.166076909565287,4.129803732303732,4.183333333333334,4.1
00-0032104,Ameer Abdullah,RB,2024,12,11,15.0,6.120821877356284,5.49069498069498,4.8999999999999995,9.2
00-0032104,Ameer Abdullah,RB,2024,13,12,6.3,7.6185758192418565,7.872975386100386,6.1625,15.0
00-0032104,Ameer Abdullah,RB,2024,14,13,0.3,7.220281522978249,7.251392106392106,6.177777777777777,6.3
00-0032104,Ameer Abdullah,RB,2024,15,14,16.1,6.217732793375559,5.7165772200772205,5.59,0.3
00-0032104,Ameer Abdullah,RB,2024,16,15,17.0,7.76668351776786,8.237376272376272,6.545454545454545,16.1
00-0032104,Ameer Abdullah,RB,2024,17,16,16.2,8.636114332203604,10.27204954954955,7.416666666666667,17.0
00-0032128,Chris Conley,WR,2024,8,7,0.0,1.9359978734427186,0.24729729729729727,0.3,0.0
00-0032128,Chris Conley,WR,2024,18,17,7.9,2.2440381365621715,0.5555501930501932,0.45,1.8
00-0032211,Tyler Lockett,WR,2024,4,3,8.6,6.71115587614901,6.582792792792793,6.766666666666667,7.1
00-0032211,Tyler Lockett,WR,2024,5,4,9.5,7.042466785647264,7.246264285714285,7.225,8.6
00-0032211,Tyler Lockett,WR,2024,6,5,14.5,7.649621812249609,7.8832560819462225,7.68,9.5
00-0032211,Tyler Lockett,WR,2024,7,6,6.5,8.860399632478526,9.56747425997426,8.816666666666666,14.5
00-0032211,Tyler Lockett,WR,2024,8,7,1.4,8.110638737767523,8.739710424710424,8.485714285714286,6.5
00-0032211,Tyler Lockett,WR,2024,9,8,13.8,7.016275275203544,7.176081081081081,7.6,1.4
00-0032211,Tyler Lockett,WR,2024,11,9,2.9,8.175238811781547,8.766400686400686,8.28888888888889,13.8
00-0032211,Tyler Lockett,WR,2024,12,11,3.0,7.039162951039507,7.382171814671816,7.75,2.9
00-0032211,Tyler Lockett,WR,2024,13,12,3.1,6.916846213632151,6.322425412425412,7.318181818181818,3.0
00-0032211,Tyler Lockett,WR,2024,14,13,0.0,6.484119082097758,5.361788931788931,6.966666666666667,3.1
00-0032211,Tyler Lockett,WR,2024,15,14,2.7,5.912060660151457,4.214668844668845,6.430769230769231,0.0
00-0032211,Tyler Lockett,WR,2024,16,15,2.9,5.957536426727897,4.114913127413127,6.164285714285715,2.7
00-0032211,Tyler Lockett,WR,2024,17,16,3.5,6.103387150094131,3.637144144144144,5.946666666666666,2.9
00-0032211,Tyler Lockett,WR,2024,18,17,3.8,6.185193697376942,3.7845306467181468,5.79375,3.5
00-0032385,Sterling Shepard,WR,2024,7,6,4.0,6.911518082781239,6.817567567567568,6.8,6.9
00-0032385,Sterling Shepard,WR,2024,8,7,3.3,6.188642691166176,5.900542857142858,6.1,4.0
00-0032385,Sterling Shepard,WR,2024,9,8,8.9,5.706803120919492,5.173353393085788,5.54,3.3
00-0032385,Sterling Shepard,WR,2024,10,9,1.5,6.4689674908992645,6.14507722007722,6.1,8.9
00-0032385,Sterling Shepard,WR,2024,12,10,4.1,5.515778800308153,4.976872586872587,5.442857142857143,1.5
00-0032385,Sterling Shepard,WR,2024,13,12,6.2,5.671591233115717,4.717890926640926,5.275,4.1
00-0032385,Sterling Shepard,WR,2024,14,13,8.3,5.8001882349905385,5.018824538824539,5.377777777777778,6.2
00-0032385,Sterling Shepard,WR,2024,15,14,2.1,6.329115132538476,5.836990347490348,5.67,8.3
00-0032385,Sterling Shepard,WR,2024,16,15,3.9,5.6941401064893284,5.059306774306775,5.345454545454546,2.1
00-0032385,Sterling Shepard,WR,2024,18,16,1.6,5.751884607534235,4.677881274131274,5.225,3.9
00-0032392,Austin Hooper,TE,2024,4,3,8.3,3.4491155113261143,2.408648648648649,2.5,2.4
00-0032392,Austin Hooper,TE,2024,5,4,1.4,4.751015236237199,4.3283000000000005,3.95,8.3
00-0032392,Austin Hooper,TE,2024,6,5,-1.0,4.054509009112748,3.4824955185659414,3.44,1.4
00-0032392,Austin Hooper,TE,2024,7,6,5.2,3.3811864849297755,2.3328571428571427,2.7,-1.0
00-0032392,Austin Hooper,TE,2024,8,7,3.0,3.9056685726982203,2.994594594594595,3.0571428571428574,5.2
00-0032392,Austin Hooper,TE,2024,9,8,1.3,3.838952446501971,3.0688127413127417,3.05,3.0
00-0032392,Austin Hooper,TE,2024,10,9,7.9,3.7334773809468347,2.6729772629772626,2.8555555555555556,1.3
00-0032392,Austin Hooper,TE,2024,11,10,5.5,4.577971781015152,3.7008262548262554,3.36,7.9
00-0032392,Austin Hooper,TE,2024,12,11,13.9,4.621412825289405,4.175712530712531,3.5545454545454547,5.5
00-0032392,Austin Hooper,TE,2024,13,12,12.2,5.999020954576806,6.527532175032175,4.416666666666667,13.9
00-0032392,Austin Hooper,TE,2024,15,13,5.3,6.333144958436894,7.720442530442531,5.015384615384615,12.2
00-0032392,Austin Hooper,TE,2024,16,15,7.5,5.954846416303989,7.17846525096525,5.035714285714286,5.3
00-0032392,Austin Hooper,TE,2024,17,16,3.4,6.071987233120535,7.318861003861004,5.2,7.5
00-0032392,Austin Hooper,TE,2024,18,17,4.7,5.472116770700593,6.298945463320464,5.0875,3.4
00-0032394,Nick Vannett,TE,2024,8,7,0.0,5.115632773867859,4.9539639639639645,4.833333333333334,4.5
00-0032394,Nick Vannett,TE,2024,9,8,10.3,4.053266480968323,3.3379785714285717,3.625,0.0
00-0032394,Nick Vannett,TE,2024,11,9,1.1,5.556611963404787,5.321486555697824,4.96,10.3
00-0032394,Nick Vannett,TE,2024,12,11,0.0,4.492321740241555,4.223323680823681,4.316666666666666,1.1
00-0032394,Nick Vannett,TE,2024,13,12,1.1,4.09882449602585,3.2554826254826255,3.7,0.0
00-0032394,Nick Vannett,TE,2024,14,13,0.9,3.7332525150043727,2.591114864864865,3.375,1.1
00-0032394,Nick Vannett,TE,2024,15,14,1.2,3.5975791311132417,2.161988416988417,3.1,0.9
00-0032394,Nick Vannett,TE,2024,17,15,7.3,3.581168996715894,2.06346138996139,2.91,1.2
00-0032394,Nick Vannett,TE,2024,18,17,3.6,4.5172848380148265,3.0226026676026674,3.309090909090909,7.3
00-0032464,Kalif Raymond,WR,2024,6,4,9.3,3.3250460454423703,2.261981981981982,2.2666666666666666,1.4
00-0032464,Kalif Raymond,WR,2024,7,6,11.4,5.0533540492960345,4.551035714285714,4.025,9.3
00-0032464,Kalif Raymond,WR,2024,8,7,14.4,6.2552299953017,6.4661779769526255,5.5,11.4
00-0032464,Kalif Raymond,WR,2024,9,8,0.5,7.728937926075437,8.450884813384814,6.983333333333333,14.4
00-0032464,Kalif Raymond,WR,2024,11,9,4.0,5.9994681559919565,6.681660231660231,6.057142857142857,0.5
00-0032464,Kalif Raymond,WR,2024,12,11,0.0,5.881804685418613,6.094208494208495,5.8,4.0
00-0032764,Derrick Henry,RB,2024,4,3,34.4,16.74457859475324,20.07765765765766,18.866666666666667,29.9
00-0032764,Derrick Henry,RB,2024,5,4,16.1,20.043138778944215,24.686442857142854,22.75,34.4
00-0032764,Derrick Henry,RB,2024,6,5,25.2,18.169276475660666,22.169355953905246,21.42,16.1
00-0032764,Derrick Henry,RB,2024,7,6,24.7,19.062241070056185,22.909198841698842,22.05,25.2
00-0032764,Derrick Henry,RB,2024,8,7,14.2,19.002646226737266,23.753610038610038,22.428571428571427,24.7
00-0032764,Derrick Henry,RB,2024,9,8,25.8,17.698641148580293,21.658359073359073,21.4,14.2
00-0032764,Derrick Henry,RB,2024,10,9,13.6,18.85061314680099,22.335628485628487,21.88888888888889,25.8
00-0032764,Derrick Henry,RB,2024,11,10,10.5,17.373365557064208,19.85507335907336,21.06,13.6
00-0032764,Derrick Henry,RB,2024,12,11,14.0,16.514094220332698,17.90727799227799,20.1,10.5
00-0032764,Derrick Henry,RB,2024,13,12,12.6,16.137023829831698,16.892237773487775,19.591666666666665,14.0
00-0032764,Derrick Henry,RB,2024,15,13,6.7,15.82647486995345,15.816992871992873,19.053846153846152,12.6
00-0032764,Derrick Henry,RB,2024,16,15,19.9,14.809761538533873,14.045984555984557,18.17142857142857,6.7
00-0032764,Derrick Henry,RB,2024,17,16,23.5,16.07460983611252,15.190989703989702,18.286666666666665,19.9
00-0032764,Derrick Henry,RB,2024,18,17,29.1,16.689083179016347,17.274432915057915,18.6125,23.5
00-0032775,Demarcus Robinson,WR,2024,4,3,4.7,5.605068690783873,5.140135135135135,5.3,3.7
00-0032775,Demarcus Robinson,WR,2024,5,4,10.3,5.5706015222522955,5.003471428571429,5.15,4.7
00-0032775,Demarcus Robinson,WR,2024,7,5,1.4,6.625919604082024,6.509261203585148,6.180000000000001,10.3
00-0032775,Demarcus Robinson,WR,2024,8,7,16.5,5.506273396479058,5.185363577863578,5.383333333333334,1.4
00-0032775,Demarcus Robinson,WR,2024,9,8,24.4,7.690972357313391,7.959536679536679,6.9714285714285715,16.5
00-0032775,Demarcus Robinson,WR,2024,10,9,2.8,9.700087978163335,11.954527027027027,9.15,24.4
00-0032775,Demarcus Robinson,WR,2024,11,10,2.9,7.972117537321776,9.942910767910767,8.444444444444445,2.8
00-0032775,Demarcus Robinson,WR,2024,12,11,8.5,7.261383421096703,8.409936293436292,7.89,2.9
00-0032775,Demarcus Robinson,WR,2024,13,12,11.9,7.148539135841479,8.335156195156197,7.945454545454545,8.5
00-0032775,Demarcus Robinson,WR,2024,14,13,0.0,7.930264779735773,9.365111003861003,8.275,11.9
00-0032775,Demarcus Robinson,WR,2024,15,14,0.0,6.771428281687876,6.94458122958123,7.638461538461539,0.0
00-0032775,Demarcus Robinson,WR,2024,16,15,0.0,6.548091640843628,4.827364864864865,7.0928571428571425,0.0
00-0032775,Demarcus Robinson,WR,2024,17,16,0.0,5.88680785408148,3.9771351351351347,6.62,0.0
00-0032775,Demarcus Robinson,WR,2024,18,17,8.7,5.683104118904282,3.315256998069498,6.20625,0.0
00-0033009,Tyler Boyd,WR,2024,4,3,4.1,4.72612602485249,3.994864864864865,3.9,4.8
00-0033009,Tyler Boyd,WR,2024,6,4,3.4,4.773477955805162,4.025214285714286,3.9499999999999997,4.1
00-0033009,Tyler Boyd,WR,2024,7,6,6.8,4.691499063853885,3.844877080665813,3.84,3.4
00-0033009,Tyler Boyd,WR,2024,8,7,2.9,5.253525699324708,4.601203346203346,4.333333333333333,6.8
00-0033009,Tyler Boyd,WR,2024,9,8,0.3,4.862422334207365,4.21557915057915,4.128571428571428,2.9
00-0033009,Tyler Boyd,WR,2024,11,9,4.4,4.314695876524602,3.2880791505791502,3.65,0.3
00-0033009,Tyler Boyd,WR,2024,12,11,8.5,4.582050264350743,3.515527670527671,3.7333333333333334,4.4
00-0033009,Tyler Boyd,WR,2024,13,12,5.2,5.275337560357758,4.666202702702702,4.21,8.5
00-0033009,Tyler Boyd,WR,2024,14,13,1.2,5.304661967569075,4.807857142857143,4.3,5.2
00-0033009,Tyler Boyd,WR,2024,15,14,4.9,4.84122877536554,3.8896991634491638,4.041666666666667,1.2
00-0033009,Tyler Boyd,WR,2024,16,15,3.0,5.020639972664992,4.160645975645975,4.107692307692307,4.9
00-0033009,Tyler Boyd,WR,2024,17,16,2.4,4.829638571375435,4.034710424710425,4.0285714285714285,3.0
00-0033040,Tyreek Hill,WR,2024,4,3,6.2,9.302710801419087,10.04018018018018,11.033333333333333,5.5
00-0033040,Tyreek Hill,WR,2024,5,4,9.9,8.141170772858432,8.831521428571428,9.825,6.2
00-0033040,Tyreek Hill,WR,2024,7,5,1.8,8.633916951298696,9.178398207426376,9.84,9.9
00-0033040,Tyreek Hill,WR,2024,8,7,10.2,7.223701851102764,7.321235521235521,8.5,1.8
00-0033040,Tyreek Hill,WR,2024,9,8,10.0,8.369212808613575,7.544420849420849,8.742857142857142,10.2
00-0033040,Tyreek Hill,WR,2024,10,9,10.2,8.42284281864984,8.275714285714285,8.9,10.0
00-0033040,Tyreek Hill,WR,2024,11,10,15.6,8.816683641794711,8.858953238953239,9.044444444444444,10.2
00-0033040,Tyreek Hill,WR,2024,12,11,7.3,9.657863988026294,10.5307722007722,9.7,15.6
00-0033040,Tyreek Hill,WR,2024,13,12,17.3,8.92816186744719,9.765238680238681,9.481818181818182,7.3
00-0033040,Tyreek Hill,WR,2024,14,13,23.1,10.221279156964943,11.738211068211069,10.133333333333333,17.3
00-0033040,Tyreek Hill,WR,2024,15,14,4.6,11.263556728485288,14.247043362043364,11.13076923076923,23.1
00-0033040,Tyreek Hill,WR,2024,16,15,10.4,9.721999560084669,12.053465250965253,10.664285714285715,4.6
00-0033040,Tyreek Hill,WR,2024,17,16,15.0,9.926515465585371,11.66409395109395,10.646666666666667,10.4
00-0033040,Tyreek Hill,WR,2024,18,17,3.0,10.123740042064325,12.191272924710423,10.91875,15.0
00-0033045,Ezekiel Elliott,RB,2024,4,3,2.9,6.258127033919097,5.321396396396397,5.933333333333334,1.7
00-0033045,Ezekiel Elliott,RB,2024,5,4,1.7,5.629722855472485,4.558707142857143,5.175,2.9
00-0033045,Ezekiel Elliott,RB,2024,6,5,1.7,5.100414695574181,3.7770845070422534,4.48,1.7
00-0033045,Ezekiel Elliott,RB,2024,8,6,10.3,4.87664706453663,3.2791344916344918,4.016666666666667,1.7
00-0033045,Ezekiel Elliott,RB,2024,10,8,0.2,6.284389823723492,4.742432432432433,4.914285714285715,10.3
00-0033045,Ezekiel Elliott,RB,2024,11,10,3.9,5.241184442671741,3.6723407335907337,4.325,0.2
00-0033045,Ezekiel Elliott,RB,2024,12,11,0.6,5.567711328839871,3.8273187473187473,4.277777777777778,3.9
00-0033045,Ezekiel Elliott,RB,2024,13,12,0.4,4.821129141110298,3.132650579150579,3.91,0.6
00-0033045,Ezekiel Elliott,RB,2024,14,13,1.1,4.66974292990891,2.599192699192699,3.590909090909091,0.4
00-0033045,Ezekiel Elliott,RB,2024,15,14,4.6,4.5284395221566065,2.348587516087516,3.3833333333333333,1.1
00-0033045,Ezekiel Elliott,RB,2024,16,15,6.1,5.1035963588809885,2.637193347193347,3.476923076923077,4.6
00-0033045,Ezekiel Elliott,RB,2024,17,16,0.2,5.467613825301142,3.5465347490347483,3.664285714285714,6.1
00-0033077,Dak Prescott,QB,2024,4,3,16.74,17.848139927336014,19.256675675675677,18.08,29.86
00-0033077,Dak Prescott,QB,2024,5,4,16.38,17.079679972297566,18.390561428571427,17.745,16.74
00-0033077,Dak Prescott,QB,2024,6,5,3.22,17.126328486090372,17.79257900128041,17.472,16.38
00-0033077,Dak Prescott,QB,2024,8,6,13.62,13.918252016947804,14.046331402831402,15.096666666666666,3.22
00-0033077,Dak Prescott,QB,2024,9,8,12.32,14.42362544465694,14.07111969111969,14.885714285714286,13.62
00-0033090,Hunter Henry,TE,2024,4,3,2.2,5.899538710948785,6.404504504504505,6.533333333333333,1.9
00-0033090,Hunter Henry,TE,2024,5,4,4.2,5.352086841137931,5.042357142857143,5.45,2.2
00-0033090,Hunter Henry,TE,2024,6,5,11.6,5.0230291052280105,4.822151088348272,5.2,4.2
00-0033090,Hunter Henry,TE,2024,7,6,13.2,6.471437942606824,6.575572715572716,6.266666666666667,11.6
00-0033090,Hunter Henry,TE,2024,8,7,7.0,7.505905576516187,8.337586872586872,7.257142857142857,13.2
00-0033090,Hunter Henry,TE,2024,9,8,9.1,7.298688651092006,7.736491312741312,7.225,7.0
00-0033090,Hunter Henry,TE,2024,10,9,1.9,7.5157336386190785,8.239543114543114,7.433333333333334,9.1
00-0033090,Hunter Henry,TE,2024,11,10,9.3,6.37386112789345,6.934602316602316,6.88,1.9
00-0033090,Hunter Henry,TE,2024,12,11,6.9,7.117048193322809,7.570637065637065,7.1,9.3
00-0033090,Hunter Henry,TE,2024,13,12,11.0,6.93114359340891,7.249282496782497,7.083333333333333,6.9
00-0033090,Hunter Henry,TE,2024,15,13,4.5,7.757345835043794,7.872298782298783,7.384615384615385,11.0
00-0033090,Hunter Henry,TE,2024,16,15,11.9,7.074703867297216,7.121554054054053,7.178571428571429,4.5
00-0033090,Hunter Henry,TE,2024,17,16,0.0,7.8991610873465525,8.11172072072072,7.493333333333333,11.9
00-0033106,Jared Goff,QB,2024,4,3,26.68,12.7623979797504,11.793396396396396,11.573333333333334,14.56
00-0033106,Jared Goff,QB,2024,6,4,25.1,16.007311172816593,16.62582,15.35,26.68
00-0033106,Jared Goff,QB,2024,7,6,18.8,17.594365968410173,18.967462227912932,17.3,25.1
00-0033106,Jared Goff,QB,2024,8,7,15.5,17.557011671183783,18.844364864864865,17.55,18.8
00-0033106,Jared Goff,QB,2024,9,8,9.6,16.841973407939623,18.230104247104247,17.257142857142856,15.5
00-0033106,Jared Goff,QB,2024,10,9,7.8,15.42849350557079,16.43642857142857,16.3,9.6
00-0033106,Jared Goff,QB,2024,11,10,34.58,14.398588147878618,14.452676104676105,15.355555555555556,7.8
00-0033106,Jared Goff,QB,2024,12,11,10.76,17.767709445356093,18.753172586872587,17.278,34.58
00-0033106,Jared Goff,QB,2024,13,12,16.94,15.980133907169385,16.613283608283606,16.685454545454544,10.76
00-0033106,Jared Goff,QB,2024,14,13,22.02,16.787768488331412,16.6146731016731,16.706666666666667,16.94
00-0033106,Jared Goff,QB,2024,15,14,41.06,16.86795560359308,17.873535194535197,17.115384615384617,22.02
00-0033106,Jared Goff,QB,2024,16,15,25.34,19.825987267614288,23.280482625482627,18.825714285714287,41.06
00-0033106,Jared Goff,QB,2024,17,16,25.82,19.421123033568346,23.994478764478764,19.26,25.34
00-0033106,Jared Goff,QB,2024,18,17,9.24,19.973236865388053,23.712152509652512,19.67,25.82
00-0033119,Jacoby Brissett,QB,2024,4,3,7.02,9.23556834553546,7.2265225225225205,7.506666666666667,3.92
00-0033119,Jacoby Brissett,QB,2024,5,4,7.4,9.391634717814277,7.170704285714286,7.385,7.02
00-0033217,Mo Alie-Cox,TE,2024,5,3,10.7,2.1724038494011206,0.8841891891891893,0.9,0.0
00-0033217,Mo Alie-Cox,TE,2024,6,5,6.1,4.495487565695834,4.077071428571429,3.3499999999999996,10.7
00-0033217,Mo Alie-Cox,TE,2024,7,6,0.0,4.671449759484853,4.617163892445582,3.9,6.1
00-0033217,Mo Alie-Cox,TE,2024,8,7,0.0,3.952866547054942,3.4005888030888034,3.25,0.0
00-0033217,Mo Alie-Cox,TE,2024,13,11,2.5,3.4361694071928044,2.6829874517374517,2.775,2.7
00-0033217,Mo Alie-Cox,TE,2024,17,16,0.0,3.700164374126293,2.2869131274131274,2.67,2.0
00-0033217,Mo Alie-Cox,TE,2024,18,17,0.0,3.439773782294641,1.649236574236574,2.4272727272727272,0.0
00-0033246,Johnny Mundt,TE,2024,4,3,2.5,4.563850795456546,4.072297297297298,3.8000000000000003,6.7
00-0033246,Johnny Mundt,TE,2024,5,4,4.1,4.1430184631882865,3.5499357142857146,3.475,2.5
00-0033246,Johnny Mundt,TE,2024,7,5,2.8,4.435650561466235,3.7022855313700385,3.6,4.1
00-0033246,Johnny Mundt,TE,2024,8,7,1.5,4.174180591976729,3.466364221364221,3.466666666666667,2.8
00-0033246,Johnny Mundt,TE,2024,9,8,0.0,3.920521506343458,3.013339768339768,3.1857142857142855,1.5
00-0033246,Johnny Mundt,TE,2024,11,9,1.8,3.466610343720091,2.3219763513513514,2.7875,0.0
00-0033246,Johnny Mundt,TE,2024,12,11,1.2,3.5884417137328084,2.0670870870870868,2.6777777777777776,1.8
00-0033246,Johnny Mundt,TE,2024,13,12,9.2,3.4824569109431858,1.8821602316602317,2.53,1.2
00-0033246,Johnny Mundt,TE,2024,15,13,0.0,4.5588446547023835,3.5196577746577744,3.1363636363636362,9.2
00-0033246,Johnny Mundt,TE,2024,17,15,1.2,3.7676865176771317,2.7241843629343627,2.875,0.0
00-0033280,Christian McCaffrey,RB,2024,13,12,7.7,10.039032685428294,10.396441441441441,10.866666666666667,6.3
00-0033282,Curtis Samuel,WR,2024,4,3,2.5,3.53459455639989,2.420585585585586,2.3333333333333335,3.7
00-0033282,Curtis Samuel,WR,2024,5,4,0.4,3.5184779385044016,2.4428785714285715,2.375,2.5
00-0033282,Curtis Samuel,WR,2024,6,5,5.9,3.163165226424382,1.8615851472471192,1.98,0.4
00-0033282,Curtis Samuel,WR,2024,7,6,0.0,3.963660813349659,2.9011840411840413,2.6333333333333333,5.9
00-0033282,Curtis Samuel,WR,2024,9,7,0.0,3.28804935507588,2.186679536679537,2.257142857142857,0.0
00-0033282,Curtis Samuel,WR,2024,10,9,5.5,3.1492644492878843,1.7106129343629344,1.975,0.0
00-0033282,Curtis Samuel,WR,2024,11,10,14.3,3.719093811343868,2.54993564993565,2.3666666666666667,5.5
00-0033282,Curtis Samuel,WR,2024,13,11,0.7,5.278476558709227,5.276115830115831,3.56,14.3
00-0033282,Curtis Samuel,WR,2024,14,13,2.6,4.301422559002612,4.301891891891892,3.3000000000000003,0.7
00-0033282,Curtis Samuel,WR,2024,15,14,0.6,4.362167719916658,3.8011470398970397,3.2416666666666667,2.6
00-0033288,George Kittle,TE,2024,5,4,16.4,10.36358495222022,12.22036036036036,11.866666666666667,12.5
00-0033288,George Kittle,TE,2024,6,5,20.3,11.692283720052055,13.565314285714283,13.0,16.4
00-0033288,George Kittle,TE,2024,7,6,12.2,12.892109349302872,15.446352112676056,14.46,20.3
00-0033288,George Kittle,TE,2024,8,7,21.8,12.195123350219811,14.567776705276707,14.083333333333334,12.2
00-0033288,George Kittle,TE,2024,10,8,13.2,13.711721737473026,16.642355212355213,15.185714285714285,21.8
00-0033288,George Kittle,TE,2024,12,10,17.2,12.785515958648894,15.731426158301158,14.9375,13.2
00-0033288,George Kittle,TE,2024,13,12,1.2,13.429223600469184,16.15394894894895,15.188888888888888,17.2
00-0033288,George Kittle,TE,2024,14,13,18.1,10.750662011645224,12.615090733590733,13.79,1.2
00-0033288,George Kittle,TE,2024,15,14,8.1,12.322242836250135,13.66892593892594,14.181818181818182,18.1
00-0033288,George Kittle,TE,2024,16,15,14.6,11.068695256009224,12.487215250965251,13.675,8.1
00-0033288,George Kittle,TE,2024,17,16,15.2,12.131212535247794,12.70605732105732,13.746153846153845,14.6
00-0033288,George Kittle,TE,2024,18,17,3.7,12.11197226303598,13.309044401544401,13.85,15.2
00-0033293,Aaron Jones,RB,2024,4,3,15.9,14.584155003675479,16.576576576576578,16.166666666666668,23.3
00-0033293,Aaron Jones,RB,2024,5,4,5.8,14.062594460373797,16.33994285714286,16.1,15.9
00-0033293,Aaron Jones,RB,2024,7,5,19.1,12.163029296107112,13.345773367477593,14.04,5.8
00-0033293,Aaron Jones,RB,2024,8,7,10.5,13.419356122348141,14.852351994851993,14.883333333333333,19.1
00-0033293,Aaron Jones,RB,2024,9,8,10.2,12.339524991494683,13.668281853281854,14.257142857142858,10.5
00-0033293,Aaron Jones,RB,2024,10,9,11.1,12.246586645685476,13.080743243243242,13.75,10.2
00-0033293,Aaron Jones,RB,2024,11,10,4.8,12.025409809020958,12.285139425139425,13.455555555555556,11.1
00-0033293,Aaron Jones,RB,2024,12,11,18.4,10.964713011032925,10.47773552123552,12.59,4.8
00-0033293,Aaron Jones,RB,2024,13,12,8.3,12.391956957732981,12.578101088101088,13.118181818181817,18.4
00-0033293,Aaron Jones,RB,2024,14,13,15.4,11.508209124131477,11.409655727155727,12.716666666666667,8.3
00-0033293,Aaron Jones,RB,2024,15,14,17.6,12.44498164977181,12.417092367092367,12.923076923076923,15.4
00-0033293,Aaron Jones,RB,2024,16,15,10.8,12.68638266714681,13.680868725868727,13.257142857142858,17.6
00-0033293,Aaron Jones,RB,2024,17,16,9.7,12.273375167924643,13.10776319176319,13.093333333333334,10.8
00-0033293,Aaron Jones,RB,2024,18,17,10.0,11.986244800664087,12.650908542471042,12.88125,9.7
00-0033307,Kendrick Bourne,WR,2024,8,7,0.0,2.9826114377197848,1.6801801801801801,1.6333333333333333,1.9
00-0033307,Kendrick Bourne,WR,2024,9,8,6.1,2.5902160553874274,1.1318642857142858,1.225,0.0
00-0033307,Kendrick Bourne,WR,2024,11,9,15.5,3.6442134192710705,2.5423111395646605,2.1999999999999997,6.1
00-0033307,Kendrick Bourne,WR,2024,12,11,4.5,5.810753871322042,5.843227155727156,4.416666666666667,15.5
00-0033307,Kendrick Bourne,WR,2024,13,12,6.0,5.281158173243969,5.623918918918919,4.428571428571429,4.5
00-0033307,Kendrick Bourne,WR,2024,15,13,5.9,5.541142548118889,5.793441119691121,4.625,6.0
00-0033307,Kendrick Bourne,WR,2024,16,15,2.8,5.322803412309311,5.898835263835264,4.766666666666667,5.9
00-0033307,Kendrick Bourne,WR,2024,17,16,3.2,5.029614306839961,5.3258899613899615,4.57,2.8
00-0033307,Kendrick Bourne,WR,2024,18,17,2.2,4.935577111978713,4.768669708669709,4.445454545454545,3.2
00-0033319,Nick Mullens,QB,2024,14,12,-0.2,4.299094201501623,0.5371171171171172,0.5066666666666667,0.56
00-0033357,Taysom Hill,TE,2024,9,8,14.0,6.294120325503038,6.825768571428572,6.53,5.22
00-0033357,Taysom Hill,TE,2024,10,9,6.0,8.148929754050112,8.843279641485275,8.024,14.0
00-0033357,Taysom Hill,TE,2024,11,10,37.52,7.185705478561354,8.07593564993565,7.6866666666666665,6.0
00-0033357,Taysom Hill,TE,2024,13,11,7.2,12.339895313928682,15.494030888030888,11.948571428571428,37.52
00-0033375,Tim Patrick,WR,2024,6,4,8.3,4.253922186421991,3.496261261261261,3.2333333333333334,6.2
00-0033375,Tim Patrick,WR,2024,7,6,3.5,5.317019896069916,5.0478571428571435,4.5,8.3
00-0033375,Tim Patrick,WR,2024,8,7,0.0,5.017444357673437,4.5852176696542895,4.3,3.5
00-0033375,Tim Patrick,WR,2024,9,8,2.2,4.186201725547701,3.3976029601029607,3.5833333333333335,0.0
00-0033375,Tim Patrick,WR,2024,11,9,4.1,4.038496290979154,3.15007722007722,3.385714285714286,2.2
00-0033375,Tim Patrick,WR,2024,12,11,7.5,4.269614918281744,3.4548214285714285,3.475,4.1
00-0033375,Tim Patrick,WR,2024,13,12,5.8,5.0203325370043395,4.316194766194766,3.9222222222222225,7.5
00-0033375,Tim Patrick,WR,2024,14,13,19.3,5.203594882743009,4.500604247104247,4.11,5.8
00-0033375,Tim Patrick,WR,2024,15,14,11.0,7.112671014371144,7.9105440505440505,5.490909090909091,19.3
00-0033375,Tim Patrick,WR,2024,16,15,0.0,6.9693864938099175,8.748561776061777,5.95,11.0
00-0033375,Tim Patrick,WR,2024,17,16,2.0,5.851030473823645,6.84445054945055,5.492307692307692,0.0
00-0033375,Tim Patrick,WR,2024,18,17,2.5,5.299550545154917,5.777722007722008,5.242857142857143,2.0
00-0033439,Pharaoh Brown,TE,2024,13,12,0.0,2.895834362698769,1.7019357142857143,1.575,2.9
00-0033439,Pharaoh Brown,TE,2024,14,13,1.1,2.5178217357710153,1.214508322663252,1.26,0.0
00-0033439,Pharaoh Brown,TE,2024,16,14,2.2,2.6112884140213106,1.1873809523809524,1.2333333333333334,1.1
00-0033439,Pharaoh Brown,TE,2024,17,16,-1.1,2.7602522257313455,1.4324324324324325,1.3714285714285714,2.2
00-0033526,Samaje Perine,RB,2024,4,3,7.4,4.2974578963829595,2.8617567567567566,2.6,5.5
00-0033526,Samaje Perine,RB,2024,5,4,2.9,5.306283867047251,4.327057142857143,3.8000000000000003,7.4
00-0033526,Samaje Perine,RB,2024,7,5,3.3,5.033774932965405,3.8995416133162615,3.62,2.9
00-0033526,Samaje Perine,RB,2024,8,7,4.0,5.005053137820765,3.732599742599743,3.566666666666667,3.3
00-0033526,Samaje Perine,RB,2024,9,8,11.5,5.004349745932809,3.8711583011583013,3.6285714285714286,4.0
00-0033526,Samaje Perine,RB,2024,10,9,4.7,6.30265623394694,5.810456081081081,4.6125,11.5
00-0033526,Samaje Perine,RB,2024,11,10,1.8,5.942913050030473,5.500441870441871,4.622222222222223,4.7
00-0033526,Samaje Perine,RB,2024,12,11,3.4,5.574334283903813,4.526471042471043,4.34,1.8
00-0033526,Samaje Perine,RB,2024,13,12,2.0,5.386920786857016,4.31478588978589,4.254545454545455,3.4
00-0033526,Samaje Perine,RB,2024,14,13,2.4,5.13002199648561,3.8218661518661516,4.066666666666666,2.0
00-0033526,Samaje Perine,RB,2024,15,14,3.9,5.144334259620744,3.511067716067716,3.9384615384615387,2.4
00-0033526,Samaje Perine,RB,2024,16,15,6.5,5.458490942544519,3.3433108108108107,3.935714285714286,3.9
00-0033526,Samaje Perine,RB,2024,17,16,3.9,5.8546675022107255,4.031271557271557,4.1066666666666665,6.5
00-0033526,Samaje Perine,RB,2024,18,17,1.9,5.756582923170051,4.085901303088803,4.09375,3.9
00-0033536,Mike Williams,WR,2024,5,4,3.5,5.835999514876086,5.724504504504504,5.333333333333333,8.7
00-0033536,Mike Williams,WR,2024,6,5,0.0,5.3162721159629,4.985221428571428,4.875,3.5
00-0033536,Mike Williams,WR,2024,7,6,2.0,4.363715227157119,3.569174135723432,3.9,0.0
00-0033536,Mike Williams,WR,2024,9,7,1.1,4.122995216049184,3.1833558558558552,3.583333333333333,2.0
00-0033536,Mike Williams,WR,2024,10,9,9.7,3.799679397851167,2.7099034749034745,3.2285714285714286,1.1
00-0033536,Mike Williams,WR,2024,15,14,2.0,5.061176397783301,4.354077649077649,4.155555555555555,5.1
00-0033536,Mike Williams,WR,2024,16,15,3.9,4.806435803345125,3.825949806949807,3.94,2.0
00-0033536,Mike Williams,WR,2024,17,16,0.0,4.767618367132676,3.983904878904879,3.936363636363636,3.9
00-0033536,Mike Williams,WR,2024,18,17,3.0,4.174792486591612,3.147183075933076,3.6083333333333334,0.0
00-0033537,Deshaun Watson,QB,2024,4,3,12.24,14.670901721679313,14.524324324324324,14.18,16.44
00-0033537,Deshaun Watson,QB,2024,5,4,8.4,14.219712633172392,13.767484285714286,13.695,12.24
00-0033537,Deshaun Watson,QB,2024,6,5,8.42,13.110826604572502,12.24492138284251,12.636000000000001,8.4
00-0033537,Deshaun Watson,QB,2024,7,6,5.12,12.455317271968681,11.284492921492923,11.933333333333334,8.42
00-0033553,James Conner,RB,2024,4,3,17.8,11.225308189661778,12.273558558558559,13.233333333333333,3.0
00-0033553,James Conner,RB,2024,5,4,13.0,12.932902679176632,14.109707142857143,14.375,17.8
00-0033553,James Conner,RB,2024,6,5,4.6,12.30371407557744,13.807458386683738,14.1,13.0
00-0033553,James Conner,RB,2024,7,6,16.2,10.916146456235586,11.464269626769626,12.516666666666666,4.6
00-0033553,James Conner,RB,2024,8,7,13.9,11.974351881697178,12.453783783783784,13.042857142857143,16.2
00-0033553,James Conner,RB,2024,9,8,13.4,11.978939585228275,12.60192084942085,13.15,13.9
00-0033553,James Conner,RB,2024,10,9,19.8,12.36023850906619,13.155195195195196,13.177777777777777,13.4
00-0033553,James Conner,RB,2024,12,10,7.4,13.264771119070254,14.539096525096525,13.84,19.8
00-0033553,James Conner,RB,2024,13,12,9.6,11.910325078963666,12.915886275886276,13.254545454545454,7.4
00-0033553,James Conner,RB,2024,14,13,20.2,11.858999750094895,12.476013513513514,12.95,9.6
00-0033553,James Conner,RB,2024,15,14,28.3,12.83277584671685,14.108561033561035,13.507692307692308,20.2
00-0033553,James Conner,RB,2024,16,15,24.6,14.474280324311852,17.23854247104247,14.564285714285715,28.3
00-0033553,James Conner,RB,2024,17,16,1.8,15.078876866943565,18.829002574002573,15.233333333333334,24.6
00-0033555,Mack Hollins,WR,2024,4,3,1.0,4.336550599626289,3.445630630630631,3.8666666666666667,2.1
00-0033555,Mack Hollins,WR,2024,5,4,3.7,3.594093334667123,2.6673285714285715,3.15,1.0
00-0033555,Mack Hollins,WR,2024,6,5,7.3,4.018490123539557,2.981224071702945,3.2600000000000002,3.7
00-0033555,Mack Hollins,WR,2024,7,6,0.0,4.838729262530155,4.100315315315315,3.9333333333333336,7.3
00-0033555,Mack Hollins,WR,2024,9,7,11.5,4.10870110721355,2.8884942084942082,3.3714285714285714,0.0
00-0033555,Mack Hollins,WR,2024,10,9,10.6,5.621235124798995,5.0903547297297305,4.3875,11.5
00-0033555,Mack Hollins,WR,2024,11,10,3.7,6.025506794759796,6.4648283998283995,5.0777777777777775,10.6
00-0033555,Mack Hollins,WR,2024,13,11,7.2,5.687496238159507,5.940949806949806,4.94,3.7
00-0033555,Mack Hollins,WR,2024,14,13,13.7,5.925841521103956,6.253013338013338,5.1454545454545455,7.2
00-0033555,Mack Hollins,WR,2024,15,14,1.2,6.8115418645050365,7.8409185971685975,5.858333333333333,13.7
00-0033555,Mack Hollins,WR,2024,16,15,3.5,5.7773485473595105,6.5050965250965245,5.5,1.2
00-0033555,Mack Hollins,WR,2024,17,16,4.3,5.816557070095083,5.597355212355212,5.357142857142857,3.5
00-0033555,Mack Hollins,WR,2024,18,17,4.0,5.576925477973237,5.119194337194337,5.286666666666666,4.3
00-0033576,Eric Saubert,TE,2024,12,11,0.0,3.409507488317438,2.542135714285714,2.475,1.2
00-0033576,Eric Saubert,TE,2024,14,12,0.9,2.9549721757988445,1.8195556978233034,1.98,0.0
00-0033576,Eric Saubert,TE,2024,16,14,6.7,2.804589489875622,1.5918532818532818,1.8,0.9
00-0033576,Eric Saubert,TE,2024,18,16,3.7,3.7594850551862504,2.920868725868726,2.5,6.7
00-0033589,David Moore,WR,2024,6,5,2.7,2.8097175415530473,1.4368918918918918,1.4,2.3
00-0033589,David Moore,WR,2024,8,6,5.9,3.0775844098216862,1.8461785714285714,1.725,2.7
00-0033589,David Moore,WR,2024,9,8,3.0,3.9479503957829714,2.988234314980794,2.56,5.9
00-0033589,David Moore,WR,2024,10,9,2.8,3.863638492322143,2.970643500643501,2.6333333333333333,3.0
00-0033589,David Moore,WR,2024,12,10,17.1,3.90367241839253,2.953397683397684,2.657142857142857,2.8
00-0033589,David Moore,WR,2024,13,12,6.5,6.01397403390074,6.459809362934363,4.4625,17.1
00-0033589,David Moore,WR,2024,14,13,3.5,5.596080494826128,6.518582153582154,4.688888888888889,6.5
00-0033589,David Moore,WR,2024,15,14,2.9,5.425220691518438,5.854500000000001,4.57,3.5
00-0033589,David Moore,WR,2024,16,15,10.9,4.85032201171806,5.103313443313443,4.418181818181818,2.9
00-0033589,David Moore,WR,2024,17,16,2.2,5.838161906488596,6.452327863577864,4.958333333333334,10.9
00-0033589,David Moore,WR,2024,18,17,7.4,5.147240020039192,5.535227205227206,4.746153846153846,2.2
00-0033591,Noah Brown,WR,2024,6,4,7.8,5.55134760879422,5.0225675675675685,5.2,4.1
00-0033591,Noah Brown,WR,2024,7,6,2.1,6.203463138982481,5.933014285714285,5.85,7.8
00-0033591,Noah Brown,WR,2024,8,7,14.8,5.317700778428698,4.844327784891165,5.1,2.1
00-0033591,Noah Brown,WR,2024,9,8,8.5,7.350227881686037,7.405447232947234,6.716666666666667,14.8
00-0033591,Noah Brown,WR,2024,10,9,4.8,7.1145817215095635,7.661467181467183,6.9714285714285715,8.5
00-0033591,Noah Brown,WR,2024,11,10,0.9,6.858553808163914,7.055173745173746,6.7,4.8
00-0033591,Noah Brown,WR,2024,12,11,10.1,5.76753592742698,5.6857378807378804,6.055555555555555,0.9
00-0033591,Noah Brown,WR,2024,13,12,4.2,6.671346484771601,6.657891891891891,6.46,10.1
00-0033662,Cooper Rush,QB,2024,10,9,-2.0,6.392187682020648,3.622301428571429,2.795,11.0
00-0033662,Cooper Rush,QB,2024,11,10,16.36,4.943502712741935,1.9938509603072982,1.836,-2.0
00-0033662,Cooper Rush,QB,2024,12,11,17.98,7.999438213910937,5.664231016731017,4.256666666666667,16.36
00-0033662,Cooper Rush,QB,2024,13,12,11.8,9.352661664894542,8.864664092664093,6.217142857142857,17.98
00-0033662,Cooper Rush,QB,2024,14,13,13.82,9.878809590417735,9.760968146718147,6.915,11.8
00-0033662,Cooper Rush,QB,2024,15,14,19.06,10.444007893777913,10.924893607893608,7.682222222222222,13.82
00-0033662,Cooper Rush,QB,2024,16,15,15.28,11.455256980010098,12.644915057915059,8.82,19.06
00-0033662,Cooper Rush,QB,2024,17,16,6.08,11.964354626611522,13.55195085995086,9.407272727272726,15.28
00-0033699,Austin Ekeler,RB,2024,5,3,10.7,10.12200633307125,10.579324324324325,10.299999999999999,12.7
00-0033699,Austin Ekeler,RB,2024,6,5,8.8,10.184222759050694,10.607257142857142,10.399999999999999,10.7
00-0033699,Austin Ekeler,RB,2024,7,6,3.0,9.872670713469098,10.08642509603073,10.08,8.8
00-0033699,Austin Ekeler,RB,2024,8,7,6.8,8.424229594264848,8.271872586872586,8.9,3.0
00-0033699,Austin Ekeler,RB,2024,9,8,15.8,8.400083415807801,7.933397683397684,8.6,6.8
00-0033699,Austin Ekeler,RB,2024,10,9,17.6,9.688994397278528,9.789111969111968,9.5,15.8
00-0033699,Austin Ekeler,RB,2024,11,10,13.6,10.769495974317298,11.520482625482625,10.4,17.6
00-0033699,Austin Ekeler,RB,2024,12,11,3.4,10.93542517676622,11.974393822393822,10.72,13.6
00-0033854,Dare Ogunbowale,RB,2024,4,3,13.4,4.2583169783318535,2.811936936936937,2.6333333333333333,3.8
00-0033854,Dare Ogunbowale,RB,2024,5,4,11.7,6.690043589853574,6.248092857142858,5.325,13.4
00-0033854,Dare Ogunbowale,RB,2024,6,5,0.8,7.61747914452531,7.750025608194622,6.6,11.7
00-0033854,Dare Ogunbowale,RB,2024,7,6,0.6,6.28954402283821,5.91537323037323,5.633333333333333,0.8
00-0033854,Dare Ogunbowale,RB,2024,8,7,0.4,5.458714415186985,4.768243243243243,4.914285714285715,0.6
00-0033854,Dare Ogunbowale,RB,2024,9,8,-0.1,4.753618053334626,3.771650579150579,4.35,0.4
00-0033854,Dare Ogunbowale,RB,2024,10,9,1.1,4.439750026560766,2.882842127842128,3.8555555555555556,-0.1
00-0033854,Dare Ogunbowale,RB,2024,11,10,1.6,4.5505920782281315,2.149042471042471,3.58,1.1
00-0033854,Dare Ogunbowale,RB,2024,16,15,0.0,5.021317393467127,2.289171492921493,3.408333333333333,3.5
00-0033854,Dare Ogunbowale,RB,2024,17,16,2.3,4.623278141657412,1.9022349272349273,3.146153846153846,0.0
00-0033854,Dare Ogunbowale,RB,2024,18,17,3.3,4.779522745391369,2.1214092664092665,3.085714285714286,2.3
00-0033857,JuJu Smith-Schuster,WR,2024,12,11,1.1,6.2491351614712665,6.732807142857143,6.625,1.3
00-0033857,JuJu Smith-Schuster,WR,2024,13,12,1.5,5.4082626318731775,5.133562099871959,5.52,1.1
00-0033857,JuJu Smith-Schuster,WR,2024,14,13,4.1,4.578118404737395,4.221901544401544,4.85,1.5
00-0033857,JuJu Smith-Schuster,WR,2024,15,14,7.2,4.8321769059350945,4.363803088803088,4.742857142857143,4.1
00-0033857,JuJu Smith-Schuster,WR,2024,16,15,0.0,5.465014503757749,4.91257722007722,5.05,7.2
00-0033857,JuJu Smith-Schuster,WR,2024,17,16,2.8,4.89332527076791,3.3493929643929645,4.488888888888889,0.0
00-0033857,JuJu Smith-Schuster,WR,2024,18,17,0.9,4.963391787298962,3.3534864864864864,4.32,2.8
00-0033858,Jonnu Smith,TE,2024,4,3,0.0,4.45394408003108,4.161486486486487,4.1000000000000005,2.8
00-0033858,Jonnu Smith,TE,2024,5,4,8.6,3.6695834951254103,2.8056214285714285,3.075,0.0
00-0033858,Jonnu Smith,TE,2024,7,5,19.1,4.87856759682912,4.457827144686299,4.18,8.6
00-0033858,Jonnu Smith,TE,2024,8,7,4.0,7.386802695321426,8.193101673101673,6.666666666666667,19.1
00-0033858,Jonnu Smith,TE,2024,9,8,7.1,6.352964207813423,7.343339768339769,6.285714285714286,4.0
00-0033858,Jonnu Smith,TE,2024,10,9,6.0,6.62475970237962,7.204659749034748,6.3875,7.1
00-0033858,Jonnu Smith,TE,2024,11,10,25.1,6.107668561874126,7.03491848991849,6.344444444444445,6.0
00-0033858,Jonnu Smith,TE,2024,12,11,19.2,8.991084075944583,11.449625482625484,8.22,25.1
00-0033858,Jonnu Smith,TE,2024,13,12,16.3,9.554497676934878,13.148776763776766,9.218181818181819,19.2
00-0033858,Jonnu Smith,TE,2024,14,13,11.9,10.14263557981859,13.424962998713,9.808333333333334,16.3
00-0033858,Jonnu Smith,TE,2024,15,14,15.3,9.583610892036015,13.194964359964361,9.96923076923077,11.9
00-0033858,Jonnu Smith,TE,2024,16,15,9.2,9.975111456259576,13.676554054054055,10.35,15.3
00-0033858,Jonnu Smith,TE,2024,17,16,10.1,9.403536062385704,12.74379407979408,10.273333333333333,9.2
00-0033858,Jonnu Smith,TE,2024,18,17,14.1,9.619976872285514,11.566469594594595,10.2625,10.1
00-0033869,Mitchell Trubisky,QB,2024,10,8,-0.1,3.8742447842360037,-0.1094342857142857,-0.1,-0.3
00-0033869,Mitchell Trubisky,QB,2024,18,17,9.24,5.036967390546744,1.5666177606177607,0.86,6.66
00-0033873,Patrick Mahomes,QB,2024,4,3,13.0,15.083474292266576,14.775369369369368,14.653333333333332,16.38
00-0033873,Patrick Mahomes,QB,2024,5,4,13.44,14.593947329855949,14.19305142857143,14.24,13.0
00-0033873,Patrick Mahomes,QB,2024,7,5,12.06,14.59173203342691,13.981992317541614,14.08,13.44
00-0033873,Patrick Mahomes,QB,2024,8,7,18.18,14.180762987767842,13.49464543114543,13.743333333333332,12.06
00-0033873,Patrick Mahomes,QB,2024,9,8,24.54,15.101353150385776,14.624158301158301,14.377142857142857,18.18
00-0033873,Patrick Mahomes,QB,2024,10,9,16.54,16.484848642695805,17.066621138996137,15.647499999999999,24.54
00-0033873,Patrick Mahomes,QB,2024,11,10,15.84,16.20275904593603,16.89720978120978,15.746666666666666,16.54
00-0033873,Patrick Mahomes,QB,2024,12,11,28.76,16.136304069044986,16.727928185328185,15.756,15.84
00-0033873,Patrick Mahomes,QB,2024,13,12,16.64,17.665510864545993,19.550869427869426,16.938181818181818,28.76
00-0033873,Patrick Mahomes,QB,2024,14,13,14.1,16.938635067816307,19.001685971685973,16.913333333333334,16.64
00-0033873,Patrick Mahomes,QB,2024,15,14,15.76,16.653383650694387,17.803139293139296,16.696923076923078,14.1
00-0033873,Patrick Mahomes,QB,2024,16,15,23.7,16.374376685953823,17.042001930501932,16.63,15.76
00-0033873,Patrick Mahomes,QB,2024,17,16,26.0,17.380758708213754,18.50475624195624,17.101333333333333,23.7
00-0033881,Evan Engram,TE,2024,8,7,11.6,6.350348649530311,6.983963963963964,6.733333333333333,6.0
00-0033881,Evan Engram,TE,2024,9,8,9.0,7.849885671399554,8.475014285714286,7.949999999999999,11.6
00-0033881,Evan Engram,TE,2024,10,9,7.0,7.70963315710711,8.600135723431498,8.16,9.0
00-0033881,Evan Engram,TE,2024,11,10,5.3,7.56790073391162,8.169298584298584,7.966666666666667,7.0
00-0033881,Evan Engram,TE,2024,13,11,7.6,7.10853349525795,7.703262548262549,7.585714285714285,5.3
00-0033881,Evan Engram,TE,2024,14,13,5.3,7.320501202273979,7.479794884169884,7.5874999999999995,7.6
00-0033885,David Njoku,TE,2024,7,6,18.6,5.092734065194209,4.608153153153153,4.633333333333333,5.6
00-0033885,David Njoku,TE,2024,8,7,14.6,8.131487854979968,9.159521428571429,8.125,18.6
00-0033885,David Njoku,TE,2024,9,8,5.4,9.087436641571532,10.653235595390525,9.42,14.6
00-0033885,David Njoku,TE,2024,11,9,14.6,8.165704209333928,9.248986486486487,8.75,5.4
00-0033885,David Njoku,TE,2024,12,11,3.4,9.113906921195378,10.655868725868725,9.585714285714285,14.6
00-0033885,David Njoku,TE,2024,13,12,21.7,7.593268249326822,9.165301640926643,8.8125,3.4
00-0033885,David Njoku,TE,2024,14,13,13.7,10.127051488908126,12.238953238953238,10.244444444444444,21.7
00-0033885,David Njoku,TE,2024,16,14,10.6,9.828236512937037,12.250399613899612,10.59,13.7
00-0033891,Zay Jones,WR,2024,15,14,0.8,2.4183050462290665,0.977927927927928,0.8666666666666667,1.8
00-0033891,Zay Jones,WR,2024,17,15,2.4,2.409352929789061,0.9155571428571428,0.8500000000000001,0.8
00-0033891,Zay Jones,WR,2024,18,17,6.6,2.7675603216922564,1.3328117797695263,1.16,2.4
00-0033895,Gerald Everett,TE,2024,5,3,3.2,1.9503724374642555,0.47013513513513516,0.5,0.0
00-0033895,Gerald Everett,TE,2024,6,5,0.0,2.6293627312850436,1.3591357142857143,1.175,3.2
00-0033895,Gerald Everett,TE,2024,8,6,0.8,2.2773026427002208,0.9661830985915494,0.9400000000000001,0.0
00-0033895,Gerald Everett,TE,2024,9,8,1.0,2.387506699643044,0.9223777348777349,0.9166666666666667,0.8
00-0033895,Gerald Everett,TE,2024,17,16,0.0,2.4491993638636607,0.9873262548262549,0.9500000000000001,1.1
00-0033897,Joe Mixon,RB,2024,7,6,25.4,16.83231897987742,19.501396396396395,19.333333333333332,26.2
00-0033897,Joe Mixon,RB,2024,8,7,21.4,17.712719951203823,21.4129,20.85,25.4
00-0033897,Joe Mixon,RB,2024,9,8,16.6,18.136449673419182,21.384072983354674,20.96,21.4
00-0033897,Joe Mixon,RB,2024,10,9,16.0,17.136767196185694,20.13886743886744,20.233333333333334,16.6
00-0033897,Joe Mixon,RB,2024,11,10,34.3,16.5008435162045,18.935694980694983,19.62857142857143,16.0
00-0033897,Joe Mixon,RB,2024,12,11,7.0,19.170873632696736,23.11299469111969,21.4625,34.3
00-0033897,Joe Mixon,RB,2024,13,12,19.9,16.079097196387412,19.112262977262976,19.855555555555554,7.0
00-0033897,Joe Mixon,RB,2024,15,13,8.1,17.169173039141835,19.113355212355213,19.86,19.9
00-0033897,Joe Mixon,RB,2024,16,15,7.6,14.879706574229528,16.5468954018954,18.79090909090909,8.1
00-0033897,Joe Mixon,RB,2024,17,16,4.9,14.390966939706658,14.646324002574001,17.858333333333334,7.6
00-0033897,Joe Mixon,RB,2024,18,17,3.3,13.149125494028247,12.604183249183247,16.861538461538462,4.9
00-0033906,Alvin Kamara,RB,2024,4,3,21.4,20.13222465211786,25.087657657657658,25.566666666666666,14.2
00-0033906,Alvin Kamara,RB,2024,5,4,9.6,20.23489995451946,23.907778571428572,24.525,21.4
00-0033906,Alvin Kamara,RB,2024,6,5,14.9,16.556528588389853,19.885421254801535,21.54,9.6
00-0033906,Alvin Kamara,RB,2024,7,6,5.4,16.389975439819874,18.68867438867439,20.433333333333334,14.9
00-0033906,Alvin Kamara,RB,2024,8,7,15.2,13.935274145616752,15.434169884169883,18.285714285714285,5.4
00-0033906,Alvin Kamara,RB,2024,9,8,24.5,15.130192091950859,14.532528957528957,17.9,15.2
00-0033906,Alvin Kamara,RB,2024,10,9,13.4,16.335994713632758,17.065952380952382,18.633333333333333,24.5
00-0033906,Alvin Kamara,RB,2024,11,10,10.9,15.655345010955829,16.142747104247107,18.11,13.4
00-0033906,Alvin Kamara,RB,2024,13,11,13.9,15.002407685062723,15.279264654264654,17.454545454545453,10.9
00-0033906,Alvin Kamara,RB,2024,14,13,10.4,14.677011381661217,15.106613577863579,17.15833333333333,13.9
00-0033906,Alvin Kamara,RB,2024,15,14,15.0,14.12689940333377,14.515276210276209,16.638461538461538,10.4
00-0033908,Cooper Kupp,WR,2024,9,8,15.9,12.421930105347514,14.14536036036036,14.766666666666666,13.6
00-0033908,Cooper Kupp,WR,2024,10,9,11.5,12.49056434414731,14.741157142857142,15.05,15.9
00-0033908,Cooper Kupp,WR,2024,11,10,25.6,12.065480714023996,13.837527528809218,14.34,11.5
00-0033908,Cooper Kupp,WR,2024,12,11,16.0,14.45226487276956,16.87309202059202,16.21666666666667,25.6
00-0033908,Cooper Kupp,WR,2024,13,12,3.2,13.918213480221722,16.346293436293436,16.185714285714287,16.0
00-0033908,Cooper Kupp,WR,2024,14,13,17.7,11.871249443940844,13.539886583011583,14.5625,3.2
00-0033908,Cooper Kupp,WR,2024,15,14,0.0,12.762611830164555,14.571649506649507,14.911111111111111,17.7
00-0033908,Cooper Kupp,WR,2024,16,15,3.9,10.15146328825215,11.15215444015444,13.42,0.0
00-0033908,Cooper Kupp,WR,2024,17,16,3.4,9.993783276193918,9.601812916812916,12.554545454545455,3.9
00-0033921,Chris Godwin,WR,2024,4,3,9.9,14.956111062089745,17.658693693693692,17.933333333333334,14.3
00-0033921,Chris Godwin,WR,2024,5,4,9.1,13.1595311233168,15.14657857142857,15.925,9.9
00-0033921,Chris Godwin,WR,2024,6,5,30.0,11.90173398375281,13.469847631241997,14.56,9.1
00-0033921,Chris Godwin,WR,2024,7,6,10.0,15.146135920398892,17.754292149292148,17.133333333333333,30.0
00-0033923,Kareem Hunt,RB,2024,8,7,12.8,14.642939078183382,17.042477477477476,16.333333333333332,21.3
00-0033923,Kareem Hunt,RB,2024,9,8,18.2,13.759231797016247,15.634042857142859,15.45,12.8
00-0033923,Kareem Hunt,RB,2024,10,9,13.5,14.492745869045555,16.352131882202304,16.0,18.2
00-0033923,Kareem Hunt,RB,2024,11,10,6.0,13.717546327766419,15.604996782496784,15.583333333333334,13.5
00-0033923,Kareem Hunt,RB,2024,12,11,10.2,12.18803227471316,13.439980694980695,14.214285714285714,6.0
00-0033923,Kareem Hunt,RB,2024,13,12,2.5,11.960533997911744,12.52414333976834,13.7125,10.2
00-0033923,Kareem Hunt,RB,2024,14,13,3.4,10.439462948681907,9.901711711711712,12.466666666666667,2.5
00-0033923,Kareem Hunt,RB,2024,15,14,5.4,9.92702339010573,8.421559845559845,11.56,3.4
00-0033923,Kareem Hunt,RB,2024,16,15,14.9,9.735613303717864,7.5588223938223935,11.0,5.4
00-0033923,Kareem Hunt,RB,2024,17,16,8.0,10.927413901416294,9.215873552123552,11.325,14.9
00-0033925,D'Onta Foreman,RB,2024,5,4,6.5,3.9141004562229638,2.1797747747747747,2.433333333333333,1.2
00-0033925,D'Onta Foreman,RB,2024,6,5,5.7,4.8799152384883415,3.5950428571428565,3.4499999999999997,6.5
00-0033925,D'Onta Foreman,RB,2024,7,6,0.5,5.301096262179956,4.184385403329065,3.9,5.7
00-0033925,D'Onta Foreman,RB,2024,8,7,2.6,4.641707041028616,3.2274388674388677,3.3333333333333335,0.5
00-0033925,D'Onta Foreman,RB,2024,17,16,4.9,3.715482537034225,1.9093315637065638,2.5875,-1.9
00-0033925,D'Onta Foreman,RB,2024,18,17,4.0,4.480930212488095,2.6747640497640504,2.8444444444444446,4.9
00-0033943,Josh Reynolds,WR,2024,4,3,0.0,7.1732699901099535,7.4535585585585595,7.633333333333334,4.6
00-0033943,Josh Reynolds,WR,2024,5,4,7.4,5.479205034559123,5.036835714285714,5.725,0.0
00-0033943,Josh Reynolds,WR,2024,16,15,0.0,4.848812646745529,4.283445945945946,5.05,0.0
00-0033943,Josh Reynolds,WR,2024,18,16,1.6,4.47591933118102,3.155675675675676,4.328571428571428,0.0
00-0033948,Jamaal Williams,RB,2024,4,3,2.9,5.714479509030264,4.623648648648649,5.3,0.4
00-0033948,Jamaal Williams,RB,2024,5,4,0.9,5.282165227170616,4.090485714285714,4.7,2.9
00-0033948,Jamaal Williams,RB,2024,6,5,0.7,4.642999718835309,3.2146466069142123,3.94,0.9
00-0033948,Jamaal Williams,RB,2024,7,6,1.7,4.372879402234454,2.6057528957528957,3.4,0.7
00-0033948,Jamaal Williams,RB,2024,8,7,0.4,4.479161352982263,2.094749034749035,3.157142857142857,1.7
00-0033948,Jamaal Williams,RB,2024,14,13,2.5,4.223594164011683,1.6579407979407979,2.6333333333333333,1.2
00-0033948,Jamaal Williams,RB,2024,16,14,0.8,4.356526970017265,1.8613822393822392,2.62,2.5
00-0033948,Jamaal Williams,RB,2024,17,16,2.9,4.187651444907952,1.693859248859249,2.4545454545454546,0.8
00-0033948,Jamaal Williams,RB,2024,18,17,2.7,4.409878176155881,2.0468130630630634,2.4916666666666667,2.9
00-0033955,Jeremy McNichols,RB,2024,6,5,0.9,9.423348761256062,10.680855855855855,10.133333333333333,10.4
00-0033955,Jeremy McNichols,RB,2024,7,6,4.2,7.556348201481173,7.477807142857143,7.825,0.9
00-0033955,Jeremy McNichols,RB,2024,8,7,-0.1,6.888079930642228,6.565518565941101,7.1,4.2
00-0033955,Jeremy McNichols,RB,2024,9,8,2.0,5.590912595474228,4.884749034749035,5.8999999999999995,-0.1
00-0033955,Jeremy McNichols,RB,2024,10,9,6.7,5.493675016859168,4.376660231660232,5.3428571428571425,2.0
00-0033955,Jeremy McNichols,RB,2024,11,10,1.1,6.267227195500792,4.433699324324325,5.5125,6.7
00-0033955,Jeremy McNichols,RB,2024,12,11,2.2,5.789966704734096,3.4875654225654227,5.022222222222222,1.1
00-0033955,Jeremy McNichols,RB,2024,13,12,3.2,5.734257704766375,3.3595791505791506,4.74,2.2
00-0033955,Jeremy McNichols,RB,2024,15,13,0.9,5.620064821997005,3.3702509652509653,4.6,3.2
00-0033955,Jeremy McNichols,RB,2024,16,15,5.8,5.321564989549482,3.003704954954955,4.291666666666667,0.9
00-0033955,Jeremy McNichols,RB,2024,17,16,2.0,5.821544119626872,3.7451054351054354,4.407692307692308,5.8
00-0034054,River Cracraft,WR,2024,18,17,5.8,2.8509698583201253,1.4977477477477477,1.4333333333333333,2.1
00-0034115,Jeffery Wilson,RB,2024,16,14,1.2,3.7170741656476913,1.8673571428571432,1.9500000000000002,1.6
00-0034115,Jeffery Wilson,RB,2024,17,16,0.5,3.597073655547064,1.6821510883482715,1.8,1.2
00-0034115,Jeffery Wilson,RB,2024,18,17,-0.4,3.417468095832893,1.3851705276705277,1.5833333333333335,0.5
00-0034159,Will Dissly,TE,2024,4,3,3.4,3.9995961167663103,3.287837837837838,3.2,3.4
00-0034159,Will Dissly,TE,2024,6,4,4.6,4.127974820681651,3.3207571428571425,3.25,3.4
00-0034159,Will Dissly,TE,2024,7,6,12.1,4.395342277903506,3.679695262483995,3.52,4.6
00-0034159,Will Dissly,TE,2024,8,7,6.6,5.883615838261784,5.827750965250965,4.95,12.1
00-0034159,Will Dissly,TE,2024,9,8,1.9,5.799767764298201,6.127818532818532,5.185714285714286,6.6
00-0034159,Will Dissly,TE,2024,10,9,5.5,5.196367882867918,5.126655405405405,4.7749999999999995,1.9
00-0034159,Will Dissly,TE,2024,11,10,16.0,5.2884693033427945,5.258633633633633,4.855555555555555,5.5
00-0034159,Will Dissly,TE,2024,12,11,6.7,6.819069578303423,7.8022027027027026,5.97,16.0
00-0034159,Will Dissly,TE,2024,13,12,0.0,6.453786594775617,7.559889434889435,6.036363636363636,6.7
00-0034159,Will Dissly,TE,2024,14,13,2.9,5.6185694889745035,5.596319176319176,5.533333333333333,0.0
00-0034159,Will Dissly,TE,2024,18,17,12.7,5.1270224971425815,4.670328185328186,5.171428571428572,3.1
00-0034184,Gus Edwards,RB,2024,4,3,1.9,4.544423314847766,3.1968468468468467,3.3666666666666667,0.9
00-0034184,Gus Edwards,RB,2024,11,10,2.7,4.9248254152638,3.561088348271447,3.5,5.5
00-0034184,Gus Edwards,RB,2024,12,11,7.1,4.766077891532647,3.3376962676962676,3.3666666666666667,2.7
00-0034184,Gus Edwards,RB,2024,13,12,3.8,5.537383616802633,4.2719691119691126,3.9,7.1
00-0034184,Gus Edwards,RB,2024,14,13,9.6,5.295821091528044,4.084466698841699,3.8875,3.8
00-0034184,Gus Edwards,RB,2024,15,14,2.3,6.2504173418519695,5.491754611754612,4.522222222222222,9.6
00-0034184,Gus Edwards,RB,2024,16,15,19.6,5.51400125171242,4.8245559845559844,4.3,2.3
00-0034208,Mike Boone,RB,2024,17,16,1.1,2.759305760542564,0.6905855855855855,0.7333333333333333,0.1
00-0034208,Mike Boone,RB,2024,18,17,2.1,2.926859742174831,0.8254642857142857,0.825,1.1
00-0034270,Tyler Conklin,TE,2024,4,3,3.7,5.386604767301113,5.486891891891893,4.800000000000001,11.8
00-0034270,Tyler Conklin,TE,2024,5,4,8.5,4.85854674418934,4.87795,4.525,3.7
00-0034270,Tyler Conklin,TE,2024,6,5,2.0,5.929288070074423,5.887422535211268,5.32,8.5
00-0034270,Tyler Conklin,TE,2024,7,6,8.7,4.882899662376366,4.8648777348777354,4.766666666666667,2.0
00-0034270,Tyler Conklin,TE,2024,8,7,11.7,5.854352546252907,5.943552123552124,5.328571428571428,8.7
00-0034270,Tyler Conklin,TE,2024,9,8,0.2,6.62191509101117,7.462784749034749,6.125,11.7
00-0034270,Tyler Conklin,TE,2024,10,9,1.3,5.487043480102954,5.526981981981981,5.466666666666667,0.2
00-0034270,Tyler Conklin,TE,2024,11,10,1.2,5.106758040484816,4.604546332046332,5.05,1.3
00-0034270,Tyler Conklin,TE,2024,13,11,5.2,4.593064396261561,3.7109459459459457,4.7,1.2
00-0034270,Tyler Conklin,TE,2024,14,13,4.8,5.079521350926821,4.1666296653796655,4.741666666666666,5.2
00-0034270,Tyler Conklin,TE,2024,16,14,8.4,5.23516301623581,4.184223344223344,4.746153846153846,4.8
00-0034270,Tyler Conklin,TE,2024,17,16,17.7,5.957039131892216,4.893696911196911,5.007142857142857,8.4
00-0034270,Tyler Conklin,TE,2024,18,17,8.6,7.225461237990221,7.89652380952381,5.8533333333333335,17.7
00-0034272,Marquez Valdes-Scantling,WR,2024,4,3,0.0,2.6051155105212156,1.1367567567567567,1.2,1.2
00-0034272,Marquez Valdes-Scantling,WR,2024,5,4,0.0,2.2963393416205027,0.7696285714285713,0.8999999999999999,0.0
00-0034272,Marquez Valdes-Scantling,WR,2024,10,9,24.4,2.3469228500670396,0.6786808236808237,0.7666666666666666,1.0
00-0034272,Marquez Valdes-Scantling,WR,2024,11,10,15.7,6.126769479935551,6.496795366795366,4.142857142857142,24.4
00-0034272,Marquez Valdes-Scantling,WR,2024,13,11,10.6,6.85080957694431,8.844350868725869,5.5874999999999995,15.7
00-0034272,Marquez Valdes-Scantling,WR,2024,14,13,7.1,7.222594278372392,9.370323895323892,6.144444444444444,10.6
00-0034272,Marquez Valdes-Scantling,WR,2024,15,14,7.8,6.528134578858239,9.002378378378378,6.239999999999999,7.1
00-0034272,Marquez Valdes-Scantling,WR,2024,17,15,0.0,6.494830547903606,8.88935064935065,6.381818181818182,7.8
00-0034272,Marquez Valdes-Scantling,WR,2024,18,17,4.8,5.387565945862708,7.004102316602317,5.85,0.0
00-0034348,Courtland Sutton,WR,2024,4,3,13.5,6.665244872372551,6.705675675675677,6.4,10.3
00-0034348,Courtland Sutton,WR,2024,5,4,4.2,8.127410905048187,8.902907142857144,8.175,13.5
00-0034348,Courtland Sutton,WR,2024,6,5,13.3,7.143021301450448,7.539145966709347,7.38,4.2
00-0034348,Courtland Sutton,WR,2024,8,6,13.12,8.429783223885208,9.00636422136422,8.366666666666667,13.3
00-0034348,Courtland Sutton,WR,2024,9,8,19.78,8.78604133570131,10.114065637065638,9.045714285714286,13.12
00-0034348,Courtland Sutton,WR,2024,10,9,16.0,10.506959794107424,12.647783301158302,10.387500000000001,19.78
00-0034348,Courtland Sutton,WR,2024,11,10,11.3,10.720801645217714,13.41355298155298,11.011111111111111,16.0
00-0034348,Courtland Sutton,WR,2024,12,11,25.7,10.426154145869289,12.792594594594593,11.040000000000001,11.3
00-0034348,Courtland Sutton,WR,2024,13,12,13.2,12.285768522824904,15.959593541593543,12.372727272727273,25.7
00-0034348,Courtland Sutton,WR,2024,15,13,10.7,11.454452493813543,15.21791924066924,12.441666666666666,13.2
00-0034348,Courtland Sutton,WR,2024,16,15,7.5,11.269072152397952,14.108800415800417,12.307692307692308,10.7
00-0034348,Courtland Sutton,WR,2024,17,16,14.0,10.303076506508132,12.325028957528957,11.964285714285714,7.5
00-0034348,Courtland Sutton,WR,2024,18,17,18.3,10.889920542277972,12.542779922779921,12.1,14.0
00-0034351,Dallas Goedert,TE,2024,4,3,9.7,10.009272639509442,11.887432432432433,10.8,22.0
00-0034351,Dallas Goedert,TE,2024,6,4,0.0,9.300571181240676,11.132007142857143,10.525,9.7
00-0034351,Dallas Goedert,TE,2024,11,10,8.6,7.657740674549021,8.372104247104247,8.6,9.5
00-0034351,Dallas Goedert,TE,2024,12,11,3.9,7.583607152500578,8.552220077220078,8.6,8.6
00-0034351,Dallas Goedert,TE,2024,13,12,11.0,7.1121253386038745,7.5455333011583,8.0125,3.9
00-0034364,Jordan Akins,TE,2024,4,3,1.5,4.31020513696984,3.594234234234235,3.5333333333333337,4.9
00-0034364,Jordan Akins,TE,2024,5,4,9.7,3.7215930506515758,2.910692857142857,3.0250000000000004,1.5
00-0034364,Jordan Akins,TE,2024,7,5,6.2,5.251384559360362,4.8375877080665814,4.36,9.7
00-0034364,Jordan Akins,TE,2024,8,7,0.0,5.275189729515125,5.163410553410554,4.666666666666667,6.2
00-0034364,Jordan Akins,TE,2024,9,8,4.7,4.450513941203786,3.899787644787645,4.0,0.0
00-0034364,Jordan Akins,TE,2024,11,9,2.4,4.673889309030474,4.181802606177607,4.0875,4.7
00-0034364,Jordan Akins,TE,2024,12,11,5.3,4.315216946485744,3.7304247104247104,3.9,2.4
00-0034364,Jordan Akins,TE,2024,13,12,0.0,4.807973612586649,4.183015444015444,4.04,5.3
00-0034364,Jordan Akins,TE,2024,14,13,1.9,4.188429932270272,3.020937170937171,3.672727272727273,0.0
00-0034364,Jordan Akins,TE,2024,15,14,4.5,4.2885186942084434,2.6928233590733592,3.525,1.9
00-0034364,Jordan Akins,TE,2024,16,15,1.3,4.488552492105563,3.2438803088803088,3.6,4.5
00-0034364,Jordan Akins,TE,2024,17,16,7.9,4.276379002903896,2.7820366795366795,3.4357142857142855,1.3
00-0034364,Jordan Akins,TE,2024,18,17,15.0,5.026977950319093,3.968577863577864,3.7333333333333334,7.9
00-0034383,Dalton Schultz,TE,2024,4,3,4.9,3.661534848702664,2.7022522522522525,2.7666666666666666,2.1
00-0034383,Dalton Schultz,TE,2024,5,4,5.4,4.212238171001226,3.4196,3.3000000000000003,4.9
00-0034383,Dalton Schultz,TE,2024,6,5,4.7,4.579987762001124,3.9748233034571063,3.72,5.4
00-0034383,Dalton Schultz,TE,2024,7,6,3.3,4.753912492501954,4.148220720720722,3.8833333333333337,4.7
00-0034383,Dalton Schultz,TE,2024,8,7,7.2,4.591096507393169,3.96507722007722,3.8000000000000003,3.3
00-0034383,Dalton Schultz,TE,2024,9,8,3.6,5.14557784760037,4.769309845559846,4.2250000000000005,7.2
00-0034383,Dalton Schultz,TE,2024,10,9,8.1,4.879385880880175,4.560139425139425,4.155555555555556,3.6
00-0034383,Dalton Schultz,TE,2024,11,10,5.8,5.5618143655612835,5.350608108108108,4.55,8.1
00-0034383,Dalton Schultz,TE,2024,12,11,3.0,5.4532039699783486,5.4074271674271674,4.663636363636364,5.8
00-0034383,Dalton Schultz,TE,2024,13,12,14.6,5.208252142968378,4.842804054054054,4.525,3.0
00-0034383,Dalton Schultz,TE,2024,15,13,2.3,6.492637040760419,7.0693629343629345,5.3,14.6
00-0034383,Dalton Schultz,TE,2024,16,15,13.0,5.473412941987742,5.892123552123552,5.085714285714285,2.3
00-0034383,Dalton Schultz,TE,2024,17,16,3.1,6.798175509432039,7.491983268983269,5.613333333333333,13.0
00-0034383,Dalton Schultz,TE,2024,18,17,4.4,5.693516582758946,6.383007963320463,5.45625,3.1
00-0034386,Justin Watson,WR,2024,4,3,3.7,3.68321942422244,2.5881981981981985,2.666666666666667,1.8
00-0034386,Justin Watson,WR,2024,8,7,4.8,3.6134613672657623,2.4838156209987194,2.6,1.3
00-0034386,Justin Watson,WR,2024,9,8,5.8,4.173183040144808,3.0823873873873877,2.966666666666667,4.8
00-0034386,Justin Watson,WR,2024,10,9,1.6,4.536817345011427,3.7540540540540537,3.3714285714285714,5.8
00-0034386,Justin Watson,WR,2024,11,10,3.6,4.173449670307019,3.2367471042471037,3.15,1.6
00-0034386,Justin Watson,WR,2024,12,11,2.0,4.329417263655347,3.369015444015444,3.2,3.6
00-0034386,Justin Watson,WR,2024,13,12,7.1,4.0550237416217545,3.0299498069498068,3.08,2.0
00-0034386,Justin Watson,WR,2024,15,13,0.0,4.7814530945092475,4.0276851526851525,3.4454545454545453,7.1
00-0034386,Justin Watson,WR,2024,16,15,0.0,4.047638171063041,3.0528684041184038,3.158333333333333,0.0
00-0034386,Justin Watson,WR,2024,17,16,13.0,3.909162604968013,2.276909711909712,2.9153846153846152,0.0
00-0034386,Justin Watson,WR,2024,18,17,1.0,5.1948165946466816,4.728484555984556,3.6357142857142857,13.0
00-0034407,Ray-Ray McCloud,WR,2024,4,3,8.2,6.141193156435724,5.812657657657658,5.966666666666667,4.7
00-0034407,Ray-Ray McCloud,WR,2024,5,4,9.6,6.7388674491186675,6.595292857142857,6.525,8.2
00-0034407,Ray-Ray McCloud,WR,2024,6,5,2.8,7.310845817493806,7.442661971830986,7.14,9.6
00-0034407,Ray-Ray McCloud,WR,2024,7,6,1.9,6.385242443559093,6.239501287001287,6.416666666666666,2.8
00-0034407,Ray-Ray McCloud,WR,2024,8,7,4.1,5.755475633192561,5.137528957528957,5.771428571428571,1.9
00-0034407,Ray-Ray McCloud,WR,2024,9,8,11.0,5.620002244536059,4.884423262548262,5.5625,4.1
00-0034407,Ray-Ray McCloud,WR,2024,10,9,5.1,6.6599670618585645,6.370649935649935,6.166666666666666,11.0
00-0034407,Ray-Ray McCloud,WR,2024,11,10,7.6,6.363377070911433,5.999918918918919,6.06,5.1
00-0034407,Ray-Ray McCloud,WR,2024,13,11,11.3,6.787249645384771,6.243822393822394,6.2,7.6
00-0034407,Ray-Ray McCloud,WR,2024,14,13,14.1,7.239003039769518,7.509425675675676,6.625,11.3
00-0034407,Ray-Ray McCloud,WR,2024,15,14,1.9,8.033265419557011,9.13349420849421,7.2,14.1
00-0034407,Ray-Ray McCloud,WR,2024,16,15,4.2,6.852930648254688,7.578967181467181,6.821428571428571,1.9
00-0034407,Ray-Ray McCloud,WR,2024,17,16,3.2,6.739354025175052,6.663186615186616,6.6466666666666665,4.2
00-0034407,Ray-Ray McCloud,WR,2024,18,17,8.6,6.207323057524995,5.956729005791506,6.43125,3.2
00-0034418,Cedrick Wilson,WR,2024,9,7,4.4,6.753045696060836,7.311126126126126,6.433333333333333,14.7
00-0034418,Cedrick Wilson,WR,2024,14,13,2.3,5.478692169828842,5.1986773367477594,5.22,2.4
00-0034418,Cedrick Wilson,WR,2024,15,14,4.84,4.811574825869963,4.457593307593307,4.733333333333333,2.3
00-0034418,Cedrick Wilson,WR,2024,16,15,1.8,5.04785182699726,4.691335907335907,4.748571428571428,4.84
00-0034418,Cedrick Wilson,WR,2024,17,16,3.2,4.644124671002327,4.0271351351351345,4.38,1.8
00-0034418,Cedrick Wilson,WR,2024,18,17,3.7,4.977589011629618,3.473103389103389,4.248888888888889,3.2
00-0034487,Trent Sherfield,WR,2024,9,8,1.2,4.256425799188868,3.485335714285714,3.075,7.5
00-0034487,Trent Sherfield,WR,2024,10,9,1.6,3.662657963280298,2.8200960307298333,2.7,1.2
00-0034487,Trent Sherfield,WR,2024,11,10,2.1,3.6478339198364056,2.5019530244530244,2.5166666666666666,1.6
00-0034521,Allen Lazard,WR,2024,4,3,8.3,10.888263150460434,12.147117117117118,12.766666666666666,12.3
00-0034521,Allen Lazard,WR,2024,5,4,11.4,9.499619460902476,10.921071428571429,11.65,8.3
00-0034521,Allen Lazard,WR,2024,6,5,20.4,10.08896028692691,11.089238156209987,11.6,11.4
00-0034521,Allen Lazard,WR,2024,7,6,7.8,11.802784112738768,13.497522522522523,13.066666666666666,20.4
00-0034521,Allen Lazard,WR,2024,15,14,0.0,9.350068664947385,9.798303571428571,11.0625,2.3
00-0034521,Allen Lazard,WR,2024,16,15,3.0,7.7892177430725615,7.453732303732304,9.833333333333334,0.0
00-0034521,Allen Lazard,WR,2024,17,16,1.4,7.4590177399913316,6.512577220077221,9.15,3.0
00-0034521,Allen Lazard,WR,2024,18,17,14.6,6.973051818958936,5.314133029133028,8.445454545454545,1.4
00-0034613,Tanner Hudson,TE,2024,10,9,13.3,2.461472027435886,1.1744144144144144,1.0666666666666667,2.4
00-0034613,Tanner Hudson,TE,2024,11,10,2.3,5.1248901476548685,5.113464285714286,4.125,13.3
00-0034613,Tanner Hudson,TE,2024,13,11,4.8,4.336032150662822,4.272875800256082,3.7600000000000002,2.3
00-0034613,Tanner Hudson,TE,2024,14,13,2.4,4.759223247652364,4.383153153153153,3.9333333333333336,4.8
00-0034613,Tanner Hudson,TE,2024,15,14,1.4,4.125727085413745,4.001158301158301,3.7142857142857144,2.4
00-0034646,Brandon Powell,WR,2024,11,9,1.8,2.7871110927198104,1.3417285714285714,1.45,1.4
00-0034646,Brandon Powell,WR,2024,13,11,1.3,2.887106946707798,1.4762893725992314,1.52,1.8
00-0034646,Brandon Powell,WR,2024,15,13,1.7,2.9142537431117033,1.4332593307593307,1.4833333333333334,1.3
00-0034753,Mark Andrews,TE,2024,4,3,0.0,3.641585233015051,2.9845495495495493,3.1666666666666665,0.0
00-0034753,Mark Andrews,TE,2024,5,4,7.5,3.1426905968650445,2.0213071428571427,2.375,0.0
00-0034753,Mark Andrews,TE,2024,6,5,14.1,4.234055652924815,3.5879257362355954,3.4,7.5
00-0034753,Mark Andrews,TE,2024,7,6,18.1,6.086936931447553,6.270151222651223,5.183333333333334,14.1
00-0034753,Mark Andrews,TE,2024,8,7,12.1,7.918175191614637,9.29561776061776,7.0285714285714285,18.1
00-0034753,Mark Andrews,TE,2024,9,8,3.6,8.055664657526078,9.95075530888031,7.6625,12.1
00-0034753,Mark Andrews,TE,2024,10,9,15.8,6.963921150458016,8.687209352209353,7.211111111111111,3.6
00-0034753,Mark Andrews,TE,2024,11,10,3.2,8.25488406538436,10.570388030888031,8.07,15.8
00-0034753,Mark Andrews,TE,2024,12,11,13.1,6.884188483173844,8.847672867672868,7.627272727272727,3.2
00-0034753,Mark Andrews,TE,2024,13,12,15.9,8.194116336564996,9.55632882882883,8.083333333333334,13.1
00-0034753,Mark Andrews,TE,2024,15,13,9.4,8.7642269428437,10.591333531333532,8.684615384615384,15.9
00-0034753,Mark Andrews,TE,2024,16,15,11.8,8.64011603063445,10.153793436293437,8.735714285714286,9.4
00-0034753,Mark Andrews,TE,2024,17,16,13.8,8.943051916452115,10.65722393822394,8.94,11.8
00-0034753,Mark Andrews,TE,2024,18,17,13.4,9.223565901749469,11.05361365830116,9.24375,13.8
00-0034771,Mason Rudolph,QB,2024,9,8,17.5,12.33644698652064,11.948252252252253,10.946666666666667,19.54
00-0034771,Mason Rudolph,QB,2024,16,15,14.38,14.227538681570337,14.242106274007682,13.22,15.76
00-0034771,Mason Rudolph,QB,2024,17,16,12.02,14.137685973574296,14.228234234234234,13.413333333333334,14.38
00-0034771,Mason Rudolph,QB,2024,18,17,3.3,13.8297611073665,14.031706563706564,13.214285714285714,12.02
00-0034775,Christian Kirk,WR,2024,4,3,15.6,5.851741468246839,5.825900900900901,5.266666666666667,11.9
00-0034775,Christian Kirk,WR,2024,5,4,10.8,7.949635635036148,8.981928571428572,7.85,15.6
00-0034775,Christian Kirk,WR,2024,6,5,5.4,8.41094370469194,9.445927016645326,8.44,10.8
00-0034775,Christian Kirk,WR,2024,7,6,2.9,7.608692014285763,8.361705276705276,7.933333333333334,5.4
00-0034775,Christian Kirk,WR,2024,8,7,6.9,6.622571860317402,7.1639189189189185,7.214285714285714,2.9
00-0034777,D.J. Chark,WR,2024,18,17,7.1,2.6113631660231684,1.2361261261261263,1.3333333333333333,0.0
00-0034791,Nick Chubb,RB,2024,11,9,5.0,6.770399252775086,5.959189189189189,6.3,4.0
00-0034791,Nick Chubb,RB,2024,12,11,18.5,6.5263116691891545,5.6610499999999995,5.975,5.0
00-0034791,Nick Chubb,RB,2024,13,12,11.5,9.132298174964964,9.30928681177977,8.48,18.5
00-0034791,Nick Chubb,RB,2024,14,13,4.8,9.262647431448324,9.830247747747748,8.983333333333333,11.5
00-0034791,Nick Chubb,RB,2024,15,14,2.1,8.515735670159332,8.557162162162161,8.385714285714286,4.8
00-0034796,Lamar Jackson,QB,2024,4,3,23.64,20.97001122204178,22.59990990990991,22.493333333333332,25.98
00-0034796,Lamar Jackson,QB,2024,5,4,33.42,20.983799048030725,22.933845714285713,22.78,23.64
00-0034796,Lamar Jackson,QB,2024,6,5,18.92,23.371836999468588,25.895177720870677,24.908,33.42
00-0034796,Lamar Jackson,QB,2024,7,6,34.44,21.629937273742033,24.06192084942085,23.91,18.92
00-0034796,Lamar Jackson,QB,2024,8,7,24.16,23.835009157379062,26.589474903474905,25.414285714285715,34.44
00-0034796,Lamar Jackson,QB,2024,9,8,23.6,22.817730687415224,26.31070801158301,25.2575,24.16
00-0034796,Lamar Jackson,QB,2024,10,9,32.9,22.9040322166999,25.62986743886744,25.073333333333334,23.6
00-0034796,Lamar Jackson,QB,2024,11,10,14.88,23.88278806515034,27.362298841698838,25.856,32.9
00-0034796,Lamar Jackson,QB,2024,12,11,22.58,21.856359215361927,24.200587574587573,24.85818181818182,14.88
00-0034796,Lamar Jackson,QB,2024,13,12,25.38,22.295378468224985,24.057105855855855,24.668333333333333,22.58
00-0034796,Lamar Jackson,QB,2024,15,13,36.1,22.373690396958356,24.025957231957232,24.723076923076924,25.38
00-0034796,Lamar Jackson,QB,2024,16,15,20.48,24.122410974014052,26.753500000000003,25.535714285714285,36.1
00-0034796,Lamar Jackson,QB,2024,17,16,29.42,22.8643868172366,25.39976113256113,25.198666666666668,20.48
00-0034796,Lamar Jackson,QB,2024,18,17,22.98,23.81930879239161,26.005357625482628,25.4625,29.42
00-0034798,Durham Smythe,TE,2024,5,3,0.0,2.1326192860692506,0.743918918918919,0.7000000000000001,0.8
00-0034798,Durham Smythe,TE,2024,10,9,1.1,2.132690962317198,0.6144814340588989,0.6,0.9
00-0034798,Durham Smythe,TE,2024,11,10,0.8,2.2343357766247913,0.7380855855855857,0.6833333333333333,1.1
00-0034798,Durham Smythe,TE,2024,12,11,1.3,2.288021193345566,0.7773359073359073,0.7000000000000001,0.8
00-0034798,Durham Smythe,TE,2024,13,12,1.3,2.4094734758181304,0.8817519305019305,0.775,1.3
00-0034798,Durham Smythe,TE,2024,14,13,0.0,2.4762119360779287,0.9783848133848134,0.8333333333333334,1.3
00-0034798,Durham Smythe,TE,2024,15,14,1.3,2.3493762442201653,0.77753861003861,0.75,0.0
00-0034798,Durham Smythe,TE,2024,16,15,1.0,2.492899097956374,0.8916023166023166,0.8,1.3
00-0034798,Durham Smythe,TE,2024,18,16,0.0,2.502673814088107,0.9035167310167309,0.8166666666666667,1.0
00-0034827,D.J. Moore,WR,2024,4,3,9.7,8.616462834810065,9.23364864864865,9.0,11.2
00-0034827,D.J. Moore,WR,2024,5,4,25.0,8.739159721966466,9.37585,9.175,9.7
00-0034827,D.J. Moore,WR,2024,6,5,4.0,11.847903449668067,13.789441741357233,12.34,25.0
00-0034827,D.J. Moore,WR,2024,8,6,4.4,9.437806492596595,11.213445945945946,10.95,4.0
00-0034827,D.J. Moore,WR,2024,9,8,5.3,8.78889138601729,9.646640926640927,10.014285714285714,4.4
00-0034827,D.J. Moore,WR,2024,10,9,4.2,7.84472908251503,8.660680501930504,9.425,5.3
00-0034827,D.J. Moore,WR,2024,11,10,10.2,7.494993603300123,7.553219648219648,8.844444444444445,4.2
00-0034827,D.J. Moore,WR,2024,12,11,23.4,8.191226212831355,8.161339768339769,8.98,10.2
00-0034827,D.J. Moore,WR,2024,13,12,19.7,10.457551120047745,11.111779571779572,10.290909090909091,23.4
00-0034827,D.J. Moore,WR,2024,14,13,7.9,11.092474530650534,13.262350386100385,11.075,19.7
00-0034827,D.J. Moore,WR,2024,15,14,11.0,10.170901676844979,12.237236412236411,10.830769230769231,7.9
00-0034827,D.J. Moore,WR,2024,16,15,10.5,10.022705972569334,12.117895752895754,10.842857142857143,11.0
00-0034827,D.J. Moore,WR,2024,17,16,9.2,9.749465424853588,11.95707722007722,10.82,10.5
00-0034827,D.J. Moore,WR,2024,18,17,17.6,9.71287868951617,11.338937017374517,10.71875,9.2
00-0034829,Mike Gesicki,TE,2024,4,3,-0.4,7.03302713018512,7.697882882882881,7.533333333333333,6.7
00-0034829,Mike Gesicki,TE,2024,5,4,4.1,5.277405063905661,5.057671428571428,5.55,-0.4
00-0034829,Mike Gesicki,TE,2024,7,5,0.7,5.171369956509607,4.808612035851472,5.26,4.1
00-0034829,Mike Gesicki,TE,2024,8,7,8.8,4.3315873172695945,3.778455598455598,4.5,0.7
00-0034829,Mike Gesicki,TE,2024,9,8,24.5,5.5445097431822035,5.066100386100386,5.114285714285714,8.8
00-0034829,Mike Gesicki,TE,2024,10,9,5.0,8.404749829370383,9.495132722007723,7.5375,24.5
00-0034829,Mike Gesicki,TE,2024,11,10,0.0,7.1357899076788796,8.43488845988846,7.2555555555555555,5.0
00-0034829,Mike Gesicki,TE,2024,13,11,7.8,6.164263438173588,6.721156370656371,6.53,0.0
00-0034829,Mike Gesicki,TE,2024,14,13,3.9,6.189901962169373,7.05032994032994,6.6454545454545455,7.8
00-0034829,Mike Gesicki,TE,2024,15,14,5.2,5.826032163682769,6.5354858429858425,6.416666666666667,3.9
00-0034829,Mike Gesicki,TE,2024,16,15,2.4,6.099256193627618,6.148656073656074,6.323076923076923,5.2
00-0034829,Mike Gesicki,TE,2024,17,16,13.6,6.024206115771768,4.679131274131274,6.042857142857143,2.4
00-0034829,Mike Gesicki,TE,2024,18,17,10.8,7.2262205906278965,6.7270090090090084,6.546666666666667,13.6
00-0034830,Hayden Hurst,TE,2024,4,3,1.1,3.5202050621178533,2.503378378378378,2.6,2.5
00-0034830,Hayden Hurst,TE,2024,10,9,0.0,3.0382987351985467,1.7895198463508324,2.0,1.1
00-0034837,Calvin Ridley,WR,2024,4,3,2.0,8.334850883654433,9.77662162162162,10.2,1.4
00-0034837,Calvin Ridley,WR,2024,6,4,0.9,7.119270479796616,7.2646999999999995,8.15,2.0
00-0034837,Calvin Ridley,WR,2024,7,6,5.7,5.493311009783544,5.50270166453265,6.7,0.9
00-0034837,Calvin Ridley,WR,2024,8,7,17.6,5.939019589709932,5.6108172458172465,6.533333333333333,5.7
00-0034837,Calvin Ridley,WR,2024,9,8,9.8,8.097215486078554,8.583648648648648,8.114285714285714,17.6
00-0034837,Calvin Ridley,WR,2024,10,9,22.9,8.23781719946272,8.360120656370658,8.325000000000001,9.8
00-0034837,Calvin Ridley,WR,2024,11,10,7.8,10.436723381646805,12.043026598026598,9.944444444444445,22.9
00-0034837,Calvin Ridley,WR,2024,12,11,11.8,9.029192076368071,11.298916988416988,9.73,7.8
00-0034837,Calvin Ridley,WR,2024,13,12,5.5,9.596804232898272,11.692425412425411,9.918181818181818,11.8
00-0034837,Calvin Ridley,WR,2024,14,13,9.4,8.421230509618068,10.395009652509653,9.55,5.5
00-0034837,Calvin Ridley,WR,2024,15,14,7.5,8.84021788694508,9.866839916839918,9.538461538461538,9.4
00-0034837,Calvin Ridley,WR,2024,16,15,15.3,8.52164098365544,9.321611969111968,9.392857142857142,7.5
00-0034837,Calvin Ridley,WR,2024,17,16,11.6,9.802631930095986,10.169773487773488,9.786666666666667,15.3
00-0034837,Calvin Ridley,WR,2024,18,17,8.8,9.70392925126754,10.542027027027027,9.9,11.6
00-0034844,Saquon Barkley,RB,2024,4,3,12.6,22.227157901689296,26.525225225225228,26.46666666666667,31.6
00-0034844,Saquon Barkley,RB,2024,6,4,6.4,18.220971510148892,21.99417142857143,23.0,12.6
00-0034844,Saquon Barkley,RB,2024,7,6,25.7,15.550729824985384,17.62506786171575,19.68,6.4
00-0034844,Saquon Barkley,RB,2024,8,7,11.6,17.237293723473087,19.791251608751608,20.683333333333334,25.7
00-0034844,Saquon Barkley,RB,2024,9,8,31.4,15.662785194377912,17.359285714285715,19.385714285714286,11.6
00-0034844,Saquon Barkley,RB,2024,10,9,8.3,18.588148075322774,20.899736969111967,20.8875,31.4
00-0034844,Saquon Barkley,RB,2024,11,10,32.8,15.787077625438126,17.541921921921922,19.48888888888889,8.3
00-0034844,Saquon Barkley,RB,2024,12,11,44.2,18.746129453111266,21.368312741312742,20.82,32.8
00-0034844,Saquon Barkley,RB,2024,13,12,18.7,20.876811901307107,27.104326079326082,22.945454545454545,44.2
00-0034844,Saquon Barkley,RB,2024,14,13,14.4,19.434743243651525,25.004612290862294,22.59166666666667,18.7
00-0034844,Saquon Barkley,RB,2024,15,14,8.4,18.28035958063496,22.94819869319869,21.96153846153846,14.4
00-0034844,Saquon Barkley,RB,2024,16,15,27.0,16.190457339960364,19.34952702702703,20.992857142857144,8.4
00-0034844,Saquon Barkley,RB,2024,17,16,17.9,17.979548647505922,21.534616473616474,21.393333333333334,27.0
00-0034854,KhaDarel Hodge,WR,2024,11,9,3.2,6.401959674983197,6.691936936936937,7.033333333333333,1.4
00-0034854,KhaDarel Hodge,WR,2024,18,17,2.9,4.87946035006103,4.412316261203585,5.14,1.4
00-0034855,Baker Mayfield,QB,2024,4,3,28.88,17.181578915703916,17.695207207207204,18.993333333333332,8.52
00-0034855,Baker Mayfield,QB,2024,5,4,23.4,19.935460542693242,21.385235714285717,21.465,28.88
00-0034855,Baker Mayfield,QB,2024,6,5,25.9,20.019174626701137,21.959102688860433,21.852,23.4
00-0034855,Baker Mayfield,QB,2024,7,6,27.0,21.250458926539576,22.962885456885456,22.526666666666667,25.9
00-0034855,Baker Mayfield,QB,2024,8,7,22.3,21.6772326441372,23.71082625482625,23.165714285714284,27.0
00-0034855,Baker Mayfield,QB,2024,9,8,18.0,21.29687600888169,23.519136583011583,23.0575,22.3
00-0034855,Baker Mayfield,QB,2024,10,9,8.94,20.640324998177817,22.71874174174174,22.495555555555555,18.0
00-0034855,Baker Mayfield,QB,2024,12,10,18.66,18.607082423063897,19.284166023166023,21.14,8.94
00-0034855,Baker Mayfield,QB,2024,13,12,10.2,19.050075778408942,19.09944612144612,20.914545454545454,18.66
00-0034855,Baker Mayfield,QB,2024,14,13,19.0,17.77453241431485,16.947220398970398,20.021666666666665,10.2
00-0034855,Baker Mayfield,QB,2024,15,14,28.02,18.797396914313076,17.24083754083754,19.943076923076923,19.0
00-0034855,Baker Mayfield,QB,2024,16,15,22.32,19.887180124557425,19.632069498069498,20.52,28.02
00-0034855,Baker Mayfield,QB,2024,17,16,34.56,19.964238516326542,20.3405444015444,20.64,22.32
00-0034855,Baker Mayfield,QB,2024,18,17,21.64,21.62768940659809,23.883306949806954,21.51,34.56
00-0034857,Josh Allen,QB,2024,4,3,7.3,21.951568011203573,24.06201801801802,23.953333333333333,30.92
00-0034857,Josh Allen,QB,2024,5,4,14.64,17.0851936554611,18.60636857142857,19.79,7.3
00-0034857,Josh Allen,QB,2024,6,5,24.4,17.26898529115651,17.53658514724712,18.76,14.64
00-0034857,Josh Allen,QB,2024,7,6,21.02,18.25974391353486,19.352594594594592,19.7,24.4
00-0034857,Josh Allen,QB,2024,8,7,19.82,18.764852679563234,19.362482625482624,19.888571428571428,21.02
00-0034857,Josh Allen,QB,2024,9,8,22.1,18.912132775996092,19.83380694980695,19.88,19.82
00-0034857,Josh Allen,QB,2024,10,9,18.2,19.27897477294088,19.98212097812098,20.126666666666665,22.1
00-0034857,Josh Allen,QB,2024,11,10,23.98,18.977206486606818,20.02123976833977,19.934,18.2
00-0034857,Josh Allen,QB,2024,13,11,21.72,19.77156608814532,21.114254124254124,20.30181818181818,23.98
00-0034857,Josh Allen,QB,2024,14,13,51.88,19.737133494312964,21.088671814671816,20.42,21.72
00-0034857,Josh Allen,QB,2024,15,14,41.28,23.490739874753466,27.966513513513515,22.84,51.88
00-0034857,Josh Allen,QB,2024,16,15,11.16,23.999961284288478,30.897420849420854,24.15714285714286,41.28
00-0034857,Josh Allen,QB,2024,17,16,22.98,21.24112473923236,26.412142599742598,23.290666666666667,11.16
00-0034860,Dante Pettis,WR,2024,14,13,0.0,3.2118728015184357,2.0089189189189187,1.9,3.0
00-0034860,Dante Pettis,WR,2024,15,14,3.4,2.7082570043513776,1.3511785714285713,1.425,0.0
00-0034860,Dante Pettis,WR,2024,16,15,4.1,3.250575971755969,1.9344199743918054,1.82,3.4
00-0034860,Dante Pettis,WR,2024,17,16,4.2,3.5658977707417354,2.4833397683397678,2.1999999999999997,4.1
00-0034860,Dante Pettis,WR,2024,18,17,8.6,3.9014814708571666,2.9395366795366793,2.4857142857142858,4.2
00-0034869,Sam Darnold,QB,2024,4,3,20.5,18.566270751068796,19.784216216216215,19.259999999999998,23.24
00-0034869,Sam Darnold,QB,2024,5,4,4.26,18.835891375437686,19.995768571428574,19.57,20.5
00-0034869,Sam Darnold,QB,2024,7,5,16.26,15.276187882670438,15.522556722151089,16.508,4.26
00-0034869,Sam Darnold,QB,2024,8,7,18.2,15.878022091225114,15.758765765765768,16.46666666666667,16.26
00-0034869,Sam Darnold,QB,2024,9,8,19.0,16.07245560550742,16.43003088803089,16.714285714285715,18.2
00-0034869,Sam Darnold,QB,2024,10,9,6.44,16.843567143416394,16.94015444015444,17.0,19.0
00-0034869,Sam Darnold,QB,2024,11,10,23.64,15.071314969682923,14.237368082368082,15.826666666666666,6.44
00-0034869,Sam Darnold,QB,2024,12,11,21.1,16.803501218240473,16.28830193050193,16.608,23.64
00-0034869,Sam Darnold,QB,2024,13,12,19.6,16.97817189215331,17.833592137592138,17.016363636363636,21.1
00-0034869,Sam Darnold,QB,2024,14,13,34.58,17.488976385872192,18.24199453024453,17.231666666666666,19.6
00-0034869,Sam Darnold,QB,2024,15,14,11.24,19.364798522588014,21.8518912978913,18.566153846153846,34.58
00-0034869,Sam Darnold,QB,2024,16,15,22.94,17.227259976378903,19.383779922779922,18.042857142857144,11.24
00-0034869,Sam Darnold,QB,2024,17,16,24.78,18.449459064215226,20.53912767052767,18.369333333333334,22.94
00-0034869,Sam Darnold,QB,2024,18,17,7.64,18.46105871682027,21.218754826254827,18.77,24.78
00-0034960,Jakobi Meyers,WR,2024,4,3,7.4,9.588036020473899,10.815495495495496,10.166666666666666,17.7
00-0034960,Jakobi Meyers,WR,2024,5,4,10.2,8.55872313934425,9.67845,9.475,7.4
00-0034960,Jakobi Meyers,WR,2024,9,8,14.5,9.692469358247779,10.929629987129987,10.383333333333333,14.2
00-0034960,Jakobi Meyers,WR,2024,11,9,6.8,10.307653540214826,11.900057915057914,10.971428571428572,14.5
00-0034960,Jakobi Meyers,WR,2024,12,11,17.1,9.448110199705738,10.874391891891891,10.45,6.8
00-0034960,Jakobi Meyers,WR,2024,13,12,12.7,10.698559448174462,12.08641999141999,11.188888888888888,17.1
00-0034960,Jakobi Meyers,WR,2024,14,13,10.2,10.472169998610521,12.346953667953668,11.34,12.7
00-0034960,Jakobi Meyers,WR,2024,15,14,8.4,10.4224967068956,11.873692523692522,11.236363636363636,10.2
00-0034960,Jakobi Meyers,WR,2024,16,15,5.1,9.916773099166042,10.966660231660232,11.0,8.4
00-0034960,Jakobi Meyers,WR,2024,17,16,14.6,9.232609687462054,9.526675081675082,10.546153846153846,5.1
00-0034960,Jakobi Meyers,WR,2024,18,17,22.8,10.168539259665899,10.816071428571426,10.835714285714285,14.6
00-0034972,Alexander Mattison,RB,2024,4,3,6.0,10.295662230656994,10.632612612612611,10.733333333333333,11.9
00-0034972,Alexander Mattison,RB,2024,5,4,9.1,8.947325552228921,9.1301,9.55,6.0
00-0034972,Alexander Mattison,RB,2024,6,5,15.0,9.265355220962883,9.140359795134442,9.459999999999999,9.1
00-0034972,Alexander Mattison,RB,2024,7,6,13.8,10.282378090892625,10.655904118404118,10.383333333333333,15.0
00-0034972,Alexander Mattison,RB,2024,8,7,6.9,10.78781680834514,11.29972972972973,10.871428571428572,13.8
00-0034972,Alexander Mattison,RB,2024,9,8,3.6,10.014761220066168,10.401694015444015,10.375,6.9
00-0034972,Alexander Mattison,RB,2024,11,9,8.4,8.993263558726104,8.738588588588588,9.622222222222222,3.6
00-0034972,Alexander Mattison,RB,2024,16,15,13.6,8.01680624225113,7.132021762021761,8.763636363636364,1.4
00-0034972,Alexander Mattison,RB,2024,17,16,4.3,9.437215852594097,8.417638352638352,9.166666666666666,13.6
00-0034972,Alexander Mattison,RB,2024,18,17,5.1,8.559234569295327,7.348794178794179,8.792307692307693,4.3
00-0034975,Justice Hill,RB,2024,4,3,18.6,7.009105267560612,6.2565765765765775,6.366666666666667,6.4
00-0034975,Justice Hill,RB,2024,5,4,3.0,9.709097046009907,10.275292857142858,9.425,18.6
00-0034975,Justice Hill,RB,2024,6,5,0.9,7.9310969179804784,8.17791805377721,8.14,3.0
00-0034975,Justice Hill,RB,2024,7,6,12.3,6.957301225436455,6.312824967824968,6.933333333333334,0.9
00-0034975,Justice Hill,RB,2024,8,7,2.4,7.921321330707368,7.742065637065638,7.7,12.3
00-0034975,Justice Hill,RB,2024,9,8,7.3,6.887326875066885,6.575094111969113,7.0375000000000005,2.4
00-0034975,Justice Hill,RB,2024,10,9,0.8,7.493104383218767,6.775225225225226,7.066666666666667,7.3
00-0034975,Justice Hill,RB,2024,11,10,6.1,6.526835662268835,4.984154440154441,6.44,0.8
00-0034975,Justice Hill,RB,2024,12,11,13.2,7.006785874585003,5.391116181116181,6.409090909090909,6.1
00-0034975,Justice Hill,RB,2024,13,12,4.1,7.924907901006561,7.379956563706564,6.9750000000000005,13.2
00-0034975,Justice Hill,RB,2024,15,13,15.3,7.411958083967465,6.445622215622215,6.753846153846154,4.1
00-0034975,Justice Hill,RB,2024,16,15,3.0,8.718085636343794,8.578947876447877,7.364285714285715,15.3
00-0034981,Foster Moreau,TE,2024,6,5,6.4,6.811021888719076,6.910270270270271,7.1000000000000005,8.3
00-0034981,Foster Moreau,TE,2024,7,6,4.8,6.435087325413092,6.752007142857144,6.925000000000001,6.4
00-0034981,Foster Moreau,TE,2024,8,7,0.0,6.288271641789487,6.207208706786171,6.5,4.8
00-0034981,Foster Moreau,TE,2024,9,8,8.2,5.069316001968207,4.632146074646075,5.416666666666667,0.0
00-0034981,Foster Moreau,TE,2024,10,9,0.0,6.005333259205265,5.275482625482625,5.814285714285714,8.2
00-0034981,Foster Moreau,TE,2024,11,10,6.5,4.89182416898779,4.18635859073359,5.0875,0.0
00-0034981,Foster Moreau,TE,2024,13,11,1.6,5.693077632591298,4.632775632775632,5.2444444444444445,6.5
00-0034981,Foster Moreau,TE,2024,14,13,5.0,4.965616797384103,3.8970347490347486,4.88,1.6
00-0034981,Foster Moreau,TE,2024,15,14,11.9,5.396951001167163,4.173130923130923,4.890909090909091,5.0
00-0034981,Foster Moreau,TE,2024,16,15,4.3,6.2809623389960585,6.114666988416988,5.4750000000000005,11.9
00-0034981,Foster Moreau,TE,2024,17,16,12.2,5.876352395306947,5.594962874962875,5.384615384615385,4.3
00-0034981,Foster Moreau,TE,2024,18,17,5.1,6.896895888041147,7.24949806949807,5.871428571428572,12.2
00-0035021,Ashton Dulin,WR,2024,5,3,0.9,4.6221075944607195,3.8592792792792796,4.566666666666666,0.0
00-0035021,Ashton Dulin,WR,2024,6,5,0.0,3.8143236725601772,2.925528571428571,3.65,0.9
00-0035021,Ashton Dulin,WR,2024,7,6,1.2,3.3159762928213485,2.129829705505762,2.92,0.0
00-0035021,Ashton Dulin,WR,2024,9,7,1.7,3.3222212401097497,1.92979407979408,2.6333333333333333,1.2
00-0035021,Ashton Dulin,WR,2024,10,9,0.7,3.583290507707685,1.5484749034749035,2.5,1.7
00-0035021,Ashton Dulin,WR,2024,12,10,0.0,3.442481106884458,1.37640444015444,2.275,0.7
00-0035140,Mecole Hardman,WR,2024,9,8,3.2,5.859061625257112,5.903108108108108,6.2,1.3
00-0035140,Mecole Hardman,WR,2024,10,9,0.8,5.543572059104538,5.036042857142857,5.45,3.2
00-0035140,Mecole Hardman,WR,2024,11,10,3.1,4.481548557016895,3.855501920614597,4.52,0.8
00-0035140,Mecole Hardman,WR,2024,12,11,1.5,4.6137721739900295,3.6940508365508364,4.283333333333333,3.1
00-0035208,Olamide Zaccheaus,WR,2024,5,4,1.5,5.995377467212567,6.073333333333333,5.466666666666667,11.5
00-0035208,Olamide Zaccheaus,WR,2024,6,5,4.7,4.793394459742597,4.56145,4.475,1.5
00-0035208,Olamide Zaccheaus,WR,2024,7,6,4.5,5.1660215051877305,4.596801536491677,4.52,4.7
00-0035208,Olamide Zaccheaus,WR,2024,9,7,5.8,4.951044912643817,4.5683236808236805,4.516666666666667,4.5
00-0035208,Olamide Zaccheaus,WR,2024,10,9,1.3,5.328970362673706,4.961814671814672,4.7,5.8
00-0035208,Olamide Zaccheaus,WR,2024,11,10,1.5,4.695097352876607,4.138817567567568,4.275,1.3
00-0035208,Olamide Zaccheaus,WR,2024,12,11,1.3,4.599271665682018,3.2621750321750325,3.966666666666667,1.5
00-0035208,Olamide Zaccheaus,WR,2024,13,12,2.9,4.304117974614111,2.904594594594595,3.7,1.3
00-0035208,Olamide Zaccheaus,WR,2024,15,13,5.1,4.465599576656204,2.8846612846612842,3.6272727272727274,2.9
00-0035208,Olamide Zaccheaus,WR,2024,16,15,21.5,4.814227603511423,3.3736969111969115,3.75,5.1
00-0035208,Olamide Zaccheaus,WR,2024,17,16,19.3,6.943463349581258,7.382411642411642,5.115384615384615,21.5
00-0035208,Olamide Zaccheaus,WR,2024,18,17,6.1,7.786337564246389,10.10857142857143,6.128571428571429,19.3
00-0035216,Diontae Johnson,WR,2024,4,3,17.8,9.066901314894436,10.609279279279281,9.366666666666667,22.2
00-0035216,Diontae Johnson,WR,2024,5,4,4.4,10.569422188943555,12.897478571428572,11.475,17.8
00-0035216,Diontae Johnson,WR,2024,6,5,16.8,9.011584183480785,10.428560819462229,10.06,4.4
00-0035216,Diontae Johnson,WR,2024,7,6,2.2,10.340654599520192,12.04202380952381,11.183333333333334,16.8
00-0035216,Diontae Johnson,WR,2024,11,10,0.0,7.3490084023377715,8.013474903474904,8.8,1.1
00-0035216,Diontae Johnson,WR,2024,12,11,0.0,6.306426521695887,5.656812526812526,7.822222222222222,0.0
00-0035228,Kyler Murray,QB,2024,4,3,9.98,17.762696881099572,19.121225225225224,19.166666666666664,14.78
00-0035228,Kyler Murray,QB,2024,5,4,24.1,16.00540542415389,16.15020857142857,16.87,9.98
00-0035228,Kyler Murray,QB,2024,6,5,11.96,17.634419637817444,18.43267042253521,18.316,24.1
00-0035228,Kyler Murray,QB,2024,7,6,20.2,16.16597268609842,16.769945302445304,17.256666666666668,11.96
00-0035228,Kyler Murray,QB,2024,8,7,22.18,17.34382088498709,17.728888030888033,17.677142857142858,20.2
00-0035228,Kyler Murray,QB,2024,9,8,4.76,17.84739195306709,18.420899613899614,18.24,22.18
00-0035228,Kyler Murray,QB,2024,10,9,28.74,15.555447416369482,15.308414843414841,16.74222222222222,4.76
00-0035228,Kyler Murray,QB,2024,12,10,10.3,18.016852149835096,18.69646833976834,17.942,28.74
00-0035228,Kyler Murray,QB,2024,13,12,15.2,16.049675280348442,16.53734082134082,17.247272727272726,10.3
00-0035228,Kyler Murray,QB,2024,14,13,17.96,16.70595604218455,16.436424066924065,17.076666666666668,15.2
00-0035228,Kyler Murray,QB,2024,15,14,10.06,16.571083832025693,16.684997623997624,17.144615384615385,17.96
00-0035228,Kyler Murray,QB,2024,16,15,20.38,15.853769226982696,15.045113899613899,16.638571428571428,10.06
00-0035228,Kyler Murray,QB,2024,17,16,16.04,16.897064849004586,16.688325096525098,16.887999999999998,20.38
00-0035228,Kyler Murray,QB,2024,18,17,27.88,16.73796127787174,16.13506467181467,16.835,16.04
00-0035229,T.J. Hockenson,TE,2024,12,11,14.9,5.628668324284954,5.736621621621621,5.8999999999999995,2.3
00-0035229,T.J. Hockenson,TE,2024,13,12,4.3,8.085271208116554,8.7233,8.15,14.9
00-0035229,T.J. Hockenson,TE,2024,14,13,6.5,6.744384706565165,7.445599231754162,7.38,4.3
00-0035229,T.J. Hockenson,TE,2024,15,14,7.7,7.028730599050491,7.200353925353925,7.233333333333333,6.5
00-0035229,T.J. Hockenson,TE,2024,16,15,3.7,6.922151500173388,7.430907335907336,7.3,7.7
00-0035229,T.J. Hockenson,TE,2024,17,16,9.3,6.445336980707786,6.3918050193050195,6.85,3.7
00-0035229,T.J. Hockenson,TE,2024,18,17,1.9,7.102796785736209,7.246040326040326,7.122222222222223,9.3
00-0035243,Miles Sanders,RB,2024,4,3,6.1,6.440977409003495,5.891891891891892,5.4,10.0
00-0035243,Miles Sanders,RB,2024,5,4,4.3,6.482614440139158,5.93965,5.575,6.1
00-0035243,Miles Sanders,RB,2024,6,5,1.8,6.286348434879105,5.4592215108834825,5.32,4.3
00-0035243,Miles Sanders,RB,2024,7,6,3.3,5.529021954624946,4.5157014157014155,4.733333333333333,1.8
00-0035243,Miles Sanders,RB,2024,8,7,8.0,5.453549874380328,4.3042277992277995,4.5285714285714285,3.3
00-0035243,Miles Sanders,RB,2024,9,8,0.0,6.145708962770839,5.217029440154441,4.9625,8.0
00-0035243,Miles Sanders,RB,2024,10,9,0.5,5.316481170473126,3.802170742170742,4.411111111111111,0.0
00-0035249,Josh Oliver,TE,2024,8,7,10.0,3.7067979996775513,3.1463071428571423,3.175,1.0
00-0035249,Josh Oliver,TE,2024,9,8,14.3,5.418970610219165,5.0875979513444305,4.54,10.0
00-0035249,Josh Oliver,TE,2024,10,9,7.2,6.7875903819062575,7.41978120978121,6.166666666666667,14.3
00-0035249,Josh Oliver,TE,2024,11,10,4.9,6.653651370158233,7.4492277992278,6.314285714285714,7.2
00-0035249,Josh Oliver,TE,2024,16,14,0.0,5.65138286377085,6.034903474903475,5.8,3.1
00-0035249,Josh Oliver,TE,2024,18,16,2.6,4.908959552048606,4.795494208494208,5.22,0.0
00-0035250,Devin Singletary,RB,2024,4,3,4.3,11.874005825751905,13.245225225225226,12.666666666666668,16.8
00-0035250,Devin Singletary,RB,2024,8,7,3.3,8.310251402222322,8.141258642765685,8.98,2.6
00-0035250,Devin Singletary,RB,2024,9,8,3.3,7.375472368752722,6.942168597168597,8.033333333333333,3.3
00-0035250,Devin Singletary,RB,2024,10,9,5.0,6.974487255513528,6.071911196911197,7.357142857142858,3.3
00-0035250,Devin Singletary,RB,2024,12,10,8.0,7.105799941062356,5.590407818532818,7.0625,5.0
00-0035250,Devin Singletary,RB,2024,13,12,2.3,7.767861315042454,5.837619047619048,7.166666666666667,8.0
00-0035250,Devin Singletary,RB,2024,14,13,0.8,7.091042827388199,5.13834749034749,6.68,2.3
00-0035250,Devin Singletary,RB,2024,15,14,11.6,6.5582007622769325,4.317839592839593,6.1454545454545455,0.8
00-0035250,Devin Singletary,RB,2024,16,15,1.2,7.53405799895792,6.112220077220076,6.6,11.6
00-0035250,Devin Singletary,RB,2024,17,16,3.5,6.592033456843471,5.137395307395307,6.184615384615385,1.2
00-0035250,Devin Singletary,RB,2024,18,17,2.2,6.775030741485133,4.8430598455598455,5.992857142857143,3.5
00-0035261,Tony Pollard,RB,2024,4,3,17.8,10.129630461949068,10.552747747747748,11.333333333333332,4.4
00-0035261,Tony Pollard,RB,2024,6,4,16.3,11.992891399599559,12.94127142857143,12.95,17.8
00-0035261,Tony Pollard,RB,2024,7,6,7.5,12.441156972877844,13.892384122919333,13.62,16.3
00-0035261,Tony Pollard,RB,2024,8,7,13.2,11.424648988862991,12.242722007722007,12.6,7.5
00-0035261,Tony Pollard,RB,2024,9,8,16.9,11.756910834930103,12.329362934362933,12.685714285714285,13.2
00-0035261,Tony Pollard,RB,2024,10,9,8.3,12.302723471346022,13.43541747104247,13.2125,16.9
00-0035261,Tony Pollard,RB,2024,11,10,3.9,11.539709168001385,12.527580437580436,12.666666666666666,8.3
00-0035261,Tony Pollard,RB,2024,12,11,20.4,10.481375068003508,10.3418861003861,11.79,3.9
00-0035261,Tony Pollard,RB,2024,13,12,6.8,12.06579982360409,12.52124605124605,12.572727272727272,20.4
00-0035261,Tony Pollard,RB,2024,14,13,13.4,10.866149020154053,11.403048584298585,12.091666666666667,6.8
00-0035261,Tony Pollard,RB,2024,15,14,8.5,11.729335063004326,11.83006831006831,12.192307692307692,13.4
00-0035261,Tony Pollard,RB,2024,16,15,7.0,10.917729029836996,10.932779922779922,11.928571428571429,8.5
00-0035261,Tony Pollard,RB,2024,18,16,6.2,10.685735123748502,10.220096525096524,11.6,7.0
00-0035289,Gardner Minshew,QB,2024,4,3,5.0,13.470845007561643,12.752189189189192,12.56,13.96
00-0035289,Gardner Minshew,QB,2024,5,4,7.68,11.486353065138653,10.223282857142857,10.67,5.0
00-0035289,Gardner Minshew,QB,2024,7,5,-1.64,11.182886559787196,9.52336005121639,10.072,7.68
00-0035289,Gardner Minshew,QB,2024,8,7,14.96,8.811905014679372,6.691749034749035,8.12,-1.64
00-0035289,Gardner Minshew,QB,2024,9,8,2.96,10.806758970502438,8.64937837837838,9.097142857142858,14.96
00-0035289,Gardner Minshew,QB,2024,11,9,17.98,9.448663560558,7.144403474903475,8.33,2.96
00-0035289,Gardner Minshew,QB,2024,12,11,11.7,11.689142119674505,9.525642642642644,9.402222222222223,17.98
00-0035298,Scott Miller,WR,2024,15,14,0.0,4.1266294728564,3.2346396396396395,3.1333333333333333,5.3
00-0035341,Trenton Irwin,WR,2024,9,8,0.0,2.500192903899003,0.9877027027027027,1.0,0.9
00-0035406,Lil'Jordan Humphrey,WR,2024,4,3,0.0,5.127077281081123,4.9572522522522515,4.566666666666666,6.7
00-0035406,Lil'Jordan Humphrey,WR,2024,5,4,5.8,4.056656014652701,3.3292642857142853,3.425,0.0
00-0035406,Lil'Jordan Humphrey,WR,2024,6,5,1.3,4.718166703598516,4.032912932138284,3.9,5.8
00-0035406,Lil'Jordan Humphrey,WR,2024,7,6,2.2,4.020364448081853,3.326846846846847,3.466666666666667,1.3
00-0035406,Lil'Jordan Humphrey,WR,2024,8,7,2.2,4.10676559465663,3.1700386100386098,3.2857142857142856,2.2
00-0035406,Lil'Jordan Humphrey,WR,2024,9,8,2.1,3.970654087735588,2.806148648648649,3.15,2.2
00-0035406,Lil'Jordan Humphrey,WR,2024,10,9,3.3,4.0112835651805,2.518809523809524,3.033333333333333,2.1
00-0035406,Lil'Jordan Humphrey,WR,2024,11,10,13.2,4.178594186091234,2.8162123552123557,3.06,3.3
00-0035406,Lil'Jordan Humphrey,WR,2024,12,11,1.4,5.5455994889612885,5.107902772902772,3.981818181818182,13.2
00-0035500,Greg Dortch,WR,2024,4,3,5.8,5.44960927051404,4.9021171171171165,5.066666666666666,5.0
00-0035500,Greg Dortch,WR,2024,5,4,1.2,5.570026263444417,5.200785714285715,5.25,5.8
00-0035500,Greg Dortch,WR,2024,6,5,3.1,4.78105511222593,4.0705236875800255,4.4399999999999995,1.2
00-0035500,Greg Dortch,WR,2024,7,6,7.0,4.756553302466855,3.8398294723294724,4.216666666666667,3.1
00-0035500,Greg Dortch,WR,2024,8,7,1.4,5.330753896176744,4.486795366795366,4.614285714285714,7.0
00-0035500,Greg Dortch,WR,2024,9,8,0.0,4.759997235863702,3.831093146718147,4.2125,1.4
00-0035500,Greg Dortch,WR,2024,10,9,0.4,4.324367690723288,2.9021771771771774,3.7444444444444445,0.0
00-0035500,Greg Dortch,WR,2024,12,10,1.0,3.986024409828614,2.262225868725869,3.41,0.4
00-0035500,Greg Dortch,WR,2024,13,12,1.7,3.913394865009903,2.0738259038259037,3.190909090909091,1.0
00-0035500,Greg Dortch,WR,2024,14,13,1.0,3.978972414406158,2.018082368082368,3.0666666666666664,1.7
00-0035500,Greg Dortch,WR,2024,15,14,8.1,4.019823564950621,1.6776536976536978,2.9076923076923076,1.0
00-0035500,Greg Dortch,WR,2024,16,15,3.2,4.780973537757237,3.194449806949807,3.2785714285714285,8.1
00-0035500,Greg Dortch,WR,2024,17,16,3.3,4.522566250886496,3.313465894465894,3.2733333333333334,3.2
00-0035500,Greg Dortch,WR,2024,18,17,19.4,4.648764730817656,3.4103812741312742,3.275,3.3
00-0035535,Darius Slayton,WR,2024,4,3,7.1,4.073014011188817,3.175765765765765,3.3666666666666663,1.2
00-0035535,Darius Slayton,WR,2024,5,4,22.2,5.1004755056838516,4.459714285714286,4.3,7.1
00-0035535,Darius Slayton,WR,2024,6,5,8.7,8.430648912771634,9.474139564660693,7.88,22.2
00-0035535,Darius Slayton,WR,2024,7,6,1.6,7.951173571236967,9.19925032175032,8.016666666666666,8.7
00-0035535,Darius Slayton,WR,2024,8,7,12.8,6.806341001240752,7.452104247104247,7.1,1.6
00-0035535,Darius Slayton,WR,2024,9,8,7.5,7.6288072608780775,8.821170366795368,7.8125,12.8
00-0035535,Darius Slayton,WR,2024,13,12,1.8,6.3220831383804645,6.704324324324324,7.0,0.0
00-0035535,Darius Slayton,WR,2024,14,13,3.7,6.080854372614847,5.050047385047385,6.527272727272727,1.8
00-0035535,Darius Slayton,WR,2024,15,14,2.1,5.99306282692699,4.701542792792793,6.291666666666667,3.7
00-0035535,Darius Slayton,WR,2024,16,15,3.2,5.809626825867884,4.322667062667063,5.969230769230769,2.1
00-0035535,Darius Slayton,WR,2024,17,16,9.7,6.0019431362589355,3.877316602316603,5.771428571428571,3.2
00-0035535,Darius Slayton,WR,2024,18,17,0.0,6.722697424898337,5.158307593307593,6.033333333333333,9.7
00-0035537,Ty Johnson,RB,2024,4,3,6.3,6.541103891936814,6.216756756756757,5.5,12.1
00-0035537,Ty Johnson,RB,2024,5,4,1.5,6.546063449731372,6.214799999999999,5.7,6.3
00-0035537,Ty Johnson,RB,2024,6,5,3.4,5.723796451312292,4.857203585147246,4.86,1.5
00-0035537,Ty Johnson,RB,2024,7,6,6.9,5.461809613398352,4.484269626769627,4.616666666666666,3.4
00-0035537,Ty Johnson,RB,2024,8,7,0.0,5.93837658775101,5.220714285714286,4.942857142857143,6.9
00-0035537,Ty Johnson,RB,2024,9,8,2.3,5.088862077019239,4.001607142857143,4.325,0.0
00-0035537,Ty Johnson,RB,2024,10,9,4.7,5.242070705447734,3.32984555984556,4.1,2.3
00-0035537,Ty Johnson,RB,2024,11,10,1.8,5.395462611895166,3.5845907335907334,4.16,4.7
00-0035537,Ty Johnson,RB,2024,13,11,4.2,5.175314464139249,3.2804071604071603,3.9454545454545453,1.8
00-0035537,Ty Johnson,RB,2024,14,13,12.5,5.433626616298674,3.5236036036036036,3.966666666666667,4.2
00-0035537,Ty Johnson,RB,2024,15,14,14.8,6.486541660481522,5.447806652806653,4.623076923076923,12.5
00-0035537,Ty Johnson,RB,2024,16,15,3.0,7.3810285259919794,7.670511583011583,5.35,14.8
00-0035537,Ty Johnson,RB,2024,17,16,3.0,6.533763102176049,6.678303732303733,5.193333333333333,3.0
00-0035537,Ty Johnson,RB,2024,18,17,1.8,6.188097961598758,5.842853523166023,5.05625,3.0
00-0035567,Craig Reynolds,RB,2024,12,11,0.6,3.4020831527697886,1.5105405405405405,1.5,2.1
00-0035567,Craig Reynolds,RB,2024,17,16,7.6,3.5820652356750107,1.6656568501920612,1.58,2.8
00-0035567,Craig Reynolds,RB,2024,18,17,3.9,4.59320313196544,3.1808268983268984,2.5833333333333335,7.6
00-0035594,Travis Homer,RB,2024,15,14,0.7,3.3590565786639903,1.5054054054054054,1.4,2.6
00-0035628,D'Ernest Johnson,RB,2024,5,4,2.0,3.0954895355607457,1.1073873873873874,1.2666666666666666,0.0
00-0035628,D'Ernest Johnson,RB,2024,6,5,5.4,3.34672354206987,1.4041285714285714,1.45,2.0
00-0035628,D'Ernest Johnson,RB,2024,7,6,8.5,4.143261076656124,2.5372522407170295,2.24,5.4
00-0035628,D'Ernest Johnson,RB,2024,8,7,2.8,5.197246003469285,4.049514157014157,3.283333333333333,8.5
00-0035628,D'Ernest Johnson,RB,2024,9,8,0.6,4.840208666190144,3.7622972972972972,3.2142857142857144,2.8
00-0035628,D'Ernest Johnson,RB,2024,11,9,0.3,4.380085087078399,3.0649879343629345,2.8875,0.6
00-0035628,D'Ernest Johnson,RB,2024,17,16,2.1,3.929028858344631,2.251179536679537,2.47,1.3
00-0035628,D'Ernest Johnson,RB,2024,18,17,3.1,4.069149324361087,2.1178817128817133,2.4363636363636365,2.1
00-0035631,Drew Sample,TE,2024,9,7,9.4,2.632920902990904,1.3452702702702701,1.5999999999999999,0.0
00-0035631,Drew Sample,TE,2024,11,9,1.0,4.459703951740563,3.9751000000000003,3.55,9.4
00-0035631,Drew Sample,TE,2024,13,11,1.8,3.6744800389545285,3.113955185659411,3.04,1.0
00-0035631,Drew Sample,TE,2024,14,13,2.3,3.7343008625853717,2.774002574002574,2.8333333333333335,1.8
00-0035631,Drew Sample,TE,2024,15,14,1.3,3.5109864204548225,2.6051351351351353,2.757142857142857,2.3
00-0035631,Drew Sample,TE,2024,16,15,1.7,3.386497722574402,2.37074806949807,2.575,1.3
00-0035631,Drew Sample,TE,2024,17,16,0.8,3.3942615969738137,2.3054075504075504,2.477777777777778,1.7
00-0035631,Drew Sample,TE,2024,18,17,3.4,3.401666118055605,1.714561776061776,2.31,0.8
00-0035640,DK Metcalf,WR,2024,4,3,11.9,13.17405462488574,16.35427927927928,15.566666666666666,18.4
00-0035640,DK Metcalf,WR,2024,5,4,5.5,12.5978687098723,14.873785714285715,14.649999999999999,11.9
00-0035640,DK Metcalf,WR,2024,6,5,6.3,10.511665021356752,12.210431498079387,12.82,5.5
00-0035640,DK Metcalf,WR,2024,7,6,17.9,9.57614190236726,10.726589446589447,11.733333333333333,6.3
00-0035640,DK Metcalf,WR,2024,12,11,7.9,10.789147380652935,11.818793436293436,12.35,10.5
00-0035640,DK Metcalf,WR,2024,13,12,8.6,10.517742377313564,10.685988845988845,11.855555555555554,7.9
00-0035640,DK Metcalf,WR,2024,14,13,6.9,10.087957705872007,10.21930308880309,11.53,8.6
00-0035640,DK Metcalf,WR,2024,15,14,4.3,9.647303342866971,9.696540891540891,11.10909090909091,6.9
00-0035640,DK Metcalf,WR,2024,16,15,13.2,9.05274442903702,8.674235842985842,10.541666666666666,4.3
00-0035640,DK Metcalf,WR,2024,17,16,5.7,10.031807612294422,9.479281259281258,10.746153846153845,13.2
00-0035640,DK Metcalf,WR,2024,18,17,12.8,9.324398637068182,8.68096525096525,10.385714285714286,5.7
00-0035644,Noah Fant,TE,2024,4,3,3.6,4.996722936632132,4.778963963963964,4.333333333333333,9.0
00-0035644,Noah Fant,TE,2024,5,4,3.9,4.646254735388165,4.3775,4.15,3.6
00-0035644,Noah Fant,TE,2024,6,5,9.3,4.768520693961855,4.232163892445582,4.1,3.9
00-0035644,Noah Fant,TE,2024,7,6,8.5,5.623941617841159,5.523256113256114,4.966666666666667,9.3
00-0035644,Noah Fant,TE,2024,8,7,3.7,6.047915744282869,6.360115830115831,5.4714285714285715,8.5
00-0035644,Noah Fant,TE,2024,14,13,3.3,5.502314106192762,5.28544187044187,5.122222222222223,4.1
00-0035644,Noah Fant,TE,2024,15,14,3.0,5.199961799177336,4.87419305019305,4.94,3.3
00-0035644,Noah Fant,TE,2024,16,15,6.5,5.0923884051444475,4.482002457002457,4.763636363636364,3.0
00-0035644,Noah Fant,TE,2024,17,16,6.3,5.561205726138623,4.78670045045045,4.908333333333333,6.5
00-0035644,Noah Fant,TE,2024,18,17,14.8,5.778433344814351,5.003318978318978,5.015384615384615,6.3
00-0035659,Terry McLaurin,WR,2024,4,3,14.7,8.44505992580539,9.604234234234234,8.633333333333333,18.0
00-0035659,Terry McLaurin,WR,2024,5,4,11.4,9.576270734487515,11.222128571428572,10.15,14.7
00-0035659,Terry McLaurin,WR,2024,6,5,20.3,9.81011984171377,11.224526248399489,10.4,11.4
00-0035659,Terry McLaurin,WR,2024,7,6,12.8,11.405936111014551,13.508330115830116,12.05,20.3
00-0035659,Terry McLaurin,WR,2024,8,7,15.0,11.00686321212268,13.658474903474904,12.157142857142857,12.8
00-0035659,Terry McLaurin,WR,2024,9,8,14.9,11.630351381592533,14.214278474903477,12.5125,15.0
00-0035659,Terry McLaurin,WR,2024,10,9,13.8,11.655042625255609,14.160581295581295,12.777777777777779,14.9
00-0035659,Terry McLaurin,WR,2024,11,10,1.5,11.726139388825011,13.985104247104246,12.88,13.8
00-0035659,Terry McLaurin,WR,2024,12,11,18.7,9.774594034285261,11.14917163917164,11.845454545454546,1.5
00-0035659,Terry McLaurin,WR,2024,13,12,23.3,11.41803727779323,12.580736808236809,12.416666666666666,18.7
00-0035659,Terry McLaurin,WR,2024,15,13,22.8,12.389808514700837,14.970699435699437,13.253846153846155,23.3
00-0035659,Terry McLaurin,WR,2024,16,15,14.5,13.430629403737274,16.605820463320466,13.935714285714287,22.8
00-0035659,Terry McLaurin,WR,2024,17,16,1.0,12.805766565180322,16.029083655083653,13.973333333333333,14.5
00-0035659,Terry McLaurin,WR,2024,18,17,16.2,10.708716467185834,12.672840250965251,13.1625,1.0
00-0035676,A.J. Brown,WR,2024,8,7,10.9,16.310526334118936,19.27225225225225,19.466666666666665,17.4
00-0035676,A.J. Brown,WR,2024,9,8,4.6,14.190222095227927,16.55735,17.325,10.9
00-0035676,A.J. Brown,WR,2024,10,9,13.4,11.64578504437957,13.207033290653008,14.78,4.6
00-0035676,A.J. Brown,WR,2024,11,10,9.0,12.012974201571382,13.332113899613901,14.55,13.4
00-0035676,A.J. Brown,WR,2024,12,11,19.9,11.273145972070887,12.05611969111969,13.757142857142856,9.0
00-0035676,A.J. Brown,WR,2024,13,12,9.1,12.997243983205536,13.723711389961391,14.525,19.9
00-0035676,A.J. Brown,WR,2024,14,13,6.3,11.84665828488922,12.53947661947662,13.922222222222222,9.1
00-0035676,A.J. Brown,WR,2024,15,14,21.0,11.16618880161502,11.217930501930502,13.16,6.3
00-0035676,A.J. Brown,WR,2024,16,15,19.7,12.483911231047985,13.803910143910144,13.872727272727273,21.0
00-0035676,A.J. Brown,WR,2024,17,16,11.1,12.986258030459597,15.15966377091377,14.358333333333333,19.7
00-0035685,David Montgomery,RB,2024,4,3,14.5,15.103614113256864,17.089234234234233,16.833333333333332,19.7
00-0035685,David Montgomery,RB,2024,6,4,20.5,14.410443035246413,16.236814285714285,16.25,14.5
00-0035685,David Montgomery,RB,2024,7,6,6.5,15.492301040154791,17.444142125480155,17.1,20.5
00-0035685,David Montgomery,RB,2024,8,7,14.42,13.000747658293651,14.625701415701418,15.333333333333334,6.5
00-0035685,David Montgomery,RB,2024,9,8,11.1,13.49633238692036,14.559972972972973,15.202857142857143,14.42
00-0035685,David Montgomery,RB,2024,10,9,12.1,12.669097535881527,13.737264478764477,14.69,11.1
00-0035685,David Montgomery,RB,2024,11,10,23.0,12.863405465023352,13.186457314457314,14.402222222222223,12.1
00-0035685,David Montgomery,RB,2024,12,11,14.8,14.25306446182688,15.487518532818532,15.262,23.0
00-0035685,David Montgomery,RB,2024,13,12,13.9,13.890544309261683,15.140818532818534,15.22,14.8
00-0035685,David Montgomery,RB,2024,14,13,16.9,13.922535657903614,15.167971042471043,15.11,13.9
00-0035685,David Montgomery,RB,2024,15,14,5.5,13.995177298340602,15.579800415800417,15.247692307692308,16.9
00-0035689,Dawson Knox,TE,2024,6,4,7.7,2.6510027939226877,1.361216216216216,1.5,0.5
00-0035689,Dawson Knox,TE,2024,7,6,1.0,4.09838166827742,3.4283,3.05,7.7
00-0035689,Dawson Knox,TE,2024,8,7,6.0,3.454074759199095,2.7240256081946224,2.64,1.0
00-0035689,Dawson Knox,TE,2024,9,8,1.0,4.329005781645722,3.558687258687259,3.2,6.0
00-0035689,Dawson Knox,TE,2024,10,9,5.0,3.6055568363541752,2.938185328185328,2.8857142857142857,1.0
00-0035689,Dawson Knox,TE,2024,11,10,6.0,4.190110365599604,3.494835907335907,3.15,5.0
00-0035689,Dawson Knox,TE,2024,13,11,6.6,4.461507309130068,4.176093951093952,3.466666666666667,6.0
00-0035689,Dawson Knox,TE,2024,14,13,1.0,4.924933209018111,4.578868725868726,3.78,6.6
00-0035689,Dawson Knox,TE,2024,15,14,5.2,4.315896433120999,3.838946998946999,3.5272727272727273,1.0
00-0035689,Dawson Knox,TE,2024,16,15,3.2,4.6893490776557565,4.053487773487774,3.6666666666666665,5.2
00-0035689,Dawson Knox,TE,2024,17,16,0.9,4.469176487496074,3.9457885357885356,3.6307692307692307,3.2
00-0035700,Josh Jacobs,RB,2024,4,3,9.8,9.31458762159016,9.530450450450452,9.933333333333334,5.3
00-0035700,Josh Jacobs,RB,2024,5,4,15.9,9.598169830459515,9.634428571428572,9.9,9.8
00-0035700,Josh Jacobs,RB,2024,6,5,10.5,10.76280590461364,11.419839948783611,11.1,15.9
00-0035700,Josh Jacobs,RB,2024,7,6,17.7,10.58100182286942,11.168957528957527,11.0,10.5
00-0035700,Josh Jacobs,RB,2024,8,7,25.0,11.844955392525529,12.77212355212355,11.957142857142857,17.7
00-0035700,Josh Jacobs,RB,2024,9,8,11.8,13.408917175842522,15.677150096525097,13.5875,25.0
00-0035700,Josh Jacobs,RB,2024,11,9,21.4,12.566045680932854,15.023447018447019,13.38888888888889,11.8
00-0035700,Josh Jacobs,RB,2024,12,11,28.6,13.810547723517201,16.605129343629343,14.19,21.4
00-0035700,Josh Jacobs,RB,2024,13,12,19.7,15.027535398441637,19.248301158301157,15.5,28.6
00-0035700,Josh Jacobs,RB,2024,14,13,24.6,15.024022085635258,19.439913127413128,15.85,19.7
00-0035700,Josh Jacobs,RB,2024,15,14,19.6,15.876831442414275,20.442652212652213,16.523076923076925,24.6
00-0035700,Josh Jacobs,RB,2024,16,15,18.7,15.43987469974034,19.849691119691123,16.742857142857144,19.6
00-0035700,Josh Jacobs,RB,2024,17,16,10.9,15.580688056101103,19.679450450450453,16.873333333333335,18.7
00-0035700,Josh Jacobs,RB,2024,18,17,11.1,14.376480658589188,17.507162162162164,16.5,10.9
00-0035704,Drew Lock,QB,2024,14,13,14.98,8.258544276405585,6.357072072072072,5.493333333333333,14.82
00-0035704,Drew Lock,QB,2024,16,14,6.5,10.10552461297227,9.12639,7.865,14.98
00-0035704,Drew Lock,QB,2024,17,16,34.36,9.709877289808205,8.326548271446862,7.5920000000000005,6.5
00-0035704,Drew Lock,QB,2024,18,17,7.82,14.461276082977708,14.956207207207207,12.053333333333333,34.36
00-0035710,Daniel Jones,QB,2024,4,3,9.54,14.611811260417804,15.08899099099099,14.233333333333334,19.44
00-0035710,Daniel Jones,QB,2024,5,4,22.08,13.528838466937444,13.249725714285715,13.06,9.54
00-0035710,Daniel Jones,QB,2024,6,5,11.8,15.5291912093554,15.740739308578746,14.864,22.08
00-0035710,Daniel Jones,QB,2024,7,6,5.96,14.348217138420853,14.689662805662806,14.353333333333333,11.8
00-0035710,Daniel Jones,QB,2024,8,7,6.66,13.215787736163541,12.85788416988417,13.154285714285715,5.96
00-0035710,Daniel Jones,QB,2024,9,8,24.36,12.313741432067026,11.18229971042471,12.3425,6.66
00-0035710,Daniel Jones,QB,2024,10,9,12.2,14.60597569152634,14.065643071643073,13.677777777777777,24.36
00-0035719,Deebo Samuel,WR,2024,5,4,2.5,11.136429442757882,12.49644144144144,12.966666666666667,8.7
00-0035719,Deebo Samuel,WR,2024,6,5,19.2,8.632685140940422,9.2645,10.35,2.5
00-0035719,Deebo Samuel,WR,2024,8,6,10.6,10.910100458927959,12.12539308578745,12.12,19.2
00-0035719,Deebo Samuel,WR,2024,10,8,10.1,10.308999738597699,11.734607464607464,11.866666666666667,10.6
00-0035719,Deebo Samuel,WR,2024,11,10,4.1,10.480290816874989,11.177586872586872,11.614285714285714,10.1
00-0035719,Deebo Samuel,WR,2024,12,11,2.6,9.052691294906225,9.388624517374517,10.674999999999999,4.1
00-0035719,Deebo Samuel,WR,2024,13,12,4.0,8.184052215909567,7.869384384384384,9.777777777777777,2.6
00-0035719,Deebo Samuel,WR,2024,14,13,4.5,7.772505836439241,7.258146718146718,9.2,4.0
00-0035719,Deebo Samuel,WR,2024,15,14,3.4,7.811831940416129,6.313118638118638,8.772727272727272,4.5
00-0035719,Deebo Samuel,WR,2024,16,15,21.6,7.5977942376007475,5.644927606177605,8.325,3.4
00-0035719,Deebo Samuel,WR,2024,17,16,8.6,9.638563416092367,9.234146124146125,9.346153846153847,21.6
00-0035806,Jamycal Hasty,RB,2024,6,4,2.6,2.8446494343356195,0.8153153153153154,0.7333333333333334,1.5
00-0035806,Jamycal Hasty,RB,2024,7,6,13.2,3.2763187600619657,1.3924,1.2,2.6
00-0035806,Jamycal Hasty,RB,2024,9,7,0.2,5.56722338815295,4.726056338028169,3.6,13.2
00-0035806,Jamycal Hasty,RB,2024,10,9,2.9,4.389201356925091,3.513133848133848,3.033333333333333,0.2
00-0035806,Jamycal Hasty,RB,2024,11,10,0.2,4.620876173996006,3.4598455598455597,3.0142857142857142,2.9
00-0035806,Jamycal Hasty,RB,2024,12,11,2.5,3.816753619159977,2.757454150579151,2.6625,0.2
00-0035973,Patrick Taylor,RB,2024,16,14,3.0,5.554120387411316,4.582342342342343,4.233333333333333,8.5
00-0035973,Patrick Taylor,RB,2024,18,16,12.6,5.05588020775348,4.0536071428571425,3.925,3.0
00-0035993,Tyler Huntley,QB,2024,18,17,8.68,14.134454255483,14.042261428571429,12.995,24.2
00-0036040,Juwan Johnson,TE,2024,6,5,6.3,5.869896816404322,5.618423423423423,5.833333333333333,5.6
00-0036040,Juwan Johnson,TE,2024,7,6,3.3,5.9142590559085315,5.848785714285714,5.949999999999999,6.3
00-0036040,Juwan Johnson,TE,2024,8,7,6.3,5.48326012220344,5.131852752880922,5.42,3.3
00-0036040,Juwan Johnson,TE,2024,9,8,5.1,5.832263237564597,5.444781209781209,5.566666666666666,6.3
00-0036040,Juwan Johnson,TE,2024,10,9,3.2,5.7651640488679705,5.217760617760618,5.5,5.1
00-0036040,Juwan Johnson,TE,2024,11,10,10.5,5.515478095371897,4.845610521235521,5.2124999999999995,3.2
00-0036040,Juwan Johnson,TE,2024,13,11,6.1,6.410392613258915,6.174575289575289,5.8,10.5
00-0036040,Juwan Johnson,TE,2024,14,13,13.0,6.196330871027929,6.133144787644787,5.83,6.1
00-0036040,Juwan Johnson,TE,2024,15,14,2.2,7.299836097001385,7.791898911898912,6.4818181818181815,13.0
00-0036040,Juwan Johnson,TE,2024,16,15,3.7,6.116835139966706,6.499444980694981,6.125,2.2
00-0036040,Juwan Johnson,TE,2024,17,16,9.6,6.0820134141634385,5.897226017226018,5.938461538461539,3.7
00-0036040,Juwan Johnson,TE,2024,18,17,11.0,6.508097880879606,6.819247104247104,6.2,9.6
00-0036139,Rico Dowdle,RB,2024,4,3,12.6,6.936775815051917,6.427747747747748,6.233333333333333,7.1
00-0036139,Rico Dowdle,RB,2024,5,4,18.4,8.475785005294787,8.427178571428572,7.825,12.6
00-0036139,Rico Dowdle,RB,2024,6,5,8.0,10.339226980030517,11.223154929577465,9.94,18.4
00-0036139,Rico Dowdle,RB,2024,10,9,7.1,11.304495231679386,12.73814671814672,10.985714285714286,19.2
00-0036139,Rico Dowdle,RB,2024,11,10,4.4,9.861750651839541,11.47046332046332,10.5,7.1
00-0036139,Rico Dowdle,RB,2024,12,11,9.3,9.22043127353727,9.904380094380095,9.822222222222223,4.4
00-0036139,Rico Dowdle,RB,2024,13,12,19.8,9.215777144886893,9.664596525096524,9.77,9.3
00-0036139,Rico Dowdle,RB,2024,14,13,14.6,10.85314724091853,11.689215514215515,10.681818181818182,19.8
00-0036139,Rico Dowdle,RB,2024,15,14,14.9,11.056148586871114,12.420561454311454,11.008333333333333,14.6
00-0036139,Rico Dowdle,RB,2024,16,15,6.6,11.53153506770123,12.65338728838729,11.307692307692308,14.9
00-0036139,Rico Dowdle,RB,2024,17,16,9.3,10.38297816809494,11.416679536679538,10.971428571428572,6.6
00-0036139,Rico Dowdle,RB,2024,18,17,15.4,10.411815358667104,11.1671583011583,10.86,9.3
00-0036158,J.K. Dobbins,RB,2024,4,3,7.7,13.429989222149754,15.0431981981982,15.966666666666667,6.9
00-0036158,J.K. Dobbins,RB,2024,6,4,17.2,11.830775904964346,12.692485714285716,13.9,7.7
00-0036158,J.K. Dobbins,RB,2024,7,6,8.1,12.799039891717703,14.022389244558259,14.56,17.2
00-0036158,J.K. Dobbins,RB,2024,8,7,14.8,11.652141198717885,12.53202380952381,13.483333333333333,8.1
00-0036158,J.K. Dobbins,RB,2024,9,8,23.5,12.571828247025236,12.817432432432433,13.67142857142857,14.8
00-0036158,J.K. Dobbins,RB,2024,10,9,7.0,13.988054224702417,15.195289575289577,14.9,23.5
00-0036158,J.K. Dobbins,RB,2024,11,10,18.4,12.389975044893875,13.5340132990133,14.022222222222222,7.0
00-0036158,J.K. Dobbins,RB,2024,12,11,7.4,13.538263383312332,14.897138996138995,14.459999999999999,18.4
00-0036158,J.K. Dobbins,RB,2024,18,17,9.0,12.775958435492488,13.681833976833978,13.9,14.8
00-0036182,Nick Westbrook-Ikhine,WR,2024,9,8,13.5,8.439585465449717,8.988603603603604,8.766666666666667,10.9
00-0036182,Nick Westbrook-Ikhine,WR,2024,10,9,4.6,9.47838274282256,10.446785714285713,9.95,13.5
00-0036182,Nick Westbrook-Ikhine,WR,2024,11,10,18.7,8.156927092797659,8.769574903969271,8.88,4.6
00-0036182,Nick Westbrook-Ikhine,WR,2024,12,11,11.8,10.225325445826098,11.317242599742599,10.516666666666666,18.7
00-0036182,Nick Westbrook-Ikhine,WR,2024,13,12,19.6,9.833441778655153,11.5446138996139,10.7,11.8
00-0036182,Nick Westbrook-Ikhine,WR,2024,14,13,2.4,11.477683118288613,13.577212837837838,11.8125,19.6
00-0036182,Nick Westbrook-Ikhine,WR,2024,15,14,1.9,9.155855190473199,10.941402831402833,10.766666666666667,2.4
00-0036182,Nick Westbrook-Ikhine,WR,2024,16,15,8.7,8.329452167106476,8.738424710424711,9.88,1.9
00-0036182,Nick Westbrook-Ikhine,WR,2024,17,16,5.2,8.37240246726017,8.938775008775009,9.772727272727273,8.7
00-0036182,Nick Westbrook-Ikhine,WR,2024,18,17,7.0,8.158710910563927,7.795847812097812,9.391666666666667,5.2
00-0036196,Gabe Davis,WR,2024,4,3,0.3,5.589403555439463,5.128828828828829,5.433333333333334,2.8
00-0036196,Gabe Davis,WR,2024,5,4,3.3,4.4034969648153774,3.570757142857143,4.15,0.3
00-0036196,Gabe Davis,WR,2024,6,5,19.0,4.461465784795992,3.52002304737516,3.98,3.3
00-0036196,Gabe Davis,WR,2024,7,6,1.8,7.275160078497847,7.505286357786357,6.483333333333333,19.0
00-0036196,Gabe Davis,WR,2024,11,10,0.8,5.652799497144296,5.1650072393822395,5.3875,2.4
00-0036212,Tua Tagovailoa,QB,2024,9,8,17.54,13.533175041644494,12.748414414414416,12.926666666666668,14.66
00-0036212,Tua Tagovailoa,QB,2024,10,9,8.18,14.383822072642017,14.313925714285713,14.08,17.54
00-0036212,Tua Tagovailoa,QB,2024,11,10,23.52,13.221187448708584,12.567193341869398,12.9,8.18
00-0036212,Tua Tagovailoa,QB,2024,12,11,28.48,15.516280415059919,15.387306949806948,14.67,23.52
00-0036212,Tua Tagovailoa,QB,2024,13,12,25.2,17.222002421144865,18.489513513513515,16.642857142857142,28.48
00-0036212,Tua Tagovailoa,QB,2024,14,13,23.54,18.261845457653475,20.48587306949807,17.7125,25.2
00-0036212,Tua Tagovailoa,QB,2024,15,14,3.84,18.56098048803178,21.278552123552124,18.36,23.54
00-0036212,Tua Tagovailoa,QB,2024,16,15,12.5,15.533291056195635,17.199201544401546,16.908,3.84
00-0036223,Jonathan Taylor,RB,2024,4,3,18.3,15.382172565666952,18.057432432432435,17.1,26.0
00-0036223,Jonathan Taylor,RB,2024,9,8,7.4,15.702308078786993,18.095346991037133,17.56,18.2
00-0036223,Jonathan Taylor,RB,2024,10,9,13.2,13.355610460942051,15.331402831402832,15.866666666666667,7.4
00-0036223,Jonathan Taylor,RB,2024,11,10,6.5,13.398245668415115,14.98299227799228,15.485714285714286,13.2
00-0036223,Jonathan Taylor,RB,2024,12,11,3.5,11.89030604317876,12.973902027027027,14.3625,6.5
00-0036223,Jonathan Taylor,RB,2024,13,12,16.8,11.051292967708417,10.341838266838266,13.155555555555555,3.5
00-0036223,Jonathan Taylor,RB,2024,15,13,11.6,12.283353530078028,11.71227027027027,13.52,16.8
00-0036223,Jonathan Taylor,RB,2024,16,15,39.8,12.099626178893198,11.55890136890137,13.345454545454546,11.6
00-0036223,Jonathan Taylor,RB,2024,17,16,26.6,15.844609777115485,18.215936293436293,15.55,39.8
00-0036223,Jonathan Taylor,RB,2024,18,17,24.5,15.682456009697153,20.11403474903475,16.4,26.6
00-0036232,Harrison Bryant,TE,2024,7,6,2.9,3.385074961883865,2.5663963963963967,2.3333333333333335,3.9
00-0036232,Harrison Bryant,TE,2024,9,7,3.2,3.5507201722663577,2.66545,2.475,2.9
00-0036244,Colby Parkinson,TE,2024,4,3,5.3,4.5224128204819865,3.8295945945945946,4.0,3.6
00-0036244,Colby Parkinson,TE,2024,5,4,8.7,4.809046755059034,4.314692857142857,4.325,5.3
00-0036244,Colby Parkinson,TE,2024,7,5,4.2,5.772362265555878,5.5564596670934705,5.2,8.7
00-0036244,Colby Parkinson,TE,2024,8,7,2.7,5.443985674813137,5.192033462033462,5.033333333333333,4.2
00-0036244,Colby Parkinson,TE,2024,12,11,1.5,5.744275544791492,5.560697393822394,5.1625,8.4
00-0036244,Colby Parkinson,TE,2024,13,12,1.8,4.978828823844561,4.649676104676105,4.7555555555555555,1.5
00-0036244,Colby Parkinson,TE,2024,14,13,1.6,4.840225086232704,3.9692818532818537,4.46,1.8
00-0036244,Colby Parkinson,TE,2024,15,14,3.1,4.528581270497943,3.286409266409266,4.2,1.6
00-0036244,Colby Parkinson,TE,2024,16,15,0.0,4.664261637226763,3.265271879021879,4.108333333333333,3.1
00-0036244,Colby Parkinson,TE,2024,17,16,0.0,4.241405284803254,2.602828927828928,3.792307692307692,0.0
00-0036244,Colby Parkinson,TE,2024,18,17,1.1,4.196545703959064,1.893600386100386,3.5214285714285714,0.0
00-0036251,Zack Moss,RB,2024,4,3,15.8,11.557493135168698,12.541441441441442,12.166666666666666,18.2
00-0036251,Zack Moss,RB,2024,5,4,6.7,12.066568552809526,13.585992857142855,13.075,15.8
00-0036251,Zack Moss,RB,2024,6,5,0.0,10.824987892550604,11.61398847631242,11.8,6.7
00-0036251,Zack Moss,RB,2024,7,6,5.5,8.586230316124936,8.64956241956242,9.833333333333334,0.0
00-0036251,Zack Moss,RB,2024,8,7,5.9,8.289721946349134,7.757277992277992,9.214285714285714,5.5
00-0036252,Michael Pittman,WR,2024,4,3,14.3,5.370868903173296,4.807657657657657,4.766666666666667,5.6
00-0036252,Michael Pittman,WR,2024,5,4,12.2,7.450735758981465,7.8930428571428575,7.15,14.3
00-0036252,Michael Pittman,WR,2024,6,5,11.0,8.215887685520292,9.078938540332906,8.16,12.2
00-0036252,Michael Pittman,WR,2024,7,6,7.8,8.651124521463426,9.526550836550836,8.633333333333333,11.0
00-0036252,Michael Pittman,WR,2024,8,7,2.1,8.18947587397612,9.221158301158301,8.514285714285714,7.8
00-0036252,Michael Pittman,WR,2024,9,8,1.9,7.030129629198808,7.668718629343629,7.7125,2.1
00-0036252,Michael Pittman,WR,2024,11,9,7.1,6.352561815213965,6.378912483912484,7.066666666666666,1.9
00-0036252,Michael Pittman,WR,2024,12,11,12.6,6.781588298136267,6.304113899613899,7.07,7.1
00-0036252,Michael Pittman,WR,2024,13,12,6.7,7.796911303208853,7.584238329238328,7.572727272727272,12.6
00-0036252,Michael Pittman,WR,2024,15,13,6.8,7.595983733083253,7.262799227799228,7.5,6.7
00-0036252,Michael Pittman,WR,2024,16,15,2.9,7.599311657949869,7.154319869319869,7.446153846153846,6.8
00-0036252,Michael Pittman,WR,2024,17,16,21.4,6.864570540131434,6.403021235521235,7.121428571428571,2.9
00-0036252,Michael Pittman,WR,2024,18,17,10.2,8.89080570080431,9.922133848133848,8.073333333333332,21.4
00-0036259,Jauan Jennings,WR,2024,4,3,10.3,15.934858035744357,20.292297297297296,18.2,41.0
00-0036259,Jauan Jennings,WR,2024,5,4,1.8,12.964154694152644,16.95792142857143,16.225,10.3
00-0036259,Jauan Jennings,WR,2024,6,5,4.2,10.759068788502626,12.634537772087068,13.34,1.8
00-0036259,Jauan Jennings,WR,2024,11,10,20.1,9.60095840463421,11.182162162162161,11.957142857142857,12.8
00-0036259,Jauan Jennings,WR,2024,12,11,6.5,11.295018300738748,13.597195945945947,12.975,20.1
00-0036259,Jauan Jennings,WR,2024,13,12,7.1,10.657143758340823,10.923826683826682,12.255555555555556,6.5
00-0036259,Jauan Jennings,WR,2024,14,13,24.5,10.245108678233194,10.125949806949807,11.74,7.1
00-0036259,Jauan Jennings,WR,2024,15,14,4.1,12.021302748485738,13.807625482625483,12.9,24.5
00-0036259,Jauan Jennings,WR,2024,16,15,7.1,10.2200950791388,11.890534105534107,12.166666666666666,4.1
00-0036259,Jauan Jennings,WR,2024,17,16,10.2,10.272362636254275,10.799278289278288,11.776923076923078,7.1
00-0036259,Jauan Jennings,WR,2024,18,17,8.7,10.024053956484105,10.399700772200772,11.664285714285715,10.2
00-0036261,Brandon Aiyuk,WR,2024,4,3,5.8,6.147743441616902,6.010810810810811,5.8,7.3
00-0036261,Brandon Aiyuk,WR,2024,5,4,18.7,6.166132111118709,5.933714285714285,5.8,5.8
00-0036261,Brandon Aiyuk,WR,2024,6,5,4.7,8.697677382367711,9.541361075544174,8.379999999999999,18.7
00-0036261,Brandon Aiyuk,WR,2024,7,6,3.3,7.380538943328645,8.24601673101673,7.766666666666667,4.7
00-0036264,Jordan Love,QB,2024,6,5,25.62,18.606629413155847,20.076126126126127,20.173333333333332,15.96
00-0036264,Jordan Love,QB,2024,7,6,16.8,20.4102545006888,21.88301,21.535,25.62
00-0036264,Jordan Love,QB,2024,8,7,5.74,18.924066640977,20.428647631242,20.588,16.8
00-0036264,Jordan Love,QB,2024,9,8,10.92,16.349106984781887,16.675774774774773,18.113333333333333,5.74
00-0036264,Jordan Love,QB,2024,11,9,20.24,15.606258046339386,15.31377606177606,17.085714285714285,10.92
00-0036264,Jordan Love,QB,2024,12,11,14.72,16.69513949941167,16.128679536679538,17.48,20.24
00-0036264,Jordan Love,QB,2024,13,12,18.96,16.48524312130398,15.867048906048904,17.173333333333332,14.72
00-0036264,Jordan Love,QB,2024,14,13,14.54,17.273724924748638,16.31216525096525,17.352,18.96
00-0036264,Jordan Love,QB,2024,15,14,17.56,16.659279328169152,15.946186732186732,17.096363636363638,14.54
00-0036264,Jordan Love,QB,2024,16,15,11.48,17.07592581773248,16.738462355212356,17.135,17.56
00-0036264,Jordan Love,QB,2024,17,16,14.0,16.214223562636928,15.786111969111968,16.7,11.48
00-0036264,Jordan Love,QB,2024,18,17,2.76,16.34742335041172,15.288789575289574,16.507142857142856,14.0
00-0036268,Laviska Shenault Jr.,WR,2024,4,3,2.3,2.338386170247059,0.8035135135135134,0.8,0.7
00-0036268,Laviska Shenault Jr.,WR,2024,6,4,6.0,2.7211750095940377,1.29005,1.175,2.3
00-0036268,Laviska Shenault Jr.,WR,2024,8,6,1.5,3.630648623236914,2.6181037131882205,2.14,6.0
00-0036275,D'Andre Swift,RB,2024,4,3,26.0,6.375047697775772,5.472522522522523,5.466666666666667,5.2
00-0036275,D'Andre Swift,RB,2024,5,4,19.0,10.926102904095965,12.148114285714286,10.6,26.0
00-0036275,D'Andre Swift,RB,2024,6,5,19.9,11.913027224356629,14.018371318822023,12.28,19.0
00-0036275,D'Andre Swift,RB,2024,8,6,18.9,13.280511439610931,15.440530888030889,13.55,19.9
00-0036275,D'Andre Swift,RB,2024,9,8,11.2,13.450517555756203,16.593822393822393,14.314285714285713,18.9
00-0036275,D'Andre Swift,RB,2024,10,9,7.0,12.549294554653365,15.557533783783782,13.924999999999999,11.2
00-0036275,D'Andre Swift,RB,2024,11,10,15.4,11.486552190957775,13.818112398112397,13.155555555555555,7.0
00-0036275,D'Andre Swift,RB,2024,12,11,8.0,12.225476521257018,13.722806949806948,13.379999999999999,15.4
00-0036275,D'Andre Swift,RB,2024,13,12,8.4,11.407125164801522,12.20465601965602,12.89090909090909,8.0
00-0036275,D'Andre Swift,RB,2024,14,13,4.5,11.40230746077845,11.110852638352638,12.516666666666666,8.4
00-0036275,D'Andre Swift,RB,2024,15,14,9.4,10.552707722399857,9.437123552123552,11.9,4.5
00-0036275,D'Andre Swift,RB,2024,16,15,6.8,10.856703528728628,9.52076254826255,11.721428571428572,9.4
00-0036275,D'Andre Swift,RB,2024,17,16,10.1,10.461326169327496,9.149326898326898,11.393333333333333,6.8
00-0036275,D'Andre Swift,RB,2024,18,17,12.5,10.956719521827457,9.285398166023166,11.3125,10.1
00-0036290,Cole Kmet,TE,2024,4,3,4.9,8.460268482238078,10.01981981981982,8.766666666666666,20.7
00-0036290,Cole Kmet,TE,2024,5,4,7.2,7.101563444544944,8.304028571428573,7.8,4.9
00-0036290,Cole Kmet,TE,2024,6,5,21.5,7.381618878576827,7.968979513444303,7.68,7.2
00-0036290,Cole Kmet,TE,2024,8,6,3.9,9.597992300422284,11.419243886743887,9.983333333333333,21.5
00-0036290,Cole Kmet,TE,2024,10,8,2.3,7.954988718174486,9.87310810810811,9.114285714285714,3.9
00-0036290,Cole Kmet,TE,2024,11,10,5.7,7.2471780179798975,8.193515926640927,8.2625,2.3
00-0036290,Cole Kmet,TE,2024,12,11,9.9,6.935855586998803,7.166951951951951,7.977777777777778,5.7
00-0036290,Cole Kmet,TE,2024,13,12,4.1,7.54586218788259,7.925214285714286,8.17,9.9
00-0036290,Cole Kmet,TE,2024,15,13,1.9,7.049788800054851,7.086467181467182,7.8,4.1
00-0036290,Cole Kmet,TE,2024,16,15,7.9,6.84757467026697,5.444422458172458,7.308333333333334,1.9
00-0036290,Cole Kmet,TE,2024,18,16,1.3,7.17976367825697,6.163209088209088,7.3538461538461535,7.9
00-0036309,Darnell Mooney,WR,2024,4,3,7.1,8.71589291671357,10.103558558558559,9.633333333333333,10.6
00-0036309,Darnell Mooney,WR,2024,5,4,27.0,8.392991975119767,9.107714285714286,9.0,7.1
00-0036309,Darnell Mooney,WR,2024,6,5,5.3,11.947901444660955,14.167490396927015,12.6,27.0
00-0036309,Darnell Mooney,WR,2024,7,6,7.1,9.686092595070997,11.821850064350063,11.383333333333333,5.3
00-0036309,Darnell Mooney,WR,2024,8,7,16.6,9.554985444822961,10.981447876447877,10.771428571428572,7.1
00-0036309,Darnell Mooney,WR,2024,9,8,17.3,10.25571428123532,12.141640926640925,11.5,16.6
00-0036309,Darnell Mooney,WR,2024,10,9,12.1,11.084726641659547,13.385015015015014,12.144444444444444,17.3
00-0036309,Darnell Mooney,WR,2024,11,10,3.7,10.975157722697434,13.242011583011582,12.14,12.1
00-0036309,Darnell Mooney,WR,2024,13,11,3.5,9.79317505330215,10.506690066690068,11.372727272727273,3.7
00-0036309,Darnell Mooney,WR,2024,14,13,17.2,8.966460072103661,9.150929858429858,10.716666666666667,3.5
00-0036309,Darnell Mooney,WR,2024,15,14,0.0,10.278397489462167,11.125809325809325,11.215384615384615,17.2
00-0036309,Darnell Mooney,WR,2024,16,15,10.7,8.612007727387583,8.461274131274132,10.414285714285715,0.0
00-0036309,Darnell Mooney,WR,2024,17,16,4.7,9.694146336752391,8.770411840411839,10.433333333333334,10.7
00-0036322,Justin Jefferson,WR,2024,4,3,17.5,14.756775791464728,17.596126126126126,17.433333333333334,17.1
00-0036322,Justin Jefferson,WR,2024,5,4,12.2,14.985967162737635,17.55827142857143,17.45,17.5
00-0036322,Justin Jefferson,WR,2024,7,5,17.9,13.714617474342324,16.036715749039693,16.4,12.2
00-0036322,Justin Jefferson,WR,2024,8,7,15.5,14.309486134816659,16.53122586872587,16.65,17.9
00-0036322,Justin Jefferson,WR,2024,9,8,18.08,14.018676643060623,16.37283783783784,16.485714285714288,15.5
00-0036322,Justin Jefferson,WR,2024,10,9,7.3,14.59737511715601,16.616587837837837,16.685,18.08
00-0036322,Justin Jefferson,WR,2024,11,10,11.1,12.867832783901168,14.398858858858858,15.642222222222221,7.3
00-0036322,Justin Jefferson,WR,2024,12,11,3.7,12.769574200400898,13.587437065637065,15.188,11.1
00-0036322,Justin Jefferson,WR,2024,13,12,13.4,11.149929306601576,11.456191646191645,14.143636363636363,3.7
00-0036322,Justin Jefferson,WR,2024,14,13,28.7,12.038030305968762,11.827197232947233,14.081666666666667,13.4
00-0036322,Justin Jefferson,WR,2024,15,14,16.8,13.994798934371214,15.624285120285121,15.206153846153846,28.7
00-0036322,Justin Jefferson,WR,2024,16,15,31.4,13.74446055408546,15.773563706563708,15.32,16.8
00-0036322,Justin Jefferson,WR,2024,17,16,13.2,15.734133776944796,19.496292664092664,16.392,31.4
00-0036322,Justin Jefferson,WR,2024,18,17,6.9,13.929310651371708,18.205579633204632,16.1925,13.2
00-0036328,Antonio Gibson,RB,2024,4,3,9.4,6.47839683620071,6.099639639639641,5.933333333333334,5.2
00-0036328,Antonio Gibson,RB,2024,5,4,6.1,7.573572225217904,7.166228571428571,6.800000000000001,9.4
00-0036328,Antonio Gibson,RB,2024,6,5,5.8,7.162573241862059,6.848042253521127,6.66,6.1
00-0036328,Antonio Gibson,RB,2024,7,6,1.8,7.138830082147298,6.5706788931788935,6.516666666666667,5.8
00-0036328,Antonio Gibson,RB,2024,8,7,0.7,6.253969561816928,5.55488416988417,5.842857142857143,1.8
00-0036328,Antonio Gibson,RB,2024,9,8,1.6,5.699416969687599,4.210810810810811,5.2,0.7
00-0036328,Antonio Gibson,RB,2024,10,9,2.6,5.410400587446303,3.6064478764478762,4.8,1.6
00-0036328,Antonio Gibson,RB,2024,11,10,2.5,5.489994336749695,3.231088803088803,4.58,2.6
00-0036328,Antonio Gibson,RB,2024,12,11,5.0,5.5010448802301095,3.037474552474552,4.390909090909091,2.5
00-0036328,Antonio Gibson,RB,2024,13,12,12.2,5.844701234284802,3.4644288931788934,4.441666666666666,5.0
00-0036328,Antonio Gibson,RB,2024,15,13,7.4,6.786203087848614,5.544253044253044,5.038461538461538,12.2
00-0036328,Antonio Gibson,RB,2024,16,15,4.6,6.740462168727866,6.096322393822393,5.207142857142857,7.4
00-0036328,Antonio Gibson,RB,2024,17,16,6.3,6.576655450930159,5.866750321750322,5.166666666666667,4.6
00-0036328,Antonio Gibson,RB,2024,18,17,8.1,6.5657825617680325,6.0308663127413125,5.2375,6.3
00-0036331,Devin Duvernay,WR,2024,5,3,0.3,2.0293238382944754,0.3725225225225225,0.3666666666666667,0.4
00-0036331,Devin Duvernay,WR,2024,13,11,3.3,1.995427167265687,0.25005505761843794,0.28,0.0
00-0036331,Devin Duvernay,WR,2024,14,13,1.6,2.5664757552174384,1.0323326898326899,0.7833333333333333,3.3
00-0036331,Devin Duvernay,WR,2024,15,14,5.7,2.590619493359334,1.1893629343629344,0.9,1.6
00-0036331,Devin Duvernay,WR,2024,16,15,0.8,3.3623068535220946,2.2934942084942085,1.5,5.7
00-0036331,Devin Duvernay,WR,2024,17,16,0.9,2.9411403080182037,1.9682217932217934,1.4222222222222223,0.8
00-0036345,K.J. Osborn,WR,2024,8,7,0.0,4.812130421141486,4.276171428571428,3.8,9.6
00-0036345,K.J. Osborn,WR,2024,10,8,0.0,3.7322743243249,3.0444609475032007,3.04,0.0
00-0036355,Justin Herbert,QB,2024,4,3,11.16,11.498291066240082,10.028648648648648,10.12,9.0
00-0036355,Justin Herbert,QB,2024,6,4,13.68,11.849062735845465,10.40028,10.379999999999999,11.16
00-0036355,Justin Herbert,QB,2024,7,6,14.76,12.470415198019369,11.327731113956466,11.04,13.68
00-0036355,Justin Herbert,QB,2024,8,7,24.06,13.096826651809332,12.192606177606178,11.66,14.76
00-0036355,Justin Herbert,QB,2024,9,8,19.48,14.981216647125317,15.176467181467181,13.43142857142857,24.06
00-0036355,Justin Herbert,QB,2024,10,9,19.76,15.30480454348231,16.286080598455598,14.1875,19.48
00-0036355,Justin Herbert,QB,2024,11,10,24.38,15.913241659461953,17.26224839124839,14.806666666666667,19.76
00-0036355,Justin Herbert,QB,2024,12,11,17.62,16.785587060981047,19.004210810810807,15.764,24.38
00-0036355,Justin Herbert,QB,2024,13,12,7.98,16.46357689647848,18.693435240435242,15.932727272727274,17.62
00-0036355,Justin Herbert,QB,2024,14,13,13.72,15.02733921699567,16.240442084942085,15.27,7.98
00-0036355,Justin Herbert,QB,2024,15,14,13.8,15.083158733084007,15.340429462429462,15.150769230769232,13.72
00-0036355,Justin Herbert,QB,2024,16,15,22.16,14.957865452071804,14.839903474903474,15.054285714285715,13.8
00-0036355,Justin Herbert,QB,2024,17,16,24.44,16.254483722451603,16.298417760617763,15.528,22.16
00-0036355,Justin Herbert,QB,2024,18,17,28.04,17.08146715773403,17.751074324324325,16.085,24.44
00-0036358,CeeDee Lamb,WR,2024,4,3,20.1,9.97336168649362,11.282027027027027,11.6,6.7
00-0036358,CeeDee Lamb,WR,2024,5,4,8.9,12.370537342800244,14.162635714285717,13.725,20.1
00-0036358,CeeDee Lamb,WR,2024,6,5,12.6,10.826143810194166,12.653419974391806,12.76,8.9
00-0036358,CeeDee Lamb,WR,2024,8,6,33.1,11.338070681231967,12.644871299871301,12.733333333333334,12.6
00-0036358,CeeDee Lamb,WR,2024,9,8,12.2,14.504729711671441,17.768938223938225,15.642857142857142,33.1
00-0036358,CeeDee Lamb,WR,2024,10,9,5.4,13.027520216541278,16.35844835907336,15.2125,12.2
00-0036358,CeeDee Lamb,WR,2024,11,10,14.6,11.777015646017098,14.05009438009438,14.122222222222222,5.4
00-0036358,CeeDee Lamb,WR,2024,12,11,11.8,11.831526771989623,13.968978764478763,14.17,14.6
00-0036358,CeeDee Lamb,WR,2024,13,12,4.9,11.551950505020697,13.660731835731838,13.954545454545455,11.8
00-0036358,CeeDee Lamb,WR,2024,14,13,18.4,10.692142183174836,11.727818532818532,13.200000000000001,4.9
00-0036358,CeeDee Lamb,WR,2024,15,14,22.1,12.290100525780637,12.563667953667952,13.6,18.4
00-0036358,CeeDee Lamb,WR,2024,16,15,14.0,13.07596162796882,14.764816602316602,14.207142857142857,22.1
00-0036387,Jalen Reagor,WR,2024,10,9,-0.2,3.4176503109217133,2.3594594594594596,2.5,0.5
00-0036387,Jalen Reagor,WR,2024,11,10,0.0,2.9093749311138906,1.5327785714285715,1.825,-0.2
00-0036387,Jalen Reagor,WR,2024,12,11,3.0,2.5865062548012356,1.1119795134443022,1.46,0.0
00-0036387,Jalen Reagor,WR,2024,14,12,0.9,3.049218817548639,1.6120881595881595,1.7166666666666666,3.0
00-0036389,Jalen Hurts,QB,2024,4,3,16.32,16.158904315503676,16.663675675675677,17.060000000000002,10.94
00-0036389,Jalen Hurts,QB,2024,6,4,21.86,16.489330900903415,16.567958571428573,16.875,16.32
00-0036389,Jalen Hurts,QB,2024,7,6,22.76,17.373323253776174,18.07965710627401,17.872,21.86
00-0036389,Jalen Hurts,QB,2024,8,7,35.14,18.338426925715876,19.267912483912482,18.686666666666667,22.76
00-0036389,Jalen Hurts,QB,2024,9,8,29.9,20.953916587183198,23.27756756756757,21.037142857142857,35.14
00-0036389,Jalen Hurts,QB,2024,10,9,29.68,21.487942642925333,24.759340733590733,22.145,29.9
00-0036389,Jalen Hurts,QB,2024,11,10,18.74,22.30036139869212,26.2825577005577,22.982222222222223,29.68
00-0036389,Jalen Hurts,QB,2024,12,11,15.06,20.865172571271053,24.704778764478764,22.558,18.74
00-0036389,Jalen Hurts,QB,2024,13,12,17.62,19.749351499514606,22.47183924183924,21.876363636363635,15.06
00-0036389,Jalen Hurts,QB,2024,14,13,24.22,19.344757364642522,21.326324646074646,21.52166666666667,17.62
00-0036389,Jalen Hurts,QB,2024,15,14,28.1,20.26443335905156,21.50208405108405,21.72923076923077,24.22
00-0036389,Jalen Hurts,QB,2024,16,15,4.54,21.263623086510467,22.690059845559844,22.184285714285714,28.1
00-0036407,Jerry Jeudy,WR,2024,4,3,10.2,8.230718150841223,8.621936936936937,8.833333333333334,6.7
00-0036407,Jerry Jeudy,WR,2024,5,4,2.1,8.700565529098784,9.143707142857142,9.175,10.2
00-0036407,Jerry Jeudy,WR,2024,6,5,4.0,7.0080183473302675,7.151313700384122,7.76,2.1
00-0036407,Jerry Jeudy,WR,2024,7,6,2.3,6.717350587853374,6.373809523809523,7.133333333333334,4.0
00-0036407,Jerry Jeudy,WR,2024,8,7,10.4,5.968703841500471,5.265694980694981,6.442857142857143,2.3
00-0036407,Jerry Jeudy,WR,2024,9,8,10.8,7.0890778599746636,6.397256274131274,6.9375,10.4
00-0036407,Jerry Jeudy,WR,2024,11,9,23.2,7.562702407468629,7.45443371943372,7.366666666666667,10.8
00-0036407,Jerry Jeudy,WR,2024,12,11,11.5,9.745221623398143,11.016959459459459,8.95,23.2
00-0036407,Jerry Jeudy,WR,2024,13,12,36.0,9.173822172093447,11.326454896454896,9.181818181818182,11.5
00-0036407,Jerry Jeudy,WR,2024,14,13,14.9,12.55864589888193,17.056315958815958,11.416666666666666,36.0
00-0036407,Jerry Jeudy,WR,2024,15,14,16.3,11.139573422999458,16.749538164538166,11.684615384615384,14.9
00-0036407,Jerry Jeudy,WR,2024,16,15,3.0,11.710119339950532,16.55627413127413,12.014285714285714,16.3
00-0036407,Jerry Jeudy,WR,2024,17,16,15.4,9.379243428100358,13.471191763191765,11.413333333333334,3.0
00-0036407,Jerry Jeudy,WR,2024,18,17,9.3,10.477662742272258,13.417338320463319,11.6625,15.4
00-0036410,Tee Higgins,WR,2024,6,5,11.2,11.842973932175898,14.295225225225224,13.066666666666666,24.8
00-0036410,Tee Higgins,WR,2024,7,6,16.2,10.987467418510535,13.238857142857142,12.6,11.2
00-0036410,Tee Higgins,WR,2024,13,11,15.4,13.793057611204624,16.893999356499357,15.316666666666666,25.3
00-0036410,Tee Higgins,WR,2024,14,13,3.3,13.38949263862849,16.869208494208493,15.32857142857143,15.4
00-0036410,Tee Higgins,WR,2024,15,14,17.3,11.276115256336213,13.802611003861005,13.825,3.3
00-0036410,Tee Higgins,WR,2024,16,15,15.8,12.2723110461135,14.24415915915916,14.211111111111112,17.3
00-0036410,Tee Higgins,WR,2024,17,16,34.6,12.294004492560587,14.711546332046332,14.370000000000001,15.8
00-0036410,Tee Higgins,WR,2024,18,17,7.3,15.408493543879322,19.204591084591087,16.20909090909091,34.6
00-0036414,Cam Akers,RB,2024,5,4,11.7,6.276240436312922,5.735900900900901,5.566666666666666,5.3
00-0036414,Cam Akers,RB,2024,6,5,-0.1,7.915256122354322,7.668657142857143,7.1,11.7
00-0036414,Cam Akers,RB,2024,10,9,5.2,6.554909236931033,5.673700128700128,5.766666666666667,6.3
00-0036414,Cam Akers,RB,2024,11,10,10.6,6.241777478553188,5.68911196911197,5.685714285714286,5.2
00-0036414,Cam Akers,RB,2024,12,11,3.0,7.34301331916844,6.744054054054054,6.3,10.6
00-0036414,Cam Akers,RB,2024,13,12,2.2,6.541231273208438,5.887535392535392,5.933333333333334,3.0
00-0036414,Cam Akers,RB,2024,14,13,3.7,6.291246292205045,4.827409266409266,5.56,2.2
00-0036414,Cam Akers,RB,2024,15,14,8.4,6.108911689484609,4.782822042822042,5.390909090909091,3.7
00-0036414,Cam Akers,RB,2024,16,15,0.3,6.74637820479583,5.585471364221364,5.641666666666667,8.4
00-0036414,Cam Akers,RB,2024,17,16,10.3,5.93247878544436,4.415286605286606,5.230769230769231,0.3
00-0036414,Cam Akers,RB,2024,18,17,7.9,7.047590268278762,5.559083011583011,5.5928571428571425,10.3
00-0036415,Van Jefferson,WR,2024,5,4,4.1,3.2897372295427463,2.183828828828829,2.033333333333333,3.1
00-0036415,Van Jefferson,WR,2024,7,5,8.5,3.7944552783526415,2.8009,2.55,4.1
00-0036415,Van Jefferson,WR,2024,8,7,8.2,4.921663249892352,4.402866837387964,3.7399999999999998,8.5
00-0036415,Van Jefferson,WR,2024,10,8,0.0,5.51405953010757,5.343104890604891,4.483333333333333,8.2
00-0036415,Van Jefferson,WR,2024,11,10,0.0,4.491764640772887,4.1543436293436296,3.8428571428571425,0.0
00-0036415,Van Jefferson,WR,2024,12,11,4.9,3.95110088378441,3.1994425675675675,3.3625,0.0
00-0036415,Van Jefferson,WR,2024,13,12,4.8,4.283011407720251,3.613172458172458,3.533333333333333,4.9
00-0036415,Van Jefferson,WR,2024,14,13,7.5,4.543668204405024,3.8680077220077225,3.6599999999999997,4.8
00-0036415,Van Jefferson,WR,2024,15,14,0.5,5.222689550151208,4.527004212004211,4.009090909090909,7.5
00-0036415,Van Jefferson,WR,2024,16,15,3.7,4.52320504838307,3.4540379665379666,3.716666666666667,0.5
00-0036415,Van Jefferson,WR,2024,17,16,0.0,4.740148716788111,3.6467166617166615,3.7153846153846155,3.7
00-0036415,Van Jefferson,WR,2024,18,17,3.3,4.123056094118811,2.9672490347490346,3.4499999999999997,0.0
00-0036422,Adam Trautman,TE,2024,7,5,0.0,2.6871026819843187,1.5440540540540542,1.4,2.4
00-0036422,Adam Trautman,TE,2024,8,7,16.5,2.3578067496606114,1.0360714285714285,1.05,0.0
00-0036422,Adam Trautman,TE,2024,9,8,0.9,5.421759421980476,5.413916773367477,4.14,16.5
00-0036422,Adam Trautman,TE,2024,10,9,3.9,4.085363750745037,4.196988416988417,3.6,0.9
00-0036422,Adam Trautman,TE,2024,11,10,0.0,4.503954457183784,4.2487065637065635,3.642857142857143,3.9
00-0036422,Adam Trautman,TE,2024,12,11,0.8,3.434310056952407,3.282574806949807,3.1875,0.0
00-0036422,Adam Trautman,TE,2024,13,12,0.0,3.380330972486903,2.7216966966966964,2.922222222222222,0.8
00-0036422,Adam Trautman,TE,2024,15,13,9.0,3.0641479454941436,2.194689189189189,2.63,0.0
00-0036422,Adam Trautman,TE,2024,16,15,1.0,4.512039817563565,3.2774482274482275,3.209090909090909,9.0
00-0036422,Adam Trautman,TE,2024,17,16,1.0,3.909889691612649,2.8404681467181465,3.025,1.0
00-0036425,DeeJay Dallas,RB,2024,16,15,6.6,3.6493738768604937,1.9245642857142857,2.175,1.5
00-0036425,DeeJay Dallas,RB,2024,17,16,1.0,4.715826009254945,3.2591946222791295,3.06,6.6
00-0036425,DeeJay Dallas,RB,2024,18,17,3.2,4.1865022095833515,2.6712194337194335,2.716666666666667,1.0
00-0036427,Tyler Johnson,WR,2024,4,3,0.0,5.695951835846562,5.232207207207208,5.633333333333334,3.5
00-0036427,Tyler Johnson,WR,2024,8,7,1.1,5.390014599501128,4.7527810499359795,4.92,7.7
00-0036427,Tyler Johnson,WR,2024,9,8,5.3,4.5322942594258375,3.8256531531531532,4.283333333333333,1.1
00-0036427,Tyler Johnson,WR,2024,10,9,4.0,5.200578586463967,3.976679536679536,4.428571428571429,5.3
00-0036427,Tyler Johnson,WR,2024,12,10,1.6,4.967680643957823,4.03644305019305,4.375,4.0
00-0036427,Tyler Johnson,WR,2024,13,12,0.0,4.683052092926543,3.495379665379665,4.066666666666666,1.6
00-0036429,Charlie Woerner,TE,2024,14,13,1.6,2.3333124493664377,0.8924071428571428,0.925,1.0
00-0036429,Charlie Woerner,TE,2024,15,14,1.7,2.4723246317888052,1.094156209987196,1.06,1.6
00-0036429,Charlie Woerner,TE,2024,16,15,0.0,2.6305239536198948,1.2476190476190476,1.1666666666666667,1.7
00-0036429,Charlie Woerner,TE,2024,17,16,1.1,2.412577910917218,0.9477992277992278,1.0,0.0
00-0036442,Joe Burrow,QB,2024,4,3,16.28,16.800623757915883,17.94072972972973,16.88,25.36
00-0036442,Joe Burrow,QB,2024,5,4,33.78,16.508038122672975,17.357677142857142,16.73,16.28
00-0036442,Joe Burrow,QB,2024,6,5,19.82,20.06611818482743,21.978110115236877,20.14,33.78
00-0036442,Joe Burrow,QB,2024,7,6,14.94,18.995355589099187,21.337163449163448,20.086666666666666,19.82
00-0036442,Joe Burrow,QB,2024,8,7,12.86,18.340330447122295,20.172934362934363,19.35142857142857,14.94
00-0036442,Joe Burrow,QB,2024,9,8,29.14,17.031361443062,18.475301158301157,18.54,12.86
00-0036442,Joe Burrow,QB,2024,10,9,33.72,19.087672666716283,20.759191334191335,19.717777777777776,29.14
00-0036442,Joe Burrow,QB,2024,11,10,29.04,20.734398546528716,23.877875289575293,21.118,33.72
00-0036442,Joe Burrow,QB,2024,13,11,19.26,21.495950281042894,24.560525798525802,21.83818181818182,29.04
00-0036442,Joe Burrow,QB,2024,14,13,24.56,20.443861280964416,23.366085585585587,21.623333333333335,19.26
00-0036442,Joe Burrow,QB,2024,15,14,16.84,20.682718024367347,23.82513424413424,21.84923076923077,24.56
00-0036442,Joe Burrow,QB,2024,16,15,21.98,19.674013450966928,22.531957528957527,21.49142857142857,16.84
00-0036442,Joe Burrow,QB,2024,17,16,36.98,20.2249033731024,22.11070501930502,21.524,21.98
00-0036442,Joe Burrow,QB,2024,18,17,12.98,22.094996537647816,24.928426640926638,22.49,36.98
00-0036510,Kenny Yeboah,TE,2024,17,16,0.0,3.2623231125805137,2.5382999999999996,2.55,0.0
00-0036510,Kenny Yeboah,TE,2024,18,17,3.0,2.9892431980435505,1.8203316261203584,2.04,0.0
00-0036527,D.J. Turner,WR,2024,5,4,2.2,4.20527919409257,3.552612612612613,3.1333333333333333,7.8
00-0036527,D.J. Turner,WR,2024,6,5,4.7,3.7866434709127152,3.0957428571428567,2.9,2.2
00-0036527,D.J. Turner,WR,2024,7,6,2.7,4.369626932912814,3.541089628681178,3.2600000000000002,4.7
00-0036527,D.J. Turner,WR,2024,8,7,11.2,4.049233155070367,3.312232947232947,3.1666666666666665,2.7
00-0036527,D.J. Turner,WR,2024,12,11,1.5,5.113766519492045,5.239811776061776,4.325,4.4
00-0036527,D.J. Turner,WR,2024,13,12,3.0,4.76812353602325,4.220529815529816,4.011111111111111,1.5
00-0036550,Rashod Bateman,WR,2024,4,3,2.8,7.391890510337874,7.629009009009009,7.366666666666667,10.3
00-0036550,Rashod Bateman,WR,2024,5,4,13.8,6.110518986098868,6.047921428571428,6.225,2.8
00-0036550,Rashod Bateman,WR,2024,6,5,9.1,7.953056110703892,8.250145966709347,7.74,13.8
00-0036550,Rashod Bateman,WR,2024,7,6,20.1,7.769080204185585,8.443178893178894,7.966666666666667,9.1
00-0036550,Rashod Bateman,WR,2024,8,7,3.3,9.965460581845091,11.387915057915059,9.700000000000001,20.1
00-0036550,Rashod Bateman,WR,2024,9,8,4.0,8.047002149379729,9.56853281853282,8.9,3.3
00-0036550,Rashod Bateman,WR,2024,10,9,14.4,7.668484967655858,8.192938652938652,8.355555555555556,4.0
00-0036550,Rashod Bateman,WR,2024,11,10,4.0,8.506580318784188,9.83549806949807,8.96,14.4
00-0036550,Rashod Bateman,WR,2024,12,11,11.3,7.648727301135873,8.308008073008073,8.50909090909091,4.0
00-0036550,Rashod Bateman,WR,2024,16,15,7.9,9.970571836165396,11.379351054351055,9.723076923076924,21.5
00-0036550,Rashod Bateman,WR,2024,17,16,1.7,9.196783811347522,10.785299227799229,9.592857142857143,7.9
00-0036550,Rashod Bateman,WR,2024,18,17,16.1,8.223194629681723,8.939510939510939,9.066666666666666,1.7
00-0036554,Nico Collins,WR,2024,4,3,27.1,13.388277856154417,15.951036036036033,16.266666666666666,10.6
00-0036554,Nico Collins,WR,2024,5,4,14.8,16.43119337518432,19.58962142857143,18.975,27.1
00-0036554,Nico Collins,WR,2024,12,11,17.7,13.277263766438788,15.436573359073359,16.35,7.4
00-0036554,Nico Collins,WR,2024,13,12,15.9,13.761969425707866,16.057355212355212,16.542857142857144,17.7
00-0036554,Nico Collins,WR,2024,15,13,15.7,13.721044894320016,15.778747586872587,16.4625,15.9
00-0036554,Nico Collins,WR,2024,16,15,9.5,13.992323410889988,15.97556199056199,16.377777777777776,15.7
00-0036554,Nico Collins,WR,2024,17,16,7.4,13.126589907536705,14.098527027027025,15.69,9.5
00-0036554,Nico Collins,WR,2024,18,17,12.3,12.289490551272152,12.625140400140399,14.936363636363636,7.4
00-0036555,Chuba Hubbard,RB,2024,4,3,20.1,11.644836921350878,13.63126126126126,12.133333333333333,25.4
00-0036555,Chuba Hubbard,RB,2024,5,4,15.5,13.181691169043752,15.674321428571428,14.125,20.1
00-0036555,Chuba Hubbard,RB,2024,6,5,12.8,13.361106014704832,15.555685019206145,14.4,15.5
00-0036555,Chuba Hubbard,RB,2024,7,6,11.2,12.680147916930615,14.794581724581725,14.133333333333333,12.8
00-0036555,Chuba Hubbard,RB,2024,8,7,8.1,12.176474361128944,14.35073359073359,13.714285714285714,11.2
00-0036555,Chuba Hubbard,RB,2024,9,8,20.2,11.351800054734651,12.980900096525097,13.0125,8.1
00-0036555,Chuba Hubbard,RB,2024,10,9,22.9,12.999284825676085,14.253329043329042,13.811111111111112,20.2
00-0036555,Chuba Hubbard,RB,2024,12,10,14.5,14.056421869019033,16.036343629343627,14.719999999999999,22.9
00-0036555,Chuba Hubbard,RB,2024,13,12,2.3,13.756255037505033,15.629324324324324,14.7,14.5
00-0036555,Chuba Hubbard,RB,2024,14,13,18.7,11.72981261373965,12.6509009009009,13.666666666666666,2.3
00-0036555,Chuba Hubbard,RB,2024,15,14,6.9,12.870362765611997,14.122147312147312,14.053846153846154,18.7
00-0036555,Chuba Hubbard,RB,2024,16,15,30.5,11.571839737304773,12.721505791505791,13.542857142857143,6.9
00-0036590,Quintin Morris,TE,2024,18,17,3.5,2.836951524474521,1.7631571428571429,2.15,0.0
00-0036613,Jaylen Waddle,WR,2024,4,3,5.6,7.565614453077299,7.722657657657657,8.266666666666666,4.6
00-0036613,Jaylen Waddle,WR,2024,5,4,6.6,7.007367194806728,7.054371428571429,7.6,5.6
00-0036613,Jaylen Waddle,WR,2024,7,5,1.6,7.010156711817969,6.950160051216389,7.3999999999999995,6.6
00-0036613,Jaylen Waddle,WR,2024,8,7,6.5,6.027581342907067,5.602072072072072,6.433333333333333,1.6
00-0036613,Jaylen Waddle,WR,2024,9,8,6.6,6.5613961169802675,5.570733590733591,6.442857142857143,6.5
00-0036613,Jaylen Waddle,WR,2024,10,9,7.1,6.591117781799977,5.824693532818532,6.4624999999999995,6.6
00-0036613,Jaylen Waddle,WR,2024,11,10,4.7,6.866344165891014,6.20048906048906,6.533333333333333,7.1
00-0036613,Jaylen Waddle,WR,2024,12,11,24.4,6.567516274428217,5.889951737451737,6.35,4.7
00-0036613,Jaylen Waddle,WR,2024,13,12,9.3,8.998677128648225,10.138671463671463,7.99090909090909,24.4
00-0036613,Jaylen Waddle,WR,2024,14,13,16.4,8.179761432025776,10.123552123552123,8.1,9.3
00-0036613,Jaylen Waddle,WR,2024,15,14,0.0,9.420640105800846,11.538191268191268,8.738461538461538,16.4
00-0036626,Dyami Brown,WR,2024,5,4,12.7,3.1964449098725507,1.9513063063063065,2.066666666666667,0.9
00-0036626,Dyami Brown,WR,2024,6,5,1.6,5.637001008461509,5.451607142857142,4.725,12.7
00-0036626,Dyami Brown,WR,2024,7,6,2.8,4.559471100884763,4.32887323943662,4.1,1.6
00-0036626,Dyami Brown,WR,2024,8,7,1.1,4.653971366152737,3.926444658944659,3.8833333333333333,2.8
00-0036626,Dyami Brown,WR,2024,9,8,2.9,3.930215898349008,3.267915057915058,3.4857142857142858,1.1
00-0036626,Dyami Brown,WR,2024,10,9,-0.30000000000000004,4.0897395812046575,3.212116312741313,3.4125,2.9
00-0036626,Dyami Brown,WR,2024,11,10,0.9,3.5636085027839446,2.472335907335907,3.0,-0.30000000000000004
00-0036626,Dyami Brown,WR,2024,12,11,4.6,3.791726094662567,1.7743378378378378,2.79,0.9
00-0036626,Dyami Brown,WR,2024,13,12,5.9,4.1601014127203175,2.4855194805194802,2.9545454545454546,4.6
00-0036626,Dyami Brown,WR,2024,15,13,4.5,4.567085316562128,3.2763899613899614,3.2,5.9
00-0036626,Dyami Brown,WR,2024,16,15,5.6,4.669438540460967,3.623166023166023,3.3,4.5
00-0036626,Dyami Brown,WR,2024,18,16,3.9,4.873670722450781,4.068619691119691,3.4642857142857144,5.6
00-0036628,John Bates,TE,2024,12,11,-0.19999999999999996,2.920110838575354,1.7644199743918052,1.52,2.7
00-0036628,John Bates,TE,2024,16,15,0.0,2.6029278087259886,1.256003861003861,1.2142857142857144,1.1
00-0036628,John Bates,TE,2024,17,16,1.9,2.3750587594078927,0.9599444980694981,1.0625,0.0
00-0036628,John Bates,TE,2024,18,17,0.0,2.656493490202718,1.1718382668382668,1.1555555555555557,1.9
00-0036630,Tylan Wallace,WR,2024,12,11,2.0,6.974104503704257,7.86572072072072,8.133333333333333,1.3
00-0036630,Tylan Wallace,WR,2024,13,12,2.4,6.150063035646733,5.968942857142856,6.6,2.0
00-0036630,Tylan Wallace,WR,2024,15,13,1.3,5.167577341758011,4.986941101152369,5.76,2.4
00-0036630,Tylan Wallace,WR,2024,17,15,0.7,4.726608444200908,4.080215572715573,5.016666666666667,1.3
00-0036630,Tylan Wallace,WR,2024,18,17,0.0,4.312306853928452,3.2774131274131273,4.4,0.7
00-0036637,Noah Gray,TE,2024,5,4,3.9,4.914639385915336,4.404774774774775,4.333333333333333,6.0
00-0036637,Noah Gray,TE,2024,7,5,8.6,4.710037376114122,4.237721428571429,4.225,3.9
00-0036637,Noah Gray,TE,2024,8,7,3.8,5.74936148101124,5.471939820742637,5.1,8.6
00-0036637,Noah Gray,TE,2024,9,8,0.0,5.2699467508023226,5.026000643500644,4.883333333333333,3.8
00-0036637,Noah Gray,TE,2024,10,9,2.8,4.493914970562647,3.7696718146718142,4.185714285714286,0.0
00-0036637,Noah Gray,TE,2024,11,10,16.3,4.413763986448334,3.6230622586872587,4.0125,2.8
00-0036637,Noah Gray,TE,2024,12,11,20.6,6.328920969683213,6.5573766623766625,5.377777777777778,16.3
00-0036637,Noah Gray,TE,2024,13,12,7.8,8.004128483291538,9.856428571428573,6.9,20.6
00-0036637,Noah Gray,TE,2024,14,13,4.6,7.4305086504996956,9.264061074061075,6.981818181818182,7.8
00-0036637,Noah Gray,TE,2024,15,14,9.1,6.771607257322821,8.265131917631917,6.783333333333333,4.6
00-0036637,Noah Gray,TE,2024,16,15,1.5,6.855680577678152,8.653681318681318,6.961538461538462,9.1
00-0036637,Noah Gray,TE,2024,17,16,1.1,5.977587931653424,7.160868725868726,6.571428571428571,1.5
00-0036637,Noah Gray,TE,2024,18,17,0.2,5.749895892063986,5.461947232947233,6.206666666666667,1.1
00-0036646,Simi Fehoko,WR,2024,8,7,0.0,5.169810123573552,4.759369369369369,4.533333333333333,6.0
00-0036646,Simi Fehoko,WR,2024,9,8,0.0,4.031136845534144,3.2024,3.4000000000000004,0.0
00-0036754,Brock Wright,TE,2024,6,4,0.0,3.5915512203403632,2.8755405405405408,2.8,2.3
00-0036754,Brock Wright,TE,2024,8,6,7.3,3.041848504236595,1.9373142857142858,2.1,0.0
00-0036754,Brock Wright,TE,2024,9,8,0.6,4.167191192026029,3.462553137003841,3.14,7.3
00-0036754,Brock Wright,TE,2024,11,9,7.0,3.4573906374663594,2.7141731016731017,2.716666666666667,0.6
00-0036754,Brock Wright,TE,2024,12,11,3.4,4.484096357198196,3.8466602316602314,3.3285714285714287,7.0
00-0036754,Brock Wright,TE,2024,13,12,1.8,4.151676051346612,3.661503378378378,3.3375,3.4
00-0036754,Brock Wright,TE,2024,14,13,0.0,4.032599424077046,3.253275418275418,3.1666666666666665,1.8
00-0036849,Tutu Atwell,WR,2024,5,4,9.5,8.696228484330241,9.488603603603604,9.266666666666666,10.2
00-0036849,Tutu Atwell,WR,2024,7,5,8.1,8.851889494892877,9.48332142857143,9.325,9.5
00-0036849,Tutu Atwell,WR,2024,8,7,2.3,8.548438492606211,9.08467733674776,9.08,8.1
00-0036849,Tutu Atwell,WR,2024,9,8,2.1,7.203628666036353,7.347461389961389,7.95,2.3
00-0036849,Tutu Atwell,WR,2024,10,9,1.1,6.454199922271715,6.1072007722007715,7.114285714285714,2.1
00-0036849,Tutu Atwell,WR,2024,11,10,2.6,5.7682164686732715,4.759654922779923,6.3625,1.1
00-0036849,Tutu Atwell,WR,2024,12,11,4.5,5.7221391590466295,4.135246675246675,5.944444444444445,2.6
00-0036849,Tutu Atwell,WR,2024,13,12,4.9,5.937227161347189,4.126351351351351,5.8,4.5
00-0036849,Tutu Atwell,WR,2024,14,13,6.0,6.130938939383515,4.257290277290277,5.718181818181818,4.9
00-0036849,Tutu Atwell,WR,2024,15,14,1.1,6.308211445313654,4.806706885456885,5.741666666666666,6.0
00-0036849,Tutu Atwell,WR,2024,16,15,1.7,5.684425762304605,4.126024651024651,5.384615384615385,1.1
00-0036849,Tutu Atwell,WR,2024,18,16,6.2,5.502973406519033,3.7709169884169884,5.121428571428571,1.7
00-0036862,Ben Skowronek,WR,2024,16,15,3.5,3.2044568692596385,2.0392792792792793,1.9666666666666668,2.2
00-0036875,Rhamondre Stevenson,RB,2024,4,3,6.2,10.219988357062782,10.881936936936938,12.133333333333335,0.3
00-0036875,Rhamondre Stevenson,RB,2024,5,4,17.2,9.33997236571128,9.409985714285714,10.65,6.2
00-0036875,Rhamondre Stevenson,RB,2024,7,5,3.5,10.884402332490255,11.670487836107554,11.96,17.2
00-0036875,Rhamondre Stevenson,RB,2024,8,7,22.0,9.312998874814168,9.592635135135136,10.55,3.5
00-0036875,Rhamondre Stevenson,RB,2024,9,8,19.9,12.031605302228051,12.331949806949808,12.185714285714285,22.0
00-0036875,Rhamondre Stevenson,RB,2024,10,9,8.2,12.482154881005942,14.023677606177607,13.15,19.9
00-0036875,Rhamondre Stevenson,RB,2024,11,10,10.9,11.670048643626465,13.086332046332046,12.6,8.2
00-0036875,Rhamondre Stevenson,RB,2024,12,11,3.3,11.43265698993595,12.794361003861003,12.43,10.9
00-0036875,Rhamondre Stevenson,RB,2024,13,12,10.9,9.93059294706157,10.440096525096525,11.6,3.3
00-0036875,Rhamondre Stevenson,RB,2024,15,13,9.0,10.567892802785208,10.85626287001287,11.541666666666666,10.9
00-0036875,Rhamondre Stevenson,RB,2024,16,15,11.8,10.43009575644936,10.08877932877933,11.346153846153847,9.0
00-0036875,Rhamondre Stevenson,RB,2024,17,16,0.1,11.112162996129927,10.203233590733591,11.378571428571428,11.8
00-0036876,Kylen Granson,TE,2024,7,6,0.0,2.6133078219093733,1.5057357142857142,1.475,0.0
00-0036876,Kylen Granson,TE,2024,8,7,0.9,2.4388943104310967,1.078147247119078,1.18,0.0
00-0036876,Kylen Granson,TE,2024,9,8,2.7,2.3842961702945287,1.0374388674388673,1.1333333333333333,0.9
00-0036876,Kylen Granson,TE,2024,10,9,2.5,2.7495562800292674,1.4893243243243242,1.3571428571428572,2.7
00-0036876,Kylen Granson,TE,2024,11,10,0.9,2.930223171771852,1.7306949806949807,1.5,2.5
00-0036876,Kylen Granson,TE,2024,12,11,0.0,2.8662858008198415,1.4255276705276705,1.4333333333333333,0.9
00-0036876,Kylen Granson,TE,2024,13,12,0.0,2.665272730013477,1.144395752895753,1.29,0.0
00-0036876,Kylen Granson,TE,2024,15,13,6.2,2.545708892412518,0.9301263601263603,1.1727272727272728,0.0
00-0036876,Kylen Granson,TE,2024,17,15,4.9,3.308849121583278,2.140809202059202,1.5916666666666668,6.2
00-0036876,Kylen Granson,TE,2024,18,17,1.2,3.5333104422839154,2.707601722601723,1.8461538461538463,4.9
00-0036887,Luke Farrell,TE,2024,5,4,2.7,2.247583008948236,0.8284684684684684,0.9666666666666666,0.0
00-0036887,Luke Farrell,TE,2024,10,9,2.6,2.599561814618273,1.3154891165172855,1.32,1.0
00-0036887,Luke Farrell,TE,2024,11,10,0.8,2.9485304220859754,1.6445624195624198,1.5333333333333334,2.6
00-0036887,Luke Farrell,TE,2024,13,11,0.0,2.7382046372409414,1.4081467181467184,1.4285714285714286,0.8
00-0036887,Luke Farrell,TE,2024,18,16,0.9,2.7372238210850917,1.3097190047190048,1.3111111111111111,1.8
00-0036893,Najee Harris,RB,2024,4,3,8.8,9.24310549181969,9.31018018018018,9.133333333333333,11.1
00-0036893,Najee Harris,RB,2024,5,4,8.7,9.099685340922743,9.1371,9.05,8.8
00-0036893,Najee Harris,RB,2024,6,5,19.2,9.124499610109954,9.009478873239438,8.98,8.7
00-0036893,Najee Harris,RB,2024,7,6,16.2,10.910355034917558,11.617004504504504,10.683333333333334,19.2
00-0036893,Najee Harris,RB,2024,8,7,14.6,11.405052907929662,12.83030888030888,11.471428571428572,16.2
00-0036893,Najee Harris,RB,2024,10,8,11.3,11.776612343911484,13.371585424710425,11.8625,14.6
00-0036893,Najee Harris,RB,2024,11,10,11.3,11.292405132596802,12.888069498069498,11.8,11.3
00-0036893,Najee Harris,RB,2024,12,11,6.4,11.160237641889628,12.605260617760617,11.75,11.3
00-0036893,Najee Harris,RB,2024,13,12,21.9,10.303428979695655,11.270921375921377,11.263636363636364,6.4
00-0036893,Najee Harris,RB,2024,14,13,11.3,12.15965482183023,13.40273166023166,12.15,21.9
00-0036893,Najee Harris,RB,2024,15,14,2.6,11.471190445798372,12.75614048114048,12.084615384615384,11.3
00-0036893,Najee Harris,RB,2024,16,15,4.2,10.42727897509912,10.38769305019305,11.407142857142857,2.6
00-0036893,Najee Harris,RB,2024,17,16,9.1,9.688948986419694,9.053425997425997,10.926666666666666,4.2
00-0036893,Najee Harris,RB,2024,18,17,13.6,9.90297636766699,9.107541023166023,10.8125,9.1
00-0036894,Pat Freiermuth,TE,2024,4,3,14.2,5.622243875261497,5.331621621621621,5.3,5.3
00-0036894,Pat Freiermuth,TE,2024,5,4,7.7,7.635466715410056,8.214464285714286,7.525,14.2
00-0036894,Pat Freiermuth,TE,2024,6,5,2.6,7.3450145383361045,8.038003841229195,7.56,7.7
00-0036894,Pat Freiermuth,TE,2024,7,6,6.1,6.479220824114737,6.6227863577863575,6.733333333333333,2.6
00-0036894,Pat Freiermuth,TE,2024,8,7,2.9,6.411005504307861,6.565096525096525,6.642857142857142,6.1
00-0036894,Pat Freiermuth,TE,2024,10,8,9.2,5.786362601058292,5.707022200772201,6.175,2.9
00-0036894,Pat Freiermuth,TE,2024,11,10,2.4,6.640411378099946,6.570433290433291,6.511111111111111,9.2
00-0036894,Pat Freiermuth,TE,2024,12,11,7.9,5.977660752883506,5.328494208494208,6.1,2.4
00-0036894,Pat Freiermuth,TE,2024,13,12,15.8,6.6323829380381145,5.878180063180063,6.263636363636364,7.9
00-0036894,Pat Freiermuth,TE,2024,14,13,12.3,7.667551813904941,8.266768018018018,7.058333333333334,15.8
00-0036894,Pat Freiermuth,TE,2024,15,14,9.7,7.988670037357449,9.175689040689042,7.461538461538462,12.3
00-0036894,Pat Freiermuth,TE,2024,16,15,3.1,8.036164428033574,9.406110038610038,7.621428571428571,9.7
00-0036894,Pat Freiermuth,TE,2024,17,16,7.5,7.029951581327441,7.905088803088804,7.32,3.1
00-0036894,Pat Freiermuth,TE,2024,18,17,18.5,7.244988427390197,7.971439430501931,7.33125,7.5
00-0036898,Davis Mills,QB,2024,18,17,6.22,4.645862406376072,0.9478378378378379,1.12,0.2
00-0036900,Ja'Marr Chase,WR,2024,4,3,16.0,12.46052523316134,14.988693693693694,13.833333333333334,26.8
00-0036900,Ja'Marr Chase,WR,2024,5,4,36.3,12.401765192968023,15.270792857142858,14.375,16.0
00-0036900,Ja'Marr Chase,WR,2024,6,5,9.7,17.16764420845999,21.183259923175417,18.759999999999998,36.3
00-0036900,Ja'Marr Chase,WR,2024,7,6,15.1,14.014012442561357,18.12676640926641,17.25,9.7
00-0036900,Ja'Marr Chase,WR,2024,8,7,15.9,14.25452687591813,17.658281853281853,16.942857142857143,15.1
00-0036900,Ja'Marr Chase,WR,2024,9,8,7.8,13.61738919446085,17.630243725868727,16.8125,15.9
00-0036900,Ja'Marr Chase,WR,2024,10,9,49.9,12.548198694506418,14.942305877305877,15.81111111111111,7.8
00-0036900,Ja'Marr Chase,WR,2024,11,10,23.0,17.959378005167068,23.084779922779923,19.22,49.9
00-0036900,Ja'Marr Chase,WR,2024,13,11,17.6,16.747703013448056,22.38516848016848,19.563636363636363,23.0
00-0036900,Ja'Marr Chase,WR,2024,14,13,38.1,16.75991569213476,21.58137065637066,19.4,17.6
00-0036900,Ja'Marr Chase,WR,2024,15,14,13.9,18.374515335410376,25.387457677457682,20.838461538461537,38.1
00-0036900,Ja'Marr Chase,WR,2024,16,15,19.4,16.259070348122,22.87888030888031,20.34285714285714,13.9
00-0036900,Ja'Marr Chase,WR,2024,17,16,14.7,16.84053845537435,22.477787644787647,20.28,19.4
00-0036900,Ja'Marr Chase,WR,2024,18,17,20.6,15.995517872119605,19.661072635135135,19.93125,14.7
00-0036906,Khalil Herbert,RB,2024,14,13,1.6,4.097587932326514,2.4729714285714284,2.6,1.4
00-0036906,Khalil Herbert,RB,2024,15,14,0.4,3.8274928092405323,2.2315492957746477,2.4,1.6
00-0036906,Khalil Herbert,RB,2024,17,15,2.3,3.5817617116136384,1.770746460746461,2.066666666666667,0.4
00-0036906,Khalil Herbert,RB,2024,18,17,11.8,3.7908774385379775,1.9611583011583011,2.1,2.3
00-0036912,DeVonta Smith,WR,2024,7,6,0.3,12.029293429209323,13.56785,13.575000000000001,13.9
00-0036912,DeVonta Smith,WR,2024,8,7,17.5,8.834125463437912,9.812569782330346,10.92,0.3
00-0036912,DeVonta Smith,WR,2024,9,8,16.7,10.836887142750037,11.833960746460749,12.016666666666667,17.5
00-0036912,DeVonta Smith,WR,2024,10,9,2.4,11.242494581834954,13.043725868725868,12.685714285714287,16.7
00-0036912,DeVonta Smith,WR,2024,11,10,4.9,9.681530129797993,10.315598455598456,11.4,2.4
00-0036912,DeVonta Smith,WR,2024,15,14,22.5,9.39670326608017,9.580664092664094,10.78,11.7
00-0036912,DeVonta Smith,WR,2024,16,15,8.1,11.314773575563034,12.938978588978589,11.845454545454546,22.5
00-0036912,DeVonta Smith,WR,2024,17,16,27.0,10.37774235250622,11.616994851994852,11.533333333333333,8.1
00-0036919,Kenneth Gainwell,RB,2024,4,3,0.9,3.418372186584041,1.5386486486486486,1.5,2.2
00-0036919,Kenneth Gainwell,RB,2024,6,4,2.3,3.2502411028492175,1.3293857142857144,1.35,0.9
00-0036919,Kenneth Gainwell,RB,2024,7,6,7.2,3.5402278681027206,1.6050499359795132,1.54,2.3
00-0036919,Kenneth Gainwell,RB,2024,8,7,1.9,4.502950960264476,3.034321106821107,2.4833333333333334,7.2
00-0036919,Kenneth Gainwell,RB,2024,9,8,1.5,4.1689952333999365,2.7796525096525095,2.4,1.9
00-0036919,Kenneth Gainwell,RB,2024,10,9,4.4,4.096082831414791,2.53077944015444,2.2875,1.5
00-0036919,Kenneth Gainwell,RB,2024,11,10,5.4,4.341719888914317,2.972797082797083,2.522222222222222,4.4
00-0036919,Kenneth Gainwell,RB,2024,12,11,8.2,4.715473940341742,3.5868397683397686,2.81,5.4
00-0036919,Kenneth Gainwell,RB,2024,14,12,4.3,5.39430543974258,4.6475868725868725,3.3,8.2
00-0036919,Kenneth Gainwell,RB,2024,15,14,7.5,5.242931647402732,4.400324967824968,3.3833333333333333,4.3
00-0036919,Kenneth Gainwell,RB,2024,16,15,1.8,5.724353572613401,5.122895752895753,3.7,7.5
00-0036919,Kenneth Gainwell,RB,2024,17,16,1.4,5.101415455622795,4.421476833976834,3.564285714285714,1.8
00-0036919,Kenneth Gainwell,RB,2024,18,17,3.3,4.933883676733475,3.699432432432433,3.42,1.4
00-0036945,Justin Fields,QB,2024,4,3,31.98,14.569246652092696,14.326063063063062,13.906666666666666,18.4
00-0036945,Justin Fields,QB,2024,5,4,15.94,18.46561731465724,20.05039,18.425,31.98
00-0036945,Justin Fields,QB,2024,6,5,23.7,17.372959527736835,18.814207170294495,17.928,15.94
00-0036945,Justin Fields,QB,2024,12,11,2.6,14.678364637442609,15.7261583011583,16.434285714285714,1.7
00-0036945,Justin Fields,QB,2024,13,12,0.7,13.29770199558419,12.740958494208494,14.705,2.6
00-0036945,Justin Fields,QB,2024,15,13,0.8,11.495956581737651,9.788771342771343,13.148888888888889,0.7
00-0036955,Terrace Marshall,WR,2024,16,15,0.0,2.323438537277245,0.8375225225225225,0.7666666666666667,1.2
00-0036955,Terrace Marshall,WR,2024,17,16,3.3,2.1645904436910373,0.5622785714285714,0.575,0.0
00-0036963,Amon-Ra St. Brown,WR,2024,4,3,17.78,10.980374087539982,13.229189189189189,12.399999999999999,17.0
00-0036963,Amon-Ra St. Brown,WR,2024,6,4,11.7,12.410781242073885,14.675595714285713,13.745,17.78
00-0036963,Amon-Ra St. Brown,WR,2024,7,6,21.2,11.654494418003257,13.79170243277849,13.336,11.7
00-0036963,Amon-Ra St. Brown,WR,2024,8,7,7.7,13.194965293157342,15.666425997425998,14.646666666666667,21.2
00-0036963,Amon-Ra St. Brown,WR,2024,9,8,15.1,11.494130632990785,14.107718146718147,13.654285714285715,7.7
00-0036963,Amon-Ra St. Brown,WR,2024,10,9,15.0,12.277683872866316,14.211616795366794,13.834999999999999,15.1
00-0036963,Amon-Ra St. Brown,WR,2024,11,10,33.2,12.163370131345015,14.281713856713857,13.964444444444444,15.0
00-0036963,Amon-Ra St. Brown,WR,2024,12,11,9.2,15.05467077166266,18.543946718146717,15.888,33.2
00-0036963,Amon-Ra St. Brown,WR,2024,13,12,9.8,12.95120140581612,16.492401544401545,15.28,9.2
00-0036963,Amon-Ra St. Brown,WR,2024,14,13,7.8,12.668973000889023,14.737877091377094,14.823333333333334,9.8
00-0036963,Amon-Ra St. Brown,WR,2024,15,14,30.3,11.3924558414199,13.432378081378083,14.283076923076923,7.8
00-0036963,Amon-Ra St. Brown,WR,2024,16,15,16.0,14.088645484023194,17.183013513513515,15.427142857142858,30.3
00-0036963,Amon-Ra St. Brown,WR,2024,17,16,16.0,13.404374632539838,16.885685199485202,15.465333333333334,16.0
00-0036963,Amon-Ra St. Brown,WR,2024,18,17,10.7,13.995483698647103,16.02402195945946,15.49875,16.0
00-0036970,Kyle Pitts,TE,2024,4,3,0.0,6.664831418745451,6.665855855855856,6.833333333333333,6.9
00-0036970,Kyle Pitts,TE,2024,5,4,12.3,4.826668843521202,4.5048071428571435,5.125,0.0
00-0036970,Kyle Pitts,TE,2024,6,5,8.5,6.75547938117067,6.7390537772087065,6.5600000000000005,12.3
00-0036970,Kyle Pitts,TE,2024,7,6,10.0,6.780255226768189,7.181270913770914,6.883333333333334,8.5
00-0036970,Kyle Pitts,TE,2024,8,7,23.1,7.5251181832678125,7.765559845559846,7.328571428571428,10.0
00-0036970,Kyle Pitts,TE,2024,9,8,1.6,9.666598577561457,11.59876447876448,9.3,23.1
00-0036970,Kyle Pitts,TE,2024,10,9,7.5,7.5360534203901794,9.286906906906907,8.444444444444445,1.6
00-0036970,Kyle Pitts,TE,2024,11,10,1.4,7.903973782788995,9.153638996138996,8.35,7.5
00-0036970,Kyle Pitts,TE,2024,13,11,0.0,6.419583823316785,7.218718848718849,7.718181818181819,1.4
00-0036970,Kyle Pitts,TE,2024,14,13,1.9,5.958617180320328,5.565207528957529,7.075,0.0
00-0036970,Kyle Pitts,TE,2024,15,14,4.8,5.720175949412254,4.677405702405703,6.676923076923077,1.9
00-0036970,Kyle Pitts,TE,2024,16,15,1.2,6.382774208258175,4.181505791505791,6.542857142857143,4.8
00-0036970,Kyle Pitts,TE,2024,17,16,12.4,6.003072534507585,3.7648893178893177,6.1866666666666665,1.2
00-0036970,Kyle Pitts,TE,2024,18,17,2.5,7.185988858286548,5.688315637065637,6.575,12.4
00-0036971,Trevor Lawrence,QB,2024,4,3,15.26,12.319366213961748,11.201693693693695,11.333333333333334,9.42
00-0036971,Trevor Lawrence,QB,2024,5,4,21.24,13.40333915994015,12.526844285714285,12.315,15.26
00-0036971,Trevor Lawrence,QB,2024,6,5,17.06,14.997800849570707,14.983717029449423,14.1,21.24
00-0036971,Trevor Lawrence,QB,2024,7,6,15.02,15.315069787231748,15.472763191763192,14.593333333333334,17.06
00-0036971,Trevor Lawrence,QB,2024,8,7,23.32,15.255270207562726,15.4751583011583,14.654285714285713,15.02
00-0036971,Trevor Lawrence,QB,2024,9,8,19.56,16.43766666923159,17.40978137065637,15.737499999999999,23.32
00-0036972,Mac Jones,QB,2024,11,10,4.22,5.09543174855547,1.855045045045045,1.4533333333333334,5.24
00-0036972,Mac Jones,QB,2024,13,11,20.0,5.651298740432962,2.6078928571428572,2.145,4.22
00-0036972,Mac Jones,QB,2024,14,13,5.1,9.144428591541491,7.510203072983355,5.716,20.0
00-0036972,Mac Jones,QB,2024,15,14,18.66,8.16891829059392,6.806828828828829,5.613333333333333,5.1
00-0036972,Mac Jones,QB,2024,16,15,13.88,10.595228879572868,9.976799227799228,7.477142857142857,18.66
00-0036972,Mac Jones,QB,2024,17,16,17.16,10.571003918177198,11.152375965250965,8.2775,13.88
00-0036972,Mac Jones,QB,2024,18,17,12.7,11.817858399706145,12.64187987987988,9.264444444444445,17.16
00-0036973,Travis Etienne,RB,2024,4,3,6.5,10.908889057660383,11.526846846846848,11.566666666666666,10.5
00-0036973,Travis Etienne,RB,2024,5,4,9.0,9.71904395790119,9.893657142857142,10.3,6.5
00-0036973,Travis Etienne,RB,2024,6,5,-0.1,9.627497263956313,9.65887195902689,10.040000000000001,9.0
00-0036973,Travis Etienne,RB,2024,10,9,4.8,7.471875460350724,6.3044401544401545,7.728571428571429,4.0
00-0036973,Travis Etienne,RB,2024,11,10,4.8,7.2680704693098965,5.7573962355212345,7.3625,4.8
00-0036973,Travis Etienne,RB,2024,13,11,7.3,7.359382793236796,5.442067782067781,7.0777777777777775,4.8
00-0036973,Travis Etienne,RB,2024,14,13,9.0,7.652611239541032,5.923030888030889,7.1,7.3
00-0036973,Travis Etienne,RB,2024,15,14,10.5,8.014028117882951,6.586477711477713,7.2727272727272725,9.0
00-0036973,Travis Etienne,RB,2024,16,15,4.7,8.467393899361593,7.749544723294723,7.541666666666667,10.5
00-0036973,Travis Etienne,RB,2024,17,16,8.0,7.9114502369448685,7.183926343926344,7.323076923076923,4.7
00-0036973,Travis Etienne,RB,2024,18,17,7.5,8.156217326225828,7.458223938223939,7.371428571428572,8.0
00-0036980,Elijah Moore,WR,2024,4,3,1.6,4.667101396621196,4.156711711711712,4.166666666666667,2.7
00-0036980,Elijah Moore,WR,2024,5,4,2.6,4.236287691949172,3.3256357142857147,3.5250000000000004,1.6
00-0036980,Elijah Moore,WR,2024,6,5,0.8,4.069958244186536,3.1291536491677343,3.3400000000000003,2.6
00-0036980,Elijah Moore,WR,2024,7,6,7.1,3.6718109577387503,2.5429954954954956,2.916666666666667,0.8
00-0036980,Elijah Moore,WR,2024,8,7,12.5,4.6102554414438455,3.690733590733591,3.5142857142857142,7.1
00-0036980,Elijah Moore,WR,2024,9,8,4.3,5.8605991621523765,5.679360521235521,4.6375,12.5
00-0036980,Elijah Moore,WR,2024,11,9,15.6,5.4521355469917845,5.407220077220077,4.6,4.3
00-0036980,Elijah Moore,WR,2024,12,11,3.6,7.018176273927718,7.870482625482626,5.7,15.6
00-0036980,Elijah Moore,WR,2024,13,12,15.2,5.852247916910402,6.954977184977184,5.509090909090909,3.6
00-0036980,Elijah Moore,WR,2024,14,13,4.9,7.469845350297139,8.957570785070784,6.316666666666666,15.2
00-0036980,Elijah Moore,WR,2024,15,14,0.9,6.393286048704289,7.951591921591921,6.207692307692308,4.9
00-0036980,Elijah Moore,WR,2024,16,15,3.1,5.908985011868864,6.112297297297298,5.828571428571428,0.9
00-0036980,Elijah Moore,WR,2024,17,16,0.6,5.577080972099279,5.492086229086229,5.6466666666666665,3.1
00-0036980,Elijah Moore,WR,2024,18,17,5.1,5.249070106795633,4.0725012065637065,5.33125,0.6
00-0036984,Trey Sermon,RB,2024,5,4,15.3,4.344559906094667,3.136756756756756,3.1999999999999997,0.8
00-0036984,Trey Sermon,RB,2024,6,5,2.9,7.3943671311886305,7.094978571428571,6.225,15.3
00-0036984,Trey Sermon,RB,2024,7,6,5.4,6.084545767183603,5.868637644046095,5.5600000000000005,2.9
00-0036984,Trey Sermon,RB,2024,8,7,1.9,6.478882794194238,5.733809523809525,5.533333333333333,5.4
00-0036984,Trey Sermon,RB,2024,9,8,1.8,5.510199949273219,4.9362355212355205,5.014285714285714,1.9
00-0036984,Trey Sermon,RB,2024,10,9,0.9,5.291094472772864,4.088737934362934,4.6125,1.8
00-0036984,Trey Sermon,RB,2024,11,10,0.8,4.874430795947083,3.475540540540541,4.2,0.9
00-0036984,Trey Sermon,RB,2024,16,15,2.5,4.977465558264665,2.4740505440505443,3.709090909090909,2.2
00-0036984,Trey Sermon,RB,2024,17,16,1.5,5.08079603523914,2.4490363577863583,3.6083333333333334,2.5
00-0036984,Trey Sermon,RB,2024,18,17,1.0,4.97080287582473,2.3254202554202554,3.4461538461538463,1.5
00-0036988,Josh Palmer,WR,2024,6,4,4.8,4.433287309877542,3.6651351351351344,3.5,5.1
00-0036988,Josh Palmer,WR,2024,7,6,8.3,4.712972581631612,4.027521428571428,3.8249999999999997,4.8
00-0036988,Josh Palmer,WR,2024,8,7,8.2,5.6181005038355805,5.227832266325224,4.72,8.3
00-0036988,Josh Palmer,WR,2024,9,8,13.3,6.064448497752136,5.964324324324324,5.3,8.2
00-0036988,Josh Palmer,WR,2024,10,9,4.1,7.288449618969443,7.878223938223939,6.442857142857143,13.3
00-0036988,Josh Palmer,WR,2024,11,10,3.3,6.415662608128786,7.078388030888031,6.15,4.1
00-0036988,Josh Palmer,WR,2024,12,11,5.3,6.057405194935018,6.209002574002573,5.833333333333333,3.3
00-0036988,Josh Palmer,WR,2024,13,12,3.6,5.920620946994704,6.02734362934363,5.78,5.3
00-0036988,Josh Palmer,WR,2024,14,13,10.8,5.726329778532222,5.3765321165321165,5.581818181818182,3.6
00-0036988,Josh Palmer,WR,2024,15,14,2.0,6.700432925632613,6.519481981981982,6.016666666666667,10.8
00-0036988,Josh Palmer,WR,2024,16,15,7.6,5.968990167924818,5.235356400356401,5.707692307692308,2.0
00-0036988,Josh Palmer,WR,2024,17,16,6.1,6.564833874318483,5.831389961389961,5.8428571428571425,7.6
00-0036997,Javonte Williams,RB,2024,4,3,9.0,6.0420123962384595,5.347432432432432,5.3,4.1
00-0036997,Javonte Williams,RB,2024,5,4,13.6,7.144286158744229,6.533378571428571,6.225,9.0
00-0036997,Javonte Williams,RB,2024,6,5,3.1,8.408112435031983,8.519865556978234,7.7,13.6
00-0036997,Javonte Williams,RB,2024,7,6,24.6,7.279423235920115,7.092844272844273,6.933333333333334,3.1
00-0036997,Javonte Williams,RB,2024,8,7,7.2,10.464382555816561,11.574131274131275,9.457142857142857,24.6
00-0036997,Javonte Williams,RB,2024,9,8,9.4,8.95096790959135,10.51601833976834,9.175,7.2
00-0036997,Javonte Williams,RB,2024,10,9,1.7,9.419227030237549,10.412548262548263,9.2,9.4
00-0036997,Javonte Williams,RB,2024,11,10,16.7,7.7011157292431,8.371322393822393,8.45,1.7
00-0036997,Javonte Williams,RB,2024,12,11,1.4,9.450494208582858,10.10318532818533,9.2,16.7
00-0036997,Javonte Williams,RB,2024,13,12,6.9,7.8275955987884975,8.32257722007722,8.55,1.4
00-0036997,Javonte Williams,RB,2024,15,13,3.3,8.61523449919106,7.444138699138699,8.423076923076923,6.9
00-0036997,Javonte Williams,RB,2024,16,15,8.8,7.726230055833484,6.591081081081081,8.057142857142857,3.3
00-0036997,Javonte Williams,RB,2024,17,16,1.0,8.40265441752703,7.074534105534106,8.106666666666667,8.8
00-0036997,Javonte Williams,RB,2024,18,17,9.3,7.465844714990463,5.997647200772201,7.6625,1.0
00-0037004,Hunter Long,TE,2024,9,8,0.9,3.104617533355933,1.9567117117117117,1.9666666666666666,2.3
00-0037004,Hunter Long,TE,2024,14,13,6.0,2.555237086713666,1.1606222791293213,1.3599999999999999,0.0
00-0037004,Hunter Long,TE,2024,15,14,2.7,3.483966605465497,2.4091763191763187,2.1333333333333333,6.0
00-0037005,Tommy Tremble,TE,2024,13,12,10.2,2.9974379578423354,1.8853764404609477,2.14,1.0
00-0037005,Tommy Tremble,TE,2024,14,13,6.8,4.678570167236351,4.026309523809523,3.4833333333333334,10.2
00-0037005,Tommy Tremble,TE,2024,15,14,2.5,4.88181231860898,4.700907335907336,3.957142857142857,6.8
00-0037005,Tommy Tremble,TE,2024,16,15,4.7,4.591156951885771,4.1475820463320465,3.775,2.5
00-0037005,Tommy Tremble,TE,2024,18,16,10.0,4.6585211370952715,4.434229944229944,3.8777777777777778,4.7
00-0037012,Trey Lance,QB,2024,18,17,12.36,4.015221736107513,0.10581981981981983,0.12666666666666668,0.14
00-0037086,Grant Calcaterra,TE,2024,6,4,8.7,3.5449321094589594,2.622342342342342,2.533333333333333,3.1
00-0037086,Grant Calcaterra,TE,2024,7,6,1.0,4.948927606689887,4.5952785714285715,4.075,8.7
00-0037086,Grant Calcaterra,TE,2024,8,7,7.3,4.054344896459676,3.554329065300896,3.46,1.0
00-0037086,Grant Calcaterra,TE,2024,9,8,5.5,5.011338244475067,4.508745173745173,4.1,7.3
00-0037086,Grant Calcaterra,TE,2024,10,9,0.0,4.920934357635015,4.841274131274131,4.3,5.5
00-0037086,Grant Calcaterra,TE,2024,12,10,0.0,4.237024295420012,3.717048745173745,3.7624999999999997,0.0
00-0037086,Grant Calcaterra,TE,2024,14,12,9.1,3.772297323628276,2.8616173316173317,3.3444444444444446,0.0
00-0037086,Grant Calcaterra,TE,2024,15,14,2.7,4.836405346974956,4.133119691119691,3.92,9.1
00-0037086,Grant Calcaterra,TE,2024,17,15,3.9,4.477544968756301,3.9025833625833624,3.809090909090909,2.7
00-0037086,Grant Calcaterra,TE,2024,18,17,2.0,4.767471466115969,3.777010939510939,3.8166666666666664,3.9
00-0037091,Bo Melton,WR,2024,6,5,3.8,3.133629441047394,1.9766666666666666,1.9333333333333333,1.7
00-0037091,Bo Melton,WR,2024,7,6,1.2,3.668854121014253,2.5678857142857145,2.4,3.8
00-0037091,Bo Melton,WR,2024,8,7,0.0,3.3184982114772708,2.173183098591549,2.16,1.2
00-0037091,Bo Melton,WR,2024,9,8,2.4,3.00098145247223,1.6161776061776059,1.7999999999999998,0.0
00-0037091,Bo Melton,WR,2024,17,16,3.3,3.103747166060948,1.4583033033033033,1.6777777777777778,1.4
00-0037091,Bo Melton,WR,2024,18,17,0.1,3.386869456171785,1.8159691119691117,1.8399999999999999,3.3
00-0037120,Tyler Goodson,RB,2024,7,6,11.1,6.38025862011728,5.931036036036036,5.466666666666667,8.5
00-0037120,Tyler Goodson,RB,2024,8,7,0.0,7.738711576384495,7.59325,6.875,11.1
00-0037120,Tyler Goodson,RB,2024,10,8,7.9,5.969752643371438,5.411779769526248,5.5,0.0
00-0037120,Tyler Goodson,RB,2024,16,15,2.2,5.437339496798353,4.810714285714286,5.1,0.3
00-0037120,Tyler Goodson,RB,2024,18,16,1.0,5.487172901493843,4.108993725868726,4.7375,2.2
00-0037197,Isiah Pacheco,RB,2024,14,13,7.1,10.203828004429367,10.668198198198198,11.266666666666667,5.4
00-0037197,Isiah Pacheco,RB,2024,15,14,5.2,9.48508700640981,9.532007142857143,10.225,7.1
00-0037197,Isiah Pacheco,RB,2024,16,15,3.0,8.505866975289909,8.336782330345711,9.22,5.2
00-0037197,Isiah Pacheco,RB,2024,17,16,1.8,7.6991396864834805,7.012969755469755,8.183333333333334,3.0
00-0037228,Jaylen Warren,RB,2024,7,6,6.9,4.830545500328164,3.366657142857143,3.5,3.3
00-0037228,Jaylen Warren,RB,2024,8,7,6.9,5.462722425950693,4.372769526248399,4.18,6.9
00-0037228,Jaylen Warren,RB,2024,10,8,8.5,5.970209582111571,5.0105083655083655,4.633333333333334,6.9
00-0037228,Jaylen Warren,RB,2024,11,10,8.8,6.576537220374573,5.9313899613899626,5.185714285714286,8.5
00-0037228,Jaylen Warren,RB,2024,12,11,13.9,6.931729017597051,6.550229247104248,5.6375,8.8
00-0037228,Jaylen Warren,RB,2024,13,12,8.4,8.008910882333325,8.453961818961819,6.555555555555555,13.9
00-0037228,Jaylen Warren,RB,2024,14,13,8.2,7.823993291832292,8.523073359073361,6.74,8.4
00-0037228,Jaylen Warren,RB,2024,15,14,2.0,7.925810703359455,8.406747981747982,6.872727272727273,8.2
00-0037228,Jaylen Warren,RB,2024,16,15,11.7,6.869690294741345,6.916904761904762,6.466666666666667,2.0
00-0037228,Jaylen Warren,RB,2024,17,16,13.7,7.863894222354113,7.908246213246213,6.869230769230769,11.7
00-0037228,Jaylen Warren,RB,2024,18,17,2.1,8.431774486516156,9.101660231660231,7.357142857142857,13.7
00-0037231,Kevin Austin,WR,2024,14,13,1.0,4.892373774230022,4.204774774774775,4.133333333333333,5.5
00-0037231,Kevin Austin,WR,2024,15,14,1.3,4.01864835819219,3.159642857142857,3.3499999999999996,1.0
00-0037231,Kevin Austin,WR,2024,16,15,2.2,3.8041247162208958,2.641765685019206,2.94,1.3
00-0037231,Kevin Austin,WR,2024,17,16,2.8,3.713298636360539,2.5430148005148006,2.8166666666666664,2.2
00-0037231,Kevin Austin,WR,2024,18,17,1.8,3.8620986832230333,2.5445559845559846,2.814285714285714,2.8
00-0037238,Drake London,WR,2024,4,3,9.4,9.891160246968635,11.647252252252253,10.866666666666667,15.7
00-0037238,Drake London,WR,2024,5,4,27.4,9.602596412588094,10.884799999999998,10.5,9.4
00-0037238,Drake London,WR,2024,6,5,16.4,13.018580540276607,15.542385403329064,13.879999999999999,27.4
00-0037238,Drake London,WR,2024,7,6,15.3,12.62197604214163,15.68196911196911,14.299999999999999,16.4
00-0037238,Drake London,WR,2024,8,7,5.4,12.996496515190154,15.999324324324323,14.442857142857143,15.3
00-0037238,Drake London,WR,2024,9,8,9.7,10.914373652254138,13.428467664092665,13.3125,5.4
00-0037238,Drake London,WR,2024,10,9,13.7,10.797676436785364,12.460858000858,12.911111111111111,9.7
00-0037238,Drake London,WR,2024,11,10,7.6,11.084779002063463,12.880515444015444,12.99,13.7
00-0037238,Drake London,WR,2024,13,11,12.8,10.76356161021033,11.163880308880309,12.5,7.6
00-0037238,Drake London,WR,2024,14,13,9.5,11.298566688118441,11.428749999999999,12.525,12.8
00-0037238,Drake London,WR,2024,15,14,12.8,10.877810806060097,10.925743985743985,12.292307692307691,9.5
00-0037238,Drake London,WR,2024,16,15,8.4,11.334074075629472,11.622934362934362,12.32857142857143,12.8
00-0037238,Drake London,WR,2024,17,16,14.1,10.764976714054411,11.02354568854569,12.066666666666666,8.4
00-0037238,Drake London,WR,2024,18,17,35.7,11.383463768930046,11.673295125482625,12.19375,14.1
00-0037239,Chris Olave,WR,2024,4,3,12.7,9.500280868972826,11.114144144144145,10.166666666666668,17.6
00-0037239,Chris Olave,WR,2024,5,4,2.0,10.003605049439448,11.591514285714286,10.8,12.7
00-0037239,Chris Olave,WR,2024,6,5,-1.0,7.998174811618949,8.841138284250961,9.040000000000001,2.0
00-0037239,Chris Olave,WR,2024,8,6,14.7,6.204972258968264,6.331209781209781,7.366666666666667,-1.0
00-0037239,Chris Olave,WR,2024,9,8,1.8,7.907818915262655,8.591718146718147,8.414285714285715,14.7
00-0037240,Jameson Williams,WR,2024,4,3,15.0,9.281971391954011,10.192972972972974,11.5,0.7
00-0037240,Jameson Williams,WR,2024,6,4,16.2,10.568796583056606,11.809221428571428,12.375,15.0
00-0037240,Jameson Williams,WR,2024,7,6,0.09999999999999998,11.28386622291016,13.07738028169014,13.139999999999999,16.2
00-0037240,Jameson Williams,WR,2024,11,10,20.6,8.939481198693025,8.6434555984556,10.371428571428572,6.8
00-0037240,Jameson Williams,WR,2024,12,11,9.3,10.609772356682672,11.491187258687258,11.65,20.6
00-0037240,Jameson Williams,WR,2024,13,12,7.1,10.098938674576832,11.360203775203777,11.38888888888889,9.3
00-0037240,Jameson Williams,WR,2024,14,13,10.5,9.79946951717649,10.242370656370657,10.96,7.1
00-0037240,Jameson Williams,WR,2024,15,14,11.2,9.719037263371744,10.131846261846261,10.918181818181818,10.5
00-0037240,Jameson Williams,WR,2024,16,15,23.5,9.92756911566801,10.772981016731016,10.941666666666666,11.2
00-0037240,Jameson Williams,WR,2024,17,16,22.0,11.704870019570462,13.78155331155331,11.907692307692308,23.5
00-0037240,Jameson Williams,WR,2024,18,17,6.4,12.387838509271154,15.25465250965251,12.628571428571428,22.0
00-0037247,George Pickens,WR,2024,4,3,12.8,7.350404088300563,7.423828828828828,7.533333333333333,8.2
00-0037247,George Pickens,WR,2024,5,4,4.1,8.478160976078724,9.176671428571428,8.85,12.8
00-0037247,George Pickens,WR,2024,6,5,6.8,7.387916677468599,7.725057618437901,7.9,4.1
00-0037247,George Pickens,WR,2024,7,6,19.6,7.470580814676398,7.496644144144144,7.716666666666667,6.8
00-0037247,George Pickens,WR,2024,8,7,9.4,9.376902978358855,10.397027027027026,9.414285714285715,19.6
00-0037247,George Pickens,WR,2024,10,8,18.0,8.930276770430098,10.341903957528956,9.4125,9.4
00-0037247,George Pickens,WR,2024,11,10,12.9,10.402687563838532,12.183777348777351,10.366666666666667,18.0
00-0037247,George Pickens,WR,2024,12,11,6.8,10.001945461586539,12.233351351351352,10.620000000000001,12.9
00-0037247,George Pickens,WR,2024,13,12,14.9,9.40697749737054,11.182713232713233,10.272727272727273,6.8
00-0037247,George Pickens,WR,2024,18,17,0.5,9.25830328261715,10.51131868131868,10.338461538461539,6.5
00-0037248,James Cook,RB,2024,4,3,5.3,15.97313006343936,19.054099099099098,18.833333333333332,16.7
00-0037248,James Cook,RB,2024,5,4,16.9,13.002835053365123,14.572128571428571,15.45,5.3
00-0037248,James Cook,RB,2024,7,5,9.2,13.627518037973728,15.270318822023047,15.74,16.9
00-0037248,James Cook,RB,2024,8,7,26.8,12.270379253070608,13.73881274131274,14.65,9.2
00-0037248,James Cook,RB,2024,9,8,9.4,15.107124076356314,17.07623552123552,16.385714285714286,26.8
00-0037248,James Cook,RB,2024,10,9,15.0,13.347149539921658,14.808390444015444,15.5125,9.4
00-0037248,James Cook,RB,2024,11,10,17.2,13.942145678136741,14.821394251394253,15.455555555555556,15.0
00-0037248,James Cook,RB,2024,13,11,18.5,13.889582733516086,15.743144787644788,15.629999999999999,17.2
00-0037248,James Cook,RB,2024,14,13,3.9,14.459752602051251,16.32884520884521,15.89090909090909,18.5
00-0037248,James Cook,RB,2024,15,14,25.8,12.547910874121401,13.734631595881597,14.891666666666666,3.9
00-0037248,James Cook,RB,2024,16,15,26.1,14.79266148973775,16.05499702999703,15.73076923076923,25.8
00-0037248,James Cook,RB,2024,17,16,11.3,15.376841020249623,18.50573359073359,16.47142857142857,26.1
00-0037248,James Cook,RB,2024,18,17,8.8,14.52834625934252,16.905954954954957,16.126666666666665,11.3
00-0037256,Rachaad White,RB,2024,4,3,9.4,7.58686344151663,7.04036036036036,7.466666666666667,6.0
00-0037256,Rachaad White,RB,2024,5,4,8.1,7.992051569026376,7.8250142857142855,7.95,9.4
00-0037256,Rachaad White,RB,2024,7,5,26.1,8.164982763914827,7.908441741357233,7.9799999999999995,8.1
00-0037256,Rachaad White,RB,2024,8,7,13.2,11.54039100208084,12.569227799227798,11.0,26.1
00-0037256,Rachaad White,RB,2024,9,8,11.0,11.019511901350441,12.63034749034749,11.314285714285715,13.2
00-0037256,Rachaad White,RB,2024,10,9,16.0,11.044672105446455,12.52501447876448,11.275,11.0
00-0037256,Rachaad White,RB,2024,12,10,11.2,11.361565862090462,13.515907335907336,11.8,16.0
00-0037256,Rachaad White,RB,2024,13,12,8.3,10.999730975674396,13.031760617760618,11.74,11.2
00-0037256,Rachaad White,RB,2024,14,13,23.9,10.607046973655109,12.047402597402598,11.427272727272728,8.3
00-0037256,Rachaad White,RB,2024,15,14,13.1,12.56629853323491,14.205572715572716,12.466666666666667,23.9
00-0037256,Rachaad White,RB,2024,16,15,7.5,11.97549540065005,13.887295812295811,12.515384615384615,13.1
00-0037256,Rachaad White,RB,2024,17,16,3.9,11.434860849403849,12.480791505791505,12.157142857142857,7.5
00-0037258,Dameon Pierce,RB,2024,8,7,0.4,5.577763364619536,5.169369369369369,5.333333333333333,0.2
00-0037258,Dameon Pierce,RB,2024,13,11,0.6,4.012325688725039,2.6767247119078106,3.32,0.2
00-0037258,Dameon Pierce,RB,2024,17,16,1.3,3.6611542464512734,1.7822779922779923,2.5142857142857142,0.4
00-0037258,Dameon Pierce,RB,2024,18,17,23.6,4.044803069588558,1.260967664092664,2.3625,1.3
00-0037261,Khalil Shakir,WR,2024,4,3,8.2,10.915302798421767,12.310945945945946,12.0,16.2
00-0037261,Khalil Shakir,WR,2024,6,4,2.9,9.745766914498848,10.961414285714284,11.049999999999999,8.2
00-0037261,Khalil Shakir,WR,2024,7,6,10.0,8.255505319310844,8.683510883482715,9.42,2.9
00-0037261,Khalil Shakir,WR,2024,8,7,15.4,8.612938204836352,9.055987773487772,9.516666666666666,10.0
00-0037261,Khalil Shakir,WR,2024,9,8,8.0,9.679647722346338,10.551544401544401,10.357142857142858,15.4
00-0037261,Khalil Shakir,WR,2024,10,9,8.8,9.23006753225822,10.013264961389961,10.0625,8.0
00-0037261,Khalil Shakir,WR,2024,11,10,11.0,9.278965288898977,9.510963105963107,9.922222222222222,8.8
00-0037261,Khalil Shakir,WR,2024,13,11,5.0,9.337533829345112,9.92515250965251,10.03,11.0
00-0037261,Khalil Shakir,WR,2024,14,13,19.1,8.649058258657615,9.047829062829063,9.572727272727272,5.0
00-0037261,Khalil Shakir,WR,2024,15,14,12.9,10.269688757002193,11.325283140283142,10.366666666666667,19.1
00-0037261,Khalil Shakir,WR,2024,16,15,3.2,10.074982450816018,11.477542322542321,10.561538461538461,12.9
00-0037261,Khalil Shakir,WR,2024,17,16,4.0,9.11321543509857,9.699372586872588,10.035714285714286,3.2
00-0037263,Tyler Allgeier,RB,2024,4,3,9.0,5.188930611094413,4.142162162162162,4.1,3.2
00-0037263,Tyler Allgeier,RB,2024,5,4,4.0,6.510268108514495,5.720292857142857,5.325,9.0
00-0037263,Tyler Allgeier,RB,2024,6,5,19.3,5.967229183074088,5.21566709346991,5.0600000000000005,4.0
00-0037263,Tyler Allgeier,RB,2024,7,6,5.0,8.712158266197024,8.814002574002576,7.433333333333334,19.3
00-0037263,Tyler Allgeier,RB,2024,8,7,3.3,7.4619182368524495,8.053783783783784,7.085714285714285,5.0
00-0037263,Tyler Allgeier,RB,2024,9,8,7.8,7.112161387131484,6.900784266409266,6.6125,3.3
00-0037263,Tyler Allgeier,RB,2024,10,9,5.9,7.119876034484057,7.229706134706134,6.7444444444444445,7.8
00-0037263,Tyler Allgeier,RB,2024,11,10,0.4,7.025820380337803,6.832544401544402,6.66,5.9
00-0037263,Tyler Allgeier,RB,2024,13,11,2.7,6.2719046750310286,5.446316251316252,6.090909090909091,0.4
00-0037263,Tyler Allgeier,RB,2024,14,13,12.3,6.409959322622095,4.373495817245817,5.808333333333334,2.7
00-0037263,Tyler Allgeier,RB,2024,15,14,4.3,7.42227948808985,6.2187154737154735,6.3076923076923075,12.3
00-0037263,Tyler Allgeier,RB,2024,16,15,3.6,6.975424139093061,5.899700772200772,6.164285714285715,4.3
00-0037263,Tyler Allgeier,RB,2024,17,16,1.9,6.928245260991297,5.341546975546976,5.993333333333333,3.6
00-0037263,Tyler Allgeier,RB,2024,18,17,7.9,6.348370107974718,4.609051640926641,5.7375,1.9
00-0037267,Jerome Ford,RB,2024,4,3,12.0,9.846143729809894,10.009369369369368,10.433333333333334,8.5
00-0037267,Jerome Ford,RB,2024,5,4,6.4,10.21419003008757,10.673921428571429,10.825,12.0
00-0037267,Jerome Ford,RB,2024,6,5,1.4,9.343438850902208,9.470901408450704,9.94,6.4
00-0037267,Jerome Ford,RB,2024,11,9,5.9,7.05803560844761,5.627567567567567,7.4714285714285715,1.2
00-0037267,Jerome Ford,RB,2024,12,11,3.2,7.259607333140508,5.729242277992278,7.275,5.9
00-0037267,Jerome Ford,RB,2024,13,12,6.7,6.924852029805326,5.108549978549979,6.822222222222222,3.2
00-0037267,Jerome Ford,RB,2024,14,13,6.2,7.462135673756191,5.326357142857143,6.8100000000000005,6.7
00-0037267,Jerome Ford,RB,2024,15,14,17.4,7.414911914405804,5.571697086697087,6.754545454545455,6.2
00-0037267,Jerome Ford,RB,2024,16,15,21.6,8.903791467597774,8.470722329472329,7.641666666666667,17.4
00-0037267,Jerome Ford,RB,2024,17,16,2.2,10.112470466876719,11.625230175230175,8.715384615384616,21.6
00-0037276,Ty Chandler,RB,2024,4,3,1.8,5.703138103253587,4.768603603603603,5.066666666666666,1.3
00-0037276,Ty Chandler,RB,2024,5,4,4.9,5.164472197958135,3.815242857142857,4.25,1.8
00-0037276,Ty Chandler,RB,2024,7,5,0.4,5.3694442627712755,4.141738796414852,4.38,4.9
00-0037276,Ty Chandler,RB,2024,15,13,0.4,4.2843110514057114,1.996233108108108,3.0375,0.2
00-0037276,Ty Chandler,RB,2024,17,15,0.7,4.15467270310153,1.6937215787215787,2.7444444444444445,0.4
00-0037291,Jalen Nailor,WR,2024,4,3,3.6,9.835765537840917,10.922972972972973,10.8,10.9
00-0037291,Jalen Nailor,WR,2024,8,7,2.6,8.47461141585111,8.858235595390525,9.12,9.6
00-0037291,Jalen Nailor,WR,2024,9,8,7.2,7.089051350288973,7.268616473616474,8.033333333333333,2.6
00-0037291,Jalen Nailor,WR,2024,10,9,0.9,7.49290160830608,7.233455598455599,7.914285714285715,7.2
00-0037291,Jalen Nailor,WR,2024,11,10,0.0,6.333165471445477,5.534765926640926,7.0375,0.9
00-0037291,Jalen Nailor,WR,2024,12,11,7.0,5.823717772669276,4.109676104676105,6.2555555555555555,0.0
00-0037291,Jalen Nailor,WR,2024,13,12,2.3,6.30619050806509,4.912797297297297,6.33,7.0
00-0037291,Jalen Nailor,WR,2024,15,13,1.0,5.924486202977275,4.227156897156897,5.963636363636364,2.3
00-0037291,Jalen Nailor,WR,2024,16,15,1.0,5.6655962848339625,3.653619691119691,5.55,1.0
00-0037291,Jalen Nailor,WR,2024,17,16,16.6,5.336479233799981,3.0477027027027024,5.2,1.0
00-0037291,Jalen Nailor,WR,2024,18,17,6.8,7.018683573671799,6.275656370656371,6.014285714285714,16.6
00-0037292,Andrew Ogletree,TE,2024,6,5,3.4,3.965922564631465,3.484684684684684,3.5666666666666664,1.0
00-0037292,Andrew Ogletree,TE,2024,7,6,0.0,4.226285445962342,3.460464285714286,3.525,3.4
00-0037292,Andrew Ogletree,TE,2024,11,10,1.3,3.217422277967924,2.043314028314028,2.466666666666667,0.7
00-0037292,Andrew Ogletree,TE,2024,12,11,0.0,3.114978176172681,1.8871621621621621,2.3,1.3
00-0037292,Andrew Ogletree,TE,2024,13,12,2.7,3.019371025914228,1.2345294401544402,2.0125,0.0
00-0037292,Andrew Ogletree,TE,2024,18,16,2.6,3.031782576530553,1.2105096525096526,1.88,0.0
00-0037300,Mike Woods,WR,2024,16,15,0.0,3.8804894539644352,2.8265765765765765,3.0666666666666664,1.7
00-0037300,Mike Woods,WR,2024,17,16,0.8,3.136772172414521,1.9170571428571428,2.3,0.0
00-0037304,Connor Heyward,TE,2024,17,16,1.3,3.5989213732775176,2.6881214285714288,2.9250000000000003,0.8
00-0037475,Stone Smartt,TE,2024,14,13,6.9,2.9725302737287853,1.9092792792792794,1.9666666666666668,0.8
00-0037475,Stone Smartt,TE,2024,15,14,5.5,4.230721808236962,3.534657142857143,3.2,6.9
00-0037475,Stone Smartt,TE,2024,16,15,5.2,4.498250572711339,4.076,3.66,5.5
00-0037475,Stone Smartt,TE,2024,17,16,3.3,4.823970611363687,4.343748391248392,3.916666666666667,5.2
00-0037487,Deven Thompkins,WR,2024,16,14,0.9,2.6242530271840847,1.3392792792792791,1.2666666666666666,1.2
00-0037509,Sincere McCormick,RB,2024,15,14,3.5,7.515576667339825,7.300540540540541,6.9,9.9
00-0037525,Jordan Mason,RB,2024,4,3,23.0,13.831994432439112,15.39490990990991,16.133333333333333,9.8
00-0037525,Jordan Mason,RB,2024,5,4,8.3,15.741173755075533,17.8981,17.85,23.0
00-0037525,Jordan Mason,RB,2024,6,5,8.7,13.34414265299916,15.179108834827144,15.94,8.3
00-0037525,Jordan Mason,RB,2024,7,6,7.9,12.688236118849263,13.556956241956241,14.733333333333333,8.7
00-0037525,Jordan Mason,RB,2024,8,7,1.8,11.635415533713934,11.913436293436293,13.757142857142856,7.9
00-0037525,Jordan Mason,RB,2024,10,8,0.5,10.174669139502456,9.376932915057914,12.2625,1.8
00-0037525,Jordan Mason,RB,2024,11,10,1.3,9.055007321158596,7.4022822822822825,10.955555555555556,0.5
00-0037525,Jordan Mason,RB,2024,12,11,1.8,8.647722011881674,5.620148648648648,9.99,1.3
00-0037525,Jordan Mason,RB,2024,13,12,7.8,8.29618857222832,4.892453492453493,9.245454545454546,1.8
00-0037539,Lucas Krull,TE,2024,8,7,2.8,3.8712333186668335,3.189864864864865,2.9,5.6
00-0037539,Lucas Krull,TE,2024,9,8,0.0,3.7849138156353996,3.051335714285714,2.875,2.8
00-0037539,Lucas Krull,TE,2024,10,9,3.1,3.2223617468450305,2.1797375160051216,2.3,0.0
00-0037539,Lucas Krull,TE,2024,15,13,1.8,3.6912998350019333,2.837876447876448,2.642857142857143,3.9
00-0037539,Lucas Krull,TE,2024,16,15,3.6,3.5892088919497205,2.604727316602317,2.5375,1.8
00-0037539,Lucas Krull,TE,2024,17,16,0.8,3.857941139719371,2.7315293865293864,2.6555555555555554,3.6
00-0037545,Rashid Shaheed,WR,2024,4,3,13.7,9.057786502700887,10.255990990990991,11.233333333333333,0.0
00-0037545,Rashid Shaheed,WR,2024,5,4,16.6,10.378260112356102,11.415614285714286,11.85,13.7
00-0037545,Rashid Shaheed,WR,2024,6,5,7.8,11.066852657337035,12.902535211267605,12.8,16.6
00-0037557,Ronnie Rivers,RB,2024,4,3,2.6,3.003351156142028,0.9613513513513513,1.0,0.9
00-0037594,Julius Chestnut,RB,2024,9,8,2.2,3.8464785373284793,2.277432432432432,2.1,3.2
00-0037594,Julius Chestnut,RB,2024,18,17,1.1,3.6859340045558273,1.83993564993565,1.8666666666666667,1.7
00-0037614,John Metchie,WR,2024,10,9,15.9,2.927953300224159,1.7706306306306308,1.8666666666666667,0.0
00-0037614,John Metchie,WR,2024,11,10,4.8,6.258244723906932,6.369592857142857,5.375,15.9
00-0037614,John Metchie,WR,2024,12,11,1.1,5.540496067492239,5.880820742637644,5.26,4.8
00-0037614,John Metchie,WR,2024,13,12,2.6,5.0139285505053435,4.626981981981982,4.566666666666666,1.1
00-0037614,John Metchie,WR,2024,15,13,2.7,4.521313913117261,4.243243243243243,4.285714285714286,2.6
00-0037614,John Metchie,WR,2024,17,15,7.3,4.378766287380501,3.8669956563706567,4.0875,2.7
00-0037614,John Metchie,WR,2024,18,17,3.4,5.134132128574462,4.825922350922351,4.444444444444445,7.3
00-0037617,Hassan Haskins,RB,2024,8,7,0.0,2.685327560764708,0.5455405405405407,0.6000000000000001,0.2
00-0037617,Hassan Haskins,RB,2024,10,8,6.4,2.5749849619073277,0.37032857142857145,0.45,0.0
00-0037617,Hassan Haskins,RB,2024,11,10,0.1,3.784060745765378,2.0806517285531374,1.6400000000000001,6.4
00-0037617,Hassan Haskins,RB,2024,12,11,0.3,3.256477504439126,1.5523712998713002,1.3833333333333333,0.1
00-0037617,Hassan Haskins,RB,2024,13,12,-2.0,3.231760928935223,1.2517567567567567,1.2285714285714286,0.3
00-0037617,Hassan Haskins,RB,2024,17,16,4.5,4.30662447632757,2.980787215787216,1.9444444444444446,10.9
00-0037617,Hassan Haskins,RB,2024,18,17,9.3,4.190642099935355,3.384749034749035,2.2,4.5
00-0037654,Tucker Fisk,TE,2024,14,13,0.5,2.3265766122223215,0.9338738738738739,0.9666666666666667,0.6
00-0037654,Tucker Fisk,TE,2024,15,14,1.2,2.2604107278263164,0.7940999999999999,0.85,0.5
00-0037654,Tucker Fisk,TE,2024,16,15,1.5,2.376793021467263,0.9114942381562099,0.92,1.2
00-0037654,Tucker Fisk,TE,2024,17,16,1.3,2.5099806052487286,1.062570785070785,1.0166666666666666,1.5
00-0037664,Alec Pierce,WR,2024,4,3,1.4,10.73604061664757,12.061891891891893,13.0,4.9
00-0037664,Alec Pierce,WR,2024,5,4,20.9,8.134779903225544,8.632485714285714,10.1,1.4
00-0037664,Alec Pierce,WR,2024,6,5,0.0,10.874457869417421,12.170564660691422,12.26,20.9
00-0037664,Alec Pierce,WR,2024,7,6,2.5,8.136751267403307,9.058999356499356,10.216666666666667,0.0
00-0037664,Alec Pierce,WR,2024,8,7,1.6,7.86773461568324,7.092915057915057,9.114285714285714,2.5
00-0037664,Alec Pierce,WR,2024,9,8,5.6,6.665985327777074,5.608643822393823,8.175,1.6
00-0037664,Alec Pierce,WR,2024,10,9,16.1,6.975144343525469,5.756284856284855,7.888888888888888,5.6
00-0037664,Alec Pierce,WR,2024,11,10,8.9,8.506976846003054,8.428326254826255,8.71,16.1
00-0037664,Alec Pierce,WR,2024,12,11,4.4,8.497061141133372,8.113464373464373,8.727272727272727,8.9
00-0037664,Alec Pierce,WR,2024,13,12,8.6,8.012450187911242,7.592329472329473,8.366666666666667,4.4
00-0037664,Alec Pierce,WR,2024,15,13,0.0,8.059439342665895,8.044731214731215,8.384615384615385,8.6
00-0037664,Alec Pierce,WR,2024,17,15,21.2,6.877241136469235,6.501293436293436,7.785714285714286,0.0
00-0037664,Alec Pierce,WR,2024,18,17,12.7,9.16933048654899,9.86408108108108,8.68,21.2
00-0037666,Jalen Tolbert,WR,2024,4,3,3.9,7.876042929314368,8.788513513513513,8.2,11.7
00-0037666,Jalen Tolbert,WR,2024,5,4,18.2,6.877572172035687,7.1748642857142855,7.125,3.9
00-0037666,Jalen Tolbert,WR,2024,6,5,6.3,9.26911531404188,10.293411011523688,9.34,18.2
00-0037666,Jalen Tolbert,WR,2024,8,6,5.9,8.057001256302255,9.225160875160874,8.833333333333332,6.3
00-0037666,Jalen Tolbert,WR,2024,9,8,9.4,7.948573309727581,8.651640926640926,8.414285714285715,5.9
00-0037666,Jalen Tolbert,WR,2024,10,9,2.9,7.983134632407566,8.73227557915058,8.5375,9.4
00-0037666,Jalen Tolbert,WR,2024,11,10,3.1,7.123722236179987,7.238637923637924,7.9111111111111105,2.9
00-0037666,Jalen Tolbert,WR,2024,12,11,9.2,6.807331391283004,6.428415057915058,7.43,3.1
00-0037666,Jalen Tolbert,WR,2024,13,12,5.1,7.507750464602391,6.706103896103896,7.590909090909091,9.2
00-0037666,Jalen Tolbert,WR,2024,14,13,0.0,7.219189001911553,6.407660875160875,7.383333333333333,5.1
00-0037666,Jalen Tolbert,WR,2024,15,14,7.6,6.466257936340621,5.0454232254232245,6.815384615384615,0.0
00-0037666,Jalen Tolbert,WR,2024,16,15,9.0,6.982868633688917,5.571698841698842,6.871428571428571,7.6
00-0037666,Jalen Tolbert,WR,2024,17,16,10.5,7.254026745432507,6.506809523809523,7.013333333333333,9.0
00-0037666,Jalen Tolbert,WR,2024,18,17,11.8,7.817454051225179,7.536651785714286,7.23125,10.5
00-0037740,Garrett Wilson,WR,2024,4,3,4.6,9.12492769198616,9.851711711711712,9.666666666666666,11.8
00-0037740,Garrett Wilson,WR,2024,5,4,22.6,7.7315532165494885,8.136285714285714,8.4,4.6
00-0037740,Garrett Wilson,WR,2024,6,5,20.7,10.849862809013336,12.242181818181818,11.24,22.6
00-0037740,Garrett Wilson,WR,2024,7,6,10.6,11.91281719186525,14.35930823680824,12.816666666666666,20.7
00-0037740,Garrett Wilson,WR,2024,8,7,13.8,11.324032538774995,13.558899613899614,12.5,10.6
00-0037740,Garrett Wilson,WR,2024,9,8,25.5,11.374826125912229,13.759326737451737,12.6625,13.8
00-0037740,Garrett Wilson,WR,2024,10,9,6.6,13.03233087286415,16.55246246246246,14.088888888888889,25.5
00-0037740,Garrett Wilson,WR,2024,11,10,3.8,11.310083213186813,14.52788030888031,13.34,6.6
00-0037740,Garrett Wilson,WR,2024,13,11,6.6,10.386280744285749,11.7156669006669,12.472727272727273,3.8
00-0037740,Garrett Wilson,WR,2024,14,13,14.9,9.747497433759971,10.283240025740024,11.983333333333333,6.6
00-0037740,Garrett Wilson,WR,2024,15,14,13.1,10.703021992609356,11.412035937035938,12.207692307692307,14.9
00-0037740,Garrett Wilson,WR,2024,16,15,8.4,10.961675485064047,11.753629343629342,12.271428571428572,13.1
00-0037740,Garrett Wilson,WR,2024,17,16,14.1,10.876112209350495,10.562002574002573,12.013333333333334,8.4
00-0037740,Garrett Wilson,WR,2024,18,17,7.1,11.261310108188464,11.573439913127412,12.14375,14.1
00-0037741,Jahan Dotson,WR,2024,4,3,2.1,2.4871526244537363,1.0761711711711712,0.9666666666666667,1.8
00-0037741,Jahan Dotson,WR,2024,6,4,2.8,2.771730284635179,1.4047,1.25,2.1
00-0037741,Jahan Dotson,WR,2024,7,6,0.0,3.0774338362820473,1.7927349551856593,1.56,2.8
00-0037741,Jahan Dotson,WR,2024,9,7,4.1,2.709231505236726,1.3225675675675674,1.3,0.0
00-0037741,Jahan Dotson,WR,2024,10,9,3.2,3.286911120080013,2.056177606177606,1.7,4.1
00-0037741,Jahan Dotson,WR,2024,11,10,1.3,3.3706698260174535,2.3503933397683396,1.8875,3.2
00-0037741,Jahan Dotson,WR,2024,12,11,0.9,3.2911382058062153,2.098762333762334,1.8222222222222222,1.3
00-0037741,Jahan Dotson,WR,2024,13,12,1.2,3.1354763684065325,1.8052683397683398,1.73,0.9
00-0037741,Jahan Dotson,WR,2024,14,13,1.0,3.098623191217577,1.6271691821691823,1.6818181818181819,1.2
00-0037741,Jahan Dotson,WR,2024,15,14,0.0,3.0851345741226153,1.5453330115830115,1.625,1.0
00-0037742,Treylon Burks,WR,2024,4,3,1.8,2.314598997910211,0.7766666666666666,0.7333333333333333,1.4
00-0037742,Treylon Burks,WR,2024,6,4,1.5,2.5526785444395426,1.1077142857142857,1.0,1.8
00-0037744,Trey McBride,TE,2024,5,3,8.3,6.179370776294807,6.278783783783783,6.3999999999999995,4.0
00-0037744,Trey McBride,TE,2024,6,5,13.6,6.881511877589466,6.941021428571429,6.875,8.3
00-0037744,Trey McBride,TE,2024,7,6,7.6,8.087838469127249,8.822960307298336,8.22,13.6
00-0037744,Trey McBride,TE,2024,8,7,16.9,7.810763200422921,8.480852638352637,8.116666666666667,7.6
00-0037744,Trey McBride,TE,2024,9,8,11.2,9.380174291563348,10.657355212355212,9.371428571428572,16.9
00-0037744,Trey McBride,TE,2024,10,9,9.1,9.071053116940012,10.765791505791507,9.6,11.2
00-0037744,Trey McBride,TE,2024,12,10,19.3,9.052052911099407,10.553084513084512,9.544444444444444,9.1
00-0037744,Trey McBride,TE,2024,13,12,15.6,10.299764840084588,12.614664092664093,10.52,19.3
00-0037744,Trey McBride,TE,2024,14,13,10.5,10.488598677697404,13.148501228501228,10.981818181818182,15.6
00-0037744,Trey McBride,TE,2024,15,14,13.2,10.268327484609701,12.616513835263834,10.941666666666666,10.5
00-0037744,Trey McBride,TE,2024,16,15,3.5,10.408752935290567,12.495403920403922,11.115384615384615,13.2
00-0037744,Trey McBride,TE,2024,17,16,24.3,9.034345449112662,10.451602316602315,10.571428571428571,3.5
00-0037744,Trey McBride,TE,2024,18,17,16.0,11.258915323776101,13.567572715572716,11.486666666666666,24.3
00-0037746,Brian Robinson,RB,2024,4,3,18.8,12.210647314064193,13.180765765765766,13.566666666666666,10.2
00-0037746,Brian Robinson,RB,2024,5,4,13.8,13.60265948096505,15.02385,14.875,18.8
00-0037746,Brian Robinson,RB,2024,7,5,13.1,13.182084986912944,14.6707695262484,14.66,13.8
00-0037746,Brian Robinson,RB,2024,8,7,8.1,13.141797165012347,14.268108108108109,14.4,13.1
00-0037746,Brian Robinson,RB,2024,12,11,2.9,12.344024991731992,12.9049083011583,13.525,13.7
00-0037746,Brian Robinson,RB,2024,13,12,17.4,10.54851744789036,10.663335478335476,12.344444444444445,2.9
00-0037746,Brian Robinson,RB,2024,15,13,10.2,12.16464753530225,12.032828185328185,12.85,17.4
00-0037746,Brian Robinson,RB,2024,16,15,1.100000000000001,11.452804915564887,11.595517725517727,12.60909090909091,10.2
00-0037746,Brian Robinson,RB,2024,17,16,7.9,10.274785298332922,9.220801158301159,11.65,1.100000000000001
00-0037746,Brian Robinson,RB,2024,18,17,2.1,10.25138220284664,9.11072765072765,11.361538461538462,7.9
00-0037801,Kavontae Turpin,WR,2024,5,3,6.4,6.969375017175662,7.224009009009008,6.766666666666667,12.7
00-0037801,Kavontae Turpin,WR,2024,6,5,3.0,6.580080047867675,6.937507142857142,6.675,6.4
00-0037801,Kavontae Turpin,WR,2024,8,6,3.2,6.038373772789938,5.811215108834828,5.9399999999999995,3.0
00-0037801,Kavontae Turpin,WR,2024,9,8,5.1,5.503302919604092,5.148896396396396,5.483333333333333,3.2
00-0037801,Kavontae Turpin,WR,2024,11,9,16.1,5.585601181884652,5.11938223938224,5.428571428571429,5.1
00-0037801,Kavontae Turpin,WR,2024,12,11,7.3,7.426414922710265,7.9078209459459465,6.7625,16.1
00-0037801,Kavontae Turpin,WR,2024,13,12,7.5,7.098697914006966,7.5397468897468904,6.822222222222222,7.3
00-0037801,Kavontae Turpin,WR,2024,14,13,3.6,7.275806138292787,7.532928571428572,6.89,7.5
00-0037801,Kavontae Turpin,WR,2024,15,14,2.7,6.455513787227292,6.753999648999649,6.590909090909091,3.6
00-0037801,Kavontae Turpin,WR,2024,16,15,2.3,6.103218385784625,5.949877734877735,6.266666666666667,2.7
00-0037801,Kavontae Turpin,WR,2024,17,16,3.9,5.758409001053502,5.17918324918325,5.961538461538462,2.3
00-0037801,Kavontae Turpin,WR,2024,18,17,7.3,6.034634965057713,4.558996138996139,5.814285714285714,3.9
00-0037805,Jeremy Ruckert,TE,2024,6,4,1.7,2.7269022173781847,1.614189189189189,1.5,2.0
00-0037805,Jeremy Ruckert,TE,2024,8,6,2.9,2.838966619194474,1.6374714285714287,1.55,1.7
00-0037805,Jeremy Ruckert,TE,2024,9,8,0.9,3.1141313237251267,1.9909308578745197,1.82,2.9
00-0037805,Jeremy Ruckert,TE,2024,10,9,2.7,2.8901808781872447,1.7034105534105533,1.6666666666666667,0.9
00-0037805,Jeremy Ruckert,TE,2024,11,10,1.1,3.1742826371690094,2.0088030888030888,1.8142857142857143,2.7
00-0037805,Jeremy Ruckert,TE,2024,13,11,0.8,2.9859442622844785,1.76359555984556,1.725,1.1
00-0037805,Jeremy Ruckert,TE,2024,14,13,0.0,2.9375910123555795,1.5254418704418704,1.6222222222222222,0.8
00-0037805,Jeremy Ruckert,TE,2024,15,14,1.7,2.7236648703163273,1.1694362934362936,1.46,0.0
00-0037805,Jeremy Ruckert,TE,2024,16,15,2.2,2.916176409956219,1.2464935064935065,1.481818181818182,1.7
00-0037805,Jeremy Ruckert,TE,2024,18,16,1.0,3.0486727060119274,1.4887146074646074,1.5416666666666667,2.2
00-0037809,Chigoziem Okonkwo,TE,2024,4,3,1.0,4.902935268610338,4.345135135135135,4.7,2.5
00-0037809,Chigoziem Okonkwo,TE,2024,6,4,2.1,4.024475914233894,3.2716214285714287,3.775,1.0
00-0037809,Chigoziem Okonkwo,TE,2024,7,6,7.0,3.912452283403993,2.962495518565941,3.44,2.1
00-0037809,Chigoziem Okonkwo,TE,2024,8,7,0.4,4.745881566285183,4.019137709137709,4.033333333333333,7.0
00-0037809,Chigoziem Okonkwo,TE,2024,9,8,5.3,4.078418310152677,2.9656177606177607,3.5142857142857142,0.4
00-0037809,Chigoziem Okonkwo,TE,2024,10,9,1.9,4.651329351140598,3.548491795366795,3.7375,5.3
00-0037809,Chigoziem Okonkwo,TE,2024,11,10,2.9,4.152961608291691,3.2045817245817245,3.533333333333333,1.9
00-0037809,Chigoziem Okonkwo,TE,2024,12,11,13.5,4.310079489594081,3.2285347490347487,3.47,2.9
00-0037809,Chigoziem Okonkwo,TE,2024,13,12,4.2,5.646476521390433,5.639003159003159,4.381818181818182,13.5
00-0037809,Chigoziem Okonkwo,TE,2024,14,13,2.3,5.147091127965298,5.191344916344916,4.366666666666666,4.2
00-0037809,Chigoziem Okonkwo,TE,2024,15,14,9.9,4.979974817940934,4.660549450549451,4.207692307692308,2.3
00-0037809,Chigoziem Okonkwo,TE,2024,16,15,14.6,5.560649291017894,5.776486486486487,4.614285714285714,9.9
00-0037809,Chigoziem Okonkwo,TE,2024,17,16,8.4,6.530403874910221,7.788444015444016,5.28,14.6
00-0037816,Romeo Doubs,WR,2024,4,3,5.9,5.691370980926666,5.35981981981982,5.666666666666667,2.3
00-0037816,Romeo Doubs,WR,2024,6,4,18.4,5.97622246561647,5.547921428571429,5.725,5.9
00-0037816,Romeo Doubs,WR,2024,7,6,13.4,8.430173248370112,9.193752880921895,8.26,18.4
00-0037816,Romeo Doubs,WR,2024,8,7,8.7,9.007054385161695,10.225698198198199,9.116666666666667,13.4
00-0037816,Romeo Doubs,WR,2024,9,8,4.8,8.803849785055922,9.919710424710424,9.057142857142857,8.7
00-0037816,Romeo Doubs,WR,2024,11,9,2.2,7.800577678507995,8.724000965250966,8.525,4.8
00-0037816,Romeo Doubs,WR,2024,12,11,6.9,6.887354809447297,7.396947661947662,7.822222222222222,2.2
00-0037816,Romeo Doubs,WR,2024,16,15,3.0,8.797141328451648,9.316556686556687,8.618181818181817,17.5
00-0037816,Romeo Doubs,WR,2024,17,16,11.3,7.676273091284655,7.699237451737452,8.15,3.0
00-0037834,Brock Purdy,QB,2024,4,3,14.62,16.738586551205124,17.666693693693695,16.693333333333335,25.78
00-0037834,Brock Purdy,QB,2024,5,4,13.06,15.943411671138213,16.636444285714287,16.175,14.62
00-0037834,Brock Purdy,QB,2024,6,5,24.1,15.534575647264104,15.603457362355954,15.552,13.06
00-0037834,Brock Purdy,QB,2024,7,6,17.18,17.00654835496621,17.77623873873874,16.976666666666667,24.1
00-0037834,Brock Purdy,QB,2024,8,7,26.0,16.71459996057115,17.860208494208493,17.005714285714287,17.18
00-0037834,Brock Purdy,QB,2024,10,8,23.82,18.380648053919693,19.925264478764475,18.13,26.0
00-0037834,Brock Purdy,QB,2024,11,10,18.36,18.638269870624608,20.55339167739168,18.762222222222224,23.82
00-0037834,Brock Purdy,QB,2024,13,11,2.16,18.369327517940253,20.157746332046333,18.722,18.36
00-0037834,Brock Purdy,QB,2024,14,13,22.1,15.517449873574092,16.197012987012986,17.216363636363635,2.16
00-0037834,Brock Purdy,QB,2024,15,14,3.98,17.059875040589187,17.31751415701416,17.623333333333335,22.1
00-0037834,Brock Purdy,QB,2024,16,15,21.12,14.75274684798617,14.345185922185923,16.573846153846155,3.98
00-0037834,Brock Purdy,QB,2024,17,16,30.28,16.816975000672628,15.583059845559847,16.89857142857143,21.12
00-0037837,Calvin Austin,WR,2024,4,3,2.2,6.936080016633501,7.65054054054054,6.6,17.5
00-0037837,Calvin Austin,WR,2024,5,4,1.1,5.410623745167027,5.8354,5.5,2.2
00-0037837,Calvin Austin,WR,2024,6,5,4.6,4.92368386035767,4.479996158770806,4.62,1.1
00-0037837,Calvin Austin,WR,2024,7,6,4.1,4.762354627463761,4.517454954954955,4.616666666666666,4.6
00-0037837,Calvin Austin,WR,2024,8,7,18.9,4.789067833331957,4.534498069498069,4.542857142857143,4.1
00-0037837,Calvin Austin,WR,2024,10,8,3.0,7.286554229366094,8.12401303088803,6.3374999999999995,18.9
00-0037837,Calvin Austin,WR,2024,11,10,0.4,6.123656741255223,6.495090090090089,5.966666666666667,3.0
00-0037837,Calvin Austin,WR,2024,12,11,15.3,5.563636890178672,5.2002374517374506,5.41,0.4
00-0037837,Calvin Austin,WR,2024,13,12,9.9,6.853832032869105,7.674089154089154,6.309090909090909,15.3
00-0037837,Calvin Austin,WR,2024,14,13,0.9,6.922739904616113,8.207569176319177,6.608333333333333,9.9
00-0037837,Calvin Austin,WR,2024,15,14,9.0,6.157359775768732,6.613883278883279,6.1692307692307695,0.9
00-0037837,Calvin Austin,WR,2024,16,15,8.5,6.7638647084129895,6.685173745173745,6.371428571428571,9.0
00-0037837,Calvin Austin,WR,2024,17,16,5.1,6.774970857967557,7.195805662805662,6.513333333333334,8.5
00-0037837,Calvin Austin,WR,2024,18,17,0.0,6.737407188684096,6.929966216216217,6.425,5.1
00-0037838,Isaiah Likely,TE,2024,4,3,3.1,7.203591094564106,7.472027027027027,8.700000000000001,0.9
00-0037838,Isaiah Likely,TE,2024,5,4,14.8,5.958469526097493,6.099914285714286,7.300000000000001,3.1
00-0037838,Isaiah Likely,TE,2024,6,5,3.7,8.014277925074426,8.616235595390526,8.8,14.8
00-0037838,Isaiah Likely,TE,2024,7,6,2.7,6.944796939172901,7.366438223938224,7.95,3.7
00-0037838,Isaiah Likely,TE,2024,8,7,6.7,6.7211106597555235,5.731737451737453,7.2,2.7
00-0037838,Isaiah Likely,TE,2024,9,8,0.0,6.664537126081189,6.104746621621622,7.1375,6.7
00-0037838,Isaiah Likely,TE,2024,11,9,7.5,5.660285714674704,4.893856713856714,6.344444444444445,0.0
00-0037838,Isaiah Likely,TE,2024,13,11,12.3,6.403120861668378,5.639532818532818,6.46,7.5
00-0037838,Isaiah Likely,TE,2024,15,13,2.7,7.268589396134218,6.891509301509302,6.990909090909091,12.3
00-0037838,Isaiah Likely,TE,2024,16,15,10.4,6.5565239371477855,6.058751608751609,6.633333333333334,2.7
00-0037838,Isaiah Likely,TE,2024,17,16,7.4,7.314805547324523,7.186802791802792,6.923076923076923,10.4
00-0037838,Isaiah Likely,TE,2024,18,17,5.3,6.97897901662373,7.23492277992278,6.957142857142857,7.4
00-0037840,Kyren Williams,RB,2024,4,3,18.4,16.811912276121518,20.03837837837838,18.9,30.6
00-0037840,Kyren Williams,RB,2024,5,4,15.0,16.231667196229537,19.459449999999997,18.775,18.4
00-0037840,Kyren Williams,RB,2024,7,5,19.6,15.734144977622588,18.166545454545457,18.02,15.0
00-0037840,Kyren Williams,RB,2024,8,7,20.1,15.86715755243717,18.52648326898327,18.283333333333335,19.6
00-0037840,Kyren Williams,RB,2024,9,8,10.0,16.15132251163129,19.105057915057913,18.542857142857144,20.1
00-0037840,Kyren Williams,RB,2024,10,9,8.7,14.712965727211602,17.089956563706565,17.475,10.0
00-0037840,Kyren Williams,RB,2024,11,10,8.6,13.922325202747743,14.648513513513514,16.5,8.7
00-0037840,Kyren Williams,RB,2024,12,11,11.2,13.10226562459471,13.206337837837838,15.71,8.6
00-0037840,Kyren Williams,RB,2024,13,12,17.8,13.114270799601801,12.822181467181466,15.3,11.2
00-0037840,Kyren Williams,RB,2024,14,13,22.7,14.009672391129815,13.85747265122265,15.508333333333333,17.8
00-0037840,Kyren Williams,RB,2024,15,14,12.2,15.057040263532155,15.723932283932282,16.06153846153846,22.7
00-0037840,Kyren Williams,RB,2024,16,15,19.4,14.269657541609872,15.161698841698842,15.785714285714286,12.2
00-0037840,Kyren Williams,RB,2024,17,16,14.7,14.928288983886175,16.36581981981982,16.026666666666667,19.4
00-0038040,Zamir White,RB,2024,4,3,3.0,5.2885338266505695,4.077162162162161,4.1,3.4
00-0038040,Zamir White,RB,2024,8,7,-0.1,5.016156490355197,3.582733674775928,3.7,3.2
00-0038040,Zamir White,RB,2024,9,8,7.0,4.298081410170316,2.6455341055341055,3.066666666666667,-0.1
00-0038040,Zamir White,RB,2024,11,9,0.9,5.2145247836871365,3.706274131274131,3.6285714285714286,7.0
00-0038041,Jake Ferguson,TE,2024,5,4,10.0,7.436376272751605,8.258873873873874,7.966666666666667,8.4
00-0038041,Jake Ferguson,TE,2024,6,5,2.6,8.149513572721697,8.813278571428572,8.475,10.0
00-0038041,Jake Ferguson,TE,2024,8,6,5.3,6.648164749971891,7.039417413572343,7.3,2.6
00-0038041,Jake Ferguson,TE,2024,9,8,10.6,6.58553368944119,6.606634491634491,6.966666666666667,5.3
00-0038041,Jake Ferguson,TE,2024,10,9,2.4,7.27681687923101,7.736119691119692,7.485714285714286,10.6
00-0038041,Jake Ferguson,TE,2024,11,10,1.6,6.431874854899181,6.269237451737451,6.85,2.4
00-0038041,Jake Ferguson,TE,2024,15,14,3.3,5.94650666242034,4.909194980694981,6.11,4.7
00-0038041,Jake Ferguson,TE,2024,16,15,7.0,5.765932897119308,4.687990522990523,5.8545454545454545,3.3
00-0038041,Jake Ferguson,TE,2024,17,16,1.3,6.25732527834199,5.258986486486487,5.95,7.0
00-0038041,Jake Ferguson,TE,2024,18,17,2.2,5.6884846144938574,4.223716958716959,5.592307692307692,1.3
00-0038046,Charlie Kolar,TE,2024,7,5,1.9,6.428104672607264,7.001711711711712,6.166666666666667,14.1
00-0038046,Charlie Kolar,TE,2024,8,7,1.4,5.108041788215264,5.308742857142857,5.1,1.9
00-0038046,Charlie Kolar,TE,2024,10,8,0.9,4.650005758737245,4.192997439180537,4.36,1.4
00-0038046,Charlie Kolar,TE,2024,12,10,1.1,3.8712840476227464,3.357969755469756,3.783333333333333,0.9
00-0038098,Pierre Strong,RB,2024,6,5,8.8,3.399823538588712,1.506126126126126,1.7333333333333334,0.2
00-0038098,Pierre Strong,RB,2024,7,6,2.0,5.065975899264872,3.8874000000000004,3.5,8.8
00-0038098,Pierre Strong,RB,2024,8,7,0.8,4.527033200348679,3.3358258642765684,3.2,2.0
00-0038098,Pierre Strong,RB,2024,9,8,0.8,4.293037704107643,2.6800772200772203,2.8000000000000003,0.8
00-0038098,Pierre Strong,RB,2024,11,9,0.5,3.8853605930030595,2.1724710424710425,2.5142857142857142,0.8
00-0038098,Pierre Strong,RB,2024,16,14,1.9,3.84146341956298,1.9210982410982411,2.2222222222222223,1.9
00-0038098,Pierre Strong,RB,2024,17,16,6.3,4.055772408893331,1.6899749034749032,2.19,1.9
00-0038102,Kenny Pickett,QB,2024,17,16,16.02,5.944862157970629,2.9466400000000004,2.28,9.02
00-0038115,Daniel Bellinger,TE,2024,15,14,5.0,4.033667735900617,3.3386571428571434,2.9,7.0
00-0038115,Daniel Bellinger,TE,2024,16,15,1.0,4.275456255658338,3.78929833546735,3.3200000000000003,5.0
00-0038115,Daniel Bellinger,TE,2024,18,16,1.9,3.813236983190083,3.052612612612612,2.9333333333333336,1.0
00-0038117,Wan'Dale Robinson,WR,2024,4,3,12.6,8.64458547719824,9.118198198198197,9.066666666666666,9.6
00-0038117,Wan'Dale Robinson,WR,2024,5,4,13.0,9.43798783725893,10.248442857142857,9.95,12.6
00-0038117,Wan'Dale Robinson,WR,2024,6,5,7.5,9.97189340203055,11.013951344430216,10.56,13.0
00-0038117,Wan'Dale Robinson,WR,2024,7,6,5.3,9.270655283383421,10.092480694980695,10.05,7.5
00-0038117,Wan'Dale Robinson,WR,2024,8,7,5.5,8.48557480936477,8.949343629343629,9.371428571428572,5.3
00-0038117,Wan'Dale Robinson,WR,2024,9,8,2.5,7.9794594855743295,8.14027750965251,8.8875,5.5
00-0038117,Wan'Dale Robinson,WR,2024,10,9,7.6,7.2110987342138255,6.79090948090948,8.177777777777777,2.5
00-0038117,Wan'Dale Robinson,WR,2024,12,10,7.2,7.678150865104131,6.8475984555984555,8.12,7.6
00-0038117,Wan'Dale Robinson,WR,2024,13,12,1.6,7.784688153786019,6.7828624078624085,8.036363636363637,7.2
00-0038117,Wan'Dale Robinson,WR,2024,14,13,5.8,7.102930925248866,5.655019305019305,7.5,1.6
00-0038117,Wan'Dale Robinson,WR,2024,15,14,5.8,7.25940519189953,5.811836946836947,7.36923076923077,5.8
00-0038117,Wan'Dale Robinson,WR,2024,16,15,9.7,7.156289989023141,5.917509652509652,7.257142857142857,5.8
00-0038117,Wan'Dale Robinson,WR,2024,17,16,15.6,7.760239891756117,6.959702702702703,7.42,9.7
00-0038117,Wan'Dale Robinson,WR,2024,18,17,9.3,8.620698166156547,8.864431708494207,7.93125,15.6
00-0038120,Breece Hall,RB,2024,4,3,2.8,15.447848978736832,17.66900900900901,17.666666666666668,16.3
00-0038120,Breece Hall,RB,2024,5,4,5.2,11.715987077765197,12.8333,13.95,2.8
00-0038120,Breece Hall,RB,2024,6,5,19.4,10.342679405595312,10.722560819462227,12.2,5.2
00-0038120,Breece Hall,RB,2024,7,6,23.1,12.083492431023782,13.015212355212356,13.4,19.4
00-0038120,Breece Hall,RB,2024,8,7,9.4,13.768990619099899,15.42949806949807,14.785714285714286,23.1
00-0038120,Breece Hall,RB,2024,9,8,9.5,12.716304941684289,13.75313947876448,14.1125,9.4
00-0038120,Breece Hall,RB,2024,10,9,10.3,12.152000976364196,12.674826254826256,13.6,9.5
00-0038120,Breece Hall,RB,2024,11,10,27.6,11.637197699305036,12.518245173745173,13.27,10.3
00-0038120,Breece Hall,RB,2024,13,11,6.0,14.022198154136758,16.278871533871538,14.572727272727272,27.6
00-0038120,Breece Hall,RB,2024,15,13,12.1,12.110621866371385,13.737771879021878,13.858333333333334,6.0
00-0038120,Breece Hall,RB,2024,16,15,11.5,12.661861610333956,13.04782595782596,13.723076923076924,12.1
00-0038120,Breece Hall,RB,2024,17,16,5.8,11.985822738586812,12.873696911196912,13.564285714285715,11.5
00-0038120,Breece Hall,RB,2024,18,17,16.7,11.357741043560608,11.473302445302444,13.046666666666667,5.8
00-0038122,Desmond Ridder,QB,2024,15,14,11.12,6.503923180723897,3.4256936936936935,3.453333333333333,4.34
00-0038124,Christian Watson,WR,2024,6,4,14.3,5.3395540169170035,4.939594594594595,5.5,0.0
00-0038124,Christian Watson,WR,2024,7,6,1.0,7.693158429492733,8.006428571428572,7.7,14.3
00-0038124,Christian Watson,WR,2024,8,7,5.9,5.822079378719879,6.00948271446863,6.36,1.0
00-0038124,Christian Watson,WR,2024,9,8,7.2,6.385578148439846,5.998317245817246,6.283333333333333,5.9
00-0038124,Christian Watson,WR,2024,11,9,17.0,6.3267205917855645,6.208069498069499,6.414285714285715,7.2
00-0038124,Christian Watson,WR,2024,12,11,0.4,8.183428805284738,8.770132722007723,7.737500000000001,17.0
00-0038124,Christian Watson,WR,2024,13,12,7.7,6.4697675198289515,7.048356928356929,6.9222222222222225,0.4
00-0038124,Christian Watson,WR,2024,14,13,11.4,7.1328275089022455,6.938223938223938,7.0,7.7
00-0038124,Christian Watson,WR,2024,15,14,7.1,7.4084434922803295,8.17457528957529,7.4,11.4
00-0038124,Christian Watson,WR,2024,16,15,2.3,7.388744609292382,7.9656515444015445,7.375,7.1
00-0038124,Christian Watson,WR,2024,18,16,0.0,6.704046663736977,6.684267894267895,6.984615384615385,2.3
00-0038128,Malik Willis,QB,2024,18,16,3.74,10.378191016780114,9.184404865556978,9.612,1.16
00-0038129,Cade Otton,TE,2024,4,3,8.2,3.4148337943017526,2.60981981981982,2.2666666666666666,6.2
00-0038129,Cade Otton,TE,2024,5,4,5.9,4.635116151259381,4.413928571428571,3.75,8.2
00-0038129,Cade Otton,TE,2024,6,5,8.5,5.004553081261509,4.8048822023047375,4.18,5.9
00-0038129,Cade Otton,TE,2024,7,6,14.0,5.694293714346461,5.7208301158301165,4.9,8.5
00-0038129,Cade Otton,TE,2024,8,7,24.6,6.945234205583068,7.906756756756757,6.2,14.0
00-0038129,Cade Otton,TE,2024,9,8,17.7,9.419753666507571,12.154652509652509,8.5,24.6
00-0038129,Cade Otton,TE,2024,10,9,6.0,9.878188252009416,13.498376233376234,9.522222222222222,17.7
00-0038129,Cade Otton,TE,2024,12,10,3.5,8.698161984805706,11.731295366795367,9.17,6.0
00-0038129,Cade Otton,TE,2024,13,12,4.0,7.571012396665637,9.90474727974728,8.654545454545454,3.5
00-0038129,Cade Otton,TE,2024,14,13,8.5,6.95809664987549,8.541750321750321,8.266666666666667,4.0
00-0038129,Cade Otton,TE,2024,15,14,3.4,7.421464154565189,8.32366943866944,8.284615384615385,8.5
00-0038134,Kenneth Walker,RB,2024,6,5,16.9,16.4753289003035,19.68175675675676,20.2,11.1
00-0038134,Kenneth Walker,RB,2024,7,6,22.3,16.46206974295249,18.798078571428572,19.375,16.9
00-0038134,Kenneth Walker,RB,2024,8,7,6.5,16.881419298695924,19.8151357234315,19.96,22.3
00-0038134,Kenneth Walker,RB,2024,9,8,12.2,14.36474490464192,16.41320785070785,17.716666666666665,6.5
00-0038134,Kenneth Walker,RB,2024,11,9,12.9,14.167112559681486,15.36623552123552,16.928571428571427,12.2
00-0038134,Kenneth Walker,RB,2024,12,11,11.3,13.877291316885238,14.267997104247105,16.425,12.9
00-0038134,Kenneth Walker,RB,2024,13,12,5.6,13.634074835934612,13.782166452166454,15.855555555555556,11.3
00-0038393,Dontayvion Wicks,WR,2024,4,3,22.3,3.7724456508899697,3.307522522522522,3.3666666666666667,0.0
00-0038393,Dontayvion Wicks,WR,2024,5,4,3.0,8.50537343972619,9.486542857142856,8.1,22.3
00-0038393,Dontayvion Wicks,WR,2024,6,5,1.4,6.46677562720236,7.58844814340589,7.08,3.0
00-0038393,Dontayvion Wicks,WR,2024,7,6,12.3,5.969759871743033,5.97963963963964,6.133333333333334,1.4
00-0038393,Dontayvion Wicks,WR,2024,8,7,2.1,6.851386776570351,7.7612355212355215,7.014285714285714,12.3
00-0038393,Dontayvion Wicks,WR,2024,9,8,0.0,5.840553004718664,6.27945945945946,6.4,2.1
00-0038393,Dontayvion Wicks,WR,2024,11,9,0.0,5.306287578617448,5.020705705705707,5.688888888888889,0.0
00-0038393,Dontayvion Wicks,WR,2024,12,11,3.0,4.898798947450596,3.2796061776061776,5.12,0.0
00-0038393,Dontayvion Wicks,WR,2024,13,12,5.0,5.038747954481948,3.327750087750088,4.927272727272728,3.0
00-0038393,Dontayvion Wicks,WR,2024,14,13,6.9,5.3515312146225265,3.8682303732303733,4.933333333333334,5.0
00-0038393,Dontayvion Wicks,WR,2024,15,14,2.4,5.936790930036921,4.317047817047817,5.084615384615384,6.9
00-0038393,Dontayvion Wicks,WR,2024,16,15,8.8,5.532478956244681,4.016129343629344,4.892857142857143,2.4
00-0038393,Dontayvion Wicks,WR,2024,17,16,6.3,6.188081948362712,5.271002574002574,5.153333333333333,8.8
00-0038393,Dontayvion Wicks,WR,2024,18,17,7.4,6.084580391208603,5.674657335907336,5.2250000000000005,6.3
00-0038394,Will Mallory,TE,2024,8,7,0.0,2.1741802300389548,0.7274774774774775,0.7333333333333333,1.0
00-0038394,Will Mallory,TE,2024,10,8,1.5,1.9883968431814956,0.49112857142857147,0.55,0.0
00-0038394,Will Mallory,TE,2024,15,13,0.0,2.337335022035205,0.8851383526383527,0.8166666666666667,1.2
00-0038396,Eric Gray,RB,2024,5,4,4.9,2.7166953304722967,0.5893243243243244,0.7,0.1
00-0038396,Eric Gray,RB,2024,6,5,1.3,3.6982643733067104,1.9957000000000003,1.75,4.9
00-0038396,Eric Gray,RB,2024,7,6,1.4,3.4970125926514912,1.787786171574904,1.6600000000000001,1.3
00-0038396,Eric Gray,RB,2024,8,7,0.8,3.5716960391445434,1.68235842985843,1.6166666666666667,1.4
00-0038396,Eric Gray,RB,2024,18,16,1.5,3.361836110053538,1.3902681252681253,1.4222222222222223,0.7
00-0038416,Tyson Bagent,QB,2024,15,14,0.2,3.8279861969186313,-0.1126936936936937,-0.15333333333333335,0.24
00-0038465,Malik Heath,WR,2024,18,17,6.8,5.574697216561432,5.4146785714285715,4.975,6.8
00-0038496,Xavier Gipson,WR,2024,10,8,0.0,4.4069742250086765,3.6997747747747747,3.433333333333333,6.6
00-0038496,Xavier Gipson,WR,2024,11,10,2.2,3.4048143361218344,2.4857642857142856,2.575,0.0
00-0038496,Xavier Gipson,WR,2024,13,11,0.4,3.6013727228568815,2.408866837387964,2.5,2.2
00-0038542,Bijan Robinson,RB,2024,4,3,9.4,12.275721358288955,13.239639639639638,13.333333333333332,12.2
00-0038542,Bijan Robinson,RB,2024,5,4,9.2,11.34491292226251,11.99472857142857,12.35,9.4
00-0038542,Bijan Robinson,RB,2024,6,5,24.0,10.812063675697214,11.219541613316261,11.719999999999999,9.2
00-0038542,Bijan Robinson,RB,2024,7,6,21.8,13.198780897246863,14.515630630630632,13.766666666666666,24.0
00-0038542,Bijan Robinson,RB,2024,8,7,20.1,14.086005595090967,16.323976833976833,14.914285714285715,21.8
00-0038542,Bijan Robinson,RB,2024,9,8,18.0,14.731346540738606,17.248689671814674,15.5625,20.1
00-0038542,Bijan Robinson,RB,2024,10,9,27.9,14.573305657243505,17.522091377091378,15.833333333333334,18.0
00-0038542,Bijan Robinson,RB,2024,11,10,8.3,16.09810014256278,20.13396138996139,17.04,27.9
00-0038542,Bijan Robinson,RB,2024,13,11,22.5,14.002349840619988,17.630465075465075,16.245454545454546,8.3
00-0038542,Bijan Robinson,RB,2024,14,13,19.1,15.469659418751256,18.43022522522522,16.766666666666666,22.5
00-0038542,Bijan Robinson,RB,2024,15,14,14.0,15.076179233499815,18.36132759132759,16.946153846153845,19.1
00-0038542,Bijan Robinson,RB,2024,16,15,23.3,14.891911375553352,17.240511583011582,16.735714285714288,14.0
00-0038542,Bijan Robinson,RB,2024,17,16,23.3,15.765515486037474,18.520647361647363,17.173333333333332,23.3
00-0038542,Bijan Robinson,RB,2024,18,17,30.3,16.20698501969232,19.15157939189189,17.55625,23.3
00-0038543,Jaxon Smith-Njigba,WR,2024,4,3,9.1,7.682461675199764,8.741036036036036,8.666666666666666,5.4
00-0038543,Jaxon Smith-Njigba,WR,2024,5,4,11.1,8.312276243202547,8.854764285714285,8.775,9.1
00-0038543,Jaxon Smith-Njigba,WR,2024,6,5,7.8,8.53315482985145,9.486733674775927,9.24,11.1
00-0038543,Jaxon Smith-Njigba,WR,2024,7,6,3.8,8.325877560972492,9.043030888030888,9.0,7.8
00-0038543,Jaxon Smith-Njigba,WR,2024,8,7,9.9,7.4959650150643675,7.958938223938223,8.257142857142856,3.8
00-0038543,Jaxon Smith-Njigba,WR,2024,9,8,33.5,8.157617279644533,8.097898166023166,8.4625,9.9
00-0038543,Jaxon Smith-Njigba,WR,2024,11,9,16.8,11.641271260970303,14.219976404976405,11.244444444444444,33.5
00-0038543,Jaxon Smith-Njigba,WR,2024,12,11,16.7,11.304255905099744,14.844227799227799,11.8,16.8
00-0038543,Jaxon Smith-Njigba,WR,2024,13,12,9.9,11.84021708297298,15.232356967356967,12.245454545454546,16.7
00-0038543,Jaxon Smith-Njigba,WR,2024,14,13,17.1,10.523294517470763,14.109971042471045,12.05,9.9
00-0038543,Jaxon Smith-Njigba,WR,2024,15,14,13.3,11.343548041912614,15.019504009504008,12.438461538461539,17.1
00-0038543,Jaxon Smith-Njigba,WR,2024,16,15,20.0,11.087376290991124,14.655405405405405,12.5,13.3
00-0038543,Jaxon Smith-Njigba,WR,2024,17,16,4.7,12.520670313703139,15.035328185328186,13.0,20.0
00-0038543,Jaxon Smith-Njigba,WR,2024,18,17,3.3,10.777874349862511,12.570464527027028,12.48125,4.7
00-0038544,Quentin Johnston,WR,2024,4,3,1.8,10.48750019159622,12.409189189189188,12.100000000000001,11.4
00-0038544,Quentin Johnston,WR,2024,6,4,3.7,8.243256105595181,8.946407142857144,9.525,1.8
00-0038544,Quentin Johnston,WR,2024,10,9,9.4,9.634639915214157,10.732702702702703,10.3,20.0
00-0038544,Quentin Johnston,WR,2024,11,10,11.8,9.153381291973998,10.577528957528958,10.171428571428573,9.4
00-0038544,Quentin Johnston,WR,2024,12,11,0.0,9.851035255310228,10.537466216216217,10.375,11.8
00-0038544,Quentin Johnston,WR,2024,13,12,2.2,7.724746903942272,8.006349206349206,9.222222222222223,0.0
00-0038544,Quentin Johnston,WR,2024,14,13,13.3,7.273122134706249,6.937501930501931,8.52,2.2
00-0038544,Quentin Johnston,WR,2024,15,14,13.0,8.283338709642296,8.599727974727974,8.954545454545455,13.3
00-0038544,Quentin Johnston,WR,2024,16,15,3.3,9.032324012709651,9.21752734877735,9.291666666666668,13.0
00-0038544,Quentin Johnston,WR,2024,17,16,7.3,8.216018114207017,7.886483516483516,8.830769230769231,3.3
00-0038544,Quentin Johnston,WR,2024,18,17,25.1,8.276097277727517,7.677210424710424,8.721428571428572,7.3
00-0038547,Luke Schoonmaker,TE,2024,11,10,8.6,2.994481775541459,1.9375714285714287,2.4,0.0
00-0038547,Luke Schoonmaker,TE,2024,12,11,13.0,4.518219848142325,3.844121638924456,3.6399999999999997,8.6
00-0038547,Luke Schoonmaker,TE,2024,13,12,5.8,6.043848351146014,6.178359073359074,5.2,13.0
00-0038547,Luke Schoonmaker,TE,2024,14,13,3.2,5.861110703817958,6.008494208494208,5.285714285714286,5.8
00-0038547,Luke Schoonmaker,TE,2024,16,14,0.8,5.40309600174377,5.4750241312741315,5.025,3.2
00-0038547,Luke Schoonmaker,TE,2024,18,16,2.6,4.590433652772398,4.494058344058344,4.555555555555555,0.8
00-0038551,Kendre Miller,RB,2024,15,14,4.6,6.25326589251821,5.474684684684684,5.166666666666666,9.2
00-0038551,Kendre Miller,RB,2024,16,15,4.1,5.918434706471296,5.17775,5.0249999999999995,4.6
00-0038551,Kendre Miller,RB,2024,17,16,2.4,5.924570106035617,4.86585019206146,4.84,4.1
00-0038555,Tank Bigsby,RB,2024,5,4,25.4,6.619705468806541,5.880315315315315,5.733333333333333,9.0
00-0038555,Tank Bigsby,RB,2024,6,5,2.4,10.82719449570845,12.222442857142859,10.65,25.4
00-0038555,Tank Bigsby,RB,2024,7,6,23.8,8.475923423374132,9.371773367477592,9.0,2.4
00-0038555,Tank Bigsby,RB,2024,8,7,9.6,11.799341257097637,13.047754182754183,11.466666666666667,23.8
00-0038555,Tank Bigsby,RB,2024,9,8,2.2,10.164719144714118,12.33673745173745,11.2,9.6
00-0038555,Tank Bigsby,RB,2024,10,9,0.4,9.115371713529283,10.242041505791507,10.075,2.2
00-0038555,Tank Bigsby,RB,2024,14,13,12.7,7.60060049538524,6.471525096525096,8.5,4.0
00-0038555,Tank Bigsby,RB,2024,15,14,4.2,8.735745677437365,8.157169182169183,8.881818181818181,12.7
00-0038555,Tank Bigsby,RB,2024,16,15,9.6,8.406994443935377,6.751388352638353,8.491666666666667,4.2
00-0038555,Tank Bigsby,RB,2024,17,16,3.3,9.01893362267515,7.3964018414018415,8.576923076923077,9.6
00-0038555,Tank Bigsby,RB,2024,18,17,10.7,8.085240035353237,6.74081081081081,8.2,3.3
00-0038558,Darnell Washington,TE,2024,5,4,1.0,4.527842040837137,4.197882882882883,4.033333333333333,4.1
00-0038558,Darnell Washington,TE,2024,6,5,1.4,3.923486311804761,3.1512214285714286,3.275,1.0
00-0038558,Darnell Washington,TE,2024,7,6,5.6,3.5803151500253496,2.661056338028169,2.9,1.4
00-0038558,Darnell Washington,TE,2024,8,7,3.4,4.1917820229767555,3.4249710424710424,3.3499999999999996,5.6
00-0038558,Darnell Washington,TE,2024,10,8,1.1,4.171174835461483,3.5012934362934365,3.357142857142857,3.4
00-0038558,Darnell Washington,TE,2024,11,10,5.2,3.9285239733481174,2.7921380308880304,3.0749999999999997,1.1
00-0038558,Darnell Washington,TE,2024,12,11,2.9,4.330611605305239,3.3295066495066488,3.311111111111111,5.2
00-0038558,Darnell Washington,TE,2024,13,12,1.5,4.1716586304445435,3.310561776061776,3.27,2.9
00-0038558,Darnell Washington,TE,2024,14,13,0.0,4.043119778536042,2.95999648999649,3.109090909090909,1.5
00-0038559,Michael Wilson,WR,2024,4,3,3.3,7.23229847222915,7.402657657657658,7.166666666666667,10.4
00-0038559,Michael Wilson,WR,2024,5,4,10.3,6.092238254233013,6.058857142857143,6.2,3.3
00-0038559,Michael Wilson,WR,2024,6,5,9.1,7.265348068620683,7.265668373879642,7.0200000000000005,10.3
00-0038559,Michael Wilson,WR,2024,7,6,2.0,7.368775855269002,7.723468468468468,7.366666666666667,9.1
00-0038559,Michael Wilson,WR,2024,8,7,11.6,6.424947367471602,6.317934362934363,6.6,2.0
00-0038559,Michael Wilson,WR,2024,9,8,0.0,7.456359482344711,7.683576254826255,7.225,11.6
00-0038559,Michael Wilson,WR,2024,10,9,3.9,5.932576277832815,5.747990132990132,6.4222222222222225,0.0
00-0038559,Michael Wilson,WR,2024,12,10,6.4,6.164102728718253,5.439519305019305,6.17,3.9
00-0038559,Michael Wilson,WR,2024,13,12,8.0,6.212409525896958,5.52961740961741,6.190909090909091,6.4
00-0038559,Michael Wilson,WR,2024,14,13,12.7,6.714468550168739,6.002981016731017,6.341666666666667,8.0
00-0038559,Michael Wilson,WR,2024,15,14,1.9,7.5464579772809754,7.6685298485298485,6.8307692307692305,12.7
00-0038559,Michael Wilson,WR,2024,16,15,5.4,6.563811103992319,6.193291505791506,6.478571428571429,1.9
00-0038559,Michael Wilson,WR,2024,17,16,4.9,6.740501295445426,6.25416731016731,6.406666666666666,5.4
00-0038563,Tre Tucker,WR,2024,4,3,12.9,8.152051938377364,9.22945945945946,8.200000000000001,19.1
00-0038563,Tre Tucker,WR,2024,5,4,3.6,8.836353510872435,10.381478571428572,9.375,12.9
00-0038563,Tre Tucker,WR,2024,6,5,0.0,7.684643101443007,8.416897567221513,8.22,3.6
00-0038563,Tre Tucker,WR,2024,7,6,6.2,6.0341995758681115,6.252557915057915,6.8500000000000005,0.0
00-0038563,Tre Tucker,WR,2024,8,7,4.3,6.193469555960509,6.3693436293436285,6.757142857142857,6.2
00-0038563,Tre Tucker,WR,2024,9,8,1.5,5.956102667962524,6.029874517374518,6.45,4.3
00-0038563,Tre Tucker,WR,2024,11,9,5.0,5.751662334781139,4.5188030888030895,5.9,1.5
00-0038563,Tre Tucker,WR,2024,12,11,11.7,6.063523032600539,4.408403474903475,5.8100000000000005,5.0
00-0038563,Tre Tucker,WR,2024,13,12,13.4,6.931229383808623,6.188322218322218,6.345454545454546,11.7
00-0038563,Tre Tucker,WR,2024,14,13,1.7,7.719728579602018,8.05118404118404,6.933333333333334,13.4
00-0038563,Tre Tucker,WR,2024,15,14,2.8,6.640240693472854,6.622081972081972,6.530769230769231,1.7
00-0038563,Tre Tucker,WR,2024,16,15,4.3,6.303332403592856,5.846959459459459,6.264285714285714,2.8
00-0038563,Tre Tucker,WR,2024,17,16,9.9,6.057876930472124,5.684774774774774,6.133333333333334,4.3
00-0038563,Tre Tucker,WR,2024,18,17,3.9,6.843517743776125,6.663792229729729,6.36875,9.9
00-0038573,Derius Davis,WR,2024,11,10,2.5,3.1762326439934223,1.9742000000000002,1.8,2.8
00-0038573,Derius Davis,WR,2024,12,11,1.4,3.3328967050906617,2.1152419974391803,1.94,2.5
00-0038573,Derius Davis,WR,2024,13,12,1.1,3.200151278161402,1.923696911196911,1.85,1.4
00-0038573,Derius Davis,WR,2024,14,13,1.1,3.094153440295084,1.7529343629343628,1.7428571428571429,1.1
00-0038573,Derius Davis,WR,2024,16,14,9.8,3.035513592282456,1.6283807915057915,1.6625,1.1
00-0038573,Derius Davis,WR,2024,17,16,9.6,4.269009678296801,3.5255148005148014,2.566666666666667,9.8
00-0038573,Derius Davis,WR,2024,18,17,0.9,4.893932532467583,4.914133204633204,3.27,9.6
00-0038579,Aidan O'Connell,QB,2024,7,6,2.08,9.064352973317606,6.983765765765766,6.706666666666667,11.08
00-0038579,Aidan O'Connell,QB,2024,14,13,6.76,10.893430954218436,9.411218950064022,8.360000000000001,19.6
00-0038579,Aidan O'Connell,QB,2024,16,14,11.48,9.796262010127826,8.681886743886743,8.093333333333334,6.76
00-0038579,Aidan O'Connell,QB,2024,17,16,17.58,10.749375499284385,9.402185328185327,8.577142857142858,11.48
00-0038579,Aidan O'Connell,QB,2024,18,17,15.86,11.70960391214679,11.609365347490348,9.7025,17.58
00-0038583,Dorian Thompson-Robinson,QB,2024,16,15,7.18,4.7890278809629905,1.1384504504504505,1.3333333333333335,0.32
00-0038583,Dorian Thompson-Robinson,QB,2024,17,16,3.8,6.150097796715781,3.111141428571429,2.795,7.18
00-0038583,Dorian Thompson-Robinson,QB,2024,18,17,0.82,6.220663797009043,3.2919905249679897,2.996,3.8
00-0038589,Josh Whyle,TE,2024,6,4,0.7,3.7725858413200086,3.0928378378378376,3.1999999999999997,1.0
00-0038589,Josh Whyle,TE,2024,7,6,4.9,3.3750893170226295,2.318992857142857,2.5749999999999997,0.7
00-0038589,Josh Whyle,TE,2024,8,7,4.3,3.8966302464943903,3.0610230473751603,3.04,4.9
00-0038589,Josh Whyle,TE,2024,9,8,1.7,4.127830304387237,3.377210424710425,3.25,4.3
00-0038589,Josh Whyle,TE,2024,10,9,0.0,3.8954297219449256,2.9949227799227796,3.0285714285714285,1.7
00-0038589,Josh Whyle,TE,2024,11,10,1.1,3.466632576063836,2.1570366795366795,2.65,0.0
00-0038589,Josh Whyle,TE,2024,13,11,0.8,3.3598873403221416,1.9716430716430717,2.477777777777778,1.1
00-0038589,Josh Whyle,TE,2024,14,13,4.1,3.2436404616551173,1.770333976833977,2.31,0.8
00-0038589,Josh Whyle,TE,2024,15,14,12.2,3.734703221891297,2.2249333099333097,2.4727272727272727,4.1
00-0038589,Josh Whyle,TE,2024,17,15,0.0,4.923126859843185,4.429224581724582,3.283333333333333,12.2
00-0038589,Josh Whyle,TE,2024,18,17,7.4,3.980900401467125,3.4610008910008903,3.0307692307692307,0.0
00-0038597,Chase Brown,RB,2024,4,3,22.2,6.070161504853186,5.201531531531531,4.933333333333334,7.9
00-0038597,Chase Brown,RB,2024,5,4,14.9,9.810075413455651,10.718814285714286,9.25,22.2
00-0038597,Chase Brown,RB,2024,6,5,13.4,10.448932219292272,11.836649167733675,10.38,14.9
00-0038597,Chase Brown,RB,2024,7,6,6.3,10.916163938725711,12.166811454311453,10.883333333333333,13.4
00-0038597,Chase Brown,RB,2024,8,7,10.4,9.569633529946051,10.959942084942085,10.228571428571428,6.3
00-0038597,Chase Brown,RB,2024,9,8,24.2,9.797720427469896,11.069295366795368,10.25,10.4
00-0038597,Chase Brown,RB,2024,10,9,17.9,11.878773409428922,14.24733590733591,11.8,24.2
00-0038597,Chase Brown,RB,2024,11,10,16.8,12.300985763754625,14.68896332046332,12.41,17.9
00-0038597,Chase Brown,RB,2024,13,11,17.5,12.71891802739887,15.039127764127763,12.809090909090909,16.8
00-0038597,Chase Brown,RB,2024,14,13,21.3,12.774036314208503,15.524961389961389,13.2,17.5
00-0038597,Chase Brown,RB,2024,15,14,24.8,13.580066881340404,17.00579893079893,13.823076923076924,21.3
00-0038597,Chase Brown,RB,2024,16,15,12.4,14.586048964127395,18.774932432432433,14.607142857142858,24.8
00-0038597,Chase Brown,RB,2024,17,16,11.1,13.586487406550699,16.907660231660234,14.46,12.4
00-0038606,Parker Washington,WR,2024,8,7,6.1,3.72724710791518,2.8457142857142856,2.4,6.0
00-0038606,Parker Washington,WR,2024,9,8,5.6,4.388145140326514,3.7469385403329065,3.1399999999999997,6.1
00-0038606,Parker Washington,WR,2024,11,9,1.5,4.724430553444073,4.19215250965251,3.55,5.6
00-0038606,Parker Washington,WR,2024,13,11,21.3,4.168662183224062,3.62061776061776,3.257142857142857,1.5
00-0038606,Parker Washington,WR,2024,14,13,2.5,6.992926505625616,8.000494691119691,5.5125,21.3
00-0038606,Parker Washington,WR,2024,15,14,6.9,5.48550924422926,6.761256971256971,5.177777777777778,2.5
00-0038606,Parker Washington,WR,2024,16,15,8.4,6.133826425154969,6.73719111969112,5.35,6.9
00-0038606,Parker Washington,WR,2024,17,16,10.6,5.961072685173964,7.063985608985609,5.627272727272727,8.4
00-0038606,Parker Washington,WR,2024,18,17,8.5,6.649663462289137,7.833830437580438,6.041666666666667,10.6
00-0038608,Kayshon Boutte,WR,2024,6,5,13.4,3.4774101337700127,2.466396396396396,2.2333333333333334,4.4
00-0038608,Kayshon Boutte,WR,2024,7,6,3.8,5.93093938269872,6.012721428571429,5.025,13.4
00-0038608,Kayshon Boutte,WR,2024,8,7,6.1,5.300729412493538,5.342212548015365,4.78,3.8
00-0038608,Kayshon Boutte,WR,2024,9,8,2.8,5.708421622476952,5.509169884169884,5.0,6.1
00-0038608,Kayshon Boutte,WR,2024,10,9,6.7,4.9811495171296665,4.988262548262548,4.685714285714286,2.8
00-0038608,Kayshon Boutte,WR,2024,11,10,5.3,5.536401220273034,5.50750723938224,4.9375,6.7
00-0038608,Kayshon Boutte,WR,2024,12,11,1.1,5.47534016280018,5.46967395967396,4.977777777777778,5.3
00-0038608,Kayshon Boutte,WR,2024,13,12,7.6,5.098967781353136,4.148083011583012,4.59,1.1
00-0038608,Kayshon Boutte,WR,2024,15,13,2.9,5.706246433171762,4.977156897156897,4.863636363636363,7.6
00-0038608,Kayshon Boutte,WR,2024,16,15,18.0,5.255892511056971,4.459826254826255,4.7,2.9
00-0038608,Kayshon Boutte,WR,2024,17,16,4.8,7.169422665534384,7.573984258984259,5.723076923076923,18.0
00-0038608,Kayshon Boutte,WR,2024,18,17,21.2,6.193961476930128,6.871332046332046,5.6571428571428575,4.8
00-0038611,Chris Rodriguez,RB,2024,15,13,0.2,7.715001242191415,7.685135135135136,7.0,15.4
00-0038611,Chris Rodriguez,RB,2024,16,15,0.5,5.59086836631183,5.223114285714286,5.3,0.2
00-0038611,Chris Rodriguez,RB,2024,17,16,9.3,5.139327662304006,3.889627400768246,4.34,0.5
00-0038618,Xavier Hutchinson,WR,2024,5,3,4.1,1.9155684921921114,0.21981981981981982,0.26666666666666666,0.0
00-0038618,Xavier Hutchinson,WR,2024,6,5,0.0,2.79780253459028,1.483607142857143,1.2249999999999999,4.1
00-0038618,Xavier Hutchinson,WR,2024,7,6,1.6,2.423929996995829,1.052090909090909,0.98,0.0
00-0038618,Xavier Hutchinson,WR,2024,8,7,2.4,2.6888787903173013,1.1888963963963963,1.0833333333333333,1.6
00-0038618,Xavier Hutchinson,WR,2024,9,8,0.0,2.8091838967629315,1.4985907335907336,1.2714285714285714,2.4
00-0038618,Xavier Hutchinson,WR,2024,10,9,1.6,2.594502120743558,1.17956805019305,1.1125,0.0
00-0038618,Xavier Hutchinson,WR,2024,12,10,0.0,2.7692041878831954,1.3172715572715574,1.1666666666666667,1.6
00-0038618,Xavier Hutchinson,WR,2024,16,15,1.3,2.837436404537572,1.1502825552825553,1.1181818181818182,1.8
00-0038618,Xavier Hutchinson,WR,2024,17,16,3.1,2.8326455776827757,1.1665508365508366,1.1333333333333333,1.3
00-0038618,Xavier Hutchinson,WR,2024,18,17,1.0,3.15775736665162,1.5554068904068905,1.2846153846153847,3.1
00-0038619,Andrei Iosivas,WR,2024,4,3,3.4,9.608553175300823,11.06216216216216,10.5,13.7
00-0038619,Andrei Iosivas,WR,2024,5,4,4.4,7.898707251914896,8.54755,8.725,3.4
00-0038619,Andrei Iosivas,WR,2024,6,5,4.6,7.197439700306967,7.381480153649167,7.859999999999999,4.4
00-0038619,Andrei Iosivas,WR,2024,7,6,0.0,6.625613664478068,6.69239703989704,7.316666666666666,4.6
00-0038619,Andrei Iosivas,WR,2024,8,7,0.0,5.602916638123395,5.149420849420849,6.271428571428571,0.0
00-0038619,Andrei Iosivas,WR,2024,9,8,7.5,5.117498194073498,3.6544280888030887,5.4875,0.0
00-0038619,Andrei Iosivas,WR,2024,10,9,3.9,5.993684344618182,4.29985413985414,5.711111111111111,7.5
00-0038619,Andrei Iosivas,WR,2024,11,10,6.1,5.794624815532763,4.312565637065637,5.529999999999999,3.9
00-0038619,Andrei Iosivas,WR,2024,13,11,11.0,6.183131892658885,4.787497367497368,5.581818181818182,6.1
00-0038619,Andrei Iosivas,WR,2024,14,13,6.1,6.788573021710443,6.249736164736165,6.033333333333333,11.0
00-0038619,Andrei Iosivas,WR,2024,15,14,1.0,6.588630499833932,6.422882387882387,6.038461538461538,6.1
00-0038619,Andrei Iosivas,WR,2024,16,15,12.8,5.942925387703649,5.417249034749035,5.678571428571429,1.0
00-0038619,Andrei Iosivas,WR,2024,17,16,7.4,6.9831282188097905,6.992450450450452,6.153333333333333,12.8
00-0038619,Andrei Iosivas,WR,2024,18,17,2.2,6.741098333386492,7.13566722972973,6.23125,7.4
00-0038621,Demario Douglas,WR,2024,5,4,8.9,5.427907970026398,5.418693693693694,5.433333333333334,2.8
00-0038621,Demario Douglas,WR,2024,6,5,18.2,6.622846731230467,6.551457142857143,6.300000000000001,8.9
00-0038621,Demario Douglas,WR,2024,7,6,2.4,8.729379066527768,9.837449423815622,8.68,18.2
00-0038621,Demario Douglas,WR,2024,8,7,2.2,7.118063980474732,7.877651222651223,7.633333333333334,2.4
00-0038621,Demario Douglas,WR,2024,9,8,7.0,6.477389797733107,6.661988416988416,6.857142857142858,2.2
00-0038621,Demario Douglas,WR,2024,10,9,7.0,6.4693103611559755,6.588952702702702,6.875,7.0
00-0038621,Demario Douglas,WR,2024,11,10,7.9,6.675521501880656,6.833408408408408,6.888888888888889,7.0
00-0038621,Demario Douglas,WR,2024,12,11,8.8,7.02923409062786,7.011789575289576,6.99,7.9
00-0038621,Demario Douglas,WR,2024,13,12,4.0,7.4700696927160255,7.027334152334152,7.154545454545454,8.8
00-0038621,Demario Douglas,WR,2024,15,13,8.6,6.947565713594256,6.510809202059202,6.891666666666667,4.0
00-0038621,Demario Douglas,WR,2024,16,15,5.9,7.403032855145047,7.154795069795069,7.023076923076923,8.6
00-0038621,Demario Douglas,WR,2024,17,16,12.6,7.107074527998357,6.872586872586872,6.942857142857143,5.9
00-0038621,Demario Douglas,WR,2024,18,17,4.9,7.996733946430966,8.138467181467181,7.32,12.6
00-0038636,Kenny McIntosh,RB,2024,15,14,0.9,4.124185195528161,2.6536036036036035,2.3666666666666667,5.5
00-0038636,Kenny McIntosh,RB,2024,16,15,3.4,3.646176288902956,2.0716857142857146,2.0,0.9
00-0038636,Kenny McIntosh,RB,2024,17,16,4.6,4.1190488068644,2.444472471190781,2.28,3.4
00-0038636,Kenny McIntosh,RB,2024,18,17,4.9,4.41053270914267,2.9884105534105534,2.6666666666666665,4.6
00-0038640,Jalen Brooks,WR,2024,5,3,1.5,3.4534972748239787,2.2766666666666664,2.2333333333333334,2.9
00-0038640,Jalen Brooks,WR,2024,6,5,2.0,3.2567782965513343,2.022328571428571,2.05,1.5
00-0038640,Jalen Brooks,WR,2024,8,6,0.0,3.338383226457405,2.017245838668374,2.04,2.0
00-0038640,Jalen Brooks,WR,2024,9,8,3.6,2.918538293977386,1.501891891891892,1.7,0.0
00-0038640,Jalen Brooks,WR,2024,10,9,0.9,3.398801223422676,2.000907335907336,1.9714285714285713,3.6
00-0038640,Jalen Brooks,WR,2024,12,10,4.6,3.13084932346734,1.7514454633204632,1.8375,0.9
00-0038640,Jalen Brooks,WR,2024,13,12,0.5,3.712612387867448,2.3891076791076786,2.1444444444444444,4.6
00-0038640,Jalen Brooks,WR,2024,15,13,8.2,3.2659771961034427,1.967980694980695,1.98,0.5
00-0038640,Jalen Brooks,WR,2024,17,15,1.7,4.2755934661768045,3.397781677781677,2.5454545454545454,8.2
00-0038678,Jordan Mims,RB,2024,10,9,1.9,4.360870067858094,2.9295045045045045,2.7333333333333334,4.3
00-0038678,Jordan Mims,RB,2024,11,10,0.3,4.1519640439937895,2.58675,2.525,1.9
00-0038678,Jordan Mims,RB,2024,18,16,4.0,4.474060038484007,2.9070624195624197,2.683333333333333,5.7
00-0038685,Christopher Brooks,RB,2024,9,8,5.6,3.422234320477316,1.6451801801801802,1.5333333333333334,2.2
00-0038685,Christopher Brooks,RB,2024,11,9,2.3,4.382927186387683,2.9268142857142854,2.55,5.6
00-0038685,Christopher Brooks,RB,2024,12,11,3.1,4.188048155357946,2.7325352112676056,2.5,2.3
00-0038685,Christopher Brooks,RB,2024,13,12,3.9,4.375289311301355,2.8154247104247103,2.6,3.1
00-0038685,Christopher Brooks,RB,2024,14,13,0.3,4.517143741962978,3.1644787644787646,2.7857142857142856,3.9
00-0038685,Christopher Brooks,RB,2024,15,14,2.0,4.050005732543294,2.4937789575289577,2.475,0.3
00-0038685,Christopher Brooks,RB,2024,16,15,9.0,4.131877609418515,2.3863878163878165,2.422222222222222,2.0
00-0038685,Christopher Brooks,RB,2024,18,16,5.9,5.083094648646319,3.814081081081081,3.08,9.0
00-0038705,Emari Demercado,RB,2024,4,3,2.9,4.281460981302368,2.774009009009009,2.966666666666667,0.7
00-0038705,Emari Demercado,RB,2024,5,4,0.5,4.439038529534841,2.8227857142857142,2.9499999999999997,2.9
00-0038705,Emari Demercado,RB,2024,6,5,8.9,3.8721708869402085,2.170987195902689,2.46,0.5
00-0038705,Emari Demercado,RB,2024,7,6,1.4,5.274571318075074,3.9076319176319174,3.533333333333333,8.9
00-0038705,Emari Demercado,RB,2024,8,7,0.0,4.573355141345376,3.283320463320463,3.2285714285714286,1.4
00-0038705,Emari Demercado,RB,2024,9,8,15.0,4.282082725731448,2.4418967181467184,2.825,0.0
00-0038705,Emari Demercado,RB,2024,10,9,2.2,6.0680688751981275,5.492704847704848,4.177777777777778,15.0
00-0038705,Emari Demercado,RB,2024,12,10,1.4,5.167234274043456,4.748733590733591,3.98,2.2
00-0038705,Emari Demercado,RB,2024,13,12,2.0,5.098399913680753,4.086874341874342,3.7454545454545456,1.4
00-0038705,Emari Demercado,RB,2024,14,13,3.5,4.675766062002256,3.4242084942084947,3.6,2.0
00-0038710,Blake Whiteheart,TE,2024,14,13,0.0,4.247571060575528,3.5314414414414417,4.066666666666666,0.0
00-0038710,Blake Whiteheart,TE,2024,15,14,0.0,3.3800138059582943,2.404642857142857,3.0500000000000003,0.0
00-0038710,Blake Whiteheart,TE,2024,17,15,1.3,2.947003809647532,1.7528476312419974,2.44,0.0
00-0038710,Blake Whiteheart,TE,2024,18,17,0.6,3.0135164116184048,1.6699710424710426,2.25,1.3
00-0038720,Julian Hill,TE,2024,8,7,2.6,2.581055550650613,1.4029285714285715,1.35,0.9
00-0038720,Julian Hill,TE,2024,10,8,0.0,2.963984623344644,1.7394046094750317,1.6,2.6
00-0038720,Julian Hill,TE,2024,11,10,3.8,2.549301117535556,1.2873809523809523,1.3333333333333333,0.0
00-0038720,Julian Hill,TE,2024,12,11,1.3,3.112597912944611,1.9180308880308878,1.6857142857142857,3.8
00-0038720,Julian Hill,TE,2024,13,12,1.0,2.9108743473555125,1.826136583011583,1.6375,1.3
00-0038720,Julian Hill,TE,2024,14,13,1.9,2.9393215802262924,1.566151866151866,1.5666666666666667,1.0
00-0038752,Jake Bobo,WR,2024,6,5,2.8,3.513672977650013,2.4787837837837836,2.6,0.8
00-0038752,Jake Bobo,WR,2024,7,6,0.0,3.731389690424539,2.588157142857143,2.65,2.8
00-0038752,Jake Bobo,WR,2024,8,7,2.0,3.0964418291347635,1.8583188220230473,2.12,0.0
00-0038752,Jake Bobo,WR,2024,9,8,0.0,3.3011522112849976,1.9071814671814673,2.1,2.0
00-0038752,Jake Bobo,WR,2024,16,15,1.1,3.0683094302842178,1.3389875589875588,1.6888888888888889,1.3
00-0038752,Jake Bobo,WR,2024,18,16,6.9,3.1115565022590115,1.25034555984556,1.63,1.1
00-0038783,Nate Adkins,TE,2024,5,4,1.3,2.003837582342255,0.5590990990990992,0.5333333333333333,0.5
00-0038783,Nate Adkins,TE,2024,6,5,1.0,2.240917221556201,0.799007142857143,0.7250000000000001,1.3
00-0038783,Nate Adkins,TE,2024,8,6,6.8,2.2823765772206235,0.8525902688860436,0.78,1.0
00-0038783,Nate Adkins,TE,2024,13,11,2.1,4.095813952688392,3.7528378378378378,2.6285714285714286,7.7
00-0038783,Nate Adkins,TE,2024,15,13,8.0,3.7692199775548216,3.3979367760617762,2.5625,2.1
00-0038783,Nate Adkins,TE,2024,16,15,2.8,4.549130096233507,4.548005148005148,3.1666666666666665,8.0
00-0038783,Nate Adkins,TE,2024,17,16,1.2,4.062113005224126,4.183028957528958,3.13,2.8
00-0038783,Nate Adkins,TE,2024,18,17,4.0,3.887449576662418,3.5517743067743064,2.9545454545454546,1.2
00-0038794,Jaleel McLaughlin,RB,2024,4,3,5.1,5.318763106677377,4.24545045045045,3.9333333333333336,7.9
00-0038794,Jaleel McLaughlin,RB,2024,5,4,10.0,5.415575000709291,4.510721428571428,4.225,5.1
00-0038794,Jaleel McLaughlin,RB,2024,6,5,3.5,6.72395664542388,6.051738796414853,5.38,10.0
00-0038794,Jaleel McLaughlin,RB,2024,7,6,3.5,6.0070369387546645,5.366132561132561,5.066666666666666,3.5
00-0038794,Jaleel McLaughlin,RB,2024,8,7,12.1,5.865662962851013,4.9653861003861,4.8428571428571425,3.5
00-0038794,Jaleel McLaughlin,RB,2024,9,8,3.5,7.006876427678153,6.836148648648649,5.75,12.1
00-0038794,Jaleel McLaughlin,RB,2024,10,9,1.2,6.334196260907084,5.956679536679537,5.5,3.5
00-0038794,Jaleel McLaughlin,RB,2024,11,10,1.9,5.895288511233991,4.856044401544402,5.07,1.2
00-0038794,Jaleel McLaughlin,RB,2024,12,11,4.4,5.506879313996444,4.008559143559143,4.781818181818182,1.9
00-0038794,Jaleel McLaughlin,RB,2024,13,12,8.9,5.711491642165699,4.160357142857142,4.75,4.4
00-0038794,Jaleel McLaughlin,RB,2024,15,13,4.9,6.4328264105501,5.2838639738639746,5.069230769230769,8.9
00-0038794,Jaleel McLaughlin,RB,2024,17,15,8.6,6.405659790173594,4.9451544401544405,5.057142857142857,4.9
00-0038794,Jaleel McLaughlin,RB,2024,18,17,5.8,6.901342523858061,5.810967824967825,5.293333333333333,8.6
00-0038797,Emanuel Wilson,RB,2024,4,3,2.7,8.012596354194548,8.053513513513513,7.4,15.5
00-0038797,Emanuel Wilson,RB,2024,5,4,2.0,6.437185796395781,6.286007142857143,6.225,2.7
00-0038797,Emanuel Wilson,RB,2024,6,5,7.8,6.018688282111012,5.070080665813061,5.38,2.0
00-0038797,Emanuel Wilson,RB,2024,7,6,1.1,6.4075375439716415,5.783896396396397,5.783333333333333,7.8
00-0038797,Emanuel Wilson,RB,2024,8,7,1.3,5.547905051903624,4.623185328185328,5.114285714285714,1.1
00-0038797,Emanuel Wilson,RB,2024,9,8,9.4,5.307544310762782,3.9733373552123554,4.6375,1.3
00-0038797,Emanuel Wilson,RB,2024,11,9,1.7,6.356908472757687,4.883873873873874,5.166666666666667,9.4
00-0038797,Emanuel Wilson,RB,2024,12,11,4.1,5.693259167190175,4.234722007722008,4.82,1.7
00-0038797,Emanuel Wilson,RB,2024,13,12,2.0,5.9488357115980115,4.31501755001755,4.754545454545455,4.1
00-0038797,Emanuel Wilson,RB,2024,14,13,0.7,5.488537127267453,3.692881274131274,4.525,2.0
00-0038797,Emanuel Wilson,RB,2024,15,14,0.9,5.23801801861107,3.162294327294327,4.230769230769231,0.7
00-0038797,Emanuel Wilson,RB,2024,16,15,12.1,5.036844713445578,2.790820463320463,3.992857142857143,0.9
00-0038797,Emanuel Wilson,RB,2024,17,16,8.9,6.351631437656697,4.692902187902188,4.533333333333333,12.1
00-0038797,Emanuel Wilson,RB,2024,18,17,13.6,6.534697226466852,5.7114346042471045,4.80625,8.9
00-0038821,Rakim Jarrett,WR,2024,12,10,3.5,4.205282143276581,3.25981981981982,3.5666666666666664,2.0
00-0038821,Rakim Jarrett,WR,2024,17,16,1.6,3.7890909369582224,2.7222996158770805,3.06,1.1
00-0038824,Ryan Miller,WR,2024,10,9,1.6,5.423116914925439,4.947567567567567,4.8,6.6
00-0038824,Ryan Miller,WR,2024,12,10,1.9,4.534881764932855,3.8529142857142857,4.0,1.6
00-0038824,Ryan Miller,WR,2024,16,15,8.7,3.7362896292300425,2.6268886743886743,3.0833333333333335,0.6
00-0038824,Ryan Miller,WR,2024,17,16,3.6,4.940131645156711,4.085830115830115,3.8857142857142857,8.7
00-0038933,Dalton Kincaid,TE,2024,4,3,7.2,6.374120564135217,6.789144144144144,6.166666666666666,11.6
00-0038933,Dalton Kincaid,TE,2024,5,4,4.4,6.49891280359742,6.897549999999999,6.425,7.2
00-0038933,Dalton Kincaid,TE,2024,6,5,8.1,6.11215517729781,6.169458386683738,6.02,4.4
00-0038933,Dalton Kincaid,TE,2024,7,6,6.7,6.475880662812682,6.656518661518662,6.366666666666666,8.1
00-0038933,Dalton Kincaid,TE,2024,8,7,11.1,6.462414935178815,6.834324324324324,6.414285714285715,6.7
00-0038933,Dalton Kincaid,TE,2024,9,8,5.2,7.329353003313516,7.899806949806949,7.0,11.1
00-0038933,Dalton Kincaid,TE,2024,10,9,3.4,6.802203134604482,7.087181467181467,6.8,5.2
00-0038933,Dalton Kincaid,TE,2024,16,15,3.5,6.608293271837852,6.537901017901019,6.536363636363636,7.3
00-0038933,Dalton Kincaid,TE,2024,17,16,3.4,6.191806081024007,5.793703346203346,6.283333333333333,3.5
00-0038935,Brenton Strange,TE,2024,5,4,10.4,6.256657072437962,6.2358558558558554,6.533333333333333,3.4
00-0038935,Brenton Strange,TE,2024,6,5,1.6,7.3681010805660305,7.602142857142858,7.5,10.4
00-0038935,Brenton Strange,TE,2024,8,6,8.4,5.85971643014793,5.898606914212548,6.32,1.6
00-0038935,Brenton Strange,TE,2024,10,8,3.5,6.730985966735042,6.559279279279279,6.666666666666667,8.4
00-0038935,Brenton Strange,TE,2024,11,10,1.1,5.9303325688923785,5.7548841698841695,6.214285714285714,3.5
00-0038935,Brenton Strange,TE,2024,13,11,1.9,5.434363980718254,4.565111003861004,5.575,1.1
00-0038935,Brenton Strange,TE,2024,14,13,2.6,5.05033654662494,4.02470398970399,5.166666666666667,1.9
00-0038935,Brenton Strange,TE,2024,15,14,12.8,5.041446243799002,3.5288474903474905,4.91,2.6
00-0038935,Brenton Strange,TE,2024,16,15,1.2,6.381561447183066,5.801360126360127,5.627272727272727,12.8
00-0038935,Brenton Strange,TE,2024,17,16,0.0,5.438325727433732,4.655957207207208,5.258333333333334,1.2
00-0038935,Brenton Strange,TE,2024,18,17,8.0,5.086564991325168,3.6873596673596674,4.8538461538461535,0.0
00-0038938,Jalin Hyatt,WR,2024,6,4,1.1,1.7521334421872496,0.0,0.0,0.0
00-0038938,Jalin Hyatt,WR,2024,7,6,0.0,2.0217085920228577,0.3577357142857143,0.275,1.1
00-0038938,Jalin Hyatt,WR,2024,14,13,0.0,2.8344821654547374,1.7623166023166024,1.2571428571428571,1.8
00-0038938,Jalin Hyatt,WR,2024,16,14,1.4,2.6679452302234536,1.3767374517374518,1.1,0.0
00-0038938,Jalin Hyatt,WR,2024,18,16,0.0,2.6588141685332585,1.4172265122265122,1.1333333333333333,1.4
00-0038951,Sean Tucker,RB,2024,7,6,4.3,11.537701157413,13.836711711711711,11.766666666666667,32.7
00-0038951,Sean Tucker,RB,2024,8,7,2.0,8.864994579744371,10.6514,9.9,4.3
00-0038951,Sean Tucker,RB,2024,9,8,2.2,7.947038371880874,8.168927016645327,8.32,2.0
00-0038951,Sean Tucker,RB,2024,14,12,4.7,6.91444795874531,7.103339768339769,7.328571428571429,7.5
00-0038951,Sean Tucker,RB,2024,15,14,1.7,6.676521778091069,6.70546332046332,7.0,4.7
00-0038951,Sean Tucker,RB,2024,17,15,4.9,6.825695691679991,4.621051051051051,6.411111111111111,1.7
00-0038951,Sean Tucker,RB,2024,18,17,1.6,6.8681956394588095,4.791231660231661,6.260000000000001,4.9
00-0038976,Marvin Mims,WR,2024,5,3,2.9,2.4653298771888665,1.048063063063063,0.9666666666666667,1.4
00-0038976,Marvin Mims,WR,2024,6,5,0.0,2.9548800149284054,1.647042857142857,1.45,2.9
00-0038976,Marvin Mims,WR,2024,7,6,2.8,2.57329648024326,1.1720179257362355,1.16,0.0
00-0038976,Marvin Mims,WR,2024,8,7,1.3,2.99134698370341,1.588230373230373,1.4333333333333333,2.8
00-0038976,Marvin Mims,WR,2024,9,8,0.9,2.8614248141875547,1.5669111969111968,1.4142857142857141,1.3
00-0038976,Marvin Mims,WR,2024,10,9,5.0,2.865548568029464,1.401573359073359,1.3499999999999999,0.9
00-0038976,Marvin Mims,WR,2024,11,10,12.3,3.420925961365645,2.250409695409695,1.7555555555555555,5.0
00-0038976,Marvin Mims,WR,2024,12,11,5.7,4.705684280736882,4.539947876447877,2.81,12.3
00-0038976,Marvin Mims,WR,2024,13,12,18.4,4.620808970476542,4.86958581958582,3.0727272727272728,5.7
00-0038976,Marvin Mims,WR,2024,15,13,4.0,6.462145778656196,7.906959459459459,4.35,18.4
00-0038976,Marvin Mims,WR,2024,16,15,8.0,5.270531975938904,7.046416691416692,4.323076923076923,4.0
00-0038976,Marvin Mims,WR,2024,17,16,26.2,5.8690670164994065,7.30480694980695,4.585714285714285,8.0
00-0038976,Marvin Mims,WR,2024,18,17,19.6,7.8916277379781965,11.387576576576576,6.026666666666666,26.2
00-0038977,Tank Dell,WR,2024,5,3,5.3,6.269142460684534,6.083198198198199,5.966666666666667,8.7
00-0038977,Tank Dell,WR,2024,6,5,15.2,5.924207130414121,5.823771428571428,5.8,5.3
00-0038977,Tank Dell,WR,2024,7,6,0.0,8.039064632392114,8.476745198463508,7.68,15.2
00-0038977,Tank Dell,WR,2024,8,7,11.5,5.999290819281774,6.268223938223938,6.3999999999999995,0.0
00-0038977,Tank Dell,WR,2024,9,8,15.6,7.4086936307416895,7.5291698841698835,7.128571428571428,11.5
00-0038977,Tank Dell,WR,2024,10,9,5.8,8.254582566948114,9.661783301158302,8.1875,15.6
00-0038977,Tank Dell,WR,2024,11,10,7.8,7.706781918204103,8.71036465036465,7.922222222222222,5.8
00-0038977,Tank Dell,WR,2024,12,11,8.7,7.7578342250228625,8.577148648648649,7.91,7.8
00-0038977,Tank Dell,WR,2024,13,12,2.8,7.712316807080058,8.335180765180764,7.9818181818181815,8.7
00-0038977,Tank Dell,WR,2024,15,13,5.1,7.067554402740052,7.352171814671815,7.55,2.8
00-0038977,Tank Dell,WR,2024,16,15,18.8,7.089672533580086,6.7123685773685775,7.361538461538461,5.1
00-0038979,Cedric Tillman,WR,2024,7,6,14.1,2.0355143435335346,0.3816785714285714,0.475,-0.5
00-0038979,Cedric Tillman,WR,2024,8,7,25.4,4.736556080983533,4.268962868117797,3.1999999999999997,14.1
00-0038979,Cedric Tillman,WR,2024,9,8,16.5,8.182972817866029,9.627432432432432,6.8999999999999995,25.4
00-0038979,Cedric Tillman,WR,2024,11,9,6.2,8.957831731340447,11.537953667953667,8.27142857142857,16.5
00-0038979,Cedric Tillman,WR,2024,12,11,1.8,7.9439838957634,10.487598938223938,8.0125,6.2
00-0038994,Jordan Addison,WR,2024,7,5,8.1,8.859890261847053,10.410405405405404,10.5,5.1
00-0038994,Jordan Addison,WR,2024,8,7,3.2,8.93535982545576,9.662657142857142,9.899999999999999,8.1
00-0038994,Jordan Addison,WR,2024,9,8,13.6,7.238186200329199,7.843951344430217,8.559999999999999,3.2
00-0038994,Jordan Addison,WR,2024,10,9,3.9,8.750308952474251,9.352046332046331,9.4,13.6
00-0038994,Jordan Addison,WR,2024,11,10,13.6,7.524686163253473,8.156583011583011,8.614285714285714,3.9
00-0038994,Jordan Addison,WR,2024,12,11,26.2,9.085699993751756,9.024881756756756,9.237499999999999,13.6
00-0038994,Jordan Addison,WR,2024,13,12,7.4,11.12848964322909,13.236465036465034,11.122222222222222,26.2
00-0038994,Jordan Addison,WR,2024,14,13,35.3,9.837382347940983,11.948137065637065,10.75,7.4
00-0038994,Jordan Addison,WR,2024,15,14,9.8,13.416925240694825,17.548501228501227,12.98181818181818,35.3
00-0038994,Jordan Addison,WR,2024,16,15,12.0,11.047984889118275,15.663285070785072,12.716666666666667,9.8
00-0038994,Jordan Addison,WR,2024,17,16,15.9,11.481057036498521,15.075862785862785,12.661538461538461,12.0
00-0038994,Jordan Addison,WR,2024,18,17,0.5,11.234996034661767,15.160415057915056,12.892857142857142,15.9
00-0038996,Tucker Kraft,TE,2024,4,3,14.3,4.278730450539983,3.4952252252252256,3.566666666666667,3.4
00-0038996,Tucker Kraft,TE,2024,5,4,22.8,6.657137496849525,7.011985714285714,6.25,14.3
00-0038996,Tucker Kraft,TE,2024,6,5,2.5,9.638538683231511,11.446864276568503,9.56,22.8
00-0038996,Tucker Kraft,TE,2024,7,6,10.8,7.657426163822778,9.065537323037324,8.383333333333333,2.5
00-0038996,Tucker Kraft,TE,2024,8,7,15.3,8.33078928324344,9.62314671814672,8.72857142857143,10.8
00-0038996,Tucker Kraft,TE,2024,9,8,5.6,8.847679993893548,11.20168918918919,9.55,15.3
00-0038996,Tucker Kraft,TE,2024,11,9,0.0,8.14423820665926,10.070684255684258,9.11111111111111,5.6
00-0038996,Tucker Kraft,TE,2024,12,11,9.6,6.923847933893991,7.528223938223939,8.200000000000001,0.0
00-0038996,Tucker Kraft,TE,2024,13,12,10.8,7.6710909828230145,7.50379255879256,8.327272727272728,9.6
00-0038996,Tucker Kraft,TE,2024,14,13,11.6,8.055134682872609,8.475624195624196,8.533333333333333,10.8
00-0038996,Tucker Kraft,TE,2024,15,14,4.4,8.662249400187541,9.099095634095635,8.76923076923077,11.6
00-0038996,Tucker Kraft,TE,2024,16,15,8.0,7.9546162409779795,7.813899613899614,8.457142857142857,4.4
00-0038996,Tucker Kraft,TE,2024,17,16,6.3,8.103428846288699,7.974198198198199,8.426666666666668,8.0
00-0038996,Tucker Kraft,TE,2024,18,17,5.6,7.840507014002117,7.916866554054054,8.29375,6.3
00-0038997,Josh Downs,WR,2024,6,5,16.0,9.785126254596076,11.51108108108108,11.1,11.4
00-0038997,Josh Downs,WR,2024,7,6,0.8,11.298187830046565,12.954292857142857,12.325,16.0
00-0038997,Josh Downs,WR,2024,8,7,18.9,8.32190230950713,9.485751600512163,10.02,0.8
00-0038997,Josh Downs,WR,2024,9,8,9.0,10.646226295814968,11.921660231660232,11.5,18.9
00-0038997,Josh Downs,WR,2024,10,9,10.7,9.58622183059349,11.47146718146718,11.142857142857142,9.0
00-0038997,Josh Downs,WR,2024,11,10,16.9,10.127764299616313,11.034099903474903,11.0875,10.7
00-0038997,Josh Downs,WR,2024,12,11,4.2,10.807072655623838,12.41153153153153,11.733333333333333,16.9
00-0038997,Josh Downs,WR,2024,16,15,13.6,9.032700766073548,9.416135486135486,10.409090909090908,4.7
00-0038997,Josh Downs,WR,2024,17,16,3.7,9.750182830898336,10.089493243243243,10.674999999999999,13.6
00-0038997,Josh Downs,WR,2024,18,17,14.4,8.795675891302047,8.728171963171963,10.138461538461538,3.7
00-0038998,Jake Haener,QB,2024,7,5,5.52,4.333637919604889,0.6097477477477478,0.49333333333333335,1.78
00-0038998,Jake Haener,QB,2024,8,7,5.88,5.436738325130032,2.201917142857143,1.75,5.52
00-0038998,Jake Haener,QB,2024,15,14,0.66,5.132631630350153,1.7910347490347491,1.7971428571428572,-0.1
00-0039021,Roschon Johnson,RB,2024,6,5,4.3,10.262146134903245,10.836801801801801,10.433333333333334,14.5
00-0039021,Roschon Johnson,RB,2024,8,6,6.6,8.5537384208094,8.6946,8.9,4.3
00-0039021,Roschon Johnson,RB,2024,9,8,3.1,8.431066503841372,8.110888604353391,8.44,6.6
00-0039021,Roschon Johnson,RB,2024,10,9,0.6,7.301939501791068,6.843851351351351,7.55,3.1
00-0039021,Roschon Johnson,RB,2024,11,10,10.6,6.444619783004442,5.276119691119691,6.557142857142857,0.6
00-0039021,Roschon Johnson,RB,2024,12,11,7.7,7.534141557141185,6.500581563706564,7.0625,10.6
00-0039021,Roschon Johnson,RB,2024,17,16,0.5,6.796375916393155,5.190666023166023,6.45,0.3
00-0039021,Roschon Johnson,RB,2024,18,17,4.4,6.190733060725056,4.134687609687609,5.909090909090909,0.5
00-0039032,Tyjae Spears,RB,2024,4,3,10.9,6.715810217839404,5.993243243243243,5.8,8.1
00-0039032,Tyjae Spears,RB,2024,6,4,2.7,7.801068169586486,7.581164285714285,7.075,10.9
00-0039032,Tyjae Spears,RB,2024,11,10,1.8,7.026918940168092,6.286306306306306,6.266666666666667,6.6
00-0039032,Tyjae Spears,RB,2024,13,11,0.3,6.029792435431601,5.212606177606178,5.628571428571428,1.8
00-0039032,Tyjae Spears,RB,2024,14,13,2.8,5.482717846523152,4.083882722007722,4.9625,0.3
00-0039032,Tyjae Spears,RB,2024,15,14,24.2,5.4360276024131355,3.6815615615615616,4.722222222222222,2.8
00-0039032,Tyjae Spears,RB,2024,16,15,20.1,8.380801295721543,8.256527027027028,6.67,24.2
00-0039032,Tyjae Spears,RB,2024,17,16,11.8,9.347640521563626,11.081779571779572,7.890909090909091,20.1
00-0039040,Devon Achane,RB,2024,4,3,4.4,14.492778939594121,16.77608108108108,17.6,7.3
00-0039040,Devon Achane,RB,2024,5,4,2.2,11.845341308557956,12.784571428571429,14.3,4.4
00-0039040,Devon Achane,RB,2024,7,5,9.5,9.469697065519245,9.856277848911652,11.88,2.2
00-0039040,Devon Achane,RB,2024,8,7,23.7,9.871928629537791,9.862429214929215,11.483333333333334,9.5
00-0039040,Devon Achane,RB,2024,9,8,28.1,12.436067518622053,13.01146718146718,13.228571428571428,23.7
00-0039040,Devon Achane,RB,2024,10,9,7.7,14.645990741089136,16.20686052123552,15.0875,28.1
00-0039040,Devon Achane,RB,2024,11,10,18.5,12.798694423903227,14.453333333333333,14.266666666666667,7.7
00-0039040,Devon Achane,RB,2024,12,11,19.1,13.604031241237903,15.738835907335908,14.69,18.5
00-0039040,Devon Achane,RB,2024,13,12,17.0,13.6473523668982,16.928169533169534,15.090909090909092,19.1
00-0039040,Devon Achane,RB,2024,14,13,15.9,14.021921886593745,17.098638996138995,15.25,17.0
00-0039040,Devon Achane,RB,2024,15,14,11.1,13.985241244027128,16.485173745173746,15.3,15.9
00-0039040,Devon Achane,RB,2024,16,15,28.0,13.451441372149917,14.803262548262548,15.0,11.1
00-0039040,Devon Achane,RB,2024,17,16,4.8,15.307501366754517,17.98250321750322,15.866666666666667,28.0
00-0039040,Devon Achane,RB,2024,18,17,18.1,12.986054452539065,14.931114864864867,15.175,4.8
00-0039041,Elijah Higgins,TE,2024,4,3,2.2,4.336676673057713,3.958963963963964,4.033333333333333,1.6
00-0039041,Elijah Higgins,TE,2024,5,4,6.7,4.170351158147331,3.3899357142857145,3.575,2.2
00-0039041,Elijah Higgins,TE,2024,7,5,0.6,4.792357469399502,4.3351600512163895,4.2,6.7
00-0039041,Elijah Higgins,TE,2024,8,7,2.3,4.038799755762312,3.372393822393823,3.6,0.6
00-0039041,Elijah Higgins,TE,2024,9,8,4.4,4.086272180555528,3.1565637065637064,3.4142857142857146,2.3
00-0039041,Elijah Higgins,TE,2024,10,9,2.3,4.303706897979897,3.287082528957529,3.5375,4.4
00-0039041,Elijah Higgins,TE,2024,12,10,1.0,4.176795356456282,3.1250965250965255,3.4000000000000004,2.3
00-0039041,Elijah Higgins,TE,2024,13,12,3.3,3.9392419687693017,2.677602316602316,3.16,1.0
00-0039041,Elijah Higgins,TE,2024,15,13,1.0,4.148036792709667,2.7057827307827305,3.172727272727273,3.3
00-0039041,Elijah Higgins,TE,2024,16,15,0.0,3.8812978271315535,2.4201528314028318,2.9916666666666667,1.0
00-0039041,Elijah Higgins,TE,2024,17,16,3.3,3.6763324818656136,1.9154187704187704,2.7615384615384615,0.0
00-0039050,Payne Durham,TE,2024,17,16,10.6,4.131589639391813,3.520225225225225,3.2666666666666666,5.4
00-0039050,Payne Durham,TE,2024,18,17,8.6,5.771044240525178,5.8124,5.1,10.6
00-0039052,Trey Palmer,WR,2024,8,7,3.9,4.231017335894605,3.8180714285714283,3.65,2.1
00-0039052,Trey Palmer,WR,2024,9,8,4.3,4.585674579707537,3.8337451984635083,3.6999999999999997,3.9
00-0039052,Trey Palmer,WR,2024,10,9,0.0,4.510877871741297,3.946679536679536,3.8,4.3
00-0039052,Trey Palmer,WR,2024,12,10,2.3,3.8647812143049673,3.018069498069498,3.257142857142857,0.0
00-0039052,Trey Palmer,WR,2024,13,12,0.0,3.9411567449689455,2.9613489382239377,3.1374999999999997,2.3
00-0039062,Jonathan Mingo,WR,2024,4,3,3.9,3.608901795027681,2.495360360360361,2.466666666666667,3.5
00-0039062,Jonathan Mingo,WR,2024,5,4,4.7,3.89121975373325,2.9510071428571427,2.8249999999999997,3.9
00-0039062,Jonathan Mingo,WR,2024,6,5,0.6,4.329373343442617,3.440441741357234,3.2,4.7
00-0039062,Jonathan Mingo,WR,2024,8,6,0.0,3.7308713952244075,2.7016731016731015,2.7666666666666666,0.6
00-0039062,Jonathan Mingo,WR,2024,9,8,0.0,3.356006105502864,2.013899613899614,2.3714285714285714,0.0
00-0039062,Jonathan Mingo,WR,2024,11,9,0.0,3.0486762106994476,1.593064671814672,2.075,0.0
00-0039062,Jonathan Mingo,WR,2024,12,11,1.3,2.9379584626690813,1.1725246675246672,1.8444444444444443,0.0
00-0039062,Jonathan Mingo,WR,2024,13,12,0.7,3.092190368291268,1.1415,1.79,1.3
00-0039062,Jonathan Mingo,WR,2024,14,13,0.0,3.1337196409012016,0.9510845910845911,1.690909090909091,0.7
00-0039062,Jonathan Mingo,WR,2024,18,17,3.4,3.171787053222966,1.0688550638550638,1.5615384615384615,1.7
00-0039064,Zay Flowers,WR,2024,4,3,1.5,8.656216637085123,9.828198198198198,10.166666666666668,3.8
00-0039064,Zay Flowers,WR,2024,5,4,15.5,7.049772430378861,7.133457142857143,8.0,1.5
00-0039064,Zay Flowers,WR,2024,6,5,17.9,8.736170268627156,9.54044814340589,9.5,15.5
00-0039064,Zay Flowers,WR,2024,7,6,3.5,10.18515335087676,11.67868725868726,10.9,17.9
00-0039064,Zay Flowers,WR,2024,8,7,15.0,8.713182412743087,9.749671814671814,9.842857142857143,3.5
00-0039064,Zay Flowers,WR,2024,9,8,27.2,9.91109420644894,10.70996862934363,10.4875,15.0
00-0039064,Zay Flowers,WR,2024,10,9,5.4,11.888375738892075,14.843354783354783,12.344444444444445,27.2
00-0039064,Zay Flowers,WR,2024,11,10,10.9,10.219711412946868,12.984314671814673,11.65,5.4
00-0039064,Zay Flowers,WR,2024,12,11,8.7,10.487416820844423,12.343153738153738,11.581818181818182,10.9
00-0039064,Zay Flowers,WR,2024,13,12,8.6,9.634276941882147,11.276784105534107,11.341666666666667,8.7
00-0039064,Zay Flowers,WR,2024,15,13,8.3,9.705724269328961,10.953105138105137,11.13076923076923,8.6
00-0039064,Zay Flowers,WR,2024,16,15,12.8,9.542294593298475,10.231023166023165,10.928571428571429,8.3
00-0039064,Zay Flowers,WR,2024,17,16,4.1,10.430889825796008,10.246543114543115,11.053333333333333,12.8
00-0039064,Zay Flowers,WR,2024,18,17,2.6,9.475740179834506,9.120481418918919,10.61875,4.1
00-0039065,Sam LaPorta,TE,2024,4,3,7.3,4.929997790485223,4.368873873873874,4.466666666666667,4.6
00-0039065,Sam LaPorta,TE,2024,6,4,11.7,5.555340990095702,5.326078571428571,5.175,7.3
00-0039065,Sam LaPorta,TE,2024,7,6,3.0,6.872611946860688,7.1235249679897565,6.4799999999999995,11.7
00-0039065,Sam LaPorta,TE,2024,8,7,13.8,5.946169492358553,6.036872586872587,5.8999999999999995,3.0
00-0039065,Sam LaPorta,TE,2024,9,8,3.8,7.477695578220669,7.938243243243244,7.0285714285714285,13.8
00-0039065,Sam LaPorta,TE,2024,10,9,14.1,6.3471717838599355,7.097707528957529,6.625,3.8
00-0039065,Sam LaPorta,TE,2024,12,10,3.4,7.875675132570153,8.819154869154868,7.455555555555556,14.1
00-0039065,Sam LaPorta,TE,2024,13,12,14.1,6.595372330269345,7.540067567567567,7.05,3.4
00-0039065,Sam LaPorta,TE,2024,14,13,7.9,8.034805205529848,8.871934011934012,7.6909090909090905,14.1
00-0039065,Sam LaPorta,TE,2024,15,14,14.6,7.469039570038122,8.789152187902188,7.708333333333333,7.9
00-0039065,Sam LaPorta,TE,2024,16,15,12.3,8.625929207795018,9.852534897534898,8.238461538461538,14.6
00-0039065,Sam LaPorta,TE,2024,17,16,15.4,8.61886943443015,10.5096138996139,8.528571428571428,12.3
00-0039065,Sam LaPorta,TE,2024,18,17,9.8,9.36040061894958,11.337032175032176,8.986666666666666,15.4
00-0039066,Michael Mayer,TE,2024,12,11,2.1,2.600211514218382,1.2422214285714286,1.275,1.0
00-0039066,Michael Mayer,TE,2024,13,12,1.0,2.80444142103708,1.4864903969270167,1.44,2.1
00-0039066,Michael Mayer,TE,2024,14,13,10.3,2.7135668513342317,1.3597039897039898,1.3666666666666667,1.0
00-0039066,Michael Mayer,TE,2024,15,14,1.6,4.200141700483541,3.576428571428572,2.642857142857143,10.3
00-0039066,Michael Mayer,TE,2024,16,15,0.0,3.560222451669074,3.1279464285714287,2.5125,1.6
00-0039066,Michael Mayer,TE,2024,17,16,1.9,3.307976386941688,2.4258751608751608,2.2333333333333334,0.0
00-0039066,Michael Mayer,TE,2024,18,17,4.1,3.1554896875972887,2.343571428571429,2.2,1.9
00-0039074,Davis Allen,TE,2024,10,9,5.9,1.8959647340648231,0.39774774774774774,0.3333333333333333,1.0
00-0039074,Davis Allen,TE,2024,12,10,0.0,3.1298062471521115,2.1845499999999998,1.725,5.9
00-0039075,Puka Nacua,WR,2024,10,9,14.3,6.695257498436337,7.121171171171172,7.466666666666667,1.6
00-0039075,Puka Nacua,WR,2024,11,10,21.8,8.831870219977734,9.469821428571429,9.175,14.3
00-0039075,Puka Nacua,WR,2024,12,11,16.2,10.93477940241065,12.946818181818184,11.700000000000001,21.8
00-0039075,Puka Nacua,WR,2024,13,12,14.8,11.565504555729932,13.71970077220077,12.45,16.2
00-0039075,Puka Nacua,WR,2024,14,13,35.8,11.739660589268242,14.204227799227798,12.785714285714286,14.8
00-0039075,Puka Nacua,WR,2024,15,14,14.3,14.95423872425636,19.34218388030888,15.6625,35.8
00-0039075,Puka Nacua,WR,2024,16,15,9.6,13.54737379245338,18.594699699699696,15.511111111111111,14.3
00-0039075,Puka Nacua,WR,2024,17,16,17.9,12.798447762687573,16.490996138996138,14.92,9.6
00-0039139,Jahmyr Gibbs,RB,2024,4,3,19.8,11.38312575954145,12.150270270270271,12.6,8.3
00-0039139,Jahmyr Gibbs,RB,2024,6,4,10.6,13.294008052301871,14.656285714285715,14.4,19.8
00-0039139,Jahmyr Gibbs,RB,2024,7,6,30.0,12.159947331973878,13.496650448143406,13.64,10.6
00-0039139,Jahmyr Gibbs,RB,2024,8,7,19.8,15.582004638895524,17.728680823680826,16.366666666666667,30.0
00-0039139,Jahmyr Gibbs,RB,2024,9,8,14.1,15.181472650100053,18.272567567567567,16.857142857142858,19.8
00-0039139,Jahmyr Gibbs,RB,2024,10,9,11.8,14.790339088818474,17.350050675675675,16.5125,14.1
00-0039139,Jahmyr Gibbs,RB,2024,11,10,18.8,13.78164098836272,16.31475975975976,15.988888888888889,11.8
00-0039139,Jahmyr Gibbs,RB,2024,12,11,23.4,14.41526115677441,16.753303088803086,16.27,18.8
00-0039139,Jahmyr Gibbs,RB,2024,13,12,9.4,15.426711821973441,18.468313443313445,16.918181818181818,23.4
00-0039139,Jahmyr Gibbs,RB,2024,14,13,16.3,14.264715427668813,15.915017696267697,16.291666666666668,9.4
00-0039139,Jahmyr Gibbs,RB,2024,15,14,25.9,14.703233949577742,15.887616572616572,16.29230769230769,16.3
00-0039139,Jahmyr Gibbs,RB,2024,16,15,23.4,15.67496058563698,18.205395752895754,16.978571428571428,25.9
00-0039139,Jahmyr Gibbs,RB,2024,17,16,24.3,16.238642685526496,19.50013256113256,17.406666666666666,23.4
00-0039139,Jahmyr Gibbs,RB,2024,18,17,43.5,16.81415855665757,20.441233108108108,17.8375,24.3
00-0039144,Luke Musgrave,TE,2024,4,3,2.8,2.0911187600909344,0.6784234234234234,0.6333333333333334,0.8
00-0039144,Luke Musgrave,TE,2024,17,16,0.9,2.302485207390198,0.9711766965428936,0.94,0.0
00-0039144,Luke Musgrave,TE,2024,18,17,2.4,2.4025254124948985,0.9514543114543115,0.9333333333333333,0.9
00-0039146,Jayden Reed,WR,2024,4,3,23.6,12.228985826729934,13.919324324324325,15.200000000000001,8.9
00-0039146,Jayden Reed,WR,2024,5,4,11.7,14.195948601814035,17.119485714285716,17.3,23.6
00-0039146,Jayden Reed,WR,2024,6,5,11.8,13.058473370324624,15.593518565941103,16.18,11.7
00-0039146,Jayden Reed,WR,2024,7,6,2.0,12.838351072283487,14.65053088803089,15.450000000000001,11.8
00-0039146,Jayden Reed,WR,2024,8,7,6.5,10.575681520482904,10.968436293436294,13.528571428571428,2.0
00-0039146,Jayden Reed,WR,2024,9,8,13.8,10.218350626365481,10.190492277992277,12.65,6.5
00-0039146,Jayden Reed,WR,2024,11,9,8.8,10.828308235542352,11.20936507936508,12.777777777777779,13.8
00-0039146,Jayden Reed,WR,2024,12,11,4.1,10.745014651812616,10.295142857142858,12.38,8.8
00-0039146,Jayden Reed,WR,2024,13,12,18.2,9.963189705594646,8.940008775008774,11.627272727272727,4.1
00-0039146,Jayden Reed,WR,2024,14,13,0.0,11.224625246803424,11.096771235521235,12.175,18.2
00-0039146,Jayden Reed,WR,2024,15,14,8.6,9.19793165539132,8.98973566973567,11.23846153846154,0.0
00-0039146,Jayden Reed,WR,2024,16,15,9.6,9.855784863761182,9.131090733590733,11.05,8.6
00-0039146,Jayden Reed,WR,2024,17,16,1.1,9.600963056276465,9.193589446589446,10.953333333333333,9.6
00-0039146,Jayden Reed,WR,2024,18,17,4.1,8.770998185309654,7.545904922779922,10.3375,1.1
00-0039150,Bryce Young,QB,2024,7,5,-0.16,7.352348671355501,4.531657657657658,4.906666666666667,3.12
00-0039150,Bryce Young,QB,2024,8,7,13.56,6.067227583800595,3.021051428571429,3.64,-0.16
00-0039150,Bryce Young,QB,2024,9,8,9.74,8.443133569411033,6.031890396927017,5.6240000000000006,13.56
00-0039150,Bryce Young,QB,2024,10,9,12.04,8.841111035051284,6.961604247104248,6.3100000000000005,9.74
00-0039150,Bryce Young,QB,2024,12,10,16.52,9.900613613315846,8.10076833976834,7.128571428571429,12.04
00-0039150,Bryce Young,QB,2024,13,12,23.62,10.911297238948062,10.306971525096525,8.3025,16.52
00-0039150,Bryce Young,QB,2024,14,13,12.54,12.71054726935556,13.611887601887602,10.004444444444445,23.62
00-0039150,Bryce Young,QB,2024,15,14,11.96,12.330157527332384,13.657628185328186,10.258000000000001,12.54
00-0039150,Bryce Young,QB,2024,16,15,27.12,12.298641582901073,13.08215724815725,10.412727272727272,11.96
00-0039150,Bryce Young,QB,2024,17,16,16.92,14.083483636476467,16.228514478764478,11.805,27.12
00-0039150,Bryce Young,QB,2024,18,17,36.44,13.853212516654713,16.26322987822988,12.198461538461538,16.92
00-0039152,Will Levis,QB,2024,4,3,-0.5,11.964830045525215,11.004306306306304,10.586666666666666,13.6
00-0039152,Will Levis,QB,2024,6,4,7.3,9.06454919330674,7.246027142857143,7.8149999999999995,-0.5
00-0039152,Will Levis,QB,2024,11,10,15.6,11.426015471920296,10.331600386100385,9.61,19.1
00-0039152,Will Levis,QB,2024,12,11,16.12,12.237247824718759,11.737911196911197,10.465714285714286,15.6
00-0039152,Will Levis,QB,2024,13,12,16.18,12.991549223900584,12.749309362934364,11.1725,16.12
00-0039152,Will Levis,QB,2024,14,13,7.02,13.221250351194483,13.45433504933505,11.72888888888889,16.18
00-0039152,Will Levis,QB,2024,15,14,-4.44,12.221170461915557,12.357547104247105,11.258000000000001,7.02
00-0039163,C.J. Stroud,QB,2024,4,3,23.5,14.262627229467137,13.708153153153152,14.253333333333334,9.8
00-0039163,C.J. Stroud,QB,2024,5,4,15.94,16.595347314682215,16.91468142857143,16.565,23.5
00-0039163,C.J. Stroud,QB,2024,6,5,18.38,16.13679803220133,16.62314852752881,16.44,15.94
00-0039163,C.J. Stroud,QB,2024,7,6,5.34,16.847086230912048,17.064120334620334,16.763333333333332,18.38
00-0039163,C.J. Stroud,QB,2024,8,7,12.4,14.373567712351907,14.092822393822393,15.131428571428572,5.34
00-0039163,C.J. Stroud,QB,2024,9,8,11.54,14.5662046658456,13.72226833976834,14.79,12.4
00-0039163,C.J. Stroud,QB,2024,10,9,9.78,14.089738681756867,13.395906477906477,14.428888888888888,11.54
00-0039163,C.J. Stroud,QB,2024,11,10,10.88,14.04117436272119,12.25328030888031,13.964,9.78
00-0039163,C.J. Stroud,QB,2024,12,11,15.68,13.957801920869732,11.903654966654965,13.683636363636364,10.88
00-0039163,C.J. Stroud,QB,2024,13,12,14.38,14.571052827675572,12.636291505791506,13.85,15.68
00-0039163,C.J. Stroud,QB,2024,15,13,11.64,14.716354369896347,13.358170775170775,13.89076923076923,14.38
00-0039163,C.J. Stroud,QB,2024,16,15,16.06,14.502626436123673,13.042561776061778,13.73,11.64
00-0039163,C.J. Stroud,QB,2024,17,16,6.1,14.87077863176544,13.806441956241954,13.885333333333334,16.06
00-0039163,C.J. Stroud,QB,2024,18,17,6.0,13.649909285989434,12.261269063706564,13.39875,6.1
00-0039164,Anthony Richardson,QB,2024,4,3,5.24,13.246327684928891,12.41561261261261,13.673333333333332,5.08
00-0039164,Anthony Richardson,QB,2024,8,7,11.5,11.291977449788373,9.808362868117797,11.004,8.76
00-0039164,Anthony Richardson,QB,2024,12,11,12.98,15.057561937907948,14.17734749034749,13.514285714285714,28.08
00-0039164,Anthony Richardson,QB,2024,13,12,21.16,14.16506143688411,14.01115781853282,13.4475,12.98
00-0039164,Anthony Richardson,QB,2024,15,13,13.88,15.523289864468264,15.989204204204203,14.304444444444444,21.16
00-0039164,Anthony Richardson,QB,2024,16,15,20.24,14.600203669934327,15.788171042471042,14.262,13.88
00-0039165,Zach Charbonnet,RB,2024,4,3,7.9,15.196502307839209,17.718648648648646,16.9,24.2
00-0039165,Zach Charbonnet,RB,2024,5,4,4.5,12.709605554748988,14.49232857142857,14.65,7.9
00-0039165,Zach Charbonnet,RB,2024,6,5,4.0,10.949872434451379,11.670950064020486,12.62,4.5
00-0039165,Zach Charbonnet,RB,2024,7,6,1.4,9.407941818084861,9.75271879021879,11.183333333333334,4.0
00-0039165,Zach Charbonnet,RB,2024,8,7,9.9,8.20722341432829,7.690135135135137,9.785714285714286,1.4
00-0039165,Zach Charbonnet,RB,2024,9,8,4.3,9.030549423399902,8.044092664092664,9.8,9.9
00-0039165,Zach Charbonnet,RB,2024,11,9,1.5,8.693299305569363,6.675280995280994,9.188888888888888,4.3
00-0039165,Zach Charbonnet,RB,2024,12,11,2.2,8.112381510527854,5.559953667953668,8.42,1.5
00-0039165,Zach Charbonnet,RB,2024,13,12,11.1,7.579445331283126,4.985384345384345,7.8545454545454545,2.2
00-0039165,Zach Charbonnet,RB,2024,14,13,34.8,8.455422570322849,6.574522200772201,8.125,11.1
00-0039165,Zach Charbonnet,RB,2024,15,14,13.1,11.676883301170239,13.19012771012771,10.176923076923076,34.8
00-0039165,Zach Charbonnet,RB,2024,16,15,2.3,10.742034084833564,13.097490347490346,10.385714285714286,13.1
00-0039165,Zach Charbonnet,RB,2024,17,16,9.1,9.517415907298377,10.846584298584297,9.846666666666666,2.3
00-0039165,Zach Charbonnet,RB,2024,18,17,5.9,9.114703498650519,10.726332046332045,9.799999999999999,9.1
00-0039236,Johnny Wilson,WR,2024,4,3,0.0,2.1212355271418075,0.5568468468468468,0.4666666666666666,1.4
00-0039236,Johnny Wilson,WR,2024,12,10,0.0,3.3588451144096285,2.247206145966709,1.68,7.0
00-0039236,Johnny Wilson,WR,2024,14,12,0.0,2.7277919948213554,1.6445945945945948,1.4,0.0
00-0039236,Johnny Wilson,WR,2024,15,14,0.0,2.6554202516071475,1.285945945945946,1.2,0.0
00-0039325,Carson Steele,RB,2024,4,3,-0.8999999999999999,4.5332664297147325,3.355630630630631,2.8666666666666667,7.9
00-0039325,Carson Steele,RB,2024,5,4,1.2,3.405574567402577,1.9518357142857146,1.925,-0.8999999999999999
00-0039325,Carson Steele,RB,2024,7,5,1.7,3.5552656964001486,1.7378207426376444,1.78,1.2
00-0039325,Carson Steele,RB,2024,8,7,1.9,3.4064343540179527,1.7301673101673103,1.7666666666666668,1.7
00-0039325,Carson Steele,RB,2024,9,8,0.9,3.5624788860241767,1.8239189189189189,1.7857142857142858,1.9
00-0039325,Carson Steele,RB,2024,10,9,0.3,3.4570118286520457,1.649280888030888,1.675,0.9
00-0039325,Carson Steele,RB,2024,11,10,1.2,3.4544722373945493,1.1114071214071213,1.5222222222222221,0.3
00-0039325,Carson Steele,RB,2024,12,11,1.8,3.5191900746257696,1.224357142857143,1.49,1.2
00-0039337,Malik Nabers,WR,2024,4,3,17.1,16.014655930376378,19.88716216216216,19.0,24.2
00-0039337,Malik Nabers,WR,2024,8,7,10.6,12.861475668821392,15.290177976952624,16.04,6.1
00-0039337,Malik Nabers,WR,2024,9,8,10.4,12.229017884503044,14.125489060489059,15.133333333333333,10.6
00-0039337,Malik Nabers,WR,2024,10,9,7.8,11.624571941526094,13.417355212355211,14.457142857142857,10.4
00-0039337,Malik Nabers,WR,2024,12,10,9.4,11.166155188013187,11.744850386100385,13.625,7.8
00-0039337,Malik Nabers,WR,2024,13,12,11.3,11.203346600667066,10.843305448305447,13.155555555555555,9.4
00-0039337,Malik Nabers,WR,2024,14,13,12.4,11.381135299654145,10.850832046332046,12.97,11.3
00-0039337,Malik Nabers,WR,2024,15,14,19.2,11.591139146276877,11.491518076518076,12.918181818181818,12.4
00-0039337,Malik Nabers,WR,2024,16,15,10.3,12.50267847565537,13.354776383526385,13.441666666666666,19.2
00-0039337,Malik Nabers,WR,2024,17,16,32.6,11.767071734363224,12.777876447876448,13.2,10.3
00-0039337,Malik Nabers,WR,2024,18,17,14.9,14.327737572386127,17.3934555984556,14.585714285714285,32.6
00-0039338,Brock Bowers,TE,2024,4,3,4.1,8.408414904558132,9.328333333333335,9.566666666666666,5.6
00-0039338,Brock Bowers,TE,2024,5,4,19.7,7.376711229073825,7.637657142857142,8.2,4.1
00-0039338,Brock Bowers,TE,2024,6,5,11.6,9.808795128631962,11.077176696542892,10.5,19.7
00-0039338,Brock Bowers,TE,2024,7,6,14.3,9.63971092957581,11.183259330759329,10.683333333333334,11.6
00-0039338,Brock Bowers,TE,2024,8,7,8.3,10.496458741042417,12.020328185328186,11.2,14.3
00-0039338,Brock Bowers,TE,2024,9,8,13.0,9.544250065568656,11.006020752895754,10.8375,8.3
00-0039338,Brock Bowers,TE,2024,11,9,24.8,10.087911495803148,11.65975117975118,11.077777777777778,13.0
00-0039338,Brock Bowers,TE,2024,12,11,5.8,11.920270804909674,14.952693050193048,12.45,24.8
00-0039338,Brock Bowers,TE,2024,13,12,25.2,10.302743273788623,12.545754650754652,11.845454545454546,5.8
00-0039338,Brock Bowers,TE,2024,14,13,6.7,12.53122388961455,15.408795045045045,12.958333333333334,25.2
00-0039338,Brock Bowers,TE,2024,15,14,5.0,10.43155132893713,13.343313038313038,12.476923076923077,6.7
00-0039338,Brock Bowers,TE,2024,16,15,15.4,10.072541402728785,11.608687258687258,11.942857142857143,5.0
00-0039338,Brock Bowers,TE,2024,17,16,11.1,10.555678644243184,12.419122265122265,12.173333333333334,15.4
00-0039338,Brock Bowers,TE,2024,18,17,13.0,10.562371824703963,11.67776665057915,12.10625,11.1
00-0039342,Xavier Legette,WR,2024,5,4,1.3,8.780751010971287,9.816756756756758,9.100000000000001,16.6
00-0039342,Xavier Legette,WR,2024,6,5,9.8,6.508797745563119,7.017957142857144,7.15,1.3
00-0039342,Xavier Legette,WR,2024,7,6,1.9,7.613884797082516,7.811348271446864,7.680000000000001,9.8
00-0039342,Xavier Legette,WR,2024,8,7,11.4,6.050490812514546,6.2916248391248395,6.716666666666667,1.9
00-0039342,Xavier Legette,WR,2024,9,8,11.9,7.427380927326768,7.600675675675676,7.385714285714286,11.4
00-0039342,Xavier Legette,WR,2024,10,9,5.5,7.848965226448312,8.71373552123552,7.95,11.9
00-0039342,Xavier Legette,WR,2024,12,10,7.6,7.549994506961186,7.638863148863149,7.677777777777778,5.5
00-0039342,Xavier Legette,WR,2024,13,12,7.3,7.619435039711384,7.854886100386101,7.67,7.6
00-0039342,Xavier Legette,WR,2024,14,13,4.9,7.463727264365218,7.648808353808354,7.636363636363637,7.3
00-0039342,Xavier Legette,WR,2024,15,14,1.9,7.237035914265557,7.226777670527671,7.408333333333333,4.9
00-0039342,Xavier Legette,WR,2024,17,15,5.3,6.657909788823848,5.894518859518859,6.984615384615385,1.9
00-0039342,Xavier Legette,WR,2024,18,17,4.5,6.871013328853149,5.618967181467182,6.864285714285715,5.3
00-0039355,Luke McCaffrey,WR,2024,5,4,3.4,4.433280410569413,3.7139189189189192,3.8000000000000003,2.2
00-0039355,Luke McCaffrey,WR,2024,6,5,1.0,4.505591130875046,3.6153142857142857,3.7,3.4
00-0039355,Luke McCaffrey,WR,2024,8,6,1.3,3.877873605464019,2.878810499359795,3.16,1.0
00-0039355,Luke McCaffrey,WR,2024,10,8,2.8,3.722674106534043,2.4881370656370656,2.85,1.3
00-0039355,Luke McCaffrey,WR,2024,11,10,0.0,3.8270875050571225,2.5503861003861004,2.842857142857143,2.8
00-0039355,Luke McCaffrey,WR,2024,12,11,1.3,3.4818994630119042,1.8295825289575287,2.4875,0.0
00-0039355,Luke McCaffrey,WR,2024,13,12,2.3,3.5246441464972684,1.7232475332475334,2.3555555555555556,1.3
00-0039355,Luke McCaffrey,WR,2024,15,13,0.5,3.6097122583716046,1.8316505791505793,2.35,2.3
00-0039355,Luke McCaffrey,WR,2024,16,15,1.8,3.4389593807104126,1.5841575991575991,2.1818181818181817,0.5
00-0039356,Ja'Tavion Sanders,TE,2024,4,3,2.6,2.2109682370621537,0.8367567567567569,0.9,0.0
00-0039356,Ja'Tavion Sanders,TE,2024,5,4,2.8,2.703252560787352,1.41275,1.325,2.6
00-0039356,Ja'Tavion Sanders,TE,2024,6,5,7.4,2.9432760364443378,1.8015006402048654,1.62,2.8
00-0039356,Ja'Tavion Sanders,TE,2024,7,6,9.1,3.999091092775528,3.226077863577864,2.5833333333333335,7.4
00-0039356,Ja'Tavion Sanders,TE,2024,8,7,1.2,4.822282939366511,4.738687258687259,3.5142857142857142,9.1
00-0039356,Ja'Tavion Sanders,TE,2024,9,8,10.7,4.116802273951097,3.934155405405405,3.225,1.2
00-0039356,Ja'Tavion Sanders,TE,2024,10,9,7.8,5.317451279621313,5.638710853710854,4.055555555555555,10.7
00-0039356,Ja'Tavion Sanders,TE,2024,12,10,6.4,5.319983831536809,6.165403474903474,4.43,7.8
00-0039356,Ja'Tavion Sanders,TE,2024,14,12,0.0,5.581304692832695,6.241019656019656,4.609090909090909,6.4
00-0039356,Ja'Tavion Sanders,TE,2024,15,14,0.0,4.589428318475529,4.689271235521236,4.225,0.0
00-0039356,Ja'Tavion Sanders,TE,2024,17,15,1.0,4.210009311855835,3.4527220077220075,3.9,0.0
00-0039356,Ja'Tavion Sanders,TE,2024,18,17,5.0,4.011947413861468,3.013754826254826,3.6928571428571426,1.0
00-0039359,Cade Stover,TE,2024,6,5,0.0,3.3379165941765687,2.316306306306306,2.3666666666666667,1.6
00-0039359,Cade Stover,TE,2024,7,6,2.0,2.810529213995376,1.5650500000000003,1.775,0.0
00-0039359,Cade Stover,TE,2024,8,7,2.9,2.963710938825839,1.6975569782330346,1.82,2.0
00-0039359,Cade Stover,TE,2024,9,8,0.0,3.198712277397569,2.0112934362934363,2.0,2.9
00-0039359,Cade Stover,TE,2024,10,9,0.7,2.8665754348152688,1.5025482625482627,1.7142857142857142,0.0
00-0039359,Cade Stover,TE,2024,11,10,2.5,2.8475192522690325,1.2583277027027027,1.5875,0.7
00-0039359,Cade Stover,TE,2024,12,11,10.1,3.025290249309079,1.5560531960531958,1.6888888888888889,2.5
00-0039359,Cade Stover,TE,2024,13,12,0.9,4.200870235797854,3.60580888030888,2.53,10.1
00-0039359,Cade Stover,TE,2024,18,17,0.0,3.431840068487567,2.409079794079794,2.2333333333333334,0.6
00-0039361,Bucky Irving,RB,2024,4,3,12.0,7.4969911670110765,7.021216216216216,6.9,9.9
00-0039361,Bucky Irving,RB,2024,5,4,4.6,8.491740632912173,8.635478571428571,8.175,12.0
00-0039361,Bucky Irving,RB,2024,6,5,17.5,7.722775499968213,7.4726005121638925,7.46,4.6
00-0039361,Bucky Irving,RB,2024,7,6,15.2,9.733460088023334,10.039176319176319,9.133333333333333,17.5
00-0039361,Bucky Irving,RB,2024,8,7,11.9,10.159906577455581,11.334092664092664,10.0,15.2
00-0039361,Bucky Irving,RB,2024,9,8,4.9,10.438748375446826,11.733723455598454,10.2375,11.9
00-0039361,Bucky Irving,RB,2024,10,9,16.2,9.219369922446297,10.108837408837408,9.644444444444444,4.9
00-0039361,Bucky Irving,RB,2024,12,10,24.2,10.372059569082527,11.435231660231661,10.3,16.2
00-0039361,Bucky Irving,RB,2024,13,12,26.0,11.947631237043254,14.542041067041067,11.563636363636363,24.2
00-0039361,Bucky Irving,RB,2024,14,13,2.3,13.389621793372822,16.86346846846847,12.766666666666666,26.0
00-0039361,Bucky Irving,RB,2024,15,14,12.3,10.909157143847606,13.402773982773983,11.961538461538462,2.3
00-0039361,Bucky Irving,RB,2024,16,15,16.7,11.243271295315365,13.119999999999997,11.985714285714286,12.3
00-0039361,Bucky Irving,RB,2024,17,16,21.0,11.438286827911709,14.127664092664093,12.3,16.7
00-0039361,Bucky Irving,RB,2024,18,17,15.4,12.684256691373132,15.44369087837838,12.84375,21.0
00-0039363,Isaac Guerendo,RB,2024,5,4,2.2,2.6572956753207606,0.6222072072072071,0.6333333333333333,0.0
00-0039363,Isaac Guerendo,RB,2024,6,5,9.9,3.1295680372736574,1.1357785714285713,1.025,2.2
00-0039363,Isaac Guerendo,RB,2024,7,6,1.2,4.788666445634088,3.611626120358515,2.8000000000000003,9.9
00-0039363,Isaac Guerendo,RB,2024,8,7,17.7,4.1539141139902505,2.9551608751608756,2.533333333333333,1.2
00-0039363,Isaac Guerendo,RB,2024,10,8,0.0,6.831817060550657,6.695366795366796,4.7,17.7
00-0039363,Isaac Guerendo,RB,2024,14,13,25.8,6.092733433428283,5.986374946374946,4.555555555555555,8.1
00-0039363,Isaac Guerendo,RB,2024,15,14,9.5,8.488445115734132,10.654776061776062,6.68,25.8
00-0039363,Isaac Guerendo,RB,2024,17,15,11.9,7.939904524502027,10.19498595998596,6.9363636363636365,9.5
00-0039363,Isaac Guerendo,RB,2024,18,17,0.5,8.570844725557349,10.70815637065637,7.35,11.9
00-0039373,Audric Estime,RB,2024,8,7,0.4,3.156178351600021,1.1683783783783783,1.2,0.9
00-0039373,Audric Estime,RB,2024,9,8,3.5,2.9926597078003034,0.9197714285714286,1.0,0.4
00-0039373,Audric Estime,RB,2024,10,9,5.3,3.5469185352491683,1.653719590268886,1.5,3.5
00-0039373,Audric Estime,RB,2024,11,10,4.0,4.164092263472755,2.5798326898326898,2.1333333333333333,5.3
00-0039373,Audric Estime,RB,2024,12,11,1.5,4.375813358936857,2.956351351351351,2.4,4.0
00-0039373,Audric Estime,RB,2024,13,12,1.2,4.114018020343833,2.6386751930501933,2.2875,1.5
00-0039373,Audric Estime,RB,2024,15,13,2.3,3.9230267310440206,2.3424259974259973,2.1666666666666665,1.2
00-0039373,Audric Estime,RB,2024,16,15,10.8,3.9925571551128507,2.391667953667954,2.18,2.3
00-0039373,Audric Estime,RB,2024,17,16,4.2,5.197063860192459,4.270612495612496,2.963636363636364,10.8
00-0039373,Audric Estime,RB,2024,18,17,9.4,4.960229360681953,4.1421364221364225,3.066666666666667,4.2
00-0039376,Spencer Rattler,QB,2024,16,15,4.92,10.25272193305152,8.437041428571428,8.585,9.4
00-0039376,Spencer Rattler,QB,2024,17,16,13.32,9.508369757026234,7.448124455825865,7.852,4.92
00-0039376,Spencer Rattler,QB,2024,18,17,14.7,10.826111432068801,8.970853925353927,8.763333333333334,13.32
00-0039379,Jamari Thrash,WR,2024,16,15,0.0,2.553846325250282,1.1273423423423423,1.2333333333333334,0.0
00-0039379,Jamari Thrash,WR,2024,17,16,0.0,2.3492269928503475,0.7650071428571429,0.925,0.0
00-0039379,Jamari Thrash,WR,2024,18,17,0.0,2.2002552713952395,0.5556197183098591,0.74,0.0
00-0039384,Tyrone Tracy,RB,2024,4,3,2.6,3.9418973594261564,2.3839639639639643,2.1333333333333333,5.0
00-0039384,Tyrone Tracy,RB,2024,5,4,13.5,3.9468517492819983,2.4440714285714287,2.25,2.6
00-0039384,Tyrone Tracy,RB,2024,6,5,19.7,6.259690798203714,5.5648847631241996,4.5,13.5
00-0039384,Tyrone Tracy,RB,2024,7,6,4.7,8.488183802100968,9.132477477477478,7.033333333333333,19.7
00-0039384,Tyrone Tracy,RB,2024,8,7,22.0,7.431120585455893,8.235,6.7,4.7
00-0039384,Tyrone Tracy,RB,2024,9,8,7.4,9.894630721306878,11.77387306949807,8.6125,22.0
00-0039384,Tyrone Tracy,RB,2024,10,9,14.9,8.475349166671938,10.823785928785929,8.477777777777778,7.4
00-0039384,Tyrone Tracy,RB,2024,12,10,7.0,9.806963901779083,11.938428571428572,9.12,14.9
00-0039384,Tyrone Tracy,RB,2024,13,12,13.5,8.69806247607314,10.593174798174799,8.927272727272728,7.0
00-0039384,Tyrone Tracy,RB,2024,14,13,16.8,9.680716085289614,10.83500160875161,9.308333333333334,13.5
00-0039384,Tyrone Tracy,RB,2024,15,14,4.0,10.315624465610107,12.298148203148202,9.884615384615385,16.8
00-0039384,Tyrone Tracy,RB,2024,16,15,14.9,9.297282443962485,9.958098455598456,9.464285714285714,4.0
00-0039384,Tyrone Tracy,RB,2024,17,16,8.3,10.282610302870527,11.108657657657657,9.826666666666666,14.9
00-0039384,Tyrone Tracy,RB,2024,18,17,7.6,9.55813646783751,10.274470318532819,9.73125,8.3
00-0039386,Bub Means,WR,2024,8,7,4.1,5.932459287163957,6.325495495495495,6.066666666666666,5.2
00-0039391,Kimani Vidal,RB,2024,9,8,0.7,5.832967819827305,4.747117117117116,5.366666666666666,1.6
00-0039391,Kimani Vidal,RB,2024,14,13,3.4,4.6037550345982625,3.077158770806658,3.76,2.0
00-0039391,Kimani Vidal,RB,2024,15,14,3.2,4.771339580455787,3.1926640926640926,3.6999999999999997,3.4
00-0039391,Kimani Vidal,RB,2024,16,15,2.4,5.043701370029587,2.9001158301158303,3.6285714285714286,3.2
00-0039391,Kimani Vidal,RB,2024,17,16,2.4,4.937856221058029,2.828836872586873,3.475,2.4
00-0039410,Ryan Flournoy,WR,2024,16,14,5.6,2.506980546454507,1.1126285714285713,1.1,0.0
00-0039410,Ryan Flournoy,WR,2024,17,16,0.8,3.5030012761879106,2.382259923175416,2.0,5.6
00-0039410,Ryan Flournoy,WR,2024,18,17,2.4,3.0362201460657876,1.9587837837837838,1.7999999999999998,0.8
00-0039424,Devaughn Vele,WR,2024,8,7,4.3,6.40057122627941,6.3743693693693695,6.733333333333333,2.5
00-0039424,Devaughn Vele,WR,2024,9,8,2.1,6.090592752681215,5.714292857142857,6.125,4.3
00-0039424,Devaughn Vele,WR,2024,10,9,11.9,5.228832254862947,4.7095992317541615,5.32,2.1
00-0039424,Devaughn Vele,WR,2024,11,10,8.6,6.810988423435467,6.5798294723294735,6.416666666666667,11.9
00-0039424,Devaughn Vele,WR,2024,12,11,11.0,6.935590214735216,7.027625482625483,6.728571428571429,8.6
00-0039424,Devaughn Vele,WR,2024,13,12,2.1,7.727017284137786,7.876064189189189,7.2625,11.0
00-0039424,Devaughn Vele,WR,2024,15,13,0.0,6.500227271563971,6.668929643929644,6.688888888888889,2.1
00-0039424,Devaughn Vele,WR,2024,16,15,9.1,5.706628610584432,5.20157528957529,6.0200000000000005,0.0
00-0039424,Devaughn Vele,WR,2024,17,16,3.7,6.415634434170597,6.250965250965251,6.3,9.1
00-0039424,Devaughn Vele,WR,2024,18,17,13.0,6.07782881800369,5.476386743886744,6.083333333333333,3.7
00-0039491,Jalen Coker,WR,2024,7,6,1.5,4.871608517271148,4.671666666666667,4.433333333333334,4.5
00-0039491,Jalen Coker,WR,2024,8,7,15.8,4.362402974026372,3.630542857142857,3.7,1.5
00-0039491,Jalen Coker,WR,2024,9,8,4.6,6.810814294417836,7.078338028169014,6.12,15.8
00-0039491,Jalen Coker,WR,2024,10,9,5.6,5.986696598807278,6.397734877734878,5.866666666666667,4.6
00-0039491,Jalen Coker,WR,2024,16,15,1.8,8.057538646273947,9.336616795366794,7.475,19.0
00-0039491,Jalen Coker,WR,2024,17,16,4.5,6.493259339194035,7.633335478335478,6.844444444444444,1.8
00-0039491,Jalen Coker,WR,2024,18,17,10.46,6.587094868250818,7.078635135135135,6.61,4.5
00-0039530,Brevyn Spann-Ford,TE,2024,12,11,3.4,3.5668913480769993,2.6799714285714287,2.3,6.2
00-0039623,Mason Tipton,WR,2024,5,4,0.7,2.7873564236767563,1.4274774774774777,1.4333333333333333,1.1
00-0039623,Mason Tipton,WR,2024,6,5,2.0,2.6710070597283986,1.1911285714285715,1.25,0.7
00-0039623,Mason Tipton,WR,2024,7,6,7.5,2.867027044070877,1.4227208706786172,1.4000000000000001,2.0
00-0039623,Mason Tipton,WR,2024,8,7,2.4,3.9435245963054895,2.97751287001287,2.4166666666666665,7.5
00-0039623,Mason Tipton,WR,2024,9,8,0.0,3.6937186432019384,2.8794980694980694,2.414285714285714,2.4
00-0039631,Cam Grandy,TE,2024,18,17,1.4,2.5645584289054466,1.335135135135135,1.3,1.2
00-0039650,Bryce Oliver,WR,2024,15,14,1.3,3.9739971891321733,2.9864414414414413,3.0666666666666664,2.1
00-0039732,Bo Nix,QB,2024,4,3,6.7,13.832425343747063,13.451621621621623,12.9,19.34
00-0039732,Bo Nix,QB,2024,5,4,23.14,11.972471274925656,11.233557142857142,11.35,6.7
00-0039732,Bo Nix,QB,2024,6,5,20.74,14.86639478161476,14.60900486555698,13.708,23.14
00-0039732,Bo Nix,QB,2024,7,6,14.06,15.43470070051315,16.135293436293434,14.879999999999999,20.74
00-0039732,Bo Nix,QB,2024,8,7,29.76,15.235465322077102,15.754177606177606,14.762857142857143,14.06
00-0039732,Bo Nix,QB,2024,9,8,17.22,17.479972175092062,19.353136583011583,16.6375,29.76
00-0039732,Bo Nix,QB,2024,10,9,16.1,16.60768457939974,18.71694766194766,16.702222222222222,17.22
00-0039732,Bo Nix,QB,2024,11,10,28.78,16.748295316279773,18.42505135135135,16.642,16.1
00-0039732,Bo Nix,QB,2024,12,11,19.42,18.125938496669807,20.536356967356973,17.745454545454546,28.78
00-0039732,Bo Nix,QB,2024,13,12,12.16,17.712451860575417,20.113143822393823,17.885,19.42
00-0039732,Bo Nix,QB,2024,15,13,13.5,16.91994785848047,18.404812295812295,17.444615384615386,12.16
00-0039732,Bo Nix,QB,2024,16,15,21.02,16.501380585977703,16.85306563706564,17.162857142857142,13.5
00-0039732,Bo Nix,QB,2024,17,16,21.86,17.199694554472718,17.78099613899614,17.42,21.02
00-0039732,Bo Nix,QB,2024,18,17,33.54,17.74794395735707,18.712028474903477,17.6975,21.86
00-0039737,Tip Reiman,TE,2024,14,13,1.9,2.3959472681015535,1.0281081081081078,1.0,1.4
00-0039737,Tip Reiman,TE,2024,15,14,1.8,2.6104345058597485,1.3105214285714284,1.2249999999999999,1.9
00-0039738,Blake Corum,RB,2024,8,7,2.3,4.061762131314498,2.451306306306306,2.5666666666666664,1.1
00-0039738,Blake Corum,RB,2024,9,8,-0.1,4.12660107888284,2.4067714285714286,2.5,2.3
00-0039738,Blake Corum,RB,2024,10,9,2.0,3.538319777933157,1.7013738796414852,1.98,-0.1
00-0039738,Blake Corum,RB,2024,11,10,3.3,3.750035093794454,1.7912323037323037,1.9833333333333332,2.0
00-0039738,Blake Corum,RB,2024,12,11,0.5,3.999693023941523,2.1366409266409265,2.1714285714285713,3.3
00-0039738,Blake Corum,RB,2024,13,12,4.2,3.7670053854507897,1.6845004826254826,1.9625,0.5
00-0039738,Blake Corum,RB,2024,14,13,3.4,4.225620230632005,2.3136765336765337,2.2111111111111112,4.2
00-0039738,Blake Corum,RB,2024,15,14,3.0,4.258014487625649,2.561542471042471,2.33,3.4
00-0039738,Blake Corum,RB,2024,16,15,1.4,4.402132719700483,2.7429185679185677,2.3909090909090907,3.0
00-0039738,Blake Corum,RB,2024,17,16,-0.4,4.185540871234514,2.4438819176319173,2.308333333333333,1.4
00-0039738,Blake Corum,RB,2024,18,17,2.7,3.8474674346267714,1.7667953667953666,2.1,-0.4
00-0039751,Jordan Whittington,WR,2024,5,4,12.4,6.031381603906554,5.946711711711711,5.566666666666666,9.2
00-0039751,Jordan Whittington,WR,2024,18,17,11.3,5.956263535701299,6.034640204865557,6.04,1.1
00-0039793,A.J. Barner,TE,2024,6,5,1.8,4.82764763382858,4.661846846846847,4.766666666666667,1.8
00-0039793,A.J. Barner,TE,2024,7,6,1.0,4.419820896667711,3.735378571428571,4.0249999999999995,1.8
00-0039793,A.J. Barner,TE,2024,8,7,4.4,3.7490941508845137,2.9740550576184375,3.42,1.0
00-0039793,A.J. Barner,TE,2024,9,8,4.7,4.203168048847223,3.360575933075933,3.583333333333333,4.4
00-0039793,A.J. Barner,TE,2024,11,9,2.5,4.436356555792041,3.7204054054054057,3.742857142857143,4.7
00-0039793,A.J. Barner,TE,2024,12,11,3.4,4.407525938143506,3.2163585907335905,3.5875,2.5
00-0039793,A.J. Barner,TE,2024,13,12,8.4,4.445031761326967,3.3276769626769624,3.5666666666666664,3.4
00-0039793,A.J. Barner,TE,2024,14,13,1.8,5.113716338557113,4.574218146718147,4.05,8.4
00-0039793,A.J. Barner,TE,2024,15,14,1.0,4.5809954439385425,4.034094419094419,3.8454545454545457,1.8
00-0039793,A.J. Barner,TE,2024,16,15,8.3,4.350970792966643,3.321932110682111,3.6083333333333334,1.0
00-0039793,A.J. Barner,TE,2024,18,16,11.9,4.9988975795950665,4.408902583902584,3.9692307692307693,8.3
00-0039794,Braelon Allen,RB,2024,4,3,5.1,9.084160595378329,9.996891891891892,9.700000000000001,8.3
00-0039794,Braelon Allen,RB,2024,5,4,3.3,8.40351942096465,8.392328571428573,8.55,5.1
00-0039794,Braelon Allen,RB,2024,6,5,0.8,7.1949204877210935,6.957944942381562,7.5,3.3
00-0039794,Braelon Allen,RB,2024,7,6,1.1,6.1653646574225265,5.40748712998713,6.383333333333334,0.8
00-0039794,Braelon Allen,RB,2024,8,7,9.2,5.63783996067043,4.49003861003861,5.628571428571429,1.1
00-0039794,Braelon Allen,RB,2024,9,8,0.9,6.866864148035041,5.180555019305019,6.075,9.2
00-0039794,Braelon Allen,RB,2024,10,9,3.9,6.047572638301011,4.1016216216216215,5.5,0.9
00-0039794,Braelon Allen,RB,2024,11,10,0.6,6.287630252753474,4.0929961389961385,5.34,3.9
00-0039794,Braelon Allen,RB,2024,13,11,3.7,5.5410082312325075,3.388683748683748,4.909090909090909,0.6
00-0039794,Braelon Allen,RB,2024,14,13,10.1,5.808718407903531,3.6390749678249676,4.808333333333334,3.7
00-0039794,Braelon Allen,RB,2024,15,14,0.5,6.599785919473988,5.250403920403921,5.2153846153846155,10.1
00-0039794,Braelon Allen,RB,2024,16,15,1.5,5.858198686179977,4.051418918918919,4.878571428571429,0.5
00-0039794,Braelon Allen,RB,2024,17,16,2.6,5.766406566767752,3.651465894465894,4.653333333333333,1.5
00-0039794,Braelon Allen,RB,2024,18,17,3.3,5.531730593588305,3.477611003861004,4.525,2.6
00-0039796,Rasheen Ali,RB,2024,18,17,0.0,2.8864512102096285,0.8254504504504505,1.0333333333333334,-0.3
00-0039798,Isaiah Davis,RB,2024,14,13,14.2,5.2391212629869415,4.2566,3.5,10.7
00-0039798,Isaiah Davis,RB,2024,15,14,3.1,7.07789225478416,7.037341869398206,5.64,14.2
00-0039798,Isaiah Davis,RB,2024,16,15,1.2,6.230530550139046,5.962088159588159,5.216666666666667,3.1
00-0039798,Isaiah Davis,RB,2024,17,16,4.8,5.494435559808566,4.943301158301158,4.642857142857142,1.2
00-0039798,Isaiah Davis,RB,2024,18,17,4.1,5.4618001992018925,5.0272611003861,4.6625,4.8
00-0039810,Jermaine Burton,WR,2024,11,10,1.3,4.401697494075895,3.5716216216216212,3.8,1.6
00-0039814,Erick All,TE,2024,5,4,2.0,5.205877289415655,4.713423423423423,4.733333333333333,4.8
00-0039814,Erick All,TE,2024,6,5,2.0,4.492716812762012,3.831785714285714,4.05,2.0
00-0039814,Erick All,TE,2024,7,6,0.0,4.204819516598286,3.3230396927016645,3.64,2.0
00-0039814,Erick All,TE,2024,8,7,4.2,3.5590948282869705,2.4875353925353925,3.033333333333333,0.0
00-0039814,Erick All,TE,2024,9,8,3.4,4.053563883063866,2.836718146718147,3.2,4.2
00-0039847,Theo Johnson,TE,2024,5,4,7.3,2.8787356574932557,1.6589639639639642,1.7333333333333334,1.1
00-0039847,Theo Johnson,TE,2024,6,5,4.5,4.167185703504478,3.4965214285714286,3.125,7.3
00-0039847,Theo Johnson,TE,2024,8,6,5.0,4.274650202602559,3.7639500640204866,3.4,4.5
00-0039847,Theo Johnson,TE,2024,9,8,12.6,4.641028015897117,4.062889317889318,3.6666666666666665,5.0
00-0039847,Theo Johnson,TE,2024,10,9,5.7,5.9523122317124955,6.224555984555984,4.942857142857143,12.6
00-0039847,Theo Johnson,TE,2024,12,10,5.4,5.636010495024372,6.197507239382238,5.0375,5.7
00-0039847,Theo Johnson,TE,2024,13,12,7.9,5.739411705849343,6.131797511797512,5.0777777777777775,5.4
00-0039849,Marvin Harrison,WR,2024,4,3,13.0,11.879156085241203,15.015630630630632,14.266666666666667,14.9
00-0039849,Marvin Harrison,WR,2024,5,4,4.6,12.152624943985227,14.329785714285713,13.95,13.0
00-0039849,Marvin Harrison,WR,2024,6,5,0.0,9.78873992190919,11.558685019206145,12.08,4.6
00-0039849,Marvin Harrison,WR,2024,7,6,3.6,7.843598295730265,8.624549549549549,10.066666666666666,0.0
00-0039849,Marvin Harrison,WR,2024,8,7,20.1,7.272180907831356,7.705907335907336,9.142857142857142,3.6
00-0039849,Marvin Harrison,WR,2024,9,8,2.4,9.846958190231836,10.082290057915058,10.512500000000001,20.1
00-0039849,Marvin Harrison,WR,2024,10,9,13.9,8.306287253038905,8.116282711282711,9.61111111111111,2.4
00-0039849,Marvin Harrison,WR,2024,12,10,6.2,9.680912899820996,9.368710424710425,10.040000000000001,13.9
00-0039849,Marvin Harrison,WR,2024,13,12,14.5,8.492487994753379,8.846644436644437,9.690909090909091,6.2
00-0039849,Marvin Harrison,WR,2024,14,13,6.9,9.706787694841658,10.48961229086229,10.091666666666667,14.5
00-0039849,Marvin Harrison,WR,2024,15,14,4.2,8.872540370629356,9.901655776655776,9.846153846153847,6.9
00-0039849,Marvin Harrison,WR,2024,16,15,5.9,8.5996457937058,8.269710424710425,9.442857142857143,4.2
00-0039849,Marvin Harrison,WR,2024,17,16,12.6,8.337168875465787,8.027758043758045,9.206666666666667,5.9
00-0039849,Marvin Harrison,WR,2024,18,17,14.8,9.125258605884824,8.902392615830117,9.41875,12.6
00-0039851,Drake Maye,QB,2024,8,7,11.52,14.5020882276524,15.252954954954955,14.146666666666667,20.84
00-0039851,Drake Maye,QB,2024,9,8,15.74,13.9635259729191,13.994140000000002,13.49,11.52
00-0039851,Drake Maye,QB,2024,10,9,11.76,14.45764442989746,14.465775928297056,13.94,15.74
00-0039851,Drake Maye,QB,2024,11,10,17.98,13.736884240572213,13.747756113256113,13.576666666666666,11.76
00-0039851,Drake Maye,QB,2024,12,11,13.48,14.901409280983467,15.200108108108108,14.205714285714286,17.98
00-0039851,Drake Maye,QB,2024,13,12,19.42,14.542837143276708,14.589323359073358,14.115,13.48
00-0039851,Drake Maye,QB,2024,15,13,17.48,15.604150227470042,15.489150150150152,14.704444444444444,19.42
00-0039851,Drake Maye,QB,2024,16,15,17.44,15.643453469251813,16.050838996138996,14.982,17.48
00-0039851,Drake Maye,QB,2024,17,16,9.88,15.93781030335026,16.321075114075114,15.205454545454545,17.44
00-0039851,Drake Maye,QB,2024,18,17,0.0,14.88098919714928,14.955313063063063,14.761666666666667,9.88
00-0039853,Javon Baker,WR,2024,18,17,1.7,1.7521334421872496,0.0,0.0,0.0
00-0039855,Jalen McMillan,WR,2024,7,6,4.1,3.6746354839373403,2.689042857142857,3.3499999999999996,0.0
00-0039855,Jalen McMillan,WR,2024,8,7,7.2,4.133642042505993,3.1179897567221513,3.5,4.1
00-0039855,Jalen McMillan,WR,2024,13,12,3.5,4.519927504685479,3.345463320463321,3.757142857142857,1.6
00-0039855,Jalen McMillan,WR,2024,14,13,19.9,4.632284592165042,3.4270125482625486,3.725,3.5
00-0039855,Jalen McMillan,WR,2024,15,14,16.0,6.854279135222543,7.420422565422566,5.522222222222222,19.9
00-0039855,Jalen McMillan,WR,2024,16,15,14.2,7.639122831363707,9.578167953667954,6.569999999999999,16.0
00-0039855,Jalen McMillan,WR,2024,17,16,20.5,8.31028847464444,10.664126009126008,7.263636363636364,14.2
00-0039855,Jalen McMillan,WR,2024,18,17,16.5,9.30882895479031,12.818912483912483,8.366666666666667,20.5
00-0039868,Troy Franklin,WR,2024,5,4,2.5,2.4155010668259926,1.0059009009009008,0.9666666666666667,0.8
00-0039868,Troy Franklin,WR,2024,6,5,10.6,2.860740445410994,1.4902142857142857,1.35,2.5
00-0039868,Troy Franklin,WR,2024,7,6,7.5,4.596632542670392,4.062560819462227,3.2,10.6
00-0039868,Troy Franklin,WR,2024,8,7,1.4,5.060631028329363,4.9011036036036035,3.9166666666666665,7.5
00-0039868,Troy Franklin,WR,2024,9,8,2.4,4.463784501013196,4.16945945945946,3.557142857142857,1.4
00-0039868,Troy Franklin,WR,2024,10,9,1.4,4.204685055954902,3.7882746138996137,3.4125,2.4
00-0039868,Troy Franklin,WR,2024,11,10,8.5,3.842395179574312,3.31014586014586,3.1888888888888887,1.4
00-0039868,Troy Franklin,WR,2024,12,11,4.1,4.861847753646173,4.539876447876448,3.7199999999999998,8.5
00-0039868,Troy Franklin,WR,2024,13,12,3.8,4.756935324978962,4.18005616005616,3.7545454545454544,4.1
00-0039868,Troy Franklin,WR,2024,15,13,1.9,4.901230872514421,3.952212033462034,3.7583333333333333,3.8
00-0039868,Troy Franklin,WR,2024,16,15,3.5,4.502983037429127,3.5693228393228393,3.6153846153846154,1.9
00-0039868,Troy Franklin,WR,2024,17,16,0.4,4.6197179392419745,3.597905405405405,3.607142857142857,3.5
00-0039868,Troy Franklin,WR,2024,18,17,2.2,4.209450676421073,2.969037323037323,3.393333333333333,0.4
00-0039874,Jaylen Wright,RB,2024,5,4,8.6,3.630102553486647,1.9394144144144145,1.7666666666666666,3.2
00-0039874,Jaylen Wright,RB,2024,7,5,3.3,5.161161380792468,4.098535714285714,3.475,8.6
00-0039874,Jaylen Wright,RB,2024,8,7,1.8,4.901364665621366,3.844614596670934,3.44,3.3
00-0039874,Jaylen Wright,RB,2024,9,8,1.8,4.65183092856276,3.301692406692406,3.1666666666666665,1.8
00-0039874,Jaylen Wright,RB,2024,10,9,0.3,4.3432270610812465,3.026776061776062,2.9714285714285715,1.8
00-0039874,Jaylen Wright,RB,2024,11,10,1.1,3.976838115244906,2.4127002895752896,2.6375,0.3
00-0039874,Jaylen Wright,RB,2024,12,11,0.8,3.9443193856611654,2.0853796653796652,2.466666666666667,1.1
00-0039874,Jaylen Wright,RB,2024,14,12,2.3,3.9642118540941302,1.5771042471042471,2.3,0.8
00-0039874,Jaylen Wright,RB,2024,15,14,0.3,4.177705139561554,1.7226447876447875,2.3,2.3
00-0039875,Ray Davis,RB,2024,4,3,1.1,6.207842292753075,5.460135135135136,5.1000000000000005,8.8
00-0039875,Ray Davis,RB,2024,5,4,0.9,5.06769270543327,4.027571428571429,4.1000000000000005,1.1
00-0039875,Ray Davis,RB,2024,6,5,16.7,4.645475099805446,3.1455198463508323,3.46,0.9
00-0039875,Ray Davis,RB,2024,7,6,11.2,7.060871376727804,6.6308236808236805,5.666666666666667,16.7
00-0039875,Ray Davis,RB,2024,8,7,2.9,7.4878957357445435,7.847084942084941,6.457142857142857,11.2
00-0039875,Ray Davis,RB,2024,9,8,16.0,6.807253722666879,6.751865347490347,6.0125,2.9
00-0039875,Ray Davis,RB,2024,10,9,0.6,8.227881172400563,8.831716001716002,7.122222222222222,16.0
00-0039875,Ray Davis,RB,2024,11,10,1.1,6.511241616907173,7.098611969111969,6.47,0.6
00-0039875,Ray Davis,RB,2024,13,11,13.2,6.287340329786051,5.9050070200070195,5.9818181818181815,1.1
00-0039875,Ray Davis,RB,2024,15,13,9.9,7.392330364996961,7.184552767052766,6.583333333333333,13.2
00-0039875,Ray Davis,RB,2024,16,15,3.4,7.67203175122519,7.616762696762697,6.838461538461538,9.9
00-0039875,Ray Davis,RB,2024,17,16,1.8,7.243290083594963,6.795067567567568,6.5928571428571425,3.4
00-0039875,Ray Davis,RB,2024,18,17,13.5,6.7333815375426935,5.354238095238095,6.273333333333333,1.8
00-0039880,Malik Washington,WR,2024,10,9,10.0,2.7332957213161646,1.3373873873873874,1.3666666666666667,0.9
00-0039880,Malik Washington,WR,2024,11,10,3.3,4.695294853924245,4.155778571428572,3.525,10.0
00-0039880,Malik Washington,WR,2024,12,11,0.8,4.3302741192935414,3.8853303457106274,3.48,3.3
00-0039880,Malik Washington,WR,2024,13,12,1.8,3.962761557960684,3.075933075933076,3.033333333333333,0.8
00-0039880,Malik Washington,WR,2024,14,13,0.0,3.673402784225977,2.8207915057915063,2.857142857142857,1.8
00-0039880,Malik Washington,WR,2024,15,14,7.7,3.263794487224795,2.1737451737451736,2.5,0.0
00-0039880,Malik Washington,WR,2024,16,15,4.3,4.330536310334894,3.541778206778207,3.077777777777778,7.7
00-0039880,Malik Washington,WR,2024,17,16,5.0,4.3760416241430535,3.4666216216216217,3.2,4.3
00-0039880,Malik Washington,WR,2024,18,17,6.8,4.709782677080424,3.8095507195507192,3.3636363636363638,5.0
00-0039890,Adonai Mitchell,WR,2024,4,3,1.0,2.6254419895243477,1.3385135135135136,1.4,0.0
00-0039890,Adonai Mitchell,WR,2024,5,4,7.16,2.691489034994412,1.2309142857142858,1.3,1.0
00-0039890,Adonai Mitchell,WR,2024,6,5,1.9,3.837938216801773,2.91229218950064,2.472,7.16
00-0039890,Adonai Mitchell,WR,2024,7,6,4.0,3.5468635517608176,2.6319453024453026,2.3766666666666665,1.9
00-0039890,Adonai Mitchell,WR,2024,8,7,1.4,3.9579000573902645,3.0291891891891893,2.6085714285714285,4.0
00-0039890,Adonai Mitchell,WR,2024,9,8,2.7,3.5324195431097336,2.6008817567567566,2.4575,1.4
00-0039890,Adonai Mitchell,WR,2024,10,9,10.1,3.7105108909142066,2.708868296868297,2.4844444444444447,2.7
00-0039890,Adonai Mitchell,WR,2024,11,10,4.0,4.769888818400211,4.477003474903475,3.246,10.1
00-0039890,Adonai Mitchell,WR,2024,12,11,1.5,4.55438314304823,4.204588978588978,3.3145454545454545,4.0
00-0039890,Adonai Mitchell,WR,2024,13,12,0.0,4.312622415500458,3.6202168597168596,3.163333333333333,1.5
00-0039890,Adonai Mitchell,WR,2024,15,13,-3.0,3.760448067480085,2.766054054054054,2.92,0.0
00-0039890,Adonai Mitchell,WR,2024,16,15,4.1,3.101757254056936,1.5397335907335907,2.4971428571428573,-3.0
00-0039890,Adonai Mitchell,WR,2024,17,16,3.2,3.739439267917049,2.1262069498069494,2.604,4.1
00-0039890,Adonai Mitchell,WR,2024,18,17,0.0,3.949473665018901,2.112777268339768,2.64125,3.2
00-0039893,Brian Thomas,WR,2024,4,3,18.9,9.13389068353985,9.798963963963963,10.133333333333333,7.3
00-0039893,Brian Thomas,WR,2024,5,4,20.7,11.27258483992803,12.772292857142858,12.325,18.9
00-0039893,Brian Thomas,WR,2024,6,5,4.2,12.677612711153387,14.996306017925736,14.0,20.7
00-0039893,Brian Thomas,WR,2024,7,6,19.6,10.545399671958345,12.184337194337195,12.366666666666667,4.2
00-0039893,Brian Thomas,WR,2024,8,7,13.5,12.167419294146018,14.009768339768339,13.4,19.6
00-0039893,Brian Thomas,WR,2024,9,8,5.2,11.53530897559273,13.987019787644787,13.4125,13.5
00-0039893,Brian Thomas,WR,2024,10,9,2.2,10.547989126159077,12.115598455598455,12.5,5.2
00-0039893,Brian Thomas,WR,2024,11,10,11.1,9.220415629224195,9.5898861003861,11.47,2.2
00-0039893,Brian Thomas,WR,2024,13,11,16.7,9.843210041937946,9.650256230256229,11.436363636363636,11.1
00-0039893,Brian Thomas,WR,2024,14,13,12.6,10.812745653841185,11.545439189189189,11.875,16.7
00-0039893,Brian Thomas,WR,2024,15,14,27.5,11.046652667539053,11.518877338877338,11.930769230769231,12.6
00-0039893,Brian Thomas,WR,2024,16,15,23.7,12.946892055211316,15.033648648648647,13.042857142857143,27.5
00-0039893,Brian Thomas,WR,2024,17,16,20.4,13.25703324162072,17.167296010296013,13.753333333333334,23.7
00-0039893,Brian Thomas,WR,2024,18,17,13.8,13.696217313670031,18.179622345559846,14.16875,20.4
00-0039894,Xavier Worthy,WR,2024,4,3,14.8,7.820043802542959,8.079459459459459,9.0,4.0
00-0039894,Xavier Worthy,WR,2024,5,4,10.3,9.236102094119438,10.302357142857144,10.450000000000001,14.8
00-0039894,Xavier Worthy,WR,2024,7,5,3.9,9.239762316530157,10.308293213828424,10.42,10.3
00-0039894,Xavier Worthy,WR,2024,8,7,11.7,8.240138016143609,8.673037323037324,9.333333333333334,3.9
00-0039894,Xavier Worthy,WR,2024,9,8,-1.0,9.007620591031984,9.05604247104247,9.67142857142857,11.7
00-0039894,Xavier Worthy,WR,2024,10,9,1.6,6.98466490075949,6.861136583011583,8.3375,-1.0
00-0039894,Xavier Worthy,WR,2024,11,10,14.8,6.6837895873365705,5.788929643929643,7.5888888888888895,1.6
00-0039894,Xavier Worthy,WR,2024,12,11,7.1,8.06774281856393,7.6631138996139,8.31,14.8
00-0039894,Xavier Worthy,WR,2024,13,12,7.9,7.812824120267804,7.477123552123553,8.2,7.1
00-0039894,Xavier Worthy,WR,2024,14,13,7.1,8.095220075696023,7.741076254826255,8.175,7.9
00-0039894,Xavier Worthy,WR,2024,15,14,16.6,7.784916909875968,7.484083754083755,8.092307692307692,7.1
00-0039894,Xavier Worthy,WR,2024,16,15,17.0,9.025603097894827,9.850559845559847,8.700000000000001,16.6
00-0039894,Xavier Worthy,WR,2024,17,16,18.9,9.675071301551323,11.647160875160877,9.253333333333334,17.0
00-0039901,Keon Coleman,WR,2024,4,3,6.6,5.787932562180953,5.490855855855856,5.333333333333333,8.9
00-0039901,Keon Coleman,WR,2024,5,4,11.4,5.85305249716494,5.845185714285714,5.65,6.6
00-0039901,Keon Coleman,WR,2024,6,5,4.1,7.236844945027903,7.408802816901409,6.8,11.4
00-0039901,Keon Coleman,WR,2024,7,6,14.5,6.373540743316504,6.532403474903475,6.35,4.1
00-0039901,Keon Coleman,WR,2024,8,7,15.5,7.9514551372030935,8.47903474903475,7.514285714285714,14.5
00-0039901,Keon Coleman,WR,2024,9,8,4.6,8.746000370814704,10.430243725868726,8.5125,15.5
00-0039901,Keon Coleman,WR,2024,16,15,2.2,7.710611086736039,8.55607722007722,7.96,6.9
00-0039901,Keon Coleman,WR,2024,17,16,10.2,6.678037064390134,6.964097929097929,7.4363636363636365,2.2
00-0039901,Keon Coleman,WR,2024,18,17,5.0,7.565938622827132,7.826480051480052,7.666666666666667,10.2
00-0039907,Ja'Lynn Polk,WR,2024,4,3,4.5,4.37618381345331,3.902387387387387,3.8666666666666663,2.3
00-0039907,Ja'Lynn Polk,WR,2024,5,4,1.8,4.797808948282569,4.095292857142857,4.0249999999999995,4.5
00-0039907,Ja'Lynn Polk,WR,2024,6,5,0.9,4.176775106148534,3.442443021766965,3.58,1.8
00-0039907,Ja'Lynn Polk,WR,2024,7,6,0.0,3.852503673975417,2.798153153153153,3.1333333333333333,0.9
00-0039907,Ja'Lynn Polk,WR,2024,9,7,0.0,3.4011813159805406,2.177413127413127,2.6857142857142855,0.0
00-0039907,Ja'Lynn Polk,WR,2024,10,9,6.7,3.2782389640055682,1.4620559845559846,2.35,0.0
00-0039907,Ja'Lynn Polk,WR,2024,12,10,1.2,4.142278821992104,2.7148906048906047,2.8333333333333335,6.7
00-0039907,Ja'Lynn Polk,WR,2024,13,12,0.0,3.7725036707767745,2.3058127413127414,2.67,1.2
00-0039907,Ja'Lynn Polk,WR,2024,15,13,0.0,3.593459506596436,1.8146998946998947,2.4272727272727272,0.0
00-0039907,Ja'Lynn Polk,WR,2024,17,15,0.0,3.2725523988276093,1.4709507722007722,2.225,0.0
00-0039910,Jayden Daniels,QB,2024,4,3,24.02,21.4512301764271,23.299756756756757,23.22,28.06
00-0039910,Jayden Daniels,QB,2024,5,4,19.72,21.225790862688143,23.53076,23.419999999999998,24.02
00-0039910,Jayden Daniels,QB,2024,6,5,20.96,20.811177473900212,22.447131882202303,22.68,19.72
00-0039910,Jayden Daniels,QB,2024,7,6,5.24,20.540404085979667,22.077604890604892,22.393333333333334,20.96
00-0039910,Jayden Daniels,QB,2024,8,7,22.24,17.38527456563684,17.705050193050194,19.942857142857143,5.24
00-0039910,Jayden Daniels,QB,2024,9,8,19.86,18.78617117720372,19.047901544401544,20.23,22.24
00-0039910,Jayden Daniels,QB,2024,10,9,8.58,18.65184906560013,18.980408408408408,20.18888888888889,19.86
00-0039910,Jayden Daniels,QB,2024,11,10,13.44,17.429657794148874,16.44654131274131,19.028,8.58
00-0039910,Jayden Daniels,QB,2024,12,11,30.4,17.20696464688542,15.785104247104247,18.52,13.44
00-0039910,Jayden Daniels,QB,2024,13,12,27.64,19.050274809886268,19.077959459459457,19.509999999999998,30.4
00-0039910,Jayden Daniels,QB,2024,15,13,23.64,19.857436582769946,21.514087318087316,20.135384615384616,27.64
00-0039910,Jayden Daniels,QB,2024,16,15,34.42,20.111565200785474,21.87578378378378,20.385714285714286,23.64
00-0039910,Jayden Daniels,QB,2024,17,16,31.78,21.333255326028812,24.623574774774774,21.32133333333333,34.42
00-0039910,Jayden Daniels,QB,2024,18,17,4.22,21.75701373303222,26.54258590733591,21.975,31.78
00-0039912,Ben Sinnott,TE,2024,15,13,1.2,3.848591679880422,2.963198198198198,3.3666666666666667,0.8
00-0039915,Ladd McConkey,WR,2024,4,3,15.2,6.9868856931679835,6.932837837837839,7.300000000000001,5.9
00-0039915,Ladd McConkey,WR,2024,6,4,6.3,8.790298835287931,9.636307142857143,9.275,15.2
00-0039915,Ladd McConkey,WR,2024,7,6,7.1,8.007126879848462,8.675772087067863,8.68,6.3
00-0039915,Ladd McConkey,WR,2024,8,7,26.1,8.01699333173825,8.27255148005148,8.416666666666666,7.1
00-0039915,Ladd McConkey,WR,2024,9,8,8.9,10.844377347148853,12.54830115830116,10.942857142857143,26.1
00-0039915,Ladd McConkey,WR,2024,10,9,6.2,9.697036724348905,11.912072876447876,10.6875,8.9
00-0039915,Ladd McConkey,WR,2024,11,10,15.3,9.27772200446201,10.712752037752036,10.188888888888888,6.2
00-0039915,Ladd McConkey,WR,2024,12,11,11.3,9.815979394366607,11.594749034749036,10.700000000000001,15.3
00-0039915,Ladd McConkey,WR,2024,13,12,16.2,9.712361563155566,11.663569673569674,10.754545454545454,11.3
00-0039915,Ladd McConkey,WR,2024,15,13,14.3,10.676601873262705,12.800194658944662,11.208333333333334,16.2
00-0039915,Ladd McConkey,WR,2024,16,15,11.7,10.89804824164349,12.572698247698249,11.446153846153846,14.3
00-0039915,Ladd McConkey,WR,2024,17,16,25.4,10.803523791171429,12.437171814671814,11.464285714285715,11.7
00-0039915,Ladd McConkey,WR,2024,18,17,14.0,12.399804697524452,15.459191763191765,12.393333333333333,25.4
00-0039916,Ricky Pearsall,WR,2024,11,10,0.0,9.023561466361798,10.251261261261263,9.533333333333333,15.3
00-0039916,Ricky Pearsall,WR,2024,13,11,0.0,6.488613464487704,6.888328571428572,7.15,0.0
00-0039916,Ricky Pearsall,WR,2024,14,13,1.0,5.3713543974067095,4.950220230473752,5.72,0.0
00-0039916,Ricky Pearsall,WR,2024,15,14,2.1,4.528419022770993,3.975933075933076,4.933333333333334,1.0
00-0039916,Ricky Pearsall,WR,2024,16,15,5.7,4.471604399479904,3.5604247104247104,4.5285714285714285,2.1
00-0039916,Ricky Pearsall,WR,2024,17,16,24.7,5.053114571380578,3.9033349420849417,4.675,5.7
00-0039916,Ricky Pearsall,WR,2024,18,17,15.9,8.14553945168901,8.459787644787646,6.9,24.7
00-0039917,Michael Penix,QB,2024,17,16,11.22,5.996130352612518,3.005882882882883,2.6333333333333333,6.38
00-0039917,Michael Penix,QB,2024,18,17,24.98,7.844168331854824,5.662142857142857,4.78,11.22
00-0039918,Caleb Williams,QB,2024,4,3,11.48,12.117662219942693,11.283099099099099,10.633333333333333,17.32
00-0039918,Caleb Williams,QB,2024,5,4,23.56,12.07499312131413,11.320818571428571,10.845,11.48
00-0039918,Caleb Williams,QB,2024,6,5,28.64,14.794896123522355,14.76396261203585,13.388,23.56
00-0039918,Caleb Williams,QB,2024,8,6,9.94,16.87317303987689,18.250260617760617,15.93,28.64
00-0039918,Caleb Williams,QB,2024,9,8,9.18,15.156279465556203,16.493019305019306,15.074285714285715,9.94
00-0039918,Caleb Williams,QB,2024,10,9,6.3,14.270637515686388,14.986673262548262,14.3375,9.18
00-0039918,Caleb Williams,QB,2024,11,10,16.24,12.818441378528911,12.81799570999571,13.444444444444445,6.3
00-0039918,Caleb Williams,QB,2024,12,11,26.9,13.88899347519298,13.69420308880309,13.724,16.24
00-0039918,Caleb Williams,QB,2024,13,12,26.14,15.83552153148424,16.379501228501226,14.921818181818182,26.9
00-0039918,Caleb Williams,QB,2024,14,13,14.06,17.049074829205463,18.077273487773486,15.856666666666666,26.14
00-0039918,Caleb Williams,QB,2024,15,14,9.94,16.156408571839513,17.326747252747253,15.718461538461538,14.06
00-0039918,Caleb Williams,QB,2024,16,15,22.76,15.141226739704274,15.867953667953667,15.305714285714286,9.94
00-0039918,Caleb Williams,QB,2024,17,16,6.58,16.207186142276555,17.69176731016731,15.802666666666667,22.76
00-0039918,Caleb Williams,QB,2024,18,17,10.92,14.564493639355508,15.179191361003861,15.22625,6.58
00-0039919,Rome Odunze,WR,2024,4,3,1.5,8.582059301674196,9.961846846846846,8.766666666666666,20.4
00-0039919,Rome Odunze,WR,2024,5,4,6.5,6.352122725762936,7.161528571428571,6.949999999999999,1.5
00-0039919,Rome Odunze,WR,2024,6,5,5.0,6.818817063486391,6.964815620998719,6.859999999999999,6.5
00-0039919,Rome Odunze,WR,2024,8,6,6.9,6.062425575508396,6.456747104247103,6.55,5.0
00-0039919,Rome Odunze,WR,2024,9,8,12.9,6.455436361114563,6.740907335907336,6.6,6.9
00-0039919,Rome Odunze,WR,2024,10,9,3.8,7.5217056557420685,8.307632722007723,7.3875,12.9
00-0039919,Rome Odunze,WR,2024,11,10,9.5,6.909222216479706,6.771072501072501,6.988888888888889,3.8
00-0039919,Rome Odunze,WR,2024,12,11,6.4,7.561668603902086,7.6029382239382235,7.24,9.5
00-0039919,Rome Odunze,WR,2024,13,12,3.5,7.113022040511232,7.345458055458055,7.163636363636364,6.4
00-0039919,Rome Odunze,WR,2024,14,13,18.2,6.77918233248851,6.545030566280567,6.858333333333333,3.5
00-0039919,Rome Odunze,WR,2024,15,14,4.9,8.38175733831858,9.169302049302049,7.730769230769231,18.2
00-0039919,Rome Odunze,WR,2024,16,15,7.7,7.406475177773989,7.997432432432432,7.5285714285714285,4.9
00-0039919,Rome Odunze,WR,2024,17,16,2.0,7.806173384115305,8.049289575289574,7.54,7.7
00-0039919,Rome Odunze,WR,2024,18,17,2.8,6.710037768468703,6.636654198841699,7.19375,2.0
00-0039920,Malachi Corley,WR,2024,11,10,1.5,2.553188605874198,1.1151801801801802,1.1333333333333333,0.7
00-0039920,Malachi Corley,WR,2024,13,11,0.8,2.7142015097760446,1.2410642857142857,1.225,1.5
00-0039921,Trey Benson,RB,2024,4,3,5.0,3.5151813349754573,1.6706306306306309,1.7666666666666666,0.8
00-0039921,Trey Benson,RB,2024,6,4,2.6,4.328538998768524,2.7572785714285715,2.575,5.0
00-0039921,Trey Benson,RB,2024,8,6,1.0,4.225722560858491,2.7046069142125475,2.58,2.6
00-0039921,Trey Benson,RB,2024,9,8,12.0,4.013610569193025,2.26220398970399,2.316666666666667,1.0
00-0039921,Trey Benson,RB,2024,10,9,9.7,5.620654859123901,4.67480694980695,3.7,12.0
00-0039921,Trey Benson,RB,2024,12,10,1.8,6.116447949561081,5.932480694980695,4.45,9.7
00-0039921,Trey Benson,RB,2024,13,12,2.0,5.514392634504719,5.063363363363363,4.155555555555556,1.8
00-0039921,Trey Benson,RB,2024,14,13,2.4,5.104397957979114,4.3051389961389965,3.94,2.0
00-0039921,Trey Benson,RB,2024,15,14,2.2,4.837752169465543,3.9075675675675674,3.8,2.4
