player_id,name,position,team,season,week,opponent,standard_points,receptions
00-0019596,Tom Brady,QB,TB,2022,1,DAL,10.38,0
00-0023459,Aaron Rodgers,QB,GB,2022,1,MIN,3.7,0
00-0026143,Matt Ryan,QB,IND,2022,1,HOU,15.28,0
00-0026158,Joe Flacco,QB,NYJ,2022,1,BAL,14.36,0
00-0026498,Matthew Stafford,QB,LA,2022,1,BUF,7.8,0
00-0027942,A.J. Green,WR,ARI,2022,1,KC,1.3,2
00-0027944,Julio Jones,WR,TB,2022,1,DAL,8.6,3
00-0027966,Mark Ingram,RB,NO,2022,1,ATL,0.3,1
00-0028002,Randall Cobb,WR,GB,2022,1,MIN,1.4,2
00-0029239,Brandon Bolden,RB,LV,2022,1,LAC,8.8,2
00-0029263,Russell Wilson,QB,DEN,2022,1,SEA,17.8,0
00-0029293,Marvin Jones,WR,JAX,2022,1,WAS,3.8,4
00-0029604,Kirk Cousins,QB,MIN,2022,1,GB,19.08,0
00-0029701,Ryan Tannehill,QB,TEN,2022,1,NYG,19.34,0
00-0030035,Adam Thielen,WR,MIN,2022,1,GB,3.6,3
00-0030061,Zach Ertz,TE,ARI,2022,1,KC,9.4,2
00-0030068,Marquise Goodwin,WR,SEA,2022,1,DEN,2.2,2
00-0030108,Ryan Griffin,TE,CHI,2022,1,SF,0.0,0
00-0030279,Keenan Allen,WR,LAC,2022,1,LV,6.6,4
00-0030288,Rex Burkhead,RB,HOU,2022,1,IND,7.0,5
00-0030431,Robert Woods,WR,TEN,2022,1,NYG,1.3,1
00-0030506,Travis Kelce,TE,KC,2022,1,ARI,18.1,8
00-0030565,Geno Smith,QB,SEA,2022,1,DEN,17.2,0
00-0030578,Cordarrelle Patterson,RB,ATL,2022,1,NO,19.6,3
00-0030874,Damien Williams,RB,ATL,2022,1,NO,0.2,0
00-0031236,Brandin Cooks,WR,HOU,2022,1,IND,8.2,7
00-0031260,Logan Thomas,TE,WAS,2022,1,JAX,4.5,3
00-0031273,Cameron Brate,TE,TB,2022,1,DAL,0.7,1
00-0031280,Derek Carr,QB,LV,2022,1,LAC,13.8,0
00-0031325,Sammy Watkins,WR,GB,2022,1,MIN,1.8,3
00-0031376,Jerick McKinnon,RB,KC,2022,1,ARI,4.9,3
00-0031381,Davante Adams,WR,LV,2022,1,LAC,20.1,10
00-0031382,Jarvis Landry,WR,NO,2022,1,ATL,11.4,7
00-0031384,Richard Rodgers,TE,LAC,2022,1,LV,0.0,0
00-0031408,Mike Evans,WR,TB,2022,1,DAL,13.1,5
00-0031428,Allen Robinson,WR,LA,2022,1,BUF,1.2,1
00-0031503,Jameis Winston,QB,NO,2022,1,ATL,21.66,0
00-0031544,Amari Cooper,WR,CLE,2022,1,CAR,1.7,3
00-0031547,DeVante Parker,WR,NE,2022,1,MIA,0.9,1
00-0031549,Nelson Agholor,WR,NE,2022,1,MIA,0.8,3
00-0031588,Stefon Diggs,WR,BUF,2022,1,LA,18.2,8
00-0031610,Darren Waller,TE,LV,2022,1,LAC,7.9,4
00-0031687,Raheem Mostert,RB,MIA,2022,1,NE,3.2,1
00-0031690,Eric Tomlinson,TE,DEN,2022,1,SEA,0.0,0
00-0031763,DeAndre Carter,WR,LAC,2022,1,LV,12.4,3
00-0031941,Jamison Crowder,WR,BUF,2022,1,LA,2.8,3
00-0032054,Breshad Perriman,WR,TB,2022,1,DAL,-0.7,0
00-0032063,Mike Davis,RB,BAL,2022,1,NYJ,1.1,0
00-0032104,Ameer Abdullah,RB,LV,2022,1,LAC,0.0,0
00-0032128,Chris Conley,WR,HOU,2022,1,IND,0.0,0
00-0032141,Geoff Swaim,TE,TEN,2022,1,NYG,1.9,3
00-0032144,Melvin Gordon,RB,DEN,2022,1,SEA,5.2,2
00-0032200,Ty Montgomery,WR,NE,2022,1,MIA,7.3,3
00-0032208,Phillip Dorsett,WR,HOU,2022,1,IND,0.0,0
00-0032211,Tyler Lockett,WR,SEA,2022,1,DEN,2.8,3
00-0032214,Tyler Kroft,TE,SF,2022,1,CHI,0.9,1
00-0032268,Marcus Mariota,QB,ATL,2022,1,NO,19.8,0
00-0032385,Sterling Shepard,WR,NYG,2022,1,TEN,13.1,2
00-0032392,Austin Hooper,TE,TEN,2022,1,NYG,0.6,1
00-0032398,Chris Moore,WR,HOU,2022,1,IND,3.1,3
00-0032436,Jeff Driskel,QB,HOU,2022,1,IND,0.5,0
00-0032464,Kalif Raymond,WR,DET,2022,1,PHI,0.0,0
00-0032602,J.D. McKissic,RB,WAS,2022,1,JAX,4.8,3
00-0032688,Robbie Chosen,WR,CAR,2022,1,CLE,16.2,5
00-0032764,Derrick Henry,RB,TEN,2022,1,NYG,8.2,0
00-0032765,Michael Thomas,WR,NO,2022,1,ATL,17.7,5
00-0032775,Demarcus Robinson,WR,BAL,2022,1,NYJ,1.9,2
00-0032950,Carson Wentz,QB,WAS,2022,1,JAX,27.72,0
00-0033009,Tyler Boyd,WR,CIN,2022,1,PIT,9.3,4
00-0033040,Tyreek Hill,WR,MIA,2022,1,NE,10.0,8
00-0033045,Ezekiel Elliott,RB,DAL,2022,1,TB,4.9,1
00-0033077,Dak Prescott,QB,DAL,2022,1,TB,4.46,0
00-0033090,Hunter Henry,TE,NE,2022,1,MIA,2.0,2
00-0033106,Jared Goff,QB,DET,2022,1,PHI,15.5,0
00-0033110,Tyler Higbee,TE,LA,2022,1,BUF,3.9,5
00-0033114,Mike Thomas,WR,CIN,2022,1,PIT,2.5,1
00-0033118,Kenyan Drake,RB,BAL,2022,1,NYJ,4.6,1
00-0033119,Jacoby Brissett,QB,CLE,2022,1,CAR,10.88,0
00-0033217,Mo Alie-Cox,TE,IND,2022,1,HOU,2.6,2
00-0033246,Johnny Mundt,TE,MIN,2022,1,GB,1.7,3
00-0033251,Zach Pascal,WR,PHI,2022,1,DET,0.7,1
00-0033280,Christian McCaffrey,RB,CAR,2022,1,CLE,11.7,4
00-0033282,Curtis Samuel,WR,WAS,2022,1,JAX,11.2,8
00-0033293,Aaron Jones,RB,GB,2022,1,MIN,7.6,3
00-0033307,Kendrick Bourne,WR,NE,2022,1,MIA,4.1,1
00-0033308,Matt Breida,RB,NYG,2022,1,TEN,2.4,0
00-0033357,Taysom Hill,QB,NO,2022,1,ATL,14.3,1
00-0033386,Cody Hollister,WR,TEN,2022,1,NYG,2.2,1
00-0033439,Pharaoh Brown,TE,HOU,2022,1,IND,1.7,1
00-0033455,Anthony Firkser,TE,ATL,2022,1,NO,0.6,1
00-0033466,Isaiah McKenzie,WR,BUF,2022,1,LA,7.9,2
00-0033526,Samaje Perine,RB,CIN,2022,1,PIT,3.7,3
00-0033536,Mike Williams,WR,LAC,2022,1,LV,1.0,2
00-0033553,James Conner,RB,ARI,2022,1,KC,11.5,5
00-0033555,Mack Hollins,WR,LV,2022,1,LAC,1.6,1
00-0033572,Jamal Agnew,WR,JAX,2022,1,WAS,1.2,1
00-0033576,Eric Saubert,TE,DEN,2022,1,SEA,0.0,0
00-0033591,Noah Brown,WR,DAL,2022,1,TB,6.8,5
00-0033662,Cooper Rush,QB,DAL,2022,1,TB,2.56,0
00-0033699,Austin Ekeler,RB,LAC,2022,1,LV,7.2,4
00-0033757,Robert Tonyan,TE,GB,2022,1,MIN,3.6,3
00-0033856,Leonard Fournette,RB,TB,2022,1,DAL,13.7,2
00-0033857,JuJu Smith-Schuster,WR,KC,2022,1,ARI,5.9,6
00-0033858,Jonnu Smith,TE,NE,2022,1,MIA,3.3,3
00-0033869,Mitchell Trubisky,QB,PIT,2022,1,CIN,12.66,0
00-0033871,Corey Davis,WR,NYJ,2022,1,BAL,7.7,6
00-0033873,Patrick Mahomes,QB,KC,2022,1,ARI,34.9,0
00-0033879,O.J. Howard,TE,HOU,2022,1,IND,15.8,2
00-0033881,Evan Engram,TE,JAX,2022,1,WAS,2.8,4
00-0033885,David Njoku,TE,CLE,2022,1,CAR,0.7,1
00-0033891,Zay Jones,WR,JAX,2022,1,WAS,6.5,6
00-0033893,Dalvin Cook,RB,MIN,2022,1,GB,10.8,3
00-0033895,Gerald Everett,TE,LAC,2022,1,LV,11.4,3
00-0033897,Joe Mixon,RB,CIN,2022,1,PIT,14.5,7
00-0033906,Alvin Kamara,RB,NO,2022,1,ATL,4.6,3
00-0033908,Cooper Kupp,WR,LA,2022,1,BUF,18.8,13
00-0033921,Chris Godwin,WR,TB,2022,1,DAL,3.5,3
00-0033923,Kareem Hunt,RB,CLE,2022,1,CAR,19.0,4
00-0033925,D'Onta Foreman,RB,CAR,2022,1,CLE,0.5,0
00-0033932,Kenny Golladay,WR,NYG,2022,1,TEN,2.2,2
00-0033943,Josh Reynolds,WR,DET,2022,1,PHI,2.8,1
00-0033948,Jamaal Williams,RB,DET,2022,1,PHI,15.0,1
00-0034073,Ross Dwelley,TE,SF,2022,1,CHI,1.1,1
00-0034104,Cam Sims,WR,WAS,2022,1,JAX,0.0,0
00-0034115,Jeffery Wilson,RB,SF,2022,1,CHI,3.0,2
00-0034159,Will Dissly,TE,SEA,2022,1,DEN,10.3,3
00-0034208,Mike Boone,RB,DEN,2022,1,SEA,0.2,1
00-0034253,Dontrell Hilliard,RB,TEN,2022,1,NYG,18.9,3
00-0034270,Tyler Conklin,TE,NYJ,2022,1,BAL,7.6,4
00-0034272,Marquez Valdes-Scantling,WR,KC,2022,1,ARI,4.1,4
00-0034279,Equanimeous St. Brown,WR,CHI,2022,1,SF,7.8,1
00-0034286,Richie James,WR,NYG,2022,1,TEN,6.1,5
00-0034297,Byron Pringle,WR,CHI,2022,1,SF,2.2,1
00-0034348,Courtland Sutton,WR,DEN,2022,1,SEA,7.2,4
00-0034351,Dallas Goedert,TE,PHI,2022,1,DET,6.0,3
00-0034365,Ian Thomas,TE,CAR,2022,1,CLE,5.3,2
00-0034367,Nyheim Hines,RB,IND,2022,1,HOU,5.4,6
00-0034383,Dalton Schultz,TE,DAL,2022,1,TB,6.2,7
00-0034386,Justin Watson,WR,KC,2022,1,ARI,0.0,0
00-0034407,Ray-Ray McCloud,WR,SF,2022,1,CHI,2.0,1
00-0034411,Russell Gage,WR,TB,2022,1,DAL,1.3,2
00-0034414,Boston Scott,RB,PHI,2022,1,DET,7.0,0
00-0034418,Cedrick Wilson,WR,MIA,2022,1,NE,2.8,2
00-0034419,Braxton Berrios,WR,NYJ,2022,1,BAL,3.7,5
00-0034487,Trent Sherfield,WR,MIA,2022,1,NE,0.8,1
00-0034646,Brandon Powell,WR,LA,2022,1,BUF,1.3,1
00-0034681,Chase Edmonds,RB,MIA,2022,1,NE,6.5,4
00-0034750,Rashaad Penny,RB,SEA,2022,1,DEN,6.7,2
00-0034753,Mark Andrews,TE,BAL,2022,1,NYJ,5.2,5
00-0034775,Christian Kirk,WR,JAX,2022,1,WAS,11.7,6
00-0034777,D.J. Chark,WR,DET,2022,1,PHI,11.2,4
00-0034791,Nick Chubb,RB,CLE,2022,1,CAR,14.3,1
00-0034796,Lamar Jackson,QB,BAL,2022,1,NYJ,20.22,0
00-0034798,Durham Smythe,TE,MIA,2022,1,NE,1.4,1
00-0034827,D.J. Moore,WR,CAR,2022,1,CLE,5.0,3
00-0034829,Mike Gesicki,TE,MIA,2022,1,NE,0.1,1
00-0034830,Hayden Hurst,TE,CIN,2022,1,PIT,4.6,5
00-0034844,Saquon Barkley,RB,NYG,2022,1,TEN,27.4,6
00-0034845,Sony Michel,RB,LAC,2022,1,LV,1.2,0
00-0034854,KhaDarel Hodge,WR,ATL,2022,1,NO,3.8,3
00-0034855,Baker Mayfield,QB,CAR,2022,1,CLE,18.0,0
00-0034857,Josh Allen,QB,BUF,2022,1,LA,31.48,0
00-0034860,Dante Pettis,WR,CHI,2022,1,SF,11.1,1
00-0034960,Jakobi Meyers,WR,NE,2022,1,MIA,6.2,4
00-0034970,Irv Smith,TE,MIN,2022,1,GB,0.0,0
00-0034972,Alexander Mattison,RB,MIN,2022,1,GB,3.6,0
00-0034975,Justice Hill,RB,BAL,2022,1,NYJ,1.1,2
00-0034983,Hunter Renfrow,WR,LV,2022,1,LAC,2.1,3
00-0035021,Ashton Dulin,WR,IND,2022,1,HOU,4.6,3
00-0035140,Mecole Hardman,WR,KC,2022,1,ARI,7.6,3
00-0035146,Trace McSorley,QB,ARI,2022,1,KC,2.48,0
00-0035208,Olamide Zaccheaus,WR,ATL,2022,1,NO,2.9,4
00-0035215,Deonte Harty,WR,NO,2022,1,ATL,0.4,1
00-0035216,Diontae Johnson,WR,PIT,2022,1,CIN,5.5,7
00-0035222,Zach Gentry,TE,PIT,2022,1,CIN,4.0,2
00-0035228,Kyler Murray,QB,ARI,2022,1,KC,20.62,0
00-0035229,T.J. Hockenson,TE,DET,2022,1,PHI,3.8,4
00-0035243,Miles Sanders,RB,PHI,2022,1,DET,16.5,2
00-0035250,Devin Singletary,RB,BUF,2022,1,LA,6.2,2
00-0035261,Tony Pollard,RB,DAL,2022,1,TB,2.2,2
00-0035345,Chris Myarick,TE,NYG,2022,1,TEN,6.1,1
00-0035414,Jalen Guyton,WR,LAC,2022,1,LV,0.0,0
00-0035500,Greg Dortch,WR,ARI,2022,1,KC,6.3,7
00-0035527,Andy Isabella,WR,ARI,2022,1,KC,1.0,1
00-0035547,Joseph Fortson,TE,KC,2022,1,ARI,6.1,1
00-0035572,Parker Hesse,TE,ATL,2022,1,NO,0.5,1
00-0035593,Juwann Winfree,WR,GB,2022,1,MIN,1.7,1
00-0035594,Travis Homer,RB,SEA,2022,1,DEN,0.2,0
00-0035631,Drew Sample,TE,CIN,2022,1,PIT,0.2,1
00-0035639,Parris Campbell,WR,IND,2022,1,HOU,3.7,3
00-0035640,DK Metcalf,WR,SEA,2022,1,DEN,1.6,7
00-0035644,Noah Fant,TE,SEA,2022,1,DEN,1.6,3
00-0035657,Damien Harris,RB,NE,2022,1,MIA,5.8,2
00-0035659,Terry McLaurin,WR,WAS,2022,1,JAX,11.8,2
00-0035662,Marquise Brown,WR,ARI,2022,1,KC,10.3,4
00-0035664,Darrell Henderson,RB,LA,2022,1,BUF,7.3,5
00-0035676,A.J. Brown,WR,PHI,2022,1,DET,15.5,10
00-0035685,David Montgomery,RB,CHI,2022,1,SF,5.0,3
00-0035689,Dawson Knox,TE,BUF,2022,1,LA,0.5,1
00-0035700,Josh Jacobs,RB,LV,2022,1,LAC,7.3,1
00-0035703,Miles Boykin,WR,PIT,2022,1,CIN,0.0,0
00-0035710,Daniel Jones,QB,NYG,2022,1,TEN,16.02,0
00-0035719,Deebo Samuel,WR,SF,2022,1,CHI,10.6,2
00-0035823,Ben Ellefson,TE,MIN,2022,1,GB,0.2,1
00-0035831,James Robinson,RB,JAX,2022,1,WAS,18.9,1
00-0036005,Noah Togiai,TE,PHI,2022,1,DET,0.0,0
00-0036040,Juwan Johnson,TE,NO,2022,1,ATL,4.3,2
00-0036145,Lawrence Cager,TE,NYJ,2022,1,BAL,0.0,0
00-0036182,Nick Westbrook-Ikhine,WR,TEN,2022,1,NYG,1.3,1
00-0036196,Gabe Davis,WR,BUF,2022,1,LA,14.8,4
00-0036212,Tua Tagovailoa,QB,MIA,2022,1,NE,14.8,0
00-0036223,Jonathan Taylor,RB,IND,2022,1,HOU,23.5,4
00-0036232,Harrison Bryant,TE,CLE,2022,1,CAR,1.8,2
00-0036233,Donovan Peoples-Jones,WR,CLE,2022,1,CAR,6.0,6
00-0036244,Colby Parkinson,TE,SEA,2022,1,DEN,10.3,2
00-0036250,Tyler Davis,TE,GB,2022,1,MIN,0.3,1
00-0036251,Zack Moss,RB,BUF,2022,1,LA,1.6,6
00-0036252,Michael Pittman,WR,IND,2022,1,HOU,18.1,9
00-0036259,Jauan Jennings,WR,SF,2022,1,CHI,6.2,4
00-0036261,Brandon Aiyuk,WR,SF,2022,1,CHI,4.7,2
00-0036264,Jordan Love,QB,GB,2022,1,MIN,2.6,0
00-0036265,A.J. Dillon,RB,GB,2022,1,MIN,15.1,5
00-0036275,D'Andre Swift,RB,DET,2022,1,PHI,23.5,3
00-0036290,Cole Kmet,TE,CHI,2022,1,SF,0.0,0
00-0036309,Darnell Mooney,WR,CHI,2022,1,SF,0.8,1
00-0036322,Justin Jefferson,WR,MIN,2022,1,GB,30.4,9
00-0036326,Chase Claypool,WR,PIT,2022,1,CIN,5.4,4
00-0036328,Antonio Gibson,RB,WAS,2022,1,JAX,13.0,7
00-0036331,Devin Duvernay,WR,BAL,2022,1,NYJ,17.4,4
00-0036332,Josiah Deguara,TE,GB,2022,1,MIN,2.8,2
00-0036345,K.J. Osborn,WR,MIN,2022,1,GB,1.4,3
00-0036355,Justin Herbert,QB,LAC,2022,1,LV,23.26,0
00-0036358,CeeDee Lamb,WR,DAL,2022,1,TB,2.9,2
00-0036360,Clyde Edwards-Helaire,RB,KC,2022,1,ARI,19.4,3
00-0036365,Bryan Edwards,WR,ATL,2022,1,NO,0.0,0
00-0036370,Joshua Kelley,RB,LAC,2022,1,LV,3.5,2
00-0036383,Eno Benjamin,RB,ARI,2022,1,KC,6.1,3
00-0036389,Jalen Hurts,QB,PHI,2022,1,DET,24.72,0
00-0036407,Jerry Jeudy,WR,DEN,2022,1,SEA,16.2,4
00-0036410,Tee Higgins,WR,CIN,2022,1,PIT,2.7,2
00-0036412,K.J. Hamler,WR,DEN,2022,1,SEA,0.0,0
00-0036414,Cam Akers,RB,LA,2022,1,BUF,0.0,0
00-0036423,Albert Okwuegbunam,TE,DEN,2022,1,SEA,3.3,5
00-0036442,Joe Burrow,QB,CIN,2022,1,PIT,18.22,0
00-0036482,Mike Strachan,WR,IND,2022,1,HOU,3.6,2
00-0036550,Rashod Bateman,WR,BAL,2022,1,NYJ,11.9,2
00-0036554,Nico Collins,WR,HOU,2022,1,IND,2.6,2
00-0036555,Chuba Hubbard,RB,CAR,2022,1,CLE,0.3,0
00-0036556,Brevin Jordan,TE,HOU,2022,1,IND,0.5,1
00-0036567,Elijah Mitchell,RB,SF,2022,1,CHI,4.1,0
00-0036572,Shi Smith,WR,CAR,2022,1,CLE,1.2,1
00-0036613,Jaylen Waddle,WR,MIA,2022,1,NE,13.7,4
00-0036620,D'Wayne Eskridge,WR,SEA,2022,1,DEN,0.0,1
00-0036628,John Bates,TE,WAS,2022,1,JAX,0.0,0
00-0036630,Tylan Wallace,WR,BAL,2022,1,NYJ,0.0,0
00-0036637,Noah Gray,TE,KC,2022,1,ARI,1.0,1
00-0036646,Simi Fehoko,WR,DAL,2022,1,TB,1.2,2
00-0036654,Demetric Felton,RB,CLE,2022,1,CAR,0.0,0
00-0036671,Dax Milne,WR,WAS,2022,1,JAX,0.0,0
00-0036849,Tutu Atwell,WR,LA,2022,1,BUF,0.0,0
00-0036862,Ben Skowronek,WR,LA,2022,1,BUF,2.5,4
00-0036875,Rhamondre Stevenson,RB,NE,2022,1,MIA,2.7,2
00-0036876,Kylen Granson,TE,IND,2022,1,HOU,2.2,3
00-0036877,Jaelon Darden,WR,TB,2022,1,DAL,0.2,0
00-0036893,Najee Harris,RB,PIT,2022,1,CIN,8.6,2
00-0036894,Pat Freiermuth,TE,PIT,2022,1,CIN,7.5,5
00-0036898,Davis Mills,QB,HOU,2022,1,IND,15.5,0
00-0036900,Ja'Marr Chase,WR,CIN,2022,1,PIT,18.9,10
00-0036906,Khalil Herbert,RB,CHI,2022,1,SF,10.3,1
00-0036912,DeVonta Smith,WR,PHI,2022,1,DET,0.0,0
00-0036913,Kadarius Toney,WR,NYG,2022,1,TEN,2.3,0
00-0036919,Kenneth Gainwell,RB,PHI,2022,1,DET,9.2,2
00-0036924,Michael Carter,RB,NYJ,2022,1,BAL,10.0,7
00-0036945,Justin Fields,QB,CHI,2022,1,SF,13.64,0
00-0036950,Avery Williams,RB,ATL,2022,1,NO,1.5,1
00-0036963,Amon-Ra St. Brown,WR,DET,2022,1,PHI,12.4,8
00-0036970,Kyle Pitts,TE,ATL,2022,1,NO,1.9,2
00-0036971,Trevor Lawrence,QB,JAX,2022,1,WAS,13.4,0
00-0036972,Mac Jones,QB,NE,2022,1,MIA,8.52,0
00-0036973,Travis Etienne,RB,JAX,2022,1,WAS,6.5,2
00-0036980,Elijah Moore,WR,NYJ,2022,1,BAL,4.9,5
00-0036988,Josh Palmer,WR,LAC,2022,1,LV,0.9,3
00-0036997,Javonte Williams,RB,DEN,2022,1,SEA,8.8,11
00-0036999,Anthony Schwartz,WR,CLE,2022,1,CAR,3.9,1
00-0037005,Tommy Tremble,TE,CAR,2022,1,CLE,0.1,1
00-0037011,Tre' McKitty,TE,LAC,2022,1,LV,2.4,3
00-0037012,Trey Lance,QB,SF,2022,1,CHI,9.96,0
00-0037168,Armani Rogers,TE,WAS,2022,1,JAX,2.3,1
00-0037197,Isiah Pacheco,RB,KC,2022,1,ARI,12.2,0
00-0037228,Jaylen Warren,RB,PIT,2022,1,CIN,0.7,0
00-0037238,Drake London,WR,ATL,2022,1,NO,7.4,5
00-0037239,Chris Olave,WR,NO,2022,1,ATL,6.1,3
00-0037247,George Pickens,WR,PIT,2022,1,CIN,0.3,1
00-0037248,James Cook,RB,BUF,2022,1,LA,-1.8,0
00-0037256,Rachaad White,RB,TB,2022,1,DAL,2.1,2
00-0037258,Dameon Pierce,RB,HOU,2022,1,IND,3.9,1
00-0037273,Kyle Philips,WR,TEN,2022,1,NYG,6.6,6
00-0037331,Zander Horvath,RB,LAC,2022,1,LV,6.8,2
00-0037570,Dennis Houston,WR,DAL,2022,1,TB,1.6,2
00-0037664,Alec Pierce,WR,IND,2022,1,HOU,0.0,0
00-0037740,Garrett Wilson,WR,NYJ,2022,1,BAL,5.2,4
00-0037741,Jahan Dotson,WR,WAS,2022,1,JAX,15.0,3
00-0037742,Treylon Burks,WR,TEN,2022,1,NYG,5.5,3
00-0037809,Chigoziem Okonkwo,TE,TEN,2022,1,NYG,0.7,1
00-0037816,Romeo Doubs,WR,GB,2022,1,MIN,4.8,4
00-0037838,Isaiah Likely,TE,BAL,2022,1,NYJ,0.0,0
00-0038090,Skyy Moore,WR,KC,2022,1,ARI,3.0,1
00-0038117,Wan'Dale Robinson,WR,NYG,2022,1,TEN,0.5,1
00-0038120,Breece Hall,RB,NYJ,2022,1,BAL,4.1,6
00-0038124,Christian Watson,WR,GB,2022,1,MIN,4.1,2
00-0019596,Tom Brady,QB,TB,2022,2,NO,9.4,0
00-0023459,Aaron Rodgers,QB,GB,2022,2,CHI,16.36,0
00-0026143,Matt Ryan,QB,IND,2022,2,JAX,1.8,0
00-0026158,Joe Flacco,QB,NYJ,2022,2,CLE,26.88,0
00-0026498,Matthew Stafford,QB,LA,2022,2,ATL,18.88,0
00-0027942,A.J. Green,WR,ARI,2022,2,LV,3.6,3
00-0027966,Mark Ingram,RB,NO,2022,2,TB,4.1,2
00-0028002,Randall Cobb,WR,GB,2022,2,CHI,3.7,3
00-0028986,Case Keenum,QB,BUF,2022,2,TEN,0.2,0
00-0029263,Russell Wilson,QB,DEN,2022,2,HOU,11.06,0
00-0029293,Marvin Jones,WR,JAX,2022,2,IND,3.3,3
00-0029604,Kirk Cousins,QB,MIN,2022,2,PHI,8.84,0
00-0029664,Josh Gordon,WR,TEN,2022,2,BUF,0.0,0
00-0029701,Ryan Tannehill,QB,TEN,2022,2,BUF,0.88,0
00-0030035,Adam Thielen,WR,MIN,2022,2,PHI,5.2,4
00-0030061,Zach Ertz,TE,ARI,2022,2,LV,7.5,8
00-0030068,Marquise Goodwin,WR,SEA,2022,2,SF,0.0,0
00-0030108,Ryan Griffin,TE,CHI,2022,2,GB,1.8,1
00-0030288,Rex Burkhead,RB,HOU,2022,2,DEN,0.9,2
00-0030431,Robert Woods,WR,TEN,2022,2,BUF,3.9,4
00-0030506,Travis Kelce,TE,KC,2022,2,LAC,5.1,5
00-0030565,Geno Smith,QB,SEA,2022,2,SF,6.08,0
00-0030578,Cordarrelle Patterson,RB,ATL,2022,2,LA,4.1,0
00-0031236,Brandin Cooks,WR,HOU,2022,2,DEN,5.4,4
00-0031260,Logan Thomas,TE,WAS,2022,2,DET,9.7,3
00-0031273,Cameron Brate,TE,TB,2022,2,NO,0.9,1
00-0031280,Derek Carr,QB,LV,2022,2,ARI,18.98,0
00-0031325,Sammy Watkins,WR,GB,2022,2,CHI,9.3,3
00-0031345,Jimmy Garoppolo,QB,SF,2022,2,SEA,16.66,0
00-0031376,Jerick McKinnon,RB,KC,2022,2,LAC,7.6,2
00-0031381,Davante Adams,WR,LV,2022,2,ARI,7.2,2
00-0031382,Jarvis Landry,WR,NO,2022,2,TB,2.5,4
00-0031408,Mike Evans,WR,TB,2022,2,NO,6.1,3
00-0031428,Allen Robinson,WR,LA,2022,2,ATL,11.3,4
00-0031503,Jameis Winston,QB,NO,2022,2,TB,7.64,0
00-0031544,Amari Cooper,WR,CLE,2022,2,NYJ,16.1,9
00-0031547,DeVante Parker,WR,NE,2022,2,PIT,0.0,0
00-0031549,Nelson Agholor,WR,NE,2022,2,PIT,17.0,6
00-0031588,Stefon Diggs,WR,BUF,2022,2,TEN,32.8,12
00-0031610,Darren Waller,TE,LV,2022,2,ARI,11.0,6
00-0031687,Raheem Mostert,RB,MIA,2022,2,BAL,7.9,3
00-0031763,DeAndre Carter,WR,LAC,2022,2,KC,5.5,3
00-0031787,Jake Kumerow,WR,BUF,2022,2,TEN,5.0,2
00-0031941,Jamison Crowder,WR,BUF,2022,2,TEN,1.6,1
00-0032054,Breshad Perriman,WR,TB,2022,2,NO,10.5,3
00-0032063,Mike Davis,RB,BAL,2022,2,MIA,0.4,0
00-0032104,Ameer Abdullah,RB,LV,2022,2,ARI,2.3,1
00-0032144,Melvin Gordon,RB,DEN,2022,2,HOU,5.3,1
00-0032211,Tyler Lockett,WR,SEA,2022,2,SF,10.7,9
00-0032268,Marcus Mariota,QB,ATL,2022,2,LA,13.44,0
00-0032385,Sterling Shepard,WR,NYG,2022,2,CAR,3.4,6
00-0032392,Austin Hooper,TE,TEN,2022,2,BUF,1.9,1
00-0032398,Chris Moore,WR,HOU,2022,2,DEN,1.4,2
00-0032436,Jeff Driskel,QB,HOU,2022,2,DEN,1.0,0
00-0032450,Dwayne Washington,RB,NO,2022,2,TB,1.8,0
00-0032602,J.D. McKissic,RB,WAS,2022,2,DET,6.3,7
00-0032688,Robbie Chosen,WR,CAR,2022,2,NYG,1.2,3
00-0032725,Stephen Anderson,TE,ARI,2022,2,LV,0.2,1
00-0032764,Derrick Henry,RB,TEN,2022,2,BUF,8.5,0
00-0032765,Michael Thomas,WR,NO,2022,2,TB,12.5,6
00-0032775,Demarcus Robinson,WR,BAL,2022,2,MIA,7.2,1
00-0032950,Carson Wentz,QB,WAS,2022,2,DET,27.78,0
00-0033009,Tyler Boyd,WR,CIN,2022,2,DAL,3.7,2
00-0033040,Tyreek Hill,WR,MIA,2022,2,BAL,31.0,11
00-0033045,Ezekiel Elliott,RB,DAL,2022,2,CIN,4.9,1
00-0033090,Hunter Henry,TE,NE,2022,2,PIT,0.0,0
00-0033106,Jared Goff,QB,DET,2022,2,WAS,26.04,0
00-0033110,Tyler Higbee,TE,LA,2022,2,ATL,7.1,7
00-0033118,Kenyan Drake,RB,BAL,2022,2,MIA,0.8,0
00-0033119,Jacoby Brissett,QB,CLE,2022,2,NYJ,15.46,0
00-0033217,Mo Alie-Cox,TE,IND,2022,2,JAX,0.9,1
00-0033246,Johnny Mundt,TE,MIN,2022,2,PHI,2.8,2
00-0033251,Zach Pascal,WR,PHI,2022,2,MIN,1.4,2
00-0033280,Christian McCaffrey,RB,CAR,2022,2,NYG,12.8,4
00-0033282,Curtis Samuel,WR,WAS,2022,2,DET,15.9,7
00-0033293,Aaron Jones,RB,GB,2022,2,CHI,29.0,3
00-0033307,Kendrick Bourne,WR,NE,2022,2,PIT,1.6,2
00-0033308,Matt Breida,RB,NYG,2022,2,CAR,-0.4,0
00-0033357,Taysom Hill,QB,NO,2022,2,TB,1.4,0
00-0033439,Pharaoh Brown,TE,HOU,2022,2,DEN,2.4,3
00-0033466,Isaiah McKenzie,WR,BUF,2022,2,TEN,3.7,2
00-0033526,Samaje Perine,RB,CIN,2022,2,DAL,1.0,1
00-0033536,Mike Williams,WR,LAC,2022,2,KC,17.3,8
00-0033553,James Conner,RB,ARI,2022,2,LV,5.1,2
00-0033555,Mack Hollins,WR,LV,2022,2,ARI,6.6,5
00-0033572,Jamal Agnew,WR,JAX,2022,2,IND,0.1,0
00-0033576,Eric Saubert,TE,DEN,2022,2,HOU,8.2,1
00-0033591,Noah Brown,WR,DAL,2022,2,CIN,15.1,5
00-0033662,Cooper Rush,QB,DAL,2022,2,CIN,13.6,0
00-0033699,Austin Ekeler,RB,LAC,2022,2,KC,9.4,9
00-0033757,Robert Tonyan,TE,GB,2022,2,CHI,1.1,2
00-0033856,Leonard Fournette,RB,TB,2022,2,NO,7.4,2
00-0033857,JuJu Smith-Schuster,WR,KC,2022,2,LAC,1.0,3
00-0033858,Jonnu Smith,TE,NE,2022,2,PIT,0.0,0
00-0033869,Mitchell Trubisky,QB,PIT,2022,2,NE,11.42,0
00-0033871,Corey Davis,WR,NYJ,2022,2,CLE,14.3,2
00-0033873,Patrick Mahomes,QB,KC,2022,2,LAC,17.3,0
00-0033879,O.J. Howard,TE,HOU,2022,2,DEN,0.7,1
00-0033881,Evan Engram,TE,JAX,2022,2,IND,4.6,7
00-0033885,David Njoku,TE,CLE,2022,2,NYJ,3.2,3
00-0033891,Zay Jones,WR,JAX,2022,2,IND,2.3,3
00-0033893,Dalvin Cook,RB,MIN,2022,2,PHI,3.6,4
00-0033895,Gerald Everett,TE,LAC,2022,2,KC,7.1,6
00-0033897,Joe Mixon,RB,CIN,2022,2,DAL,8.3,3
00-0033908,Cooper Kupp,WR,LA,2022,2,ATL,20.8,11
00-0033923,Kareem Hunt,RB,CLE,2022,2,NYJ,7.4,2
00-0033925,D'Onta Foreman,RB,CAR,2022,2,NYG,0.9,0
00-0033943,Josh Reynolds,WR,DET,2022,2,WAS,9.8,3
00-0033948,Jamaal Williams,RB,DET,2022,2,WAS,6.0,1
00-0034011,Dan Arnold,TE,JAX,2022,2,IND,0.8,1
00-0034054,River Cracraft,WR,MIA,2022,2,BAL,6.2,1
00-0034073,Ross Dwelley,TE,SF,2022,2,SEA,9.8,1
00-0034104,Cam Sims,WR,WAS,2022,2,DET,0.0,0
00-0034115,Jeffery Wilson,RB,SF,2022,2,SEA,10.3,2
00-0034159,Will Dissly,TE,SEA,2022,2,SF,0.0,2
00-0034270,Tyler Conklin,TE,NYJ,2022,2,CLE,4.0,6
00-0034272,Marquez Valdes-Scantling,WR,KC,2022,2,LAC,1.3,2
00-0034279,Equanimeous St. Brown,WR,CHI,2022,2,GB,3.9,2
00-0034286,Richie James,WR,NYG,2022,2,CAR,5.1,5
00-0034301,Darrel Williams,RB,ARI,2022,2,LV,12.2,2
00-0034348,Courtland Sutton,WR,DEN,2022,2,HOU,12.7,7
00-0034351,Dallas Goedert,TE,PHI,2022,2,MIN,8.2,5
00-0034365,Ian Thomas,TE,CAR,2022,2,NYG,1.3,1
00-0034367,Nyheim Hines,RB,IND,2022,2,JAX,3.7,4
00-0034383,Dalton Schultz,TE,DAL,2022,2,CIN,-0.2,2
00-0034386,Justin Watson,WR,KC,2022,2,LAC,11.0,2
00-0034407,Ray-Ray McCloud,WR,SF,2022,2,SEA,1.6,1
00-0034411,Russell Gage,WR,TB,2022,2,NO,2.8,5
00-0034414,Boston Scott,RB,PHI,2022,2,MIN,2.1,1
00-0034418,Cedrick Wilson,WR,MIA,2022,2,BAL,0.0,0
00-0034419,Braxton Berrios,WR,NYJ,2022,2,CLE,2.2,0
00-0034487,Trent Sherfield,WR,MIA,2022,2,BAL,0.9,2
00-0034521,Allen Lazard,WR,GB,2022,2,CHI,7.3,2
00-0034613,Tanner Hudson,TE,NYG,2022,2,CAR,2.2,2
00-0034646,Brandon Powell,WR,LA,2022,2,ATL,-2.0,1
00-0034681,Chase Edmonds,RB,MIA,2022,2,BAL,4.1,1
00-0034750,Rashaad Penny,RB,SEA,2022,2,SF,1.5,0
00-0034753,Mark Andrews,TE,BAL,2022,2,MIA,16.7,9
00-0034775,Christian Kirk,WR,JAX,2022,2,IND,19.8,6
00-0034777,D.J. Chark,WR,DET,2022,2,WAS,0.0,0
00-0034791,Nick Chubb,RB,CLE,2022,2,NYJ,29.3,3
00-0034796,Lamar Jackson,QB,BAL,2022,2,MIA,42.62,0
00-0034798,Durham Smythe,TE,MIA,2022,2,BAL,0.5,1
00-0034827,D.J. Moore,WR,CAR,2022,2,NYG,10.3,3
00-0034829,Mike Gesicki,TE,MIA,2022,2,BAL,10.1,4
00-0034830,Hayden Hurst,TE,CIN,2022,2,DAL,2.4,5
00-0034844,Saquon Barkley,RB,NYG,2022,2,CAR,8.8,3
00-0034845,Sony Michel,RB,LAC,2022,2,KC,1.9,1
00-0034854,KhaDarel Hodge,WR,ATL,2022,2,LA,5.7,2
00-0034855,Baker Mayfield,QB,CAR,2022,2,NYG,13.3,0
00-0034857,Josh Allen,QB,BUF,2022,2,TEN,29.68,0
00-0034960,Jakobi Meyers,WR,NE,2022,2,PIT,9.5,9
00-0034970,Irv Smith,TE,MIN,2022,2,PHI,9.6,5
00-0034972,Alexander Mattison,RB,MIN,2022,2,PHI,1.4,3
00-0034975,Justice Hill,RB,BAL,2022,2,MIA,1.6,0
00-0034981,Foster Moreau,TE,LV,2022,2,ARI,3.0,3
00-0034983,Hunter Renfrow,WR,LV,2022,2,ARI,3.9,7
00-0035021,Ashton Dulin,WR,IND,2022,2,JAX,8.2,5
00-0035140,Mecole Hardman,WR,KC,2022,2,LAC,4.5,3
00-0035208,Olamide Zaccheaus,WR,ATL,2022,2,LA,8.1,2
00-0035215,Deonte Harty,WR,NO,2022,2,TB,0.9,1
00-0035216,Diontae Johnson,WR,PIT,2022,2,NE,7.7,6
00-0035228,Kyler Murray,QB,ARI,2022,2,LV,25.88,0
00-0035229,T.J. Hockenson,TE,DET,2022,2,WAS,2.6,3
00-0035243,Miles Sanders,RB,PHI,2022,2,MIN,8.6,3
00-0035250,Devin Singletary,RB,BUF,2022,2,TEN,2.1,2
00-0035261,Tony Pollard,RB,DAL,2022,2,CIN,15.8,4
00-0035298,Scott Miller,WR,TB,2022,2,NO,4.2,3
00-0035359,David Sills,WR,NYG,2022,2,CAR,3.7,3
00-0035406,Lil'Jordan Humphrey,WR,NE,2022,2,PIT,1.1,1
00-0035500,Greg Dortch,WR,ARI,2022,2,LV,11.5,4
00-0035510,Jeff Smith,WR,NYJ,2022,2,CLE,1.7,1
00-0035537,Ty Johnson,RB,NYJ,2022,2,CLE,0.4,1
00-0035547,Joseph Fortson,TE,KC,2022,2,LAC,0.0,0
00-0035567,Craig Reynolds,RB,DET,2022,2,WAS,2.9,1
00-0035572,Parker Hesse,TE,ATL,2022,2,LA,0.5,1
00-0035594,Travis Homer,RB,SEA,2022,2,SF,4.2,4
00-0035631,Drew Sample,TE,CIN,2022,2,DAL,-0.4,1
00-0035639,Parris Campbell,WR,IND,2022,2,JAX,0.0,0
00-0035640,DK Metcalf,WR,SEA,2022,2,SF,3.5,4
00-0035644,Noah Fant,TE,SEA,2022,2,SF,1.1,2
00-0035645,Gunner Olszewski,WR,PIT,2022,2,NE,1.8,0
00-0035657,Damien Harris,RB,NE,2022,2,PIT,14.7,2
00-0035659,Terry McLaurin,WR,WAS,2022,2,DET,8.2,4
00-0035662,Marquise Brown,WR,ARI,2022,2,LV,6.8,6
00-0035664,Darrell Henderson,RB,LA,2022,2,ATL,10.7,0
00-0035676,A.J. Brown,WR,PHI,2022,2,MIN,6.9,5
00-0035685,David Montgomery,RB,CHI,2022,2,GB,13.6,2
00-0035689,Dawson Knox,TE,BUF,2022,2,TEN,4.1,4
00-0035700,Josh Jacobs,RB,LV,2022,2,ARI,8.1,1
00-0035710,Daniel Jones,QB,NYG,2022,2,CAR,13.14,0
00-0035719,Deebo Samuel,WR,SF,2022,2,SEA,9.7,5
00-0035771,Mitchell Wilcox,TE,CIN,2022,2,DAL,0.3,1
00-0035831,James Robinson,RB,JAX,2022,2,IND,13.8,2
00-0035860,Tony Jones,RB,NO,2022,2,TB,2.0,2
00-0035864,Kendall Hinton,WR,DEN,2022,2,HOU,2.0,1
00-0035876,Andre Baccellia,WR,ARI,2022,2,LV,1.2,2
00-0035956,Giovanni Ricci,TE,CAR,2022,2,NYG,1.6,1
00-0036040,Juwan Johnson,TE,NO,2022,2,TB,4.0,4
00-0036182,Nick Westbrook-Ikhine,WR,TEN,2022,2,BUF,1.3,1
00-0036212,Tua Tagovailoa,QB,MIA,2022,2,BAL,38.86,0
00-0036223,Jonathan Taylor,RB,IND,2022,2,JAX,6.3,1
00-0036228,Dezmon Patmon,WR,IND,2022,2,JAX,2.4,2
00-0036232,Harrison Bryant,TE,CLE,2022,2,NYJ,4.5,3
00-0036233,Donovan Peoples-Jones,WR,CLE,2022,2,NYJ,0.0,0
00-0036250,Tyler Davis,TE,GB,2022,2,CHI,0.0,0
00-0036251,Zack Moss,RB,BUF,2022,2,TEN,1.7,0
00-0036259,Jauan Jennings,WR,SF,2022,2,SEA,0.4,1
00-0036261,Brandon Aiyuk,WR,SF,2022,2,SEA,6.3,5
00-0036265,A.J. Dillon,RB,GB,2022,2,CHI,6.7,1
00-0036271,Quez Watkins,WR,PHI,2022,2,MIN,12.9,2
00-0036275,D'Andre Swift,RB,DET,2022,2,WAS,14.7,2
00-0036290,Cole Kmet,TE,CHI,2022,2,GB,0.0,0
00-0036309,Darnell Mooney,WR,CHI,2022,2,GB,-0.4,1
00-0036322,Justin Jefferson,WR,MIN,2022,2,PHI,4.8,6
00-0036326,Chase Claypool,WR,PIT,2022,2,NE,2.6,4
00-0036328,Antonio Gibson,RB,WAS,2022,2,DET,10.1,2
00-0036331,Devin Duvernay,WR,BAL,2022,2,MIA,10.2,2
00-0036345,K.J. Osborn,WR,MIN,2022,2,PHI,2.5,2
00-0036355,Justin Herbert,QB,LAC,2022,2,KC,23.46,0
00-0036358,CeeDee Lamb,WR,DAL,2022,2,CIN,8.1,7
00-0036360,Clyde Edwards-Helaire,RB,KC,2022,2,LAC,11.8,4
00-0036365,Bryan Edwards,WR,ATL,2022,2,LA,0.2,1
00-0036370,Joshua Kelley,RB,LAC,2022,2,KC,2.5,1
00-0036383,Eno Benjamin,RB,ARI,2022,2,LV,5.1,3
00-0036387,Jalen Reagor,WR,MIN,2022,2,PHI,2.4,1
00-0036389,Jalen Hurts,QB,PHI,2022,2,MIN,33.02,0
00-0036407,Jerry Jeudy,WR,DEN,2022,2,HOU,1.2,1
00-0036410,Tee Higgins,WR,CIN,2022,2,DAL,13.1,6
00-0036414,Cam Akers,RB,LA,2022,2,ATL,6.2,2
00-0036423,Albert Okwuegbunam,TE,DEN,2022,2,HOU,0.0,0
00-0036425,DeeJay Dallas,RB,SEA,2022,2,SF,-2.0,0
00-0036438,Stephen Sullivan,TE,CAR,2022,2,NYG,1.3,1
00-0036439,Tyrie Cleveland,WR,DEN,2022,2,HOU,2.8,2
00-0036442,Joe Burrow,QB,CIN,2022,2,DAL,16.56,0
00-0036482,Mike Strachan,WR,IND,2022,2,JAX,2.3,1
00-0036493,Deon Jackson,RB,IND,2022,2,JAX,-0.3,0
00-0036550,Rashod Bateman,WR,BAL,2022,2,MIA,16.8,4
00-0036554,Nico Collins,WR,HOU,2022,2,DEN,5.8,4
00-0036556,Brevin Jordan,TE,HOU,2022,2,DEN,0.3,2
00-0036569,Gary Brightwell,RB,NYG,2022,2,CAR,1.4,0
00-0036572,Shi Smith,WR,CAR,2022,2,NYG,0.2,1
00-0036590,Quintin Morris,TE,BUF,2022,2,TEN,0.6,1
00-0036613,Jaylen Waddle,WR,MIA,2022,2,BAL,29.1,11
00-0036620,D'Wayne Eskridge,WR,SEA,2022,2,SF,0.6,1
00-0036628,John Bates,TE,WAS,2022,2,DET,1.5,2
00-0036630,Tylan Wallace,WR,BAL,2022,2,MIA,0.9,1
00-0036637,Noah Gray,TE,KC,2022,2,LAC,1.2,2
00-0036654,Demetric Felton,RB,CLE,2022,2,NYJ,-0.1,1
00-0036671,Dax Milne,WR,WAS,2022,2,DET,0.6,1
00-0036754,Brock Wright,TE,DET,2022,2,WAS,2.5,1
00-0036829,Caleb Huntley,RB,ATL,2022,2,LA,0.3,0
00-0036862,Ben Skowronek,WR,LA,2022,2,ATL,1.6,2
00-0036875,Rhamondre Stevenson,RB,NE,2022,2,PIT,5.1,1
00-0036876,Kylen Granson,TE,IND,2022,2,JAX,1.4,2
00-0036893,Najee Harris,RB,PIT,2022,2,NE,8.9,5
00-0036894,Pat Freiermuth,TE,PIT,2022,2,NE,8.2,4
00-0036898,Davis Mills,QB,HOU,2022,2,DEN,7.18,0
00-0036900,Ja'Marr Chase,WR,CIN,2022,2,DAL,5.8,5
00-0036906,Khalil Herbert,RB,CHI,2022,2,GB,4.1,1
00-0036912,DeVonta Smith,WR,PHI,2022,2,MIN,8.0,7
00-0036913,Kadarius Toney,WR,NYG,2022,2,CAR,0.0,2
00-0036919,Kenneth Gainwell,RB,PHI,2022,2,MIN,1.8,1
00-0036924,Michael Carter,RB,NYJ,2022,2,CLE,5.0,5
00-0036945,Justin Fields,QB,CHI,2022,2,GB,8.8,0
00-0036950,Avery Williams,RB,ATL,2022,2,LA,0.6,1
00-0036963,Amon-Ra St. Brown,WR,DET,2022,2,WAS,30.4,9
00-0036970,Kyle Pitts,TE,ATL,2022,2,LA,1.9,2
00-0036971,Trevor Lawrence,QB,JAX,2022,2,IND,18.5,0
00-0036972,Mac Jones,QB,NE,2022,2,PIT,12.68,0
00-0036973,Travis Etienne,RB,JAX,2022,2,IND,5.3,3
00-0036980,Elijah Moore,WR,NYJ,2022,2,CLE,3.5,3
00-0036988,Josh Palmer,WR,LAC,2022,2,KC,9.0,4
00-0036997,Javonte Williams,RB,DEN,2022,2,HOU,8.5,1
00-0037012,Trey Lance,QB,SF,2022,2,SEA,2.5,0
00-0037197,Isiah Pacheco,RB,KC,2022,2,LAC,0.6,0
00-0037228,Jaylen Warren,RB,PIT,2022,2,NE,1.5,1
00-0037238,Drake London,WR,ATL,2022,2,LA,16.6,8
00-0037239,Chris Olave,WR,NO,2022,2,TB,6.0,5
00-0037247,George Pickens,WR,PIT,2022,2,NE,2.3,1
00-0037248,James Cook,RB,BUF,2022,2,TEN,5.3,0
00-0037256,Rachaad White,RB,TB,2022,2,NO,0.1,0
00-0037257,David Bell,WR,CLE,2022,2,NYJ,0.6,1
00-0037258,Dameon Pierce,RB,HOU,2022,2,DEN,7.7,1
00-0037261,Khalil Shakir,WR,BUF,2022,2,TEN,0.0,0
00-0037263,Tyler Allgeier,RB,ATL,2022,2,LA,3.0,0
00-0037272,Montrell Washington,WR,DEN,2022,2,HOU,1.9,0
00-0037273,Kyle Philips,WR,TEN,2022,2,BUF,0.5,1
00-0037331,Zander Horvath,RB,LAC,2022,2,KC,6.1,1
00-0037570,Dennis Houston,WR,DAL,2022,2,CIN,0.0,0
00-0037617,Hassan Haskins,RB,TEN,2022,2,BUF,3.7,1
00-0037740,Garrett Wilson,WR,NYJ,2022,2,CLE,22.0,8
00-0037741,Jahan Dotson,WR,WAS,2022,2,DET,13.9,4
00-0037742,Treylon Burks,WR,TEN,2022,2,BUF,4.7,4
00-0037801,Kavontae Turpin,WR,DAL,2022,2,CIN,0.3,0
00-0037805,Jeremy Ruckert,TE,NYJ,2022,2,CLE,0.0,0
00-0037816,Romeo Doubs,WR,GB,2022,2,CHI,2.7,2
00-0037827,Tyrion Davis-Price,RB,SF,2022,2,SEA,3.3,0
00-0037828,Danny Gray,WR,SF,2022,2,SEA,0.0,0
00-0037838,Isaiah Likely,TE,BAL,2022,2,MIA,4.3,4
00-0038040,Zamir White,RB,LV,2022,2,ARI,0.2,0
00-0038115,Daniel Bellinger,TE,NYG,2022,2,CAR,7.6,1
00-0038120,Breece Hall,RB,NYJ,2022,2,CLE,12.0,1
00-0038124,Christian Watson,WR,GB,2022,2,CHI,0.9,3
00-0038128,Malik Willis,QB,TEN,2022,2,BUF,-0.16,0
00-0038129,Cade Otton,TE,TB,2022,2,NO,0.4,1
00-0038134,Kenneth Walker,RB,SEA,2022,2,SF,1.5,2
00-0019596,Tom Brady,QB,TB,2022,3,GB,14.74,0
00-0023459,Aaron Rodgers,QB,GB,2022,3,TB,16.1,0
00-0026143,Matt Ryan,QB,IND,2022,3,KC,15.28,0
00-0026158,Joe Flacco,QB,NYJ,2022,3,CIN,3.4,0
00-0026498,Matthew Stafford,QB,LA,2022,3,ARI,10.16,0
00-0027942,A.J. Green,WR,ARI,2022,3,LA,0.0,0
00-0027966,Mark Ingram,RB,NO,2022,3,CAR,7.8,0
00-0027981,Kyle Rudolph,TE,TB,2022,3,GB,1.2,1
00-0028002,Randall Cobb,WR,GB,2022,3,TB,5.7,2
00-0029000,Cole Beasley,WR,TB,2022,3,GB,1.2,3
00-0029239,Brandon Bolden,RB,LV,2022,3,TEN,2.1,2
00-0029263,Russell Wilson,QB,DEN,2022,3,SF,9.06,0
00-0029293,Marvin Jones,WR,JAX,2022,3,LAC,9.3,4
00-0029604,Kirk Cousins,QB,MIN,2022,3,DET,18.3,0
00-0029701,Ryan Tannehill,QB,TEN,2022,3,LV,18.76,0
00-0030035,Adam Thielen,WR,MIN,2022,3,DET,12.1,6
00-0030061,Zach Ertz,TE,ARI,2022,3,LA,4.5,6
00-0030068,Marquise Goodwin,WR,SEA,2022,3,ATL,3.1,2
00-0030288,Rex Burkhead,RB,HOU,2022,3,CHI,3.0,4
00-0030431,Robert Woods,WR,TEN,2022,3,LV,8.5,4
00-0030506,Travis Kelce,TE,KC,2022,3,IND,13.9,4
00-0030565,Geno Smith,QB,SEA,2022,3,ATL,18.9,0
00-0030578,Cordarrelle Patterson,RB,ATL,2022,3,SEA,21.3,1
00-0031236,Brandin Cooks,WR,HOU,2022,3,CHI,2.2,2
00-0031237,Teddy Bridgewater,QB,MIA,2022,3,BUF,0.0,0
00-0031260,Logan Thomas,TE,WAS,2022,3,PHI,0.5,2
00-0031273,Cameron Brate,TE,TB,2022,3,GB,5.2,5
00-0031280,Derek Carr,QB,LV,2022,3,TEN,19.82,0
00-0031345,Jimmy Garoppolo,QB,SF,2022,3,DEN,8.44,0
00-0031376,Jerick McKinnon,RB,KC,2022,3,IND,2.0,0
00-0031381,Davante Adams,WR,LV,2022,3,TEN,9.2,5
00-0031382,Jarvis Landry,WR,NO,2022,3,CAR,2.2,2
00-0031428,Allen Robinson,WR,LA,2022,3,ARI,2.3,2
00-0031503,Jameis Winston,QB,NO,2022,3,CAR,14.62,0
00-0031544,Amari Cooper,WR,CLE,2022,3,PIT,16.1,7
00-0031547,DeVante Parker,WR,NE,2022,3,BAL,15.6,5
00-0031549,Nelson Agholor,WR,NE,2022,3,BAL,2.1,2
00-0031588,Stefon Diggs,WR,BUF,2022,3,MIA,7.4,7
00-0031610,Darren Waller,TE,LV,2022,3,TEN,2.2,3
00-0031687,Raheem Mostert,RB,MIA,2022,3,BUF,1.1,0
00-0031763,DeAndre Carter,WR,LAC,2022,3,JAX,2.6,3
00-0031787,Jake Kumerow,WR,BUF,2022,3,MIA,1.4,2
00-0031941,Jamison Crowder,WR,BUF,2022,3,MIA,0.9,1
00-0032054,Breshad Perriman,WR,TB,2022,3,GB,2.4,3
00-0032134,C.J. Uzomah,TE,NYJ,2022,3,CIN,0.5,1
00-0032141,Geoff Swaim,TE,TEN,2022,3,LV,7.9,3
00-0032144,Melvin Gordon,RB,DEN,2022,3,SF,11.5,5
00-0032208,Phillip Dorsett,WR,HOU,2022,3,CHI,1.5,1
00-0032211,Tyler Lockett,WR,SEA,2022,3,ATL,7.6,9
00-0032268,Marcus Mariota,QB,ATL,2022,3,SEA,15.56,0
00-0032385,Sterling Shepard,WR,NYG,2022,3,DAL,4.9,5
00-0032392,Austin Hooper,TE,TEN,2022,3,LV,1.9,2
00-0032394,Nick Vannett,TE,NO,2022,3,CAR,0.5,1
00-0032398,Chris Moore,WR,HOU,2022,3,CHI,6.3,3
00-0032464,Kalif Raymond,WR,DET,2022,3,MIN,0.4,1
00-0032602,J.D. McKissic,RB,WAS,2022,3,PHI,4.0,6
00-0032688,Robbie Chosen,WR,CAR,2022,3,NO,1.4,1
00-0032764,Derrick Henry,RB,TEN,2022,3,LV,20.3,5
00-0032765,Michael Thomas,WR,NO,2022,3,CAR,4.9,5
00-0032775,Demarcus Robinson,WR,BAL,2022,3,NE,0.0,0
00-0032950,Carson Wentz,QB,WAS,2022,3,PHI,8.64,0
00-0032975,Jonathan Williams,RB,WAS,2022,3,PHI,0.6,0
00-0033009,Tyler Boyd,WR,CIN,2022,3,NYJ,16.5,4
00-0033040,Tyreek Hill,WR,MIA,2022,3,BUF,3.3,2
00-0033045,Ezekiel Elliott,RB,DAL,2022,3,NYG,13.5,1
00-0033090,Hunter Henry,TE,NE,2022,3,BAL,0.8,1
00-0033106,Jared Goff,QB,DET,2022,3,MIN,13.88,0
00-0033110,Tyler Higbee,TE,LA,2022,3,ARI,6.1,4
00-0033119,Jacoby Brissett,QB,CLE,2022,3,PIT,17.9,0
00-0033217,Mo Alie-Cox,TE,IND,2022,3,KC,0.9,1
00-0033246,Johnny Mundt,TE,MIN,2022,3,DET,2.3,2
00-0033251,Zach Pascal,WR,PHI,2022,3,WAS,1.8,3
00-0033280,Christian McCaffrey,RB,CAR,2022,3,NO,11.5,2
00-0033282,Curtis Samuel,WR,WAS,2022,3,PHI,6.1,7
00-0033288,George Kittle,TE,SF,2022,3,DEN,2.8,4
00-0033293,Aaron Jones,RB,GB,2022,3,TB,2.7,3
00-0033307,Kendrick Bourne,WR,NE,2022,3,BAL,5.8,4
00-0033308,Matt Breida,RB,NYG,2022,3,DAL,0.3,0
00-0033439,Pharaoh Brown,TE,HOU,2022,3,CHI,3.1,3
00-0033455,Anthony Firkser,TE,ATL,2022,3,SEA,2.2,1
00-0033466,Isaiah McKenzie,WR,BUF,2022,3,MIA,14.2,7
00-0033526,Samaje Perine,RB,CIN,2022,3,NYJ,12.1,2
00-0033536,Mike Williams,WR,LAC,2022,3,JAX,7.5,1
00-0033553,James Conner,RB,ARI,2022,3,LA,5.7,3
00-0033555,Mack Hollins,WR,LV,2022,3,TEN,21.96,8
00-0033572,Jamal Agnew,WR,JAX,2022,3,LAC,1.7,1
00-0033576,Eric Saubert,TE,DEN,2022,3,SF,0.0,0
00-0033591,Noah Brown,WR,DAL,2022,3,NYG,5.4,5
00-0033662,Cooper Rush,QB,DAL,2022,3,NYG,12.4,0
00-0033681,Keelan Cole,WR,LV,2022,3,TEN,1.2,1
00-0033699,Austin Ekeler,RB,LAC,2022,3,JAX,5.3,8
00-0033757,Robert Tonyan,TE,GB,2022,3,TB,3.7,6
00-0033856,Leonard Fournette,RB,TB,2022,3,GB,7.0,5
00-0033857,JuJu Smith-Schuster,WR,KC,2022,3,IND,8.9,5
00-0033858,Jonnu Smith,TE,NE,2022,3,BAL,2.5,4
00-0033869,Mitchell Trubisky,QB,PIT,2022,3,CLE,14.98,0
00-0033871,Corey Davis,WR,NYJ,2022,3,CIN,2.7,2
00-0033873,Patrick Mahomes,QB,KC,2022,3,IND,17.08,0
00-0033879,O.J. Howard,TE,HOU,2022,3,CHI,0.0,0
00-0033881,Evan Engram,TE,JAX,2022,3,LAC,2.9,1
00-0033885,David Njoku,TE,CLE,2022,3,PIT,14.9,9
00-0033891,Zay Jones,WR,JAX,2022,3,LAC,14.5,10
00-0033893,Dalvin Cook,RB,MIN,2022,3,DET,13.6,0
00-0033895,Gerald Everett,TE,LAC,2022,3,JAX,2.5,2
00-0033897,Joe Mixon,RB,CIN,2022,3,NYJ,3.8,3
00-0033906,Alvin Kamara,RB,NO,2022,3,CAR,5.3,2
00-0033908,Cooper Kupp,WR,LA,2022,3,ARI,12.4,4
00-0033923,Kareem Hunt,RB,CLE,2022,3,PIT,6.1,3
00-0033932,Kenny Golladay,WR,NYG,2022,3,DAL,0.0,0
00-0033936,C.J. Beathard,QB,JAX,2022,3,LAC,-0.1,0
00-0033943,Josh Reynolds,WR,DET,2022,3,MIN,9.6,6
00-0033948,Jamaal Williams,RB,DET,2022,3,MIN,22.7,2
00-0034054,River Cracraft,WR,MIA,2022,3,BUF,7.1,1
00-0034115,Jeffery Wilson,RB,SF,2022,3,DEN,8.6,3
00-0034159,Will Dissly,TE,SEA,2022,3,ATL,9.4,3
00-0034208,Mike Boone,RB,DEN,2022,3,SF,0.0,0
00-0034253,Dontrell Hilliard,RB,TEN,2022,3,LV,4.4,1
00-0034270,Tyler Conklin,TE,NYJ,2022,3,CIN,8.4,8
00-0034272,Marquez Valdes-Scantling,WR,KC,2022,3,IND,4.8,4
00-0034279,Equanimeous St. Brown,WR,CHI,2022,3,HOU,6.3,1
00-0034286,Richie James,WR,NYG,2022,3,DAL,4.0,4
00-0034297,Byron Pringle,WR,CHI,2022,3,HOU,1.1,1
00-0034301,Darrel Williams,RB,ARI,2022,3,LA,0.7,0
00-0034348,Courtland Sutton,WR,DEN,2022,3,SF,9.7,8
00-0034351,Dallas Goedert,TE,PHI,2022,3,WAS,8.6,3
00-0034364,Jordan Akins,TE,HOU,2022,3,CHI,9.1,3
00-0034365,Ian Thomas,TE,CAR,2022,3,NO,1.3,2
00-0034367,Nyheim Hines,RB,IND,2022,3,KC,3.0,5
00-0034386,Justin Watson,WR,KC,2022,3,IND,0.0,0
00-0034407,Ray-Ray McCloud,WR,SF,2022,3,DEN,1.1,1
00-0034411,Russell Gage,WR,TB,2022,3,GB,12.7,12
00-0034414,Boston Scott,RB,PHI,2022,3,WAS,0.0,0
00-0034419,Braxton Berrios,WR,NYJ,2022,3,CIN,-0.2,0
00-0034487,Trent Sherfield,WR,MIA,2022,3,BUF,0.5,1
00-0034521,Allen Lazard,WR,GB,2022,3,TB,10.5,4
00-0034646,Brandon Powell,WR,LA,2022,3,ARI,2.7,3
00-0034681,Chase Edmonds,RB,MIA,2022,3,BUF,14.7,1
00-0034750,Rashaad Penny,RB,SEA,2022,3,ATL,6.9,1
00-0034753,Mark Andrews,TE,BAL,2022,3,NE,20.9,8
00-0034765,Tre'Quan Smith,WR,NO,2022,3,CAR,10.5,4
00-0034775,Christian Kirk,WR,JAX,2022,3,LAC,13.2,6
00-0034777,D.J. Chark,WR,DET,2022,3,MIN,4.6,3
00-0034791,Nick Chubb,RB,CLE,2022,3,PIT,17.3,0
00-0034796,Lamar Jackson,QB,BAL,2022,3,NE,39.42,0
00-0034798,Durham Smythe,TE,MIA,2022,3,BUF,2.3,3
00-0034827,D.J. Moore,WR,CAR,2022,3,NO,1.5,1
00-0034829,Mike Gesicki,TE,MIA,2022,3,BUF,0.6,1
00-0034830,Hayden Hurst,TE,CIN,2022,3,NYJ,0.7,1
00-0034844,Saquon Barkley,RB,NYG,2022,3,DAL,18.6,4
00-0034845,Sony Michel,RB,LAC,2022,3,JAX,3.1,1
00-0034855,Baker Mayfield,QB,CAR,2022,3,NO,10.7,0
00-0034857,Josh Allen,QB,BUF,2022,3,MIA,26.7,0
00-0034970,Irv Smith,TE,MIN,2022,3,DET,3.2,2
00-0034972,Alexander Mattison,RB,MIN,2022,3,DET,10.4,1
00-0034975,Justice Hill,RB,BAL,2022,3,NE,6.0,0
00-0034981,Foster Moreau,TE,LV,2022,3,TEN,4.4,3
00-0035021,Ashton Dulin,WR,IND,2022,3,KC,0.7,1
00-0035022,Penny Hart,WR,SEA,2022,3,ATL,1.5,1
00-0035140,Mecole Hardman,WR,KC,2022,3,IND,0.2,1
00-0035208,Olamide Zaccheaus,WR,ATL,2022,3,SEA,4.9,2
00-0035216,Diontae Johnson,WR,PIT,2022,3,CLE,8.4,8
00-0035228,Kyler Murray,QB,ARI,2022,3,LA,13.36,0
00-0035229,T.J. Hockenson,TE,DET,2022,3,MIN,7.8,3
00-0035243,Miles Sanders,RB,PHI,2022,3,WAS,4.4,1
00-0035249,Josh Oliver,TE,BAL,2022,3,NE,6.8,2
00-0035250,Devin Singletary,RB,BUF,2022,3,MIA,15.1,9
00-0035261,Tony Pollard,RB,DAL,2022,3,NYG,10.5,0
00-0035298,Scott Miller,WR,TB,2022,3,GB,0.4,1
00-0035345,Chris Myarick,TE,NYG,2022,3,DAL,0.6,1
00-0035359,David Sills,WR,NYG,2022,3,DAL,2.0,2
00-0035406,Lil'Jordan Humphrey,WR,NE,2022,3,BAL,0.0,0
00-0035414,Jalen Guyton,WR,LAC,2022,3,JAX,6.4,2
00-0035500,Greg Dortch,WR,ARI,2022,3,LA,8.0,9
00-0035527,Andy Isabella,WR,ARI,2022,3,LA,1.1,1
00-0035567,Craig Reynolds,RB,DET,2022,3,MIN,1.8,1
00-0035593,Juwann Winfree,WR,GB,2022,3,TB,0.0,0
00-0035594,Travis Homer,RB,SEA,2022,3,ATL,0.7,0
00-0035603,Kendall Blanton,TE,LA,2022,3,ARI,2.8,1
00-0035639,Parris Campbell,WR,IND,2022,3,KC,1.0,2
00-0035640,DK Metcalf,WR,SEA,2022,3,ATL,12.4,5
00-0035644,Noah Fant,TE,SEA,2022,3,ATL,2.7,4
00-0035657,Damien Harris,RB,NE,2022,3,BAL,10.6,2
00-0035659,Terry McLaurin,WR,WAS,2022,3,PHI,10.2,6
00-0035662,Marquise Brown,WR,ARI,2022,3,LA,14.0,14
00-0035664,Darrell Henderson,RB,LA,2022,3,ARI,1.7,0
00-0035676,A.J. Brown,WR,PHI,2022,3,WAS,14.5,5
00-0035685,David Montgomery,RB,CHI,2022,3,HOU,1.1,0
00-0035689,Dawson Knox,TE,BUF,2022,3,MIA,2.5,4
00-0035700,Josh Jacobs,RB,LV,2022,3,TEN,9.7,5
00-0035710,Daniel Jones,QB,NYG,2022,3,DAL,13.74,0
00-0035719,Deebo Samuel,WR,SF,2022,3,DEN,7.9,5
00-0035771,Mitchell Wilcox,TE,CIN,2022,3,NYJ,0.9,1
00-0035806,Jamycal Hasty,RB,JAX,2022,3,LAC,0.0,0
00-0035823,Ben Ellefson,TE,MIN,2022,3,DET,2.4,2
00-0035831,James Robinson,RB,JAX,2022,3,LAC,17.6,3
00-0035864,Kendall Hinton,WR,DEN,2022,3,SF,2.7,1
00-0035876,Andre Baccellia,WR,ARI,2022,3,LA,1.3,2
00-0035956,Giovanni Ricci,TE,CAR,2022,3,NO,1.5,1
00-0036040,Juwan Johnson,TE,NO,2022,3,CAR,0.0,0
00-0036158,J.K. Dobbins,RB,BAL,2022,3,NE,4.0,2
00-0036182,Nick Westbrook-Ikhine,WR,TEN,2022,3,LV,4.0,3
00-0036196,Gabe Davis,WR,BUF,2022,3,MIA,3.7,3
00-0036212,Tua Tagovailoa,QB,MIA,2022,3,BUF,11.44,0
00-0036219,Marquez Callaway,WR,NO,2022,3,CAR,6.4,1
00-0036223,Jonathan Taylor,RB,IND,2022,3,KC,9.1,3
00-0036233,Donovan Peoples-Jones,WR,CLE,2022,3,PIT,1.0,1
00-0036244,Colby Parkinson,TE,SEA,2022,3,ATL,4.4,2
00-0036250,Tyler Davis,TE,GB,2022,3,TB,2.6,2
00-0036251,Zack Moss,RB,BUF,2022,3,MIA,5.2,1
00-0036252,Michael Pittman,WR,IND,2022,3,KC,7.2,8
00-0036259,Jauan Jennings,WR,SF,2022,3,DEN,0.5,1
00-0036261,Brandon Aiyuk,WR,SF,2022,3,DEN,9.9,3
00-0036265,A.J. Dillon,RB,GB,2022,3,TB,3.8,2
00-0036268,Laviska Shenault,WR,CAR,2022,3,NO,15.0,2
00-0036271,Quez Watkins,WR,PHI,2022,3,WAS,0.0,0
00-0036275,D'Andre Swift,RB,DET,2022,3,MIN,4.6,3
00-0036290,Cole Kmet,TE,CHI,2022,3,HOU,4.0,2
00-0036309,Darnell Mooney,WR,CHI,2022,3,HOU,2.3,2
00-0036322,Justin Jefferson,WR,MIN,2022,3,DET,1.4,3
00-0036326,Chase Claypool,WR,PIT,2022,3,CLE,4.6,3
00-0036328,Antonio Gibson,RB,WAS,2022,3,PHI,10.0,1
00-0036331,Devin Duvernay,WR,BAL,2022,3,NE,8.3,2
00-0036345,K.J. Osborn,WR,MIN,2022,3,DET,13.3,5
00-0036355,Justin Herbert,QB,LAC,2022,3,JAX,12.58,0
00-0036358,CeeDee Lamb,WR,DAL,2022,3,NYG,14.7,8
00-0036360,Clyde Edwards-Helaire,RB,KC,2022,3,IND,9.9,5
00-0036370,Joshua Kelley,RB,LAC,2022,3,JAX,0.3,2
00-0036383,Eno Benjamin,RB,ARI,2022,3,LA,2.3,2
00-0036387,Jalen Reagor,WR,MIN,2022,3,DET,0.2,1
00-0036389,Jalen Hurts,QB,PHI,2022,3,WAS,27.6,0
00-0036407,Jerry Jeudy,WR,DEN,2022,3,SF,1.7,2
00-0036410,Tee Higgins,WR,CIN,2022,3,NYJ,9.3,5
00-0036414,Cam Akers,RB,LA,2022,3,ARI,10.1,0
00-0036422,Adam Trautman,TE,NO,2022,3,CAR,0.9,1
00-0036423,Albert Okwuegbunam,TE,DEN,2022,3,SF,1.2,1
00-0036425,DeeJay Dallas,RB,SEA,2022,3,ATL,3.8,2
00-0036442,Joe Burrow,QB,CIN,2022,3,NYJ,23.0,0
00-0036550,Rashod Bateman,WR,BAL,2022,3,NE,3.9,2
00-0036554,Nico Collins,WR,HOU,2022,3,CHI,4.1,2
00-0036555,Chuba Hubbard,RB,CAR,2022,3,NO,2.5,0
00-0036572,Shi Smith,WR,CAR,2022,3,NO,2.2,2
00-0036590,Quintin Morris,TE,BUF,2022,3,MIA,2.2,2
00-0036613,Jaylen Waddle,WR,MIA,2022,3,BUF,11.1,4
00-0036628,John Bates,TE,WAS,2022,3,PHI,0.0,0
00-0036637,Noah Gray,TE,KC,2022,3,IND,2.6,1
00-0036646,Simi Fehoko,WR,DAL,2022,3,NYG,1.2,1
00-0036671,Dax Milne,WR,WAS,2022,3,PHI,1.2,1
00-0036692,Miller Forristall,TE,CLE,2022,3,PIT,0.0,0
00-0036741,Jack Stoll,TE,PHI,2022,3,WAS,0.4,1
00-0036849,Tutu Atwell,WR,LA,2022,3,ARI,0.0,0
00-0036857,Chris Evans,RB,CIN,2022,3,NYJ,0.4,1
00-0036862,Ben Skowronek,WR,LA,2022,3,ARI,6.6,4
00-0036875,Rhamondre Stevenson,RB,NE,2022,3,BAL,16.1,4
00-0036876,Kylen Granson,TE,IND,2022,3,KC,0.7,2
00-0036877,Jaelon Darden,WR,TB,2022,3,GB,2.5,1
00-0036893,Najee Harris,RB,PIT,2022,3,CLE,10.1,3
00-0036894,Pat Freiermuth,TE,PIT,2022,3,CLE,4.1,2
00-0036898,Davis Mills,QB,HOU,2022,3,CHI,9.8,0
00-0036900,Ja'Marr Chase,WR,CIN,2022,3,NYJ,6.7,6
00-0036906,Khalil Herbert,RB,CHI,2022,3,HOU,28.9,2
00-0036912,DeVonta Smith,WR,PHI,2022,3,WAS,22.9,8
00-0036919,Kenneth Gainwell,RB,PHI,2022,3,WAS,0.6,0
00-0036924,Michael Carter,RB,NYJ,2022,3,CIN,4.6,1
00-0036945,Justin Fields,QB,CHI,2022,3,HOU,4.94,0
00-0036950,Avery Williams,RB,ATL,2022,3,SEA,0.9,0
00-0036963,Amon-Ra St. Brown,WR,DET,2022,3,MIN,7.3,6
00-0036970,Kyle Pitts,TE,ATL,2022,3,SEA,8.7,5
00-0036971,Trevor Lawrence,QB,JAX,2022,3,LAC,25.18,0
00-0036972,Mac Jones,QB,NE,2022,3,BAL,15.94,0
00-0036973,Travis Etienne,RB,JAX,2022,3,LAC,7.5,3
00-0036980,Elijah Moore,WR,NYJ,2022,3,CIN,4.9,4
00-0036988,Josh Palmer,WR,LAC,2022,3,JAX,9.9,6
00-0036997,Javonte Williams,RB,DEN,2022,3,SF,6.0,3
00-0037005,Tommy Tremble,TE,CAR,2022,3,NO,0.7,1
00-0037086,Grant Calcaterra,TE,PHI,2022,3,WAS,4.0,1
00-0037087,Trestan Ebner,RB,CHI,2022,3,HOU,2.3,0
00-0037112,Jake Tonges,TE,CHI,2022,3,HOU,0.0,0
00-0037197,Isiah Pacheco,RB,KC,2022,3,IND,0.9,0
00-0037228,Jaylen Warren,RB,PIT,2022,3,CLE,3.3,1
00-0037238,Drake London,WR,ATL,2022,3,SEA,11.4,3
00-0037239,Chris Olave,WR,NO,2022,3,CAR,14.7,9
00-0037247,George Pickens,WR,PIT,2022,3,CLE,3.9,3
00-0037248,James Cook,RB,BUF,2022,3,MIA,4.0,4
00-0037257,David Bell,WR,CLE,2022,3,PIT,0.6,1
00-0037258,Dameon Pierce,RB,HOU,2022,3,CHI,16.1,2
00-0037263,Tyler Allgeier,RB,ATL,2022,3,SEA,3.0,1
00-0037331,Zander Horvath,RB,LAC,2022,3,JAX,0.0,0
00-0037525,Jordan Mason,RB,SF,2022,3,DEN,0.7,0
00-0037569,Peyton Hendershot,TE,DAL,2022,3,NYG,4.3,3
00-0037664,Alec Pierce,WR,IND,2022,3,KC,6.1,3
00-0037666,Jalen Tolbert,WR,DAL,2022,3,NYG,0.4,1
00-0037740,Garrett Wilson,WR,NYJ,2022,3,CIN,6.0,6
00-0037741,Jahan Dotson,WR,WAS,2022,3,PHI,1.0,2
00-0037742,Treylon Burks,WR,TEN,2022,3,LV,2.1,1
00-0037755,Jelani Woods,TE,IND,2022,3,KC,13.3,2
00-0037816,Romeo Doubs,WR,GB,2022,3,TB,13.3,8
00-0037838,Isaiah Likely,TE,BAL,2022,3,NE,0.8,1
00-0038041,Jake Ferguson,TE,DAL,2022,3,NYG,1.3,2
00-0038115,Daniel Bellinger,TE,NYG,2022,3,DAL,4.0,4
00-0038120,Breece Hall,RB,NYJ,2022,3,CIN,9.2,6
00-0038134,Kenneth Walker,RB,SEA,2022,3,ATL,3.3,3
00-0019596,Tom Brady,QB,TB,2022,4,KC,25.4,0
00-0023459,Aaron Rodgers,QB,GB,2022,4,NE,16.14,0
00-0026143,Matt Ryan,QB,IND,2022,4,TEN,17.84,0
00-0026498,Matthew Stafford,QB,LA,2022,4,SF,6.76,0
00-0026625,Brian Hoyer,QB,NE,2022,4,GB,1.48,0
00-0027944,Julio Jones,WR,TB,2022,4,KC,0.7,1
00-0027966,Mark Ingram,RB,NO,2022,4,MIN,4.3,3
00-0027973,Andy Dalton,QB,NO,2022,4,MIN,13.74,0
00-0028002,Randall Cobb,WR,GB,2022,4,NE,4.2,3
00-0028118,Tyrod Taylor,QB,NYG,2022,4,CHI,1.44,0
00-0029000,Cole Beasley,WR,TB,2022,4,KC,0.5,1
00-0029239,Brandon Bolden,RB,LV,2022,4,DEN,-0.1,1
00-0029263,Russell Wilson,QB,DEN,2022,4,LV,26.48,1
00-0029293,Marvin Jones,WR,JAX,2022,4,PHI,0.0,0
00-0029604,Kirk Cousins,QB,MIN,2022,4,NO,12.92,0
00-0029701,Ryan Tannehill,QB,TEN,2022,4,IND,14.38,0
00-0030035,Adam Thielen,WR,MIN,2022,4,NO,7.2,8
00-0030061,Zach Ertz,TE,ARI,2022,4,CAR,10.7,6
00-0030288,Rex Burkhead,RB,HOU,2022,4,LAC,9.9,5
00-0030431,Robert Woods,WR,TEN,2022,4,IND,9.0,4
00-0030506,Travis Kelce,TE,KC,2022,4,TB,15.2,9
00-0030513,Latavius Murray,RB,NO,2022,4,MIN,12.5,1
00-0030565,Geno Smith,QB,SEA,2022,4,DET,31.7,0
00-0030578,Cordarrelle Patterson,RB,ATL,2022,4,CLE,9.8,0
00-0031236,Brandin Cooks,WR,HOU,2022,4,LAC,11.7,7
00-0031237,Teddy Bridgewater,QB,MIA,2022,4,CIN,10.82,0
00-0031260,Logan Thomas,TE,WAS,2022,4,DAL,1.9,5
00-0031273,Cameron Brate,TE,TB,2022,4,KC,3.2,4
00-0031280,Derek Carr,QB,LV,2022,4,DEN,11.52,0
00-0031345,Jimmy Garoppolo,QB,SF,2022,4,LA,13.86,0
00-0031376,Jerick McKinnon,RB,KC,2022,4,TB,0.0,1
00-0031381,Davante Adams,WR,LV,2022,4,DEN,10.5,9
00-0031382,Jarvis Landry,WR,NO,2022,4,MIN,2.7,2
00-0031408,Mike Evans,WR,TB,2022,4,KC,22.3,8
00-0031428,Allen Robinson,WR,LA,2022,4,SF,0.7,2
00-0031484,Chris Manhertz,TE,JAX,2022,4,PHI,0.0,1
00-0031544,Amari Cooper,WR,CLE,2022,4,ATL,0.9,1
00-0031547,DeVante Parker,WR,NE,2022,4,GB,8.4,2
00-0031549,Nelson Agholor,WR,NE,2022,4,GB,4.6,3
00-0031588,Stefon Diggs,WR,BUF,2022,4,BAL,6.2,4
00-0031610,Darren Waller,TE,LV,2022,4,DEN,2.4,3
00-0031687,Raheem Mostert,RB,MIA,2022,4,CIN,8.1,2
00-0031763,DeAndre Carter,WR,LAC,2022,4,HOU,1.6,2
00-0031868,Damiere Byrd,WR,ATL,2022,4,CLE,0.0,0
00-0031941,Jamison Crowder,WR,BUF,2022,4,BAL,0.7,1
00-0032144,Melvin Gordon,RB,DEN,2022,4,LV,-1.2,0
00-0032208,Phillip Dorsett,WR,HOU,2022,4,LAC,0.0,0
00-0032211,Tyler Lockett,WR,SEA,2022,4,DET,9.1,6
00-0032268,Marcus Mariota,QB,ATL,2022,4,CLE,3.86,0
00-0032392,Austin Hooper,TE,TEN,2022,4,IND,0.4,1
00-0032398,Chris Moore,WR,HOU,2022,4,LAC,0.0,0
00-0032464,Kalif Raymond,WR,DET,2022,4,SEA,2.1,3
00-0032602,J.D. McKissic,RB,WAS,2022,4,DAL,5.6,3
00-0032688,Robbie Chosen,WR,CAR,2022,4,ARI,2.6,3
00-0032764,Derrick Henry,RB,TEN,2022,4,IND,20.7,3
00-0032775,Demarcus Robinson,WR,BAL,2022,4,BUF,1.0,2
00-0032950,Carson Wentz,QB,WAS,2022,4,DAL,7.3,0
00-0032975,Jonathan Williams,RB,WAS,2022,4,DAL,4.8,0
00-0033009,Tyler Boyd,WR,CIN,2022,4,MIA,5.62,2
00-0033040,Tyreek Hill,WR,MIA,2022,4,CIN,15.9,10
00-0033045,Ezekiel Elliott,RB,DAL,2022,4,WAS,8.1,2
00-0033090,Hunter Henry,TE,NE,2022,4,GB,1.3,2
00-0033106,Jared Goff,QB,DET,2022,4,SEA,33.22,0
00-0033110,Tyler Higbee,TE,LA,2022,4,SF,7.3,10
00-0033119,Jacoby Brissett,QB,CLE,2022,4,ATL,14.96,0
00-0033217,Mo Alie-Cox,TE,IND,2022,4,TEN,20.5,6
00-0033246,Johnny Mundt,TE,MIN,2022,4,NO,0.0,0
00-0033251,Zach Pascal,WR,PHI,2022,4,JAX,0.0,0
00-0033280,Christian McCaffrey,RB,CAR,2022,4,ARI,16.8,9
00-0033282,Curtis Samuel,WR,WAS,2022,4,DAL,3.8,4
00-0033288,George Kittle,TE,SF,2022,4,LA,2.4,2
00-0033293,Aaron Jones,RB,GB,2022,4,NE,11.5,3
00-0033307,Kendrick Bourne,WR,NE,2022,4,GB,3.8,2
00-0033308,Matt Breida,RB,NYG,2022,4,CHI,1.8,0
00-0033357,Taysom Hill,QB,NO,2022,4,MIN,8.1,0
00-0033466,Isaiah McKenzie,WR,BUF,2022,4,BAL,8.1,4
00-0033526,Samaje Perine,RB,CIN,2022,4,MIA,0.0,0
00-0033536,Mike Williams,WR,LAC,2022,4,HOU,12.0,7
00-0033553,James Conner,RB,ARI,2022,4,CAR,7.7,3
00-0033555,Mack Hollins,WR,LV,2022,4,DEN,3.3,3
00-0033572,Jamal Agnew,WR,JAX,2022,4,PHI,17.0,4
00-0033576,Eric Saubert,TE,DEN,2022,4,LV,2.5,1
00-0033591,Noah Brown,WR,DAL,2022,4,WAS,6.1,3
00-0033662,Cooper Rush,QB,DAL,2022,4,WAS,17.62,0
00-0033699,Austin Ekeler,RB,LAC,2022,4,HOU,28.9,6
00-0033757,Robert Tonyan,TE,GB,2022,4,NE,8.2,2
00-0033798,Mason Schreck,TE,HOU,2022,4,LAC,0.0,1
00-0033856,Leonard Fournette,RB,TB,2022,4,KC,11.4,7
00-0033857,JuJu Smith-Schuster,WR,KC,2022,4,TB,4.6,5
00-0033869,Mitchell Trubisky,QB,PIT,2022,4,NYJ,1.46,0
00-0033871,Corey Davis,WR,NYJ,2022,4,PIT,13.4,5
00-0033873,Patrick Mahomes,QB,KC,2022,4,TB,23.36,0
00-0033879,O.J. Howard,TE,HOU,2022,4,LAC,2.7,2
00-0033881,Evan Engram,TE,JAX,2022,4,PHI,1.6,1
00-0033885,David Njoku,TE,CLE,2022,4,ATL,4.7,5
00-0033893,Dalvin Cook,RB,MIN,2022,4,NO,8.6,2
00-0033895,Gerald Everett,TE,LAC,2022,4,HOU,12.1,5
00-0033897,Joe Mixon,RB,CIN,2022,4,MIA,13.4,4
00-0033908,Cooper Kupp,WR,LA,2022,4,SF,12.2,14
00-0033921,Chris Godwin,WR,TB,2022,4,KC,5.9,7
00-0033923,Kareem Hunt,RB,CLE,2022,4,ATL,6.8,2
00-0033925,D'Onta Foreman,RB,CAR,2022,4,ARI,0.2,0
00-0033932,Kenny Golladay,WR,NYG,2022,4,CHI,0.0,0
00-0033943,Josh Reynolds,WR,DET,2022,4,SEA,14.1,7
00-0033948,Jamaal Williams,RB,DET,2022,4,SEA,22.9,1
00-0034011,Dan Arnold,TE,JAX,2022,4,PHI,2.6,1
00-0034054,River Cracraft,WR,MIA,2022,4,CIN,0.0,0
00-0034073,Ross Dwelley,TE,SF,2022,4,LA,0.0,0
00-0034115,Jeffery Wilson,RB,SF,2022,4,LA,13.4,0
00-0034159,Will Dissly,TE,SEA,2022,4,DET,9.9,4
00-0034208,Mike Boone,RB,DEN,2022,4,LV,2.9,1
00-0034253,Dontrell Hilliard,RB,TEN,2022,4,IND,1.8,4
00-0034270,Tyler Conklin,TE,NYJ,2022,4,PIT,5.2,3
00-0034272,Marquez Valdes-Scantling,WR,KC,2022,4,TB,6.3,3
00-0034279,Equanimeous St. Brown,WR,CHI,2022,4,NYG,-1.1,0
00-0034286,Richie James,WR,NYG,2022,4,CHI,0.9,1
00-0034301,Darrel Williams,RB,ARI,2022,4,CAR,1.9,0
00-0034348,Courtland Sutton,WR,DEN,2022,4,LV,11.2,5
00-0034351,Dallas Goedert,TE,PHI,2022,4,JAX,7.2,5
00-0034364,Jordan Akins,TE,HOU,2022,4,LAC,3.3,2
00-0034365,Ian Thomas,TE,CAR,2022,4,ARI,0.6,1
00-0034367,Nyheim Hines,RB,IND,2022,4,TEN,0.3,2
00-0034383,Dalton Schultz,TE,DAL,2022,4,WAS,0.0,0
00-0034386,Justin Watson,WR,KC,2022,4,TB,0.0,0
00-0034407,Ray-Ray McCloud,WR,SF,2022,4,LA,0.6,1
00-0034411,Russell Gage,WR,TB,2022,4,KC,2.4,2
00-0034419,Braxton Berrios,WR,NYJ,2022,4,PIT,4.68,1
00-0034440,Justin Jackson,RB,DET,2022,4,SEA,6.7,2
00-0034487,Trent Sherfield,WR,MIA,2022,4,CIN,5.5,4
00-0034521,Allen Lazard,WR,GB,2022,4,NE,11.6,6
00-0034613,Tanner Hudson,TE,NYG,2022,4,CHI,1.8,1
00-0034646,Brandon Powell,WR,LA,2022,4,SF,1.1,0
00-0034681,Chase Edmonds,RB,MIA,2022,4,CIN,8.0,2
00-0034750,Rashaad Penny,RB,SEA,2022,4,DET,27.7,1
00-0034753,Mark Andrews,TE,BAL,2022,4,BUF,1.5,2
00-0034764,Michael Gallup,WR,DAL,2022,4,WAS,8.4,2
00-0034765,Tre'Quan Smith,WR,NO,2022,4,MIN,1.8,1
00-0034775,Christian Kirk,WR,JAX,2022,4,PHI,6.3,2
00-0034791,Nick Chubb,RB,CLE,2022,4,ATL,18.7,2
00-0034796,Lamar Jackson,QB,BAL,2022,4,BUF,13.06,0
00-0034827,D.J. Moore,WR,CAR,2022,4,ARI,6.1,6
00-0034829,Mike Gesicki,TE,MIA,2022,4,CIN,2.3,2
00-0034830,Hayden Hurst,TE,CIN,2022,4,MIA,8.7,3
00-0034844,Saquon Barkley,RB,NYG,2022,4,CHI,16.2,2
00-0034845,Sony Michel,RB,LAC,2022,4,HOU,2.7,3
00-0034854,KhaDarel Hodge,WR,ATL,2022,4,CLE,0.0,0
00-0034855,Baker Mayfield,QB,CAR,2022,4,ARI,5.88,0
00-0034857,Josh Allen,QB,BUF,2022,4,BAL,23.52,0
00-0034860,Dante Pettis,WR,CHI,2022,4,NYG,0.0,0
00-0034970,Irv Smith,TE,MIN,2022,4,NO,2.3,3
00-0034972,Alexander Mattison,RB,MIN,2022,4,NO,7.8,1
00-0034975,Justice Hill,RB,BAL,2022,4,BUF,5.7,2
00-0035021,Ashton Dulin,WR,IND,2022,4,TEN,1.8,2
00-0035140,Mecole Hardman,WR,KC,2022,4,TB,0.4,1
00-0035208,Olamide Zaccheaus,WR,ATL,2022,4,CLE,5.5,2
00-0035216,Diontae Johnson,WR,PIT,2022,4,NYJ,2.2,2
00-0035222,Zach Gentry,TE,PIT,2022,4,NYJ,0.2,1
00-0035228,Kyler Murray,QB,ARI,2022,4,CAR,22.88,0
00-0035229,T.J. Hockenson,TE,DET,2022,4,SEA,31.9,8
00-0035243,Miles Sanders,RB,PHI,2022,4,JAX,27.6,2
00-0035250,Devin Singletary,RB,BUF,2022,4,BAL,7.6,4
00-0035259,Trevon Wesco,TE,CHI,2022,4,NYG,2.3,1
00-0035261,Tony Pollard,RB,DAL,2022,4,WAS,0.8,1
00-0035359,David Sills,WR,NYG,2022,4,CHI,0.5,1
00-0035406,Lil'Jordan Humphrey,WR,NE,2022,4,GB,0.9,1
00-0035500,Greg Dortch,WR,ARI,2022,4,CAR,0.6,1
00-0035510,Jeff Smith,WR,NYJ,2022,4,PIT,0.0,0
00-0035535,Darius Slayton,WR,NYG,2022,4,CHI,1.1,1
00-0035544,Tom Kennedy,WR,DET,2022,4,SEA,5.4,3
00-0035547,Joseph Fortson,TE,KC,2022,4,TB,7.0,1
00-0035567,Craig Reynolds,RB,DET,2022,4,SEA,4.2,1
00-0035572,Parker Hesse,TE,ATL,2022,4,CLE,2.2,1
00-0035603,Kendall Blanton,TE,LA,2022,4,SF,0.7,1
00-0035639,Parris Campbell,WR,IND,2022,4,TEN,4.3,4
00-0035640,DK Metcalf,WR,SEA,2022,4,DET,14.9,7
00-0035644,Noah Fant,TE,SEA,2022,4,DET,6.2,1
00-0035645,Gunner Olszewski,WR,PIT,2022,4,NYJ,0.0,0
00-0035657,Damien Harris,RB,NE,2022,4,GB,14.4,1
00-0035659,Terry McLaurin,WR,WAS,2022,4,DAL,1.5,2
00-0035662,Marquise Brown,WR,ARI,2022,4,CAR,14.8,6
00-0035664,Darrell Henderson,RB,LA,2022,4,SF,3.9,3
00-0035676,A.J. Brown,WR,PHI,2022,4,JAX,9.5,5
00-0035689,Dawson Knox,TE,BUF,2022,4,BAL,4.0,3
00-0035700,Josh Jacobs,RB,LV,2022,4,DEN,29.5,5
00-0035710,Daniel Jones,QB,NYG,2022,4,CHI,21.64,0
00-0035719,Deebo Samuel,WR,SF,2022,4,LA,17.7,6
00-0035771,Mitchell Wilcox,TE,CIN,2022,4,MIA,1.8,1
00-0035806,Jamycal Hasty,RB,JAX,2022,4,PHI,2.2,2
00-0035831,James Robinson,RB,JAX,2022,4,PHI,2.9,0
00-0035864,Kendall Hinton,WR,DEN,2022,4,LV,3.9,2
00-0036040,Juwan Johnson,TE,NO,2022,4,MIN,3.3,3
00-0036158,J.K. Dobbins,RB,BAL,2022,4,BUF,18.3,4
00-0036194,Devin Asiasi,TE,CIN,2022,4,MIA,0.0,0
00-0036196,Gabe Davis,WR,BUF,2022,4,BAL,1.3,1
00-0036212,Tua Tagovailoa,QB,MIA,2022,4,CIN,2.4,0
00-0036219,Marquez Callaway,WR,NO,2022,4,MIN,5.3,3
00-0036223,Jonathan Taylor,RB,IND,2022,4,TEN,2.3,1
00-0036232,Harrison Bryant,TE,CLE,2022,4,ATL,1.8,4
00-0036233,Donovan Peoples-Jones,WR,CLE,2022,4,ATL,7.1,5
00-0036244,Colby Parkinson,TE,SEA,2022,4,DET,2.8,2
00-0036251,Zack Moss,RB,BUF,2022,4,BAL,0.6,0
00-0036252,Michael Pittman,WR,IND,2022,4,TEN,3.1,3
00-0036259,Jauan Jennings,WR,SF,2022,4,LA,2.2,2
00-0036261,Brandon Aiyuk,WR,SF,2022,4,LA,3.7,4
00-0036265,A.J. Dillon,RB,GB,2022,4,NE,8.4,1
00-0036268,Laviska Shenault,WR,CAR,2022,4,ARI,0.0,0
00-0036271,Quez Watkins,WR,PHI,2022,4,JAX,0.0,0
00-0036277,Quintez Cephus,WR,DET,2022,4,SEA,1.5,2
00-0036290,Cole Kmet,TE,CHI,2022,4,NYG,1.6,3
00-0036309,Darnell Mooney,WR,CHI,2022,4,NYG,9.4,4
00-0036322,Justin Jefferson,WR,MIN,2022,4,NO,21.0,10
00-0036326,Chase Claypool,WR,PIT,2022,4,NYJ,0.0,0
00-0036328,Antonio Gibson,RB,WAS,2022,4,DAL,6.3,3
00-0036331,Devin Duvernay,WR,BAL,2022,4,BUF,5.1,4
00-0036332,Josiah Deguara,TE,GB,2022,4,NE,0.0,0
00-0036345,K.J. Osborn,WR,MIN,2022,4,NO,0.5,1
00-0036355,Justin Herbert,QB,LAC,2022,4,HOU,21.1,0
00-0036358,CeeDee Lamb,WR,DAL,2022,4,WAS,15.7,6
00-0036360,Clyde Edwards-Helaire,RB,KC,2022,4,TB,21.4,1
00-0036370,Joshua Kelley,RB,LAC,2022,4,HOU,1.5,0
00-0036383,Eno Benjamin,RB,ARI,2022,4,CAR,4.5,1
00-0036387,Jalen Reagor,WR,MIN,2022,4,NO,0.0,0
00-0036389,Jalen Hurts,QB,PHI,2022,4,JAX,15.96,0
00-0036407,Jerry Jeudy,WR,DEN,2022,4,LV,11.3,4
00-0036410,Tee Higgins,WR,CIN,2022,4,MIA,18.4,7
00-0036412,K.J. Hamler,WR,DEN,2022,4,LV,5.5,1
00-0036414,Cam Akers,RB,LA,2022,4,SF,1.3,0
00-0036422,Adam Trautman,TE,NO,2022,4,MIN,3.7,3
00-0036429,Charlie Woerner,TE,SF,2022,4,LA,0.0,0
00-0036442,Joe Burrow,QB,CIN,2022,4,MIA,20.08,0
00-0036482,Mike Strachan,WR,IND,2022,4,TEN,0.0,0
00-0036497,Tim Jones,WR,JAX,2022,4,PHI,0.0,0
00-0036550,Rashod Bateman,WR,BAL,2022,4,BUF,1.7,3
00-0036554,Nico Collins,WR,HOU,2022,4,LAC,8.2,3
00-0036569,Gary Brightwell,RB,NYG,2022,4,CHI,0.0,0
00-0036572,Shi Smith,WR,CAR,2022,4,ARI,0.0,0
00-0036590,Quintin Morris,TE,BUF,2022,4,BAL,0.0,0
00-0036613,Jaylen Waddle,WR,MIA,2022,4,CIN,3.9,2
00-0036620,D'Wayne Eskridge,WR,SEA,2022,4,DET,1.6,1
00-0036626,Dyami Brown,WR,WAS,2022,4,DAL,0.6,1
00-0036628,John Bates,TE,WAS,2022,4,DAL,1.9,4
00-0036635,Ihmir Smith-Marsette,WR,CHI,2022,4,NYG,0.0,0
00-0036637,Noah Gray,TE,KC,2022,4,TB,6.1,0
00-0036829,Caleb Huntley,RB,ATL,2022,4,CLE,11.6,0
00-0036857,Chris Evans,RB,CIN,2022,4,MIA,0.0,0
00-0036862,Ben Skowronek,WR,LA,2022,4,SF,3.3,2
00-0036875,Rhamondre Stevenson,RB,NE,2022,4,GB,8.9,4
00-0036876,Kylen Granson,TE,IND,2022,4,TEN,6.2,4
00-0036893,Najee Harris,RB,PIT,2022,4,NYJ,7.4,0
00-0036894,Pat Freiermuth,TE,PIT,2022,4,NYJ,8.5,7
00-0036898,Davis Mills,QB,HOU,2022,4,LAC,13.84,0
00-0036900,Ja'Marr Chase,WR,CIN,2022,4,MIA,8.1,4
00-0036906,Khalil Herbert,RB,CHI,2022,4,NYG,10.1,1
00-0036912,DeVonta Smith,WR,PHI,2022,4,JAX,1.7,3
00-0036919,Kenneth Gainwell,RB,PHI,2022,4,JAX,7.7,1
00-0036924,Michael Carter,RB,NYJ,2022,4,PIT,2.9,2
00-0036936,Rondale Moore,WR,ARI,2022,4,CAR,0.7,3
00-0036945,Justin Fields,QB,CHI,2022,4,NYG,10.16,0
00-0036950,Avery Williams,RB,ATL,2022,4,CLE,2.1,0
00-0036959,Michael Bandy,WR,LAC,2022,4,HOU,4.9,2
00-0036970,Kyle Pitts,TE,ATL,2022,4,CLE,2.5,1
00-0036971,Trevor Lawrence,QB,JAX,2022,4,PHI,5.66,0
00-0036973,Travis Etienne,RB,JAX,2022,4,PHI,3.2,0
00-0036980,Elijah Moore,WR,NYJ,2022,4,PIT,5.5,3
00-0036984,Trey Sermon,RB,PHI,2022,4,JAX,1.9,0
00-0036988,Josh Palmer,WR,LAC,2022,4,HOU,2.5,1
00-0036997,Javonte Williams,RB,DEN,2022,4,LV,2.7,1
00-0037005,Tommy Tremble,TE,CAR,2022,4,ARI,3.4,3
00-0037011,Tre' McKitty,TE,LAC,2022,4,HOU,0.4,1
00-0037013,Zach Wilson,QB,NYJ,2022,4,PIT,17.78,1
00-0037087,Trestan Ebner,RB,CHI,2022,4,NYG,2.8,2
00-0037197,Isiah Pacheco,RB,KC,2022,4,TB,6.3,0
00-0037228,Jaylen Warren,RB,PIT,2022,4,NYJ,2.2,1
00-0037238,Drake London,WR,ATL,2022,4,CLE,1.7,2
00-0037239,Chris Olave,WR,NO,2022,4,MIN,12.7,4
00-0037247,George Pickens,WR,PIT,2022,4,NYJ,10.2,6
00-0037248,James Cook,RB,BUF,2022,4,BAL,0.0,0
00-0037256,Rachaad White,RB,TB,2022,4,KC,11.6,5
00-0037257,David Bell,WR,CLE,2022,4,ATL,3.5,2
00-0037258,Dameon Pierce,RB,HOU,2022,4,LAC,19.9,6
00-0037261,Khalil Shakir,WR,BUF,2022,4,BAL,2.3,2
00-0037263,Tyler Allgeier,RB,ATL,2022,4,CLE,10.4,1
00-0037272,Montrell Washington,WR,DEN,2022,4,LV,0.4,1
00-0037273,Kyle Philips,WR,TEN,2022,4,IND,0.0,0
00-0037291,Jalen Nailor,WR,MIN,2022,4,NO,1.3,1
00-0037311,Ko Kieft,TE,TB,2022,4,KC,1.9,1
00-0037331,Zander Horvath,RB,LAC,2022,4,HOU,0.0,0
00-0037664,Alec Pierce,WR,IND,2022,4,TEN,8.0,4
00-0037740,Garrett Wilson,WR,NYJ,2022,4,PIT,4.1,2
00-0037741,Jahan Dotson,WR,WAS,2022,4,DAL,10.3,3
00-0037742,Treylon Burks,WR,TEN,2022,4,IND,1.8,2
00-0037744,Trey McBride,TE,ARI,2022,4,CAR,2.4,3
00-0037755,Jelani Woods,TE,IND,2022,4,TEN,3.3,1
00-0037809,Chigoziem Okonkwo,TE,TEN,2022,4,IND,9.8,3
00-0037816,Romeo Doubs,WR,GB,2022,4,NE,8.7,5
00-0038040,Zamir White,RB,LV,2022,4,DEN,2.4,0
00-0038041,Jake Ferguson,TE,DAL,2022,4,WAS,0.7,1
00-0038090,Skyy Moore,WR,KC,2022,4,TB,3.1,2
00-0038102,Kenny Pickett,QB,PIT,2022,4,NYJ,12.3,0
00-0038108,Bailey Zappe,QB,NE,2022,4,GB,5.96,0
00-0038115,Daniel Bellinger,TE,NYG,2022,4,CHI,2.3,3
00-0038120,Breece Hall,RB,NYJ,2022,4,PIT,13.8,2
00-0038124,Christian Watson,WR,GB,2022,4,NE,8.3,1
00-0038129,Cade Otton,TE,TB,2022,4,KC,2.9,3
00-0038134,Kenneth Walker,RB,SEA,2022,4,DET,2.4,1
00-0019596,Tom Brady,QB,TB,2022,5,ATL,19.74,0
00-0023459,Aaron Rodgers,QB,GB,2022,5,NYG,16.88,0
00-0024243,Marcedes Lewis,TE,GB,2022,5,NYG,6.2,1
00-0026143,Matt Ryan,QB,IND,2022,5,DEN,6.14,0
00-0026498,Matthew Stafford,QB,LA,2022,5,DAL,10.32,0
00-0027942,A.J. Green,WR,ARI,2022,5,PHI,2.0,3
00-0027966,Mark Ingram,RB,NO,2022,5,SEA,3.6,0
00-0027973,Andy Dalton,QB,NO,2022,5,SEA,9.88,0
00-0027981,Kyle Rudolph,TE,TB,2022,5,ATL,0.0,0
00-0028002,Randall Cobb,WR,GB,2022,5,NYG,9.9,7
00-0028986,Case Keenum,QB,BUF,2022,5,PIT,0.12,0
00-0029239,Brandon Bolden,RB,LV,2022,5,KC,3.4,3
00-0029263,Russell Wilson,QB,DEN,2022,5,IND,9.16,0
00-0029293,Marvin Jones,WR,JAX,2022,5,HOU,10.4,7
00-0029604,Kirk Cousins,QB,MIN,2022,5,CHI,22.24,0
00-0029701,Ryan Tannehill,QB,TEN,2022,5,WAS,11.54,0
00-0030035,Adam Thielen,WR,MIN,2022,5,CHI,2.7,4
00-0030061,Zach Ertz,TE,ARI,2022,5,PHI,4.8,6
00-0030108,Ryan Griffin,TE,CHI,2022,5,MIN,0.1,1
00-0030288,Rex Burkhead,RB,HOU,2022,5,JAX,2.8,2
00-0030431,Robert Woods,WR,TEN,2022,5,WAS,3.7,4
00-0030506,Travis Kelce,TE,KC,2022,5,LV,26.5,7
00-0030565,Geno Smith,QB,SEA,2022,5,NO,24.02,0
00-0031236,Brandin Cooks,WR,HOU,2022,5,JAX,2.0,4
00-0031237,Teddy Bridgewater,QB,MIA,2022,5,NYJ,0.0,0
00-0031280,Derek Carr,QB,LV,2022,5,KC,17.94,0
00-0031345,Jimmy Garoppolo,QB,SF,2022,5,CAR,18.02,0
00-0031376,Jerick McKinnon,RB,KC,2022,5,LV,7.2,2
00-0031381,Davante Adams,WR,LV,2022,5,KC,24.4,3
00-0031408,Mike Evans,WR,TB,2022,5,ATL,8.1,4
00-0031428,Allen Robinson,WR,LA,2022,5,DAL,1.2,3
00-0031484,Chris Manhertz,TE,JAX,2022,5,HOU,1.5,2
00-0031544,Amari Cooper,WR,CLE,2022,5,LAC,13.6,7
00-0031549,Nelson Agholor,WR,NE,2022,5,DET,0.0,0
00-0031588,Stefon Diggs,WR,BUF,2022,5,PIT,16.2,8
00-0031687,Raheem Mostert,RB,MIA,2022,5,NYJ,18.2,1
00-0031690,Eric Tomlinson,TE,DEN,2022,5,IND,0.0,0
00-0031763,DeAndre Carter,WR,LAC,2022,5,CLE,0.9,2
00-0031868,Damiere Byrd,WR,ATL,2022,5,TB,0.0,0
00-0032058,Tevin Coleman,RB,SF,2022,5,CAR,18.7,3
00-0032063,Mike Davis,RB,BAL,2022,5,CIN,0.3,0
00-0032134,C.J. Uzomah,TE,NYJ,2022,5,MIA,1.2,2
00-0032141,Geoff Swaim,TE,TEN,2022,5,WAS,0.5,1
00-0032144,Melvin Gordon,RB,DEN,2022,5,IND,10.3,3
00-0032211,Tyler Lockett,WR,SEA,2022,5,NO,22.4,5
00-0032268,Marcus Mariota,QB,ATL,2022,5,TB,17.98,0
00-0032392,Austin Hooper,TE,TEN,2022,5,WAS,0.7,1
00-0032464,Kalif Raymond,WR,DET,2022,5,NE,4.5,5
00-0032602,J.D. McKissic,RB,WAS,2022,5,TEN,3.7,5
00-0032688,Robbie Chosen,WR,CAR,2022,5,SF,3.2,1
00-0032764,Derrick Henry,RB,TEN,2022,5,WAS,25.2,2
00-0032775,Demarcus Robinson,WR,BAL,2022,5,CIN,0.8,1
00-0032950,Carson Wentz,QB,WAS,2022,5,TEN,21.86,0
00-0032980,Marcus Johnson,WR,NYG,2022,5,GB,3.5,3
00-0033009,Tyler Boyd,WR,CIN,2022,5,BAL,3.2,3
00-0033040,Tyreek Hill,WR,MIA,2022,5,NYJ,6.0,7
00-0033045,Ezekiel Elliott,RB,DAL,2022,5,LA,7.8,0
00-0033090,Hunter Henry,TE,NE,2022,5,DET,5.4,4
00-0033106,Jared Goff,QB,DET,2022,5,NE,5.86,0
00-0033110,Tyler Higbee,TE,LA,2022,5,DAL,4.6,7
00-0033114,Mike Thomas,WR,CIN,2022,5,BAL,3.3,1
00-0033118,Kenyan Drake,RB,BAL,2022,5,CIN,2.7,1
00-0033119,Jacoby Brissett,QB,CLE,2022,5,LAC,14.4,0
00-0033217,Mo Alie-Cox,TE,IND,2022,5,DEN,0.7,1
00-0033246,Johnny Mundt,TE,MIN,2022,5,CHI,0.6,2
00-0033275,P.J. Walker,QB,CAR,2022,5,SF,2.4,0
00-0033280,Christian McCaffrey,RB,CAR,2022,5,SF,16.4,7
00-0033282,Curtis Samuel,WR,WAS,2022,5,TEN,6.2,6
00-0033288,George Kittle,TE,SF,2022,5,CAR,2.7,5
00-0033293,Aaron Jones,RB,GB,2022,5,NYG,8.0,2
00-0033307,Kendrick Bourne,WR,NE,2022,5,DET,0.0,1
00-0033308,Matt Breida,RB,NYG,2022,5,GB,2.7,2
00-0033357,Taysom Hill,QB,NO,2022,5,SEA,34.08,0
00-0033455,Anthony Firkser,TE,ATL,2022,5,TB,1.1,1
00-0033526,Samaje Perine,RB,CIN,2022,5,BAL,5.6,4
00-0033536,Mike Williams,WR,LAC,2022,5,CLE,13.4,10
00-0033553,James Conner,RB,ARI,2022,5,PHI,6.3,1
00-0033555,Mack Hollins,WR,LV,2022,5,KC,0.0,0
00-0033572,Jamal Agnew,WR,JAX,2022,5,HOU,0.3,0
00-0033576,Eric Saubert,TE,DEN,2022,5,IND,3.6,5
00-0033591,Noah Brown,WR,DAL,2022,5,LA,0.5,1
00-0033633,Tanner Gentry,WR,BUF,2022,5,PIT,0.0,0
00-0033662,Cooper Rush,QB,DAL,2022,5,LA,3.98,0
00-0033699,Austin Ekeler,RB,LAC,2022,5,CLE,31.9,4
00-0033757,Robert Tonyan,TE,GB,2022,5,NYG,2.3,4
00-0033798,Mason Schreck,TE,HOU,2022,5,JAX,0.6,1
00-0033856,Leonard Fournette,RB,TB,2022,5,ATL,25.9,10
00-0033857,JuJu Smith-Schuster,WR,KC,2022,5,LV,3.3,3
00-0033871,Corey Davis,WR,NYJ,2022,5,MIA,3.8,2
00-0033873,Patrick Mahomes,QB,KC,2022,5,LV,30.48,0
00-0033879,O.J. Howard,TE,HOU,2022,5,JAX,0.0,0
00-0033881,Evan Engram,TE,JAX,2022,5,HOU,6.9,6
00-0033885,David Njoku,TE,CLE,2022,5,LAC,8.8,6
00-0033891,Zay Jones,WR,JAX,2022,5,HOU,1.2,3
00-0033893,Dalvin Cook,RB,MIN,2022,5,CHI,24.1,2
00-0033895,Gerald Everett,TE,LAC,2022,5,CLE,0.2,1
00-0033897,Joe Mixon,RB,CIN,2022,5,BAL,8.8,3
00-0033906,Alvin Kamara,RB,NO,2022,5,SEA,17.4,6
00-0033908,Cooper Kupp,WR,LA,2022,5,DAL,18.9,7
00-0033921,Chris Godwin,WR,TB,2022,5,ATL,6.3,6
00-0033923,Kareem Hunt,RB,CLE,2022,5,LAC,11.7,3
00-0033925,D'Onta Foreman,RB,CAR,2022,5,SF,0.2,0
00-0033943,Josh Reynolds,WR,DET,2022,5,NE,9.2,6
00-0033948,Jamaal Williams,RB,DET,2022,5,NE,5.6,0
00-0034011,Dan Arnold,TE,JAX,2022,5,HOU,2.0,1
00-0034054,River Cracraft,WR,MIA,2022,5,NYJ,0.0,0
00-0034104,Cam Sims,WR,WAS,2022,5,TEN,0.7,1
00-0034109,Phillip Lindsay,RB,IND,2022,5,DEN,5.4,3
00-0034115,Jeffery Wilson,RB,SF,2022,5,CAR,19.2,1
00-0034159,Will Dissly,TE,SEA,2022,5,NO,2.1,2
00-0034208,Mike Boone,RB,DEN,2022,5,IND,8.5,3
00-0034253,Dontrell Hilliard,RB,TEN,2022,5,WAS,8.3,4
00-0034270,Tyler Conklin,TE,NYJ,2022,5,MIA,0.0,0
00-0034272,Marquez Valdes-Scantling,WR,KC,2022,5,LV,9.0,6
00-0034279,Equanimeous St. Brown,WR,CHI,2022,5,MIN,2.4,2
00-0034286,Richie James,WR,NYG,2022,5,GB,1.6,2
00-0034301,Darrel Williams,RB,ARI,2022,5,PHI,0.9,0
00-0034317,Keith Kirkwood,WR,NO,2022,5,SEA,0.4,1
00-0034348,Courtland Sutton,WR,DEN,2022,5,IND,7.4,5
00-0034351,Dallas Goedert,TE,PHI,2022,5,ARI,9.5,8
00-0034364,Jordan Akins,TE,HOU,2022,5,JAX,2.2,2
00-0034365,Ian Thomas,TE,CAR,2022,5,SF,0.8,2
00-0034367,Nyheim Hines,RB,IND,2022,5,DEN,0.8,1
00-0034383,Dalton Schultz,TE,DAL,2022,5,LA,0.0,0
00-0034386,Justin Watson,WR,KC,2022,5,LV,1.0,1
00-0034411,Russell Gage,WR,TB,2022,5,ATL,4.0,2
00-0034418,Cedrick Wilson,WR,MIA,2022,5,NYJ,2.0,2
00-0034419,Braxton Berrios,WR,NYJ,2022,5,MIA,7.4,1
00-0034440,Justin Jackson,RB,DET,2022,5,NE,1.4,0
00-0034487,Trent Sherfield,WR,MIA,2022,5,NYJ,0.5,1
00-0034521,Allen Lazard,WR,GB,2022,5,NYG,9.5,4
00-0034646,Brandon Powell,WR,LA,2022,5,DAL,0.1,0
00-0034681,Chase Edmonds,RB,MIA,2022,5,NYJ,0.1,0
00-0034750,Rashaad Penny,RB,SEA,2022,5,NO,5.4,0
00-0034753,Mark Andrews,TE,BAL,2022,5,CIN,14.9,8
00-0034764,Michael Gallup,WR,DAL,2022,5,LA,4.4,4
00-0034765,Tre'Quan Smith,WR,NO,2022,5,SEA,1.0,1
00-0034775,Christian Kirk,WR,JAX,2022,5,HOU,1.1,1
00-0034791,Nick Chubb,RB,CLE,2022,5,LAC,25.4,0
00-0034796,Lamar Jackson,QB,BAL,2022,5,CIN,14.76,0
00-0034798,Durham Smythe,TE,MIA,2022,5,NYJ,6.9,1
00-0034827,D.J. Moore,WR,CAR,2022,5,SF,6.7,4
00-0034829,Mike Gesicki,TE,MIA,2022,5,NYJ,3.0,1
00-0034830,Hayden Hurst,TE,CIN,2022,5,BAL,11.3,6
00-0034844,Saquon Barkley,RB,NYG,2022,5,GB,16.6,3
00-0034845,Sony Michel,RB,LAC,2022,5,CLE,0.0,0
00-0034854,KhaDarel Hodge,WR,ATL,2022,5,TB,5.3,3
00-0034855,Baker Mayfield,QB,CAR,2022,5,SF,6.6,0
00-0034857,Josh Allen,QB,BUF,2022,5,PIT,35.16,0
00-0034860,Dante Pettis,WR,CHI,2022,5,MIN,0.0,0
00-0034960,Jakobi Meyers,WR,NE,2022,5,DET,17.1,7
00-0034970,Irv Smith,TE,MIN,2022,5,CHI,4.2,4
00-0034972,Alexander Mattison,RB,MIN,2022,5,CHI,4.0,3
00-0034983,Hunter Renfrow,WR,LV,2022,5,KC,2.5,4
00-0035021,Ashton Dulin,WR,IND,2022,5,DEN,1.8,1
00-0035140,Mecole Hardman,WR,KC,2022,5,LV,8.0,4
00-0035184,Devine Ozigbo,RB,DEN,2022,5,IND,0.2,0
00-0035208,Olamide Zaccheaus,WR,ATL,2022,5,TB,9.9,2
00-0035216,Diontae Johnson,WR,PIT,2022,5,BUF,6.0,5
00-0035222,Zach Gentry,TE,PIT,2022,5,BUF,4.3,5
00-0035228,Kyler Murray,QB,ARI,2022,5,PHI,16.2,0
00-0035229,T.J. Hockenson,TE,DET,2022,5,NE,0.6,1
00-0035243,Miles Sanders,RB,PHI,2022,5,ARI,6.4,2
00-0035249,Josh Oliver,TE,BAL,2022,5,CIN,0.0,0
00-0035250,Devin Singletary,RB,BUF,2022,5,PIT,4.6,1
00-0035261,Tony Pollard,RB,DAL,2022,5,LA,14.6,0
00-0035298,Scott Miller,WR,TB,2022,5,ATL,3.5,4
00-0035311,Myles Gaskin,RB,MIA,2022,5,NYJ,3.3,3
00-0035329,Donald Parham,TE,LAC,2022,5,CLE,0.0,0
00-0035345,Chris Myarick,TE,NYG,2022,5,GB,0.4,1
00-0035359,David Sills,WR,NYG,2022,5,GB,1.2,2
00-0035399,Stanley Morgan,WR,CIN,2022,5,BAL,0.0,0
00-0035510,Jeff Smith,WR,NYJ,2022,5,MIA,1.1,1
00-0035535,Darius Slayton,WR,NYG,2022,5,GB,7.9,6
00-0035562,Jesper Horsted,TE,LV,2022,5,KC,1.9,3
00-0035567,Craig Reynolds,RB,DET,2022,5,NE,9.2,3
00-0035572,Parker Hesse,TE,ATL,2022,5,TB,0.9,1
00-0035639,Parris Campbell,WR,IND,2022,5,DEN,2.2,2
00-0035640,DK Metcalf,WR,SEA,2022,5,NO,12.8,5
00-0035644,Noah Fant,TE,SEA,2022,5,NO,4.9,3
00-0035657,Damien Harris,RB,NE,2022,5,DET,1.2,1
00-0035659,Terry McLaurin,WR,WAS,2022,5,TEN,7.6,5
00-0035662,Marquise Brown,WR,ARI,2022,5,PHI,13.8,8
00-0035664,Darrell Henderson,RB,LA,2022,5,DAL,3.0,4
00-0035676,A.J. Brown,WR,PHI,2022,5,ARI,3.2,3
00-0035685,David Montgomery,RB,CHI,2022,5,MIN,14.2,4
00-0035700,Josh Jacobs,RB,LV,2022,5,KC,25.3,5
00-0035703,Miles Boykin,WR,PIT,2022,5,BUF,1.1,1
00-0035710,Daniel Jones,QB,NYG,2022,5,GB,12.38,0
00-0035719,Deebo Samuel,WR,SF,2022,5,CAR,9.2,2
00-0035806,Jamycal Hasty,RB,JAX,2022,5,HOU,0.6,0
00-0035831,James Robinson,RB,JAX,2022,5,HOU,3.9,2
00-0035956,Giovanni Ricci,TE,CAR,2022,5,SF,2.7,3
00-0036040,Juwan Johnson,TE,NO,2022,5,SEA,1.3,1
00-0036133,James Proche,WR,BAL,2022,5,CIN,0.7,1
00-0036158,J.K. Dobbins,RB,BAL,2022,5,CIN,4.4,0
00-0036165,Isaiah Hodgins,WR,BUF,2022,5,PIT,4.1,4
00-0036182,Nick Westbrook-Ikhine,WR,TEN,2022,5,WAS,7.2,2
00-0036196,Gabe Davis,WR,BUF,2022,5,PIT,29.1,3
00-0036219,Marquez Callaway,WR,NO,2022,5,SEA,0.5,2
00-0036232,Harrison Bryant,TE,CLE,2022,5,LAC,0.0,0
00-0036233,Donovan Peoples-Jones,WR,CLE,2022,5,LAC,5.0,4
00-0036250,Tyler Davis,TE,GB,2022,5,NYG,-0.3,1
00-0036251,Zack Moss,RB,BUF,2022,5,PIT,0.7,0
00-0036252,Michael Pittman,WR,IND,2022,5,DEN,5.9,5
00-0036259,Jauan Jennings,WR,SF,2022,5,CAR,4.5,2
00-0036261,Brandon Aiyuk,WR,SF,2022,5,CAR,5.8,3
00-0036265,A.J. Dillon,RB,GB,2022,5,NYG,3.4,0
00-0036271,Quez Watkins,WR,PHI,2022,5,ARI,1.9,3
00-0036290,Cole Kmet,TE,CHI,2022,5,MIN,4.5,4
00-0036309,Darnell Mooney,WR,CHI,2022,5,MIN,5.2,2
00-0036322,Justin Jefferson,WR,MIN,2022,5,CHI,18.32,12
00-0036326,Chase Claypool,WR,PIT,2022,5,BUF,5.0,5
00-0036328,Antonio Gibson,RB,WAS,2022,5,TEN,3.9,3
00-0036331,Devin Duvernay,WR,BAL,2022,5,CIN,7.8,5
00-0036332,Josiah Deguara,TE,GB,2022,5,NYG,1.9,2
00-0036345,K.J. Osborn,WR,MIN,2022,5,CHI,4.1,5
00-0036355,Justin Herbert,QB,LAC,2022,5,CLE,14.42,0
00-0036358,CeeDee Lamb,WR,DAL,2022,5,LA,5.3,5
00-0036360,Clyde Edwards-Helaire,RB,KC,2022,5,LV,3.5,3
00-0036365,Bryan Edwards,WR,ATL,2022,5,TB,1.0,1
00-0036370,Joshua Kelley,RB,LAC,2022,5,CLE,14.2,2
00-0036383,Eno Benjamin,RB,ARI,2022,5,PHI,11.3,3
00-0036387,Jalen Reagor,WR,MIN,2022,5,CHI,6.1,1
00-0036389,Jalen Hurts,QB,PHI,2022,5,ARI,27.66,0
00-0036407,Jerry Jeudy,WR,DEN,2022,5,IND,5.3,3
00-0036412,K.J. Hamler,WR,DEN,2022,5,IND,1.0,1
00-0036414,Cam Akers,RB,LA,2022,5,DAL,3.3,0
00-0036422,Adam Trautman,TE,NO,2022,5,SEA,9.2,2
00-0036423,Albert Okwuegbunam,TE,DEN,2022,5,IND,0.5,1
00-0036425,DeeJay Dallas,RB,SEA,2022,5,NO,1.0,1
00-0036439,Tyrie Cleveland,WR,DEN,2022,5,IND,0.0,0
00-0036442,Joe Burrow,QB,CIN,2022,5,BAL,17.28,0
00-0036493,Deon Jackson,RB,IND,2022,5,DEN,9.1,4
00-0036554,Nico Collins,WR,HOU,2022,5,JAX,6.5,4
00-0036569,Gary Brightwell,RB,NYG,2022,5,GB,6.5,0
00-0036572,Shi Smith,WR,CAR,2022,5,SF,6.9,4
00-0036590,Quintin Morris,TE,BUF,2022,5,PIT,1.9,3
00-0036613,Jaylen Waddle,WR,MIA,2022,5,NYJ,2.3,3
00-0036620,D'Wayne Eskridge,WR,SEA,2022,5,NO,0.0,0
00-0036626,Dyami Brown,WR,WAS,2022,5,TEN,22.5,2
00-0036628,John Bates,TE,WAS,2022,5,TEN,3.9,3
00-0036630,Tylan Wallace,WR,BAL,2022,5,CIN,0.8,1
00-0036635,Ihmir Smith-Marsette,WR,CHI,2022,5,MIN,-0.5,1
00-0036637,Noah Gray,TE,KC,2022,5,LV,0.7,1
00-0036825,Feleipe Franks,TE,ATL,2022,5,TB,0.0,0
00-0036829,Caleb Huntley,RB,ATL,2022,5,TB,3.4,0
00-0036849,Tutu Atwell,WR,LA,2022,5,DAL,5.4,1
00-0036862,Ben Skowronek,WR,LA,2022,5,DAL,4.1,6
00-0036875,Rhamondre Stevenson,RB,NE,2022,5,DET,17.5,2
00-0036876,Kylen Granson,TE,IND,2022,5,DEN,1.6,1
00-0036893,Najee Harris,RB,PIT,2022,5,BUF,3.6,3
00-0036894,Pat Freiermuth,TE,PIT,2022,5,BUF,1.2,2
00-0036898,Davis Mills,QB,HOU,2022,5,JAX,5.8,0
00-0036900,Ja'Marr Chase,WR,CIN,2022,5,BAL,5.0,7
00-0036906,Khalil Herbert,RB,CHI,2022,5,MIN,1.1,0
00-0036912,DeVonta Smith,WR,PHI,2022,5,ARI,8.7,10
00-0036919,Kenneth Gainwell,RB,PHI,2022,5,ARI,2.0,0
00-0036924,Michael Carter,RB,NYJ,2022,5,MIA,15.3,2
00-0036936,Rondale Moore,WR,ARI,2022,5,PHI,6.1,7
00-0036945,Justin Fields,QB,CHI,2022,5,MIN,17.02,0
00-0036950,Avery Williams,RB,ATL,2022,5,TB,8.1,2
00-0036955,Terrace Marshall,WR,CAR,2022,5,SF,3.0,4
00-0036963,Amon-Ra St. Brown,WR,DET,2022,5,NE,1.8,4
00-0036971,Trevor Lawrence,QB,JAX,2022,5,HOU,10.34,0
00-0036973,Travis Etienne,RB,JAX,2022,5,HOU,11.4,3
00-0036980,Elijah Moore,WR,NYJ,2022,5,MIA,1.1,1
00-0036988,Josh Palmer,WR,LAC,2022,5,CLE,2.4,3
00-0036999,Anthony Schwartz,WR,CLE,2022,5,LAC,0.0,0
00-0037005,Tommy Tremble,TE,CAR,2022,5,SF,0.0,0
00-0037011,Tre' McKitty,TE,LAC,2022,5,CLE,0.0,0
00-0037013,Zach Wilson,QB,NYJ,2022,5,MIA,14.6,0
00-0037078,Cole Turner,TE,WAS,2022,5,TEN,0.0,0
00-0037197,Isiah Pacheco,RB,KC,2022,5,LV,0.0,0
00-0037228,Jaylen Warren,RB,PIT,2022,5,BUF,6.3,4
00-0037238,Drake London,WR,ATL,2022,5,TB,3.5,4
00-0037239,Chris Olave,WR,NO,2022,5,SEA,11.4,4
00-0037247,George Pickens,WR,PIT,2022,5,BUF,8.3,6
00-0037248,James Cook,RB,BUF,2022,5,PIT,9.1,0
00-0037256,Rachaad White,RB,TB,2022,5,ATL,4.2,3
00-0037257,David Bell,WR,CLE,2022,5,LAC,0.6,1
00-0037258,Dameon Pierce,RB,HOU,2022,5,JAX,17.3,3
00-0037261,Khalil Shakir,WR,BUF,2022,5,PIT,13.5,3
00-0037263,Tyler Allgeier,RB,ATL,2022,5,TB,4.5,0
00-0037272,Montrell Washington,WR,DEN,2022,5,IND,0.9,0
00-0037273,Kyle Philips,WR,TEN,2022,5,WAS,0.7,1
00-0037304,Connor Heyward,TE,PIT,2022,5,BUF,1.2,2
00-0037327,Skylar Thompson,QB,MIA,2022,5,NYJ,2.64,0
00-0037331,Zander Horvath,RB,LAC,2022,5,CLE,0.3,0
00-0037348,Tanner Conner,WR,MIA,2022,5,NYJ,0.0,0
00-0037664,Alec Pierce,WR,IND,2022,5,DEN,8.1,8
00-0037740,Garrett Wilson,WR,NYJ,2022,5,MIA,2.7,3
00-0037745,Velus Jones,WR,CHI,2022,5,MIN,6.9,1
00-0037746,Brian Robinson,RB,WAS,2022,5,TEN,2.2,0
00-0037755,Jelani Woods,TE,IND,2022,5,DEN,0.0,0
00-0037809,Chigoziem Okonkwo,TE,TEN,2022,5,WAS,0.0,0
00-0037816,Romeo Doubs,WR,GB,2022,5,NYG,2.9,3
00-0037828,Danny Gray,WR,SF,2022,5,CAR,0.0,0
00-0037834,Brock Purdy,QB,SF,2022,5,CAR,-0.1,0
00-0037838,Isaiah Likely,TE,BAL,2022,5,CIN,0.7,2
00-0038040,Zamir White,RB,LV,2022,5,KC,-0.7,0
00-0038090,Skyy Moore,WR,KC,2022,5,LV,1.5,2
00-0038102,Kenny Pickett,QB,PIT,2022,5,BUF,12.08,0
00-0038104,Tyquan Thornton,WR,NE,2022,5,DET,0.7,2
00-0038108,Bailey Zappe,QB,NE,2022,5,DET,10.02,0
00-0038115,Daniel Bellinger,TE,NYG,2022,5,GB,8.4,2
00-0038120,Breece Hall,RB,NYJ,2022,5,MIA,25.7,2
00-0038124,Christian Watson,WR,GB,2022,5,NYG,-0.2,1
00-0038129,Cade Otton,TE,TB,2022,5,ATL,4.3,6
00-0038134,Kenneth Walker,RB,SEA,2022,5,NO,14.8,0
00-0019596,Tom Brady,QB,TB,2022,6,PIT,13.72,0
00-0023459,Aaron Rodgers,QB,GB,2022,6,NYJ,11.84,0
00-0026143,Matt Ryan,QB,IND,2022,6,JAX,27.16,0
00-0026498,Matthew Stafford,QB,LA,2022,6,CAR,11.82,0
00-0027942,A.J. Green,WR,ARI,2022,6,SEA,0.7,2
00-0027966,Mark Ingram,RB,NO,2022,6,CIN,5.7,1
00-0027973,Andy Dalton,QB,NO,2022,6,CIN,10.48,0
00-0028002,Randall Cobb,WR,GB,2022,6,NYJ,0.8,1
00-0029263,Russell Wilson,QB,DEN,2022,6,LAC,13.82,0
00-0029604,Kirk Cousins,QB,MIN,2022,6,MIA,16.5,0
00-0030035,Adam Thielen,WR,MIN,2022,6,MIA,11.6,4
00-0030061,Zach Ertz,TE,ARI,2022,6,SEA,7.0,7
00-0030068,Marquise Goodwin,WR,SEA,2022,6,ARI,2.6,2
00-0030108,Ryan Griffin,TE,CHI,2022,6,WAS,0.0,0
00-0030506,Travis Kelce,TE,KC,2022,6,BUF,11.2,8
00-0030513,Latavius Murray,RB,DEN,2022,6,LAC,6.4,1
00-0030565,Geno Smith,QB,SEA,2022,6,ARI,12.68,0
00-0031237,Teddy Bridgewater,QB,MIA,2022,6,MIN,18.16,0
00-0031273,Cameron Brate,TE,TB,2022,6,PIT,1.4,2
00-0031345,Jimmy Garoppolo,QB,SF,2022,6,ATL,16.94,0
00-0031376,Jerick McKinnon,RB,KC,2022,6,BUF,3.0,3
00-0031408,Mike Evans,WR,TB,2022,6,PIT,4.2,4
00-0031428,Allen Robinson,WR,LA,2022,6,CAR,12.3,5
00-0031544,Amari Cooper,WR,CLE,2022,6,NE,10.4,4
00-0031545,Kevin White,WR,NO,2022,6,CIN,0.0,0
00-0031547,DeVante Parker,WR,NE,2022,6,CLE,6.4,4
00-0031585,MyCole Pruitt,TE,ATL,2022,6,SF,6.2,1
00-0031588,Stefon Diggs,WR,BUF,2022,6,KC,20.8,10
00-0031687,Raheem Mostert,RB,MIA,2022,6,MIN,4.8,1
00-0031690,Eric Tomlinson,TE,DEN,2022,6,LAC,1.6,1
00-0031763,DeAndre Carter,WR,LAC,2022,6,DEN,1.7,3
00-0031806,Malcolm Brown,RB,LA,2022,6,CAR,2.8,1
00-0032054,Breshad Perriman,WR,TB,2022,6,PIT,0.0,0
00-0032058,Tevin Coleman,RB,SF,2022,6,ATL,0.3,0
00-0032134,C.J. Uzomah,TE,NYJ,2022,6,GB,1.7,2
00-0032144,Melvin Gordon,RB,DEN,2022,6,LAC,0.8,0
00-0032211,Tyler Lockett,WR,SEA,2022,6,ARI,1.7,2
00-0032268,Marcus Mariota,QB,ATL,2022,6,SF,24.16,0
00-0032602,J.D. McKissic,RB,WAS,2022,6,CHI,2.0,0
00-0032775,Demarcus Robinson,WR,BAL,2022,6,NYG,2.7,3
00-0032950,Carson Wentz,QB,WAS,2022,6,CHI,4.16,0
00-0032980,Marcus Johnson,WR,NYG,2022,6,BAL,2.5,2
00-0033009,Tyler Boyd,WR,CIN,2022,6,NO,6.6,6
00-0033040,Tyreek Hill,WR,MIA,2022,6,MIN,17.7,12
00-0033045,Ezekiel Elliott,RB,DAL,2022,6,PHI,14.6,1
00-0033090,Hunter Henry,TE,NE,2022,6,CLE,12.1,4
00-0033110,Tyler Higbee,TE,LA,2022,6,CAR,0.7,1
00-0033118,Kenyan Drake,RB,BAL,2022,6,NYG,18.7,1
00-0033119,Jacoby Brissett,QB,CLE,2022,6,NE,8.64,0
00-0033246,Johnny Mundt,TE,MIN,2022,6,MIA,0.1,2
00-0033275,P.J. Walker,QB,CAR,2022,6,LA,2.3,0
00-0033280,Christian McCaffrey,RB,CAR,2022,6,LA,15.8,7
00-0033282,Curtis Samuel,WR,WAS,2022,6,CHI,0.6,2
00-0033288,George Kittle,TE,SF,2022,6,ATL,8.3,8
00-0033293,Aaron Jones,RB,GB,2022,6,NYJ,4.4,3
00-0033307,Kendrick Bourne,WR,NE,2022,6,CLE,1.7,1
00-0033308,Matt Breida,RB,NYG,2022,6,BAL,1.1,2
00-0033357,Taysom Hill,QB,NO,2022,6,CIN,4.54,0
00-0033439,Pharaoh Brown,TE,CLE,2022,6,NE,2.1,2
00-0033466,Isaiah McKenzie,WR,BUF,2022,6,KC,0.9,2
00-0033526,Samaje Perine,RB,CIN,2022,6,NO,1.6,2
00-0033536,Mike Williams,WR,LAC,2022,6,DEN,1.7,2
00-0033572,Jamal Agnew,WR,JAX,2022,6,IND,2.4,1
00-0033591,Noah Brown,WR,DAL,2022,6,PHI,1.0,1
00-0033662,Cooper Rush,QB,DAL,2022,6,PHI,5.24,0
00-0033699,Austin Ekeler,RB,LAC,2022,6,DEN,14.3,10
00-0033757,Robert Tonyan,TE,GB,2022,6,NYJ,9.0,10
00-0033856,Leonard Fournette,RB,TB,2022,6,PIT,16.1,6
00-0033857,JuJu Smith-Schuster,WR,KC,2022,6,BUF,17.3,5
00-0033858,Jonnu Smith,TE,NE,2022,6,CLE,6.1,2
00-0033869,Mitchell Trubisky,QB,PIT,2022,6,TB,10.26,0
00-0033871,Corey Davis,WR,NYJ,2022,6,GB,5.2,2
00-0033873,Patrick Mahomes,QB,KC,2022,6,BUF,19.62,0
00-0033881,Evan Engram,TE,JAX,2022,6,IND,4.0,5
00-0033885,David Njoku,TE,CLE,2022,6,NE,5.8,3
00-0033891,Zay Jones,WR,JAX,2022,6,IND,4.2,5
00-0033893,Dalvin Cook,RB,MIN,2022,6,MIA,14.3,1
00-0033895,Gerald Everett,TE,LAC,2022,6,DEN,2.9,5
00-0033897,Joe Mixon,RB,CIN,2022,6,NO,12.8,4
00-0033906,Alvin Kamara,RB,NO,2022,6,CIN,12.4,6
00-0033908,Cooper Kupp,WR,LA,2022,6,CAR,9.7,7
00-0033921,Chris Godwin,WR,TB,2022,6,PIT,9.5,6
00-0033923,Kareem Hunt,RB,CLE,2022,6,NE,1.2,0
00-0033925,D'Onta Foreman,RB,CAR,2022,6,LA,1.9,0
00-0034054,River Cracraft,WR,MIA,2022,6,MIN,0.0,0
00-0034104,Cam Sims,WR,WAS,2022,6,CHI,0.6,1
00-0034109,Phillip Lindsay,RB,IND,2022,6,JAX,3.2,3
00-0034115,Jeffery Wilson,RB,SF,2022,6,ATL,0.5,0
00-0034159,Will Dissly,TE,SEA,2022,6,ARI,1.2,1
00-0034208,Mike Boone,RB,DEN,2022,6,LAC,0.4,1
00-0034270,Tyler Conklin,TE,NYJ,2022,6,GB,1.7,1
00-0034272,Marquez Valdes-Scantling,WR,KC,2022,6,BUF,0.0,0
00-0034279,Equanimeous St. Brown,WR,CHI,2022,6,WAS,0.1,0
00-0034286,Richie James,WR,NYG,2022,6,BAL,1.8,2
00-0034317,Keith Kirkwood,WR,NO,2022,6,CIN,1.4,1
00-0034348,Courtland Sutton,WR,DEN,2022,6,LAC,1.4,2
00-0034351,Dallas Goedert,TE,PHI,2022,6,DAL,2.2,2
00-0034365,Ian Thomas,TE,CAR,2022,6,LA,2.2,2
00-0034386,Justin Watson,WR,KC,2022,6,BUF,0.0,0
00-0034407,Ray-Ray McCloud,WR,SF,2022,6,ATL,0.0,0
00-0034411,Russell Gage,WR,TB,2022,6,PIT,2.0,2
00-0034414,Boston Scott,RB,PHI,2022,6,DAL,1.6,0
00-0034419,Braxton Berrios,WR,NYJ,2022,6,GB,8.6,1
00-0034487,Trent Sherfield,WR,MIA,2022,6,MIN,0.6,1
00-0034521,Allen Lazard,WR,GB,2022,6,NYJ,13.6,4
00-0034646,Brandon Powell,WR,LA,2022,6,CAR,4.0,4
00-0034681,Chase Edmonds,RB,MIA,2022,6,MIN,3.1,2
00-0034753,Mark Andrews,TE,BAL,2022,6,NYG,16.6,7
00-0034764,Michael Gallup,WR,DAL,2022,6,PHI,1.8,2
00-0034765,Tre'Quan Smith,WR,NO,2022,6,CIN,10.3,3
00-0034775,Christian Kirk,WR,JAX,2022,6,IND,8.8,4
00-0034791,Nick Chubb,RB,CLE,2022,6,NE,7.0,1
00-0034796,Lamar Jackson,QB,BAL,2022,6,NYG,16.1,0
00-0034827,D.J. Moore,WR,CAR,2022,6,LA,0.7,3
00-0034829,Mike Gesicki,TE,MIA,2022,6,MIN,18.9,6
00-0034830,Hayden Hurst,TE,CIN,2022,6,NO,2.1,3
00-0034844,Saquon Barkley,RB,NYG,2022,6,BAL,15.5,3
00-0034845,Sony Michel,RB,LAC,2022,6,DEN,4.2,3
00-0034857,Josh Allen,QB,BUF,2022,6,KC,26.36,0
00-0034860,Dante Pettis,WR,CHI,2022,6,WAS,14.4,4
00-0034928,Steven Sims,WR,PIT,2022,6,TB,-0.5,0
00-0034960,Jakobi Meyers,WR,NE,2022,6,CLE,6.0,4
00-0034970,Irv Smith,TE,MIN,2022,6,MIA,6.7,4
00-0034972,Alexander Mattison,RB,MIN,2022,6,MIA,0.3,0
00-0035140,Mecole Hardman,WR,KC,2022,6,BUF,10.2,3
00-0035208,Olamide Zaccheaus,WR,ATL,2022,6,SF,5.8,4
00-0035216,Diontae Johnson,WR,PIT,2022,6,TB,3.6,5
00-0035222,Zach Gentry,TE,PIT,2022,6,TB,0.4,1
00-0035228,Kyler Murray,QB,ARI,2022,6,SEA,14.88,0
00-0035243,Miles Sanders,RB,PHI,2022,6,DAL,13.2,1
00-0035249,Josh Oliver,TE,BAL,2022,6,NYG,2.1,2
00-0035250,Devin Singletary,RB,BUF,2022,6,KC,10.7,4
00-0035261,Tony Pollard,RB,DAL,2022,6,PHI,5.2,2
00-0035308,Tommy Sweeney,TE,BUF,2022,6,KC,0.7,1
00-0035329,Donald Parham,TE,LAC,2022,6,DEN,5.3,3
00-0035359,David Sills,WR,NYG,2022,6,BAL,0.8,1
00-0035535,Darius Slayton,WR,NYG,2022,6,BAL,1.8,1
00-0035593,Juwann Winfree,WR,GB,2022,6,NYJ,0.0,0
00-0035628,D'Ernest Johnson,RB,CLE,2022,6,NE,0.9,2
00-0035639,Parris Campbell,WR,IND,2022,6,JAX,11.7,7
00-0035640,DK Metcalf,WR,SEA,2022,6,ARI,3.4,2
00-0035644,Noah Fant,TE,SEA,2022,6,ARI,4.5,6
00-0035659,Terry McLaurin,WR,WAS,2022,6,CHI,5.2,3
00-0035662,Marquise Brown,WR,ARI,2022,6,SEA,6.8,5
00-0035664,Darrell Henderson,RB,LA,2022,6,CAR,11.2,2
00-0035676,A.J. Brown,WR,PHI,2022,6,DAL,12.7,5
00-0035685,David Montgomery,RB,CHI,2022,6,WAS,8.0,1
00-0035689,Dawson Knox,TE,BUF,2022,6,KC,9.7,3
00-0035710,Daniel Jones,QB,NYG,2022,6,BAL,13.52,0
00-0035719,Deebo Samuel,WR,SF,2022,6,ATL,9.0,7
00-0035806,Jamycal Hasty,RB,JAX,2022,6,IND,11.7,0
00-0035831,James Robinson,RB,JAX,2022,6,IND,5.5,1
00-0035864,Kendall Hinton,WR,DEN,2022,6,LAC,0.8,1
00-0036032,Sean McKeon,TE,DAL,2022,6,PHI,1.0,1
00-0036040,Juwan Johnson,TE,NO,2022,6,CIN,4.1,4
00-0036158,J.K. Dobbins,RB,BAL,2022,6,NYG,1.5,0
00-0036196,Gabe Davis,WR,BUF,2022,6,KC,13.4,3
00-0036219,Marquez Callaway,WR,NO,2022,6,CIN,3.6,3
00-0036226,Jacob Eason,QB,CAR,2022,6,LA,0.36,0
00-0036232,Harrison Bryant,TE,CLE,2022,6,NE,1.8,3
00-0036233,Donovan Peoples-Jones,WR,CLE,2022,6,NE,7.6,4
00-0036244,Colby Parkinson,TE,SEA,2022,6,ARI,1.1,2
00-0036252,Michael Pittman,WR,IND,2022,6,JAX,13.4,13
00-0036259,Jauan Jennings,WR,SF,2022,6,ATL,1.8,2
00-0036261,Brandon Aiyuk,WR,SF,2022,6,ATL,20.3,8
00-0036264,Jordan Love,QB,GB,2022,6,NYJ,0.32,0
00-0036265,A.J. Dillon,RB,GB,2022,6,NYJ,5.2,4
00-0036271,Quez Watkins,WR,PHI,2022,6,DAL,-0.3,1
00-0036290,Cole Kmet,TE,CHI,2022,6,WAS,1.5,1
00-0036309,Darnell Mooney,WR,CHI,2022,6,WAS,6.8,7
00-0036322,Justin Jefferson,WR,MIN,2022,6,MIA,10.7,6
00-0036326,Chase Claypool,WR,PIT,2022,6,TB,16.4,7
00-0036328,Antonio Gibson,RB,WAS,2022,6,CHI,5.3,3
00-0036331,Devin Duvernay,WR,BAL,2022,6,NYG,1.4,1
00-0036332,Josiah Deguara,TE,GB,2022,6,NYJ,0.9,1
00-0036345,K.J. Osborn,WR,MIN,2022,6,MIA,1.8,3
00-0036355,Justin Herbert,QB,LAC,2022,6,DEN,8.42,0
00-0036358,CeeDee Lamb,WR,DAL,2022,6,PHI,7.7,5
00-0036360,Clyde Edwards-Helaire,RB,KC,2022,6,BUF,3.3,0
00-0036383,Eno Benjamin,RB,ARI,2022,6,SEA,6.5,3
00-0036389,Jalen Hurts,QB,PHI,2022,6,DAL,16.9,0
00-0036407,Jerry Jeudy,WR,DEN,2022,6,LAC,5.4,3
00-0036410,Tee Higgins,WR,CIN,2022,6,NO,4.7,6
00-0036412,K.J. Hamler,WR,DEN,2022,6,LAC,4.4,2
00-0036422,Adam Trautman,TE,NO,2022,6,CIN,0.8,1
00-0036425,DeeJay Dallas,RB,SEA,2022,6,ARI,0.1,0
00-0036429,Charlie Woerner,TE,SF,2022,6,ATL,0.0,0
00-0036442,Joe Burrow,QB,CIN,2022,6,NO,32.5,0
00-0036482,Mike Strachan,WR,IND,2022,6,JAX,0.0,0
00-0036493,Deon Jackson,RB,IND,2022,6,JAX,18.1,10
00-0036497,Tim Jones,WR,JAX,2022,6,IND,2.0,1
00-0036555,Chuba Hubbard,RB,CAR,2022,6,LA,0.7,1
00-0036572,Shi Smith,WR,CAR,2022,6,LA,0.0,0
00-0036613,Jaylen Waddle,WR,MIA,2022,6,MIN,10.9,6
00-0036620,D'Wayne Eskridge,WR,SEA,2022,6,ARI,3.9,3
00-0036626,Dyami Brown,WR,WAS,2022,6,CHI,0.0,0
00-0036630,Tylan Wallace,WR,BAL,2022,6,NYG,0.4,1
00-0036635,Ihmir Smith-Marsette,WR,CHI,2022,6,WAS,-0.1,0
00-0036637,Noah Gray,TE,KC,2022,6,BUF,1.3,3
00-0036671,Dax Milne,WR,WAS,2022,6,CHI,0.5,1
00-0036741,Jack Stoll,TE,PHI,2022,6,DAL,2.1,1
00-0036829,Caleb Huntley,RB,ATL,2022,6,SF,5.9,0
00-0036849,Tutu Atwell,WR,LA,2022,6,CAR,0.9,0
00-0036862,Ben Skowronek,WR,LA,2022,6,CAR,11.7,5
00-0036875,Rhamondre Stevenson,RB,NE,2022,6,CLE,21.1,4
00-0036876,Kylen Granson,TE,IND,2022,6,JAX,3.8,4
00-0036887,Luke Farrell,TE,JAX,2022,6,IND,1.1,1
00-0036893,Najee Harris,RB,PIT,2022,6,TB,10.9,2
00-0036900,Ja'Marr Chase,WR,CIN,2022,6,NO,25.2,7
00-0036906,Khalil Herbert,RB,CHI,2022,6,WAS,7.4,0
00-0036912,DeVonta Smith,WR,PHI,2022,6,DAL,10.4,5
00-0036919,Kenneth Gainwell,RB,PHI,2022,6,DAL,2.5,0
00-0036924,Michael Carter,RB,NYJ,2022,6,GB,4.7,1
00-0036936,Rondale Moore,WR,ARI,2022,6,SEA,4.9,6
00-0036945,Justin Fields,QB,CHI,2022,6,WAS,18.4,0
00-0036950,Avery Williams,RB,ATL,2022,6,SF,0.8,1
00-0036955,Terrace Marshall,WR,CAR,2022,6,LA,0.0,0
00-0036959,Michael Bandy,WR,LAC,2022,6,DEN,0.4,1
00-0036970,Kyle Pitts,TE,ATL,2022,6,SF,7.9,3
00-0036971,Trevor Lawrence,QB,JAX,2022,6,IND,24.9,0
00-0036973,Travis Etienne,RB,JAX,2022,6,IND,8.8,2
00-0036988,Josh Palmer,WR,LAC,2022,6,DEN,5.7,9
00-0036991,Amari Rodgers,WR,GB,2022,6,NYJ,1.4,1
00-0036999,Anthony Schwartz,WR,CLE,2022,6,NE,0.0,0
00-0037013,Zach Wilson,QB,NYJ,2022,6,GB,4.5,0
00-0037078,Cole Turner,TE,WAS,2022,6,CHI,2.3,2
00-0037197,Isiah Pacheco,RB,KC,2022,6,BUF,1.8,2
00-0037228,Jaylen Warren,RB,PIT,2022,6,TB,0.2,0
00-0037238,Drake London,WR,ATL,2022,6,SF,4.0,3
00-0037247,George Pickens,WR,PIT,2022,6,TB,2.8,3
00-0037248,James Cook,RB,BUF,2022,6,KC,0.8,0
00-0037252,Greg Dulcich,TE,DEN,2022,6,LAC,10.4,2
00-0037256,Rachaad White,RB,TB,2022,6,PIT,2.3,3
00-0037257,David Bell,WR,CLE,2022,6,NE,1.3,1
00-0037261,Khalil Shakir,WR,BUF,2022,6,KC,1.4,1
00-0037263,Tyler Allgeier,RB,ATL,2022,6,SF,5.1,0
00-0037272,Montrell Washington,WR,DEN,2022,6,LAC,0.0,1
00-0037286,Kevin Harris,RB,NE,2022,6,CLE,0.5,0
00-0037299,Keaontay Ingram,RB,ARI,2022,6,SEA,0.7,0
00-0037300,Mike Woods,WR,CLE,2022,6,NE,1.5,1
00-0037304,Connor Heyward,TE,PIT,2022,6,TB,4.9,2
00-0037327,Skylar Thompson,QB,MIA,2022,6,MIN,4.46,0
00-0037331,Zander Horvath,RB,LAC,2022,6,DEN,0.0,1
00-0037348,Tanner Conner,WR,MIA,2022,6,MIN,0.0,0
00-0037545,Rashid Shaheed,WR,NO,2022,6,CIN,10.4,0
00-0037557,Ronnie Rivers,RB,LA,2022,6,CAR,1.4,1
00-0037569,Peyton Hendershot,TE,DAL,2022,6,PHI,2.2,2
00-0037664,Alec Pierce,WR,IND,2022,6,JAX,10.9,3
00-0037740,Garrett Wilson,WR,NYJ,2022,6,GB,0.8,1
00-0037745,Velus Jones,WR,CHI,2022,6,WAS,1.8,1
00-0037746,Brian Robinson,RB,WAS,2022,6,CHI,12.0,0
00-0037755,Jelani Woods,TE,IND,2022,6,JAX,8.7,2
00-0037801,Kavontae Turpin,WR,DAL,2022,6,PHI,0.0,0
00-0037816,Romeo Doubs,WR,GB,2022,6,NYJ,2.1,4
00-0037838,Isaiah Likely,TE,BAL,2022,6,NYG,3.0,2
00-0038041,Jake Ferguson,TE,DAL,2022,6,PHI,10.0,4
00-0038090,Skyy Moore,WR,KC,2022,6,BUF,2.4,1
00-0038098,Pierre Strong,RB,NE,2022,6,CLE,0.5,0
00-0038102,Kenny Pickett,QB,PIT,2022,6,TB,8.28,0
00-0038104,Tyquan Thornton,WR,NE,2022,6,CLE,17.3,4
00-0038108,Bailey Zappe,QB,NE,2022,6,CLE,17.36,1
00-0038115,Daniel Bellinger,TE,NYG,2022,6,BAL,9.8,5
00-0038117,Wan'Dale Robinson,WR,NYG,2022,6,BAL,9.7,3
00-0038120,Breece Hall,RB,NYJ,2022,6,GB,18.1,2
00-0038129,Cade Otton,TE,TB,2022,6,PIT,2.3,2
00-0038134,Kenneth Walker,RB,SEA,2022,6,ARI,17.0,2
00-0019596,Tom Brady,QB,TB,2022,7,CAR,11.7,0
00-0023459,Aaron Rodgers,QB,GB,2022,7,WAS,15.76,0
00-0026143,Matt Ryan,QB,IND,2022,7,TEN,9.92,0
00-0026197,Chad Henne,QB,KC,2022,7,SF,-0.3,0
00-0027966,Mark Ingram,RB,NO,2022,7,ARI,2.2,3
00-0027973,Andy Dalton,QB,NO,2022,7,ARI,26.54,0
00-0027981,Kyle Rudolph,TE,TB,2022,7,CAR,0.8,1
00-0029293,Marvin Jones,WR,JAX,2022,7,NYG,5.7,4
00-0029701,Ryan Tannehill,QB,TEN,2022,7,IND,3.88,0
00-0030061,Zach Ertz,TE,ARI,2022,7,NO,4.1,2
00-0030068,Marquise Goodwin,WR,SEA,2022,7,LAC,18.7,4
00-0030108,Ryan Griffin,TE,CHI,2022,7,NE,0.5,1
00-0030279,Keenan Allen,WR,LAC,2022,7,SEA,1.1,2
00-0030288,Rex Burkhead,RB,HOU,2022,7,LV,1.9,5
00-0030431,Robert Woods,WR,TEN,2022,7,IND,2.6,3
00-0030506,Travis Kelce,TE,KC,2022,7,SF,9.8,6
00-0030513,Latavius Murray,RB,DEN,2022,7,NYJ,8.3,2
00-0030564,DeAndre Hopkins,WR,ARI,2022,7,NO,10.3,10
00-0030565,Geno Smith,QB,SEA,2022,7,LAC,13.1,0
00-0031236,Brandin Cooks,WR,HOU,2022,7,LV,4.6,4
00-0031280,Derek Carr,QB,LV,2022,7,HOU,13.54,0
00-0031325,Sammy Watkins,WR,GB,2022,7,WAS,3.6,2
00-0031345,Jimmy Garoppolo,QB,SF,2022,7,KC,16.32,0
00-0031376,Jerick McKinnon,RB,KC,2022,7,SF,4.8,2
00-0031381,Davante Adams,WR,LV,2022,7,HOU,9.5,8
00-0031408,Mike Evans,WR,TB,2022,7,CAR,9.6,9
00-0031544,Amari Cooper,WR,CLE,2022,7,BAL,7.4,3
00-0031545,Kevin White,WR,NO,2022,7,ARI,6.4,1
00-0031547,DeVante Parker,WR,NE,2022,7,CHI,6.8,3
00-0031549,Nelson Agholor,WR,NE,2022,7,CHI,0.0,0
00-0031687,Raheem Mostert,RB,MIA,2022,7,PIT,16.9,4
00-0031690,Eric Tomlinson,TE,DEN,2022,7,NYJ,2.1,2
00-0031763,DeAndre Carter,WR,LAC,2022,7,SEA,3.7,3
00-0031800,Taylor Heinicke,QB,WAS,2022,7,GB,14.44,0
00-0031868,Damiere Byrd,WR,ATL,2022,7,CIN,13.5,1
00-0032104,Ameer Abdullah,RB,LV,2022,7,HOU,0.7,2
00-0032134,C.J. Uzomah,TE,NYJ,2022,7,DEN,0.5,1
00-0032141,Geoff Swaim,TE,TEN,2022,7,IND,0.0,0
00-0032144,Melvin Gordon,RB,DEN,2022,7,NYJ,5.0,2
00-0032208,Phillip Dorsett,WR,HOU,2022,7,LV,10.5,2
00-0032211,Tyler Lockett,WR,SEA,2022,7,LAC,4.5,7
00-0032268,Marcus Mariota,QB,ATL,2022,7,CIN,12.06,0
00-0032392,Austin Hooper,TE,TEN,2022,7,IND,5.6,3
00-0032398,Chris Moore,WR,HOU,2022,7,LV,8.0,2
00-0032464,Kalif Raymond,WR,DET,2022,7,DAL,9.5,5
00-0032602,J.D. McKissic,RB,WAS,2022,7,GB,0.4,0
00-0032688,Robbie Chosen,WR,ARI,2022,7,NO,0.0,0
00-0032764,Derrick Henry,RB,TEN,2022,7,IND,13.8,3
00-0032980,Marcus Johnson,WR,NYG,2022,7,JAX,0.0,0
00-0033009,Tyler Boyd,WR,CIN,2022,7,ATL,21.5,8
00-0033040,Tyreek Hill,WR,MIA,2022,7,PIT,7.2,7
00-0033045,Ezekiel Elliott,RB,DAL,2022,7,DET,17.7,0
00-0033077,Dak Prescott,QB,DAL,2022,7,DET,12.28,0
00-0033090,Hunter Henry,TE,NE,2022,7,CHI,1.2,1
00-0033106,Jared Goff,QB,DET,2022,7,DAL,1.52,0
00-0033118,Kenyan Drake,RB,BAL,2022,7,CLE,0.5,0
00-0033119,Jacoby Brissett,QB,CLE,2022,7,BAL,10.12,0
00-0033275,P.J. Walker,QB,CAR,2022,7,TB,15.08,0
00-0033280,Christian McCaffrey,RB,SF,2022,7,KC,6.2,2
00-0033282,Curtis Samuel,WR,WAS,2022,7,GB,7.9,5
00-0033288,George Kittle,TE,SF,2022,7,KC,15.8,6
00-0033293,Aaron Jones,RB,GB,2022,7,WAS,19.6,9
00-0033308,Matt Breida,RB,NYG,2022,7,JAX,3.3,1
00-0033357,Taysom Hill,QB,NO,2022,7,ARI,9.12,1
00-0033386,Cody Hollister,WR,TEN,2022,7,IND,3.2,2
00-0033526,Samaje Perine,RB,CIN,2022,7,ATL,0.8,2
00-0033536,Mike Williams,WR,LAC,2022,7,SEA,14.6,7
00-0033555,Mack Hollins,WR,LV,2022,7,HOU,10.4,2
00-0033576,Eric Saubert,TE,DEN,2022,7,NYJ,0.0,0
00-0033591,Noah Brown,WR,DAL,2022,7,DET,3.0,5
00-0033699,Austin Ekeler,RB,LAC,2022,7,SEA,24.7,12
00-0033757,Robert Tonyan,TE,GB,2022,7,WAS,3.2,3
00-0033854,Dare Ogunbowale,RB,HOU,2022,7,LV,6.2,5
00-0033856,Leonard Fournette,RB,TB,2022,7,CAR,2.6,2
00-0033857,JuJu Smith-Schuster,WR,KC,2022,7,SF,18.4,7
00-0033858,Jonnu Smith,TE,NE,2022,7,CHI,0.4,1
00-0033871,Corey Davis,WR,NYJ,2022,7,DEN,0.0,0
00-0033873,Patrick Mahomes,QB,KC,2022,7,SF,26.92,0
00-0033881,Evan Engram,TE,JAX,2022,7,NYG,6.7,4
00-0033885,David Njoku,TE,CLE,2022,7,BAL,7.1,7
00-0033891,Zay Jones,WR,JAX,2022,7,NYG,6.8,4
00-0033895,Gerald Everett,TE,LAC,2022,7,SEA,6.3,5
00-0033897,Joe Mixon,RB,CIN,2022,7,ATL,15.1,3
00-0033906,Alvin Kamara,RB,NO,2022,7,ARI,10.5,7
00-0033921,Chris Godwin,WR,TB,2022,7,CAR,4.5,7
00-0033923,Kareem Hunt,RB,CLE,2022,7,BAL,6.8,1
00-0033925,D'Onta Foreman,RB,CAR,2022,7,TB,14.5,2
00-0033943,Josh Reynolds,WR,DET,2022,7,DAL,0.8,1
00-0033948,Jamaal Williams,RB,DET,2022,7,DAL,6.3,1
00-0034011,Dan Arnold,TE,JAX,2022,7,NYG,2.4,1
00-0034104,Cam Sims,WR,WAS,2022,7,GB,1.2,1
00-0034115,Jeffery Wilson,RB,SF,2022,7,KC,5.4,0
00-0034159,Will Dissly,TE,SEA,2022,7,LAC,4.5,4
00-0034184,Gus Edwards,RB,BAL,2022,7,CLE,18.6,0
00-0034208,Mike Boone,RB,DEN,2022,7,NYJ,2.3,0
00-0034253,Dontrell Hilliard,RB,TEN,2022,7,IND,0.4,0
00-0034270,Tyler Conklin,TE,NYJ,2022,7,DEN,2.2,4
00-0034272,Marquez Valdes-Scantling,WR,KC,2022,7,SF,11.1,3
00-0034279,Equanimeous St. Brown,WR,CHI,2022,7,NE,4.8,4
00-0034286,Richie James,WR,NYG,2022,7,JAX,0.2,1
00-0034348,Courtland Sutton,WR,DEN,2022,7,NYJ,2.3,3
00-0034364,Jordan Akins,TE,HOU,2022,7,LV,6.8,3
00-0034365,Ian Thomas,TE,CAR,2022,7,TB,0.3,1
00-0034367,Nyheim Hines,RB,IND,2022,7,TEN,4.3,5
00-0034383,Dalton Schultz,TE,DAL,2022,7,DET,4.9,5
00-0034386,Justin Watson,WR,KC,2022,7,SF,6.4,1
00-0034407,Ray-Ray McCloud,WR,SF,2022,7,KC,12.5,4
00-0034411,Russell Gage,WR,TB,2022,7,CAR,3.9,4
00-0034419,Braxton Berrios,WR,NYJ,2022,7,DEN,4.2,3
00-0034440,Justin Jackson,RB,DET,2022,7,DAL,0.2,0
00-0034487,Trent Sherfield,WR,MIA,2022,7,PIT,4.4,3
00-0034521,Allen Lazard,WR,GB,2022,7,WAS,5.5,6
00-0034613,Tanner Hudson,TE,NYG,2022,7,JAX,0.0,0
00-0034681,Chase Edmonds,RB,MIA,2022,7,PIT,1.7,0
00-0034753,Mark Andrews,TE,BAL,2022,7,CLE,0.4,0
00-0034764,Michael Gallup,WR,DAL,2022,7,DET,0.0,0
00-0034765,Tre'Quan Smith,WR,NO,2022,7,ARI,5.9,5
00-0034775,Christian Kirk,WR,JAX,2022,7,NYG,10.1,7
00-0034791,Nick Chubb,RB,CLE,2022,7,BAL,16.7,2
00-0034796,Lamar Jackson,QB,BAL,2022,7,CLE,10.7,0
00-0034827,D.J. Moore,WR,CAR,2022,7,TB,12.6,7
00-0034829,Mike Gesicki,TE,MIA,2022,7,PIT,2.7,3
00-0034830,Hayden Hurst,TE,CIN,2022,7,ATL,4.8,6
00-0034844,Saquon Barkley,RB,NYG,2022,7,JAX,13.5,4
00-0034845,Sony Michel,RB,LAC,2022,7,SEA,1.3,1
00-0034860,Dante Pettis,WR,CHI,2022,7,NE,3.1,1
00-0034955,Brett Rypien,QB,DEN,2022,7,NYJ,7.9,0
00-0034960,Jakobi Meyers,WR,NE,2022,7,CHI,9.4,2
00-0034975,Justice Hill,RB,BAL,2022,7,CLE,0.6,0
00-0034981,Foster Moreau,TE,LV,2022,7,HOU,2.8,3
00-0034983,Hunter Renfrow,WR,LV,2022,7,HOU,5.5,3
00-0035140,Mecole Hardman,WR,KC,2022,7,SF,24.0,4
00-0035208,Olamide Zaccheaus,WR,ATL,2022,7,CIN,3.1,3
00-0035216,Diontae Johnson,WR,PIT,2022,7,MIA,4.5,5
00-0035222,Zach Gentry,TE,PIT,2022,7,MIA,0.0,2
00-0035228,Kyler Murray,QB,ARI,2022,7,NO,17.16,0
00-0035229,T.J. Hockenson,TE,DET,2022,7,DAL,4.8,4
00-0035249,Josh Oliver,TE,BAL,2022,7,CLE,0.0,0
00-0035261,Tony Pollard,RB,DAL,2022,7,DET,10.9,2
00-0035298,Scott Miller,WR,TB,2022,7,CAR,0.6,2
00-0035345,Chris Myarick,TE,NYG,2022,7,JAX,2.1,2
00-0035359,David Sills,WR,NYG,2022,7,JAX,1.9,1
00-0035432,Jason Moore,WR,LAC,2022,7,SEA,0.5,1
00-0035500,Greg Dortch,WR,ARI,2022,7,NO,6.6,1
00-0035510,Jeff Smith,WR,NYJ,2022,7,DEN,0.0,0
00-0035535,Darius Slayton,WR,NYG,2022,7,JAX,11.8,3
00-0035537,Ty Johnson,RB,NYJ,2022,7,DEN,0.9,1
00-0035544,Tom Kennedy,WR,DET,2022,7,DAL,1.4,2
00-0035547,Joseph Fortson,TE,KC,2022,7,SF,0.8,1
00-0035567,Craig Reynolds,RB,DET,2022,7,DAL,3.0,3
00-0035624,N'Keal Harry,WR,CHI,2022,7,NE,1.4,1
00-0035639,Parris Campbell,WR,IND,2022,7,TEN,13.0,10
00-0035640,DK Metcalf,WR,SEA,2022,7,LAC,1.2,1
00-0035644,Noah Fant,TE,SEA,2022,7,LAC,0.7,1
00-0035657,Damien Harris,RB,NE,2022,7,CHI,1.0,1
00-0035659,Terry McLaurin,WR,WAS,2022,7,GB,13.3,5
00-0035685,David Montgomery,RB,CHI,2022,7,NE,12.2,0
00-0035700,Josh Jacobs,RB,LV,2022,7,HOU,33.5,3
00-0035710,Daniel Jones,QB,NYG,2022,7,JAX,28.78,0
00-0035719,Deebo Samuel,WR,SF,2022,7,KC,4.4,5
00-0035771,Mitchell Wilcox,TE,CIN,2022,7,ATL,1.4,2
00-0035806,Jamycal Hasty,RB,JAX,2022,7,NYG,0.6,0
00-0035831,James Robinson,RB,JAX,2022,7,NYG,0.0,0
00-0035864,Kendall Hinton,WR,DEN,2022,7,NYJ,1.4,1
00-0036040,Juwan Johnson,TE,NO,2022,7,ARI,15.2,5
00-0036176,Mason Kinsey,WR,TEN,2022,7,IND,0.3,1
00-0036182,Nick Westbrook-Ikhine,WR,TEN,2022,7,IND,0.0,0
00-0036212,Tua Tagovailoa,QB,MIA,2022,7,PIT,15.94,0
00-0036219,Marquez Callaway,WR,NO,2022,7,ARI,2.0,2
00-0036223,Jonathan Taylor,RB,IND,2022,7,TEN,8.5,7
00-0036232,Harrison Bryant,TE,CLE,2022,7,BAL,1.5,2
00-0036233,Donovan Peoples-Jones,WR,CLE,2022,7,BAL,5.1,6
00-0036244,Colby Parkinson,TE,SEA,2022,7,LAC,2.8,1
00-0036252,Michael Pittman,WR,IND,2022,7,TEN,3.8,6
00-0036255,Denzel Mims,WR,NYJ,2022,7,DEN,0.4,1
00-0036259,Jauan Jennings,WR,SF,2022,7,KC,2.4,2
00-0036261,Brandon Aiyuk,WR,SF,2022,7,KC,8.2,7
00-0036265,A.J. Dillon,RB,GB,2022,7,WAS,1.5,0
00-0036268,Laviska Shenault,WR,CAR,2022,7,TB,0.8,1
00-0036290,Cole Kmet,TE,CHI,2022,7,NE,3.2,2
00-0036309,Darnell Mooney,WR,CHI,2022,7,NE,5.3,3
00-0036326,Chase Claypool,WR,PIT,2022,7,MIA,4.1,5
00-0036328,Antonio Gibson,RB,WAS,2022,7,GB,13.7,3
00-0036331,Devin Duvernay,WR,BAL,2022,7,CLE,4.2,2
00-0036355,Justin Herbert,QB,LAC,2022,7,SEA,17.12,1
00-0036358,CeeDee Lamb,WR,DAL,2022,7,DET,6.6,4
00-0036360,Clyde Edwards-Helaire,RB,KC,2022,7,SF,9.2,0
00-0036383,Eno Benjamin,RB,ARI,2022,7,NO,19.3,4
00-0036407,Jerry Jeudy,WR,DEN,2022,7,NYJ,9.6,7
00-0036410,Tee Higgins,WR,CIN,2022,7,ATL,9.3,5
00-0036412,K.J. Hamler,WR,DEN,2022,7,NYJ,1.8,1
00-0036425,DeeJay Dallas,RB,SEA,2022,7,LAC,4.1,2
00-0036442,Joe Burrow,QB,CIN,2022,7,ATL,39.24,0
00-0036493,Deon Jackson,RB,IND,2022,7,TEN,0.3,0
00-0036497,Tim Jones,WR,JAX,2022,7,NYG,0.7,1
00-0036527,D.J. Turner,WR,LV,2022,7,HOU,2.0,0
00-0036550,Rashod Bateman,WR,BAL,2022,7,CLE,4.2,4
00-0036554,Nico Collins,WR,HOU,2022,7,LV,3.3,3
00-0036555,Chuba Hubbard,RB,CAR,2022,7,TB,13.3,2
00-0036556,Brevin Jordan,TE,HOU,2022,7,LV,0.0,0
00-0036613,Jaylen Waddle,WR,MIA,2022,7,PIT,8.8,4
00-0036620,D'Wayne Eskridge,WR,SEA,2022,7,LAC,0.4,0
00-0036637,Noah Gray,TE,KC,2022,7,SF,1.0,1
00-0036671,Dax Milne,WR,WAS,2022,7,GB,0.4,1
00-0036754,Brock Wright,TE,DET,2022,7,DAL,5.7,4
00-0036829,Caleb Huntley,RB,ATL,2022,7,CIN,2.2,0
00-0036875,Rhamondre Stevenson,RB,NE,2022,7,CHI,15.8,8
00-0036876,Kylen Granson,TE,IND,2022,7,TEN,0.6,1
00-0036877,Jaelon Darden,WR,TB,2022,7,CAR,0.1,1
00-0036893,Najee Harris,RB,PIT,2022,7,MIA,8.0,3
00-0036894,Pat Freiermuth,TE,PIT,2022,7,MIA,7.5,8
00-0036898,Davis Mills,QB,HOU,2022,7,LV,18.08,0
00-0036900,Ja'Marr Chase,WR,CIN,2022,7,ATL,25.0,8
00-0036906,Khalil Herbert,RB,CHI,2022,7,NE,14.7,1
00-0036924,Michael Carter,RB,NYJ,2022,7,DEN,7.4,2
00-0036936,Rondale Moore,WR,ARI,2022,7,NO,3.1,1
00-0036945,Justin Fields,QB,CHI,2022,7,NE,23.36,0
00-0036950,Avery Williams,RB,ATL,2022,7,CIN,0.4,0
00-0036955,Terrace Marshall,WR,CAR,2022,7,TB,3.1,2
00-0036959,Michael Bandy,WR,LAC,2022,7,SEA,-0.5,1
00-0036963,Amon-Ra St. Brown,WR,DET,2022,7,DAL,0.4,1
00-0036970,Kyle Pitts,TE,ATL,2022,7,CIN,0.9,3
00-0036971,Trevor Lawrence,QB,JAX,2022,7,NYG,18.7,0
00-0036972,Mac Jones,QB,NE,2022,7,CHI,0.92,0
00-0036973,Travis Etienne,RB,JAX,2022,7,NYG,17.9,1
00-0036991,Amari Rodgers,WR,GB,2022,7,WAS,1.4,2
00-0037005,Tommy Tremble,TE,CAR,2022,7,TB,8.9,1
00-0037013,Zach Wilson,QB,NYJ,2022,7,DEN,7.24,0
00-0037078,Cole Turner,TE,WAS,2022,7,GB,0.0,0
00-0037087,Trestan Ebner,RB,CHI,2022,7,NE,0.8,0
00-0037098,Samori Toure,WR,GB,2022,7,WAS,0.4,1
00-0037168,Armani Rogers,TE,WAS,2022,7,GB,2.8,3
00-0037197,Isiah Pacheco,RB,KC,2022,7,SF,4.3,0
00-0037228,Jaylen Warren,RB,PIT,2022,7,MIA,2.4,2
00-0037238,Drake London,WR,ATL,2022,7,CIN,0.9,1
00-0037239,Chris Olave,WR,NO,2022,7,ARI,10.6,7
00-0037247,George Pickens,WR,PIT,2022,7,MIA,12.1,6
00-0037252,Greg Dulcich,TE,DEN,2022,7,NYJ,5.1,6
00-0037256,Rachaad White,RB,TB,2022,7,CAR,3.2,1
00-0037257,David Bell,WR,CLE,2022,7,BAL,0.7,1
00-0037258,Dameon Pierce,RB,HOU,2022,7,LV,11.7,4
00-0037263,Tyler Allgeier,RB,ATL,2022,7,CIN,11.0,0
00-0037272,Montrell Washington,WR,DEN,2022,7,NYJ,0.2,0
00-0037299,Keaontay Ingram,RB,ARI,2022,7,NO,9.7,2
00-0037304,Connor Heyward,TE,PIT,2022,7,MIA,0.6,1
00-0037311,Ko Kieft,TE,TB,2022,7,CAR,1.8,1
00-0037429,Raheem Blackshear,RB,CAR,2022,7,TB,-0.5,0
00-0037545,Rashid Shaheed,WR,NO,2022,7,ARI,11.3,1
00-0037569,Peyton Hendershot,TE,DAL,2022,7,DET,6.5,2
00-0037617,Hassan Haskins,RB,TEN,2022,7,IND,0.5,1
00-0037664,Alec Pierce,WR,IND,2022,7,TEN,3.7,3
00-0037740,Garrett Wilson,WR,NYJ,2022,7,DEN,2.4,4
00-0037746,Brian Robinson,RB,WAS,2022,7,GB,8.6,2
00-0037755,Jelani Woods,TE,IND,2022,7,TEN,0.4,1
00-0037801,Kavontae Turpin,WR,DAL,2022,7,DET,0.3,0
00-0037809,Chigoziem Okonkwo,TE,TEN,2022,7,IND,0.0,0
00-0037816,Romeo Doubs,WR,GB,2022,7,WAS,0.0,0
00-0037827,Tyrion Davis-Price,RB,SF,2022,7,KC,0.4,0
00-0037828,Danny Gray,WR,SF,2022,7,KC,0.0,0
00-0037834,Brock Purdy,QB,SF,2022,7,KC,0.74,0
00-0037838,Isaiah Likely,TE,BAL,2022,7,CLE,1.6,1
00-0038040,Zamir White,RB,LV,2022,7,HOU,0.2,0
00-0038041,Jake Ferguson,TE,DAL,2022,7,DET,0.7,1
00-0038045,Isaiah Spiller,RB,LAC,2022,7,SEA,-0.5,0
00-0038090,Skyy Moore,WR,KC,2022,7,SF,0.0,0
00-0038102,Kenny Pickett,QB,PIT,2022,7,MIA,10.28,0
00-0038104,Tyquan Thornton,WR,NE,2022,7,CHI,1.9,1
00-0038108,Bailey Zappe,QB,NE,2022,7,CHI,5.3,0
00-0038115,Daniel Bellinger,TE,NYG,2022,7,JAX,1.3,1
00-0038117,Wan'Dale Robinson,WR,NYG,2022,7,JAX,5.0,6
00-0038120,Breece Hall,RB,NYJ,2022,7,DEN,13.2,0
00-0038129,Cade Otton,TE,TB,2022,7,CAR,6.4,4
00-0038134,Kenneth Walker,RB,SEA,2022,7,LAC,28.7,0
00-0019596,Tom Brady,QB,TB,2022,8,BAL,17.1,0
00-0023459,Aaron Rodgers,QB,GB,2022,8,BUF,15.22,0
00-0026498,Matthew Stafford,QB,LA,2022,8,SF,17.38,0
00-0027942,A.J. Green,WR,ARI,2022,8,MIN,0.0,0
00-0027944,Julio Jones,WR,TB,2022,8,BAL,8.1,2
00-0027966,Mark Ingram,RB,NO,2022,8,LV,0.2,1
00-0027973,Andy Dalton,QB,NO,2022,8,LV,17.16,0
00-0027981,Kyle Rudolph,TE,TB,2022,8,BAL,0.0,0
00-0029263,Russell Wilson,QB,DEN,2022,8,JAX,13.78,0
00-0029293,Marvin Jones,WR,JAX,2022,8,DEN,0.0,0
00-0029604,Kirk Cousins,QB,MIN,2022,8,ARI,23.48,0
00-0030035,Adam Thielen,WR,MIN,2022,8,ARI,6.7,6
00-0030061,Zach Ertz,TE,ARI,2022,8,MIN,9.4,4
00-0030068,Marquise Goodwin,WR,SEA,2022,8,NYG,3.3,4
00-0030288,Rex Burkhead,RB,HOU,2022,8,TEN,0.2,1
00-0030431,Robert Woods,WR,TEN,2022,8,HOU,2.6,2
00-0030513,Latavius Murray,RB,DEN,2022,8,JAX,11.9,1
00-0030564,DeAndre Hopkins,WR,ARI,2022,8,MIN,21.9,12
00-0030565,Geno Smith,QB,SEA,2022,8,NYG,19.08,0
00-0031236,Brandin Cooks,WR,HOU,2022,8,TEN,7.3,4
00-0031280,Derek Carr,QB,LV,2022,8,NO,1.94,0
00-0031325,Sammy Watkins,WR,GB,2022,8,BUF,0.3,1
00-0031345,Jimmy Garoppolo,QB,SF,2022,8,LA,17.7,0
00-0031381,Davante Adams,WR,LV,2022,8,NO,0.2,1
00-0031408,Mike Evans,WR,TB,2022,8,BAL,12.3,6
00-0031428,Allen Robinson,WR,LA,2022,8,SF,5.4,5
00-0031484,Chris Manhertz,TE,JAX,2022,8,DEN,-0.1,1
00-0031544,Amari Cooper,WR,CLE,2022,8,CIN,17.1,5
00-0031547,DeVante Parker,WR,NE,2022,8,NYJ,0.0,0
00-0031549,Nelson Agholor,WR,NE,2022,8,NYJ,0.2,1
00-0031588,Stefon Diggs,WR,BUF,2022,8,GB,16.8,6
00-0031687,Raheem Mostert,RB,MIA,2022,8,DET,6.7,1
00-0031787,Jake Kumerow,WR,BUF,2022,8,GB,0.0,0
00-0031800,Taylor Heinicke,QB,WAS,2022,8,IND,22.06,0
00-0031806,Malcolm Brown,RB,LA,2022,8,SF,1.0,0
00-0031868,Damiere Byrd,WR,ATL,2022,8,CAR,12.7,3
00-0032054,Breshad Perriman,WR,TB,2022,8,BAL,1.1,1
00-0032104,Ameer Abdullah,RB,LV,2022,8,NO,2.8,4
00-0032134,C.J. Uzomah,TE,NYJ,2022,8,NE,2.7,1
00-0032144,Melvin Gordon,RB,DEN,2022,8,JAX,11.2,3
00-0032156,Trevor Siemian,QB,CHI,2022,8,DAL,0.2,0
00-0032208,Phillip Dorsett,WR,HOU,2022,8,TEN,0.6,1
00-0032211,Tyler Lockett,WR,SEA,2022,8,NYG,10.3,5
00-0032214,Tyler Kroft,TE,SF,2022,8,LA,0.6,1
00-0032268,Marcus Mariota,QB,ATL,2022,8,CAR,22.42,0
00-0032392,Austin Hooper,TE,TEN,2022,8,HOU,0.5,1
00-0032394,Nick Vannett,TE,NO,2022,8,LV,0.8,1
00-0032450,Dwayne Washington,RB,NO,2022,8,LV,1.3,0
00-0032464,Kalif Raymond,WR,DET,2022,8,MIA,7.6,3
00-0032602,J.D. McKissic,RB,WAS,2022,8,IND,2.0,3
00-0032688,Robbie Chosen,WR,ARI,2022,8,MIN,0.0,0
00-0032764,Derrick Henry,RB,TEN,2022,8,HOU,34.8,1
00-0032775,Demarcus Robinson,WR,BAL,2022,8,TB,6.4,6
00-0032980,Marcus Johnson,WR,NYG,2022,8,SEA,0.3,1
00-0033009,Tyler Boyd,WR,CIN,2022,8,CLE,9.8,3
00-0033040,Tyreek Hill,WR,MIA,2022,8,DET,19.5,12
00-0033077,Dak Prescott,QB,DAL,2022,8,CHI,25.4,0
00-0033090,Hunter Henry,TE,NE,2022,8,NYJ,2.2,1
00-0033106,Jared Goff,QB,DET,2022,8,MIA,17.64,1
00-0033110,Tyler Higbee,TE,LA,2022,8,SF,1.5,2
00-0033114,Mike Thomas,WR,CIN,2022,8,CLE,0.0,0
00-0033118,Kenyan Drake,RB,BAL,2022,8,TB,12.7,4
00-0033119,Jacoby Brissett,QB,CLE,2022,8,CIN,20.32,0
00-0033217,Mo Alie-Cox,TE,IND,2022,8,WAS,0.0,0
00-0033246,Johnny Mundt,TE,MIN,2022,8,ARI,6.1,1
00-0033251,Zach Pascal,WR,PHI,2022,8,PIT,11.7,2
00-0033275,P.J. Walker,QB,CAR,2022,8,ATL,16.68,0
00-0033280,Christian McCaffrey,RB,SF,2022,8,LA,32.26,8
00-0033282,Curtis Samuel,WR,WAS,2022,8,IND,7.9,3
00-0033288,George Kittle,TE,SF,2022,8,LA,9.9,3
00-0033292,Trent Taylor,WR,CIN,2022,8,CLE,0.5,1
00-0033293,Aaron Jones,RB,GB,2022,8,BUF,15.7,4
00-0033307,Kendrick Bourne,WR,NE,2022,8,NYJ,0.0,0
00-0033308,Matt Breida,RB,NYG,2022,8,SEA,1.5,1
00-0033357,Taysom Hill,QB,NO,2022,8,LV,7.28,1
00-0033386,Cody Hollister,WR,TEN,2022,8,HOU,0.0,0
00-0033466,Isaiah McKenzie,WR,BUF,2022,8,GB,7.0,1
00-0033526,Samaje Perine,RB,CIN,2022,8,CLE,1.7,3
00-0033555,Mack Hollins,WR,LV,2022,8,NO,6.4,7
00-0033681,Keelan Cole,WR,LV,2022,8,NO,3.0,2
00-0033757,Robert Tonyan,TE,GB,2022,8,BUF,3.5,5
00-0033854,Dare Ogunbowale,RB,HOU,2022,8,TEN,0.0,1
00-0033856,Leonard Fournette,RB,TB,2022,8,BAL,11.8,3
00-0033858,Jonnu Smith,TE,NE,2022,8,NYJ,1.0,3
00-0033879,O.J. Howard,TE,HOU,2022,8,TEN,2.4,2
00-0033881,Evan Engram,TE,JAX,2022,8,DEN,11.5,4
00-0033891,Zay Jones,WR,JAX,2022,8,DEN,3.5,3
00-0033893,Dalvin Cook,RB,MIN,2022,8,ARI,20.1,5
00-0033897,Joe Mixon,RB,CIN,2022,8,CLE,5.9,7
00-0033906,Alvin Kamara,RB,NO,2022,8,LV,33.8,9
00-0033908,Cooper Kupp,WR,LA,2022,8,SF,14.9,8
00-0033921,Chris Godwin,WR,TB,2022,8,BAL,7.5,6
00-0033923,Kareem Hunt,RB,CLE,2022,8,CIN,7.2,4
00-0033925,D'Onta Foreman,RB,CAR,2022,8,ATL,31.8,0
00-0033943,Josh Reynolds,WR,DET,2022,8,MIA,1.4,2
00-0033948,Jamaal Williams,RB,DET,2022,8,MIA,19.6,3
00-0034011,Dan Arnold,TE,JAX,2022,8,DEN,0.8,1
00-0034073,Ross Dwelley,TE,SF,2022,8,LA,5.6,1
00-0034104,Cam Sims,WR,WAS,2022,8,IND,2.1,1
00-0034115,Jeffery Wilson,RB,SF,2022,8,LA,3.5,2
00-0034159,Will Dissly,TE,SEA,2022,8,NYG,1.2,2
00-0034184,Gus Edwards,RB,BAL,2022,8,TB,6.5,0
00-0034253,Dontrell Hilliard,RB,TEN,2022,8,HOU,9.5,1
00-0034270,Tyler Conklin,TE,NYJ,2022,8,NE,19.9,6
00-0034279,Equanimeous St. Brown,WR,CHI,2022,8,DAL,0.6,1
00-0034301,Darrel Williams,RB,ARI,2022,8,MIN,1.4,2
00-0034348,Courtland Sutton,WR,DEN,2022,8,JAX,1.3,1
00-0034351,Dallas Goedert,TE,PHI,2022,8,PIT,6.4,6
00-0034364,Jordan Akins,TE,HOU,2022,8,TEN,0.5,1
00-0034365,Ian Thomas,TE,CAR,2022,8,ATL,0.2,1
00-0034367,Nyheim Hines,RB,IND,2022,8,WAS,10.9,2
00-0034383,Dalton Schultz,TE,DAL,2022,8,CHI,7.4,6
00-0034407,Ray-Ray McCloud,WR,SF,2022,8,LA,1.1,1
00-0034414,Boston Scott,RB,PHI,2022,8,PIT,2.1,0
00-0034418,Cedrick Wilson,WR,MIA,2022,8,DET,0.0,0
00-0034419,Braxton Berrios,WR,NYJ,2022,8,NE,0.0,0
00-0034487,Trent Sherfield,WR,MIA,2022,8,DET,2.5,2
00-0034613,Tanner Hudson,TE,NYG,2022,8,SEA,5.8,3
00-0034681,Chase Edmonds,RB,MIA,2022,8,DET,1.4,0
00-0034753,Mark Andrews,TE,BAL,2022,8,TB,3.3,3
00-0034764,Michael Gallup,WR,DAL,2022,8,CHI,4.9,4
00-0034765,Tre'Quan Smith,WR,NO,2022,8,LV,0.0,0
00-0034775,Christian Kirk,WR,JAX,2022,8,DEN,4.0,3
00-0034791,Nick Chubb,RB,CLE,2022,8,CIN,24.4,1
00-0034796,Lamar Jackson,QB,BAL,2022,8,TB,21.82,0
00-0034827,D.J. Moore,WR,CAR,2022,8,ATL,21.5,6
00-0034829,Mike Gesicki,TE,MIA,2022,8,DET,9.8,3
00-0034830,Hayden Hurst,TE,CIN,2022,8,CLE,4.2,4
00-0034844,Saquon Barkley,RB,NYG,2022,8,SEA,12.2,3
00-0034857,Josh Allen,QB,BUF,2022,8,GB,17.62,0
00-0034860,Dante Pettis,WR,CHI,2022,8,DAL,1.8,4
00-0034928,Steven Sims,WR,PIT,2022,8,PHI,2.0,2
00-0034960,Jakobi Meyers,WR,NE,2022,8,NYJ,12.0,9
00-0034970,Irv Smith,TE,MIN,2022,8,ARI,2.8,4
00-0034972,Alexander Mattison,RB,MIN,2022,8,ARI,10.0,0
00-0034975,Justice Hill,RB,BAL,2022,8,TB,2.8,0
00-0034981,Foster Moreau,TE,LV,2022,8,NO,3.1,6
00-0034983,Hunter Renfrow,WR,LV,2022,8,NO,0.6,1
00-0035208,Olamide Zaccheaus,WR,ATL,2022,8,CAR,0.4,1
00-0035216,Diontae Johnson,WR,PIT,2022,8,PHI,3.5,5
00-0035222,Zach Gentry,TE,PIT,2022,8,PHI,0.3,1
00-0035228,Kyler Murray,QB,ARI,2022,8,MIN,24.64,0
00-0035229,T.J. Hockenson,TE,DET,2022,8,MIA,8.0,3
00-0035243,Miles Sanders,RB,PHI,2022,8,PIT,13.8,0
00-0035249,Josh Oliver,TE,BAL,2022,8,TB,0.4,1
00-0035250,Devin Singletary,RB,BUF,2022,8,GB,8.3,1
00-0035261,Tony Pollard,RB,DAL,2022,8,CHI,32.7,1
00-0035264,Jarrett Stidham,QB,LV,2022,8,NO,2.88,0
00-0035289,Gardner Minshew,QB,PHI,2022,8,PIT,0.82,0
00-0035298,Scott Miller,WR,TB,2022,8,BAL,1.3,2
00-0035341,Trenton Irwin,WR,CIN,2022,8,CLE,2.7,2
00-0035345,Chris Myarick,TE,NYG,2022,8,SEA,1.0,1
00-0035359,David Sills,WR,NYG,2022,8,SEA,0.5,1
00-0035500,Greg Dortch,WR,ARI,2022,8,MIN,1.2,2
00-0035510,Jeff Smith,WR,NYJ,2022,8,NE,2.3,1
00-0035535,Darius Slayton,WR,NYG,2022,8,SEA,6.6,5
00-0035537,Ty Johnson,RB,NYJ,2022,8,NE,0.6,0
00-0035562,Jesper Horsted,TE,LV,2022,8,NO,0.0,0
00-0035567,Craig Reynolds,RB,DET,2022,8,MIA,0.7,0
00-0035572,Parker Hesse,TE,ATL,2022,8,CAR,0.9,1
00-0035594,Travis Homer,RB,SEA,2022,8,NYG,3.1,1
00-0035624,N'Keal Harry,WR,CHI,2022,8,DAL,8.4,2
00-0035628,D'Ernest Johnson,RB,CLE,2022,8,CIN,1.7,0
00-0035639,Parris Campbell,WR,IND,2022,8,WAS,7.1,2
00-0035640,DK Metcalf,WR,SEA,2022,8,NYG,11.5,6
00-0035644,Noah Fant,TE,SEA,2022,8,NYG,1.9,2
00-0035657,Damien Harris,RB,NE,2022,8,NYJ,5.2,2
00-0035659,Terry McLaurin,WR,WAS,2022,8,IND,10.6,6
00-0035664,Darrell Henderson,RB,LA,2022,8,SF,3.0,2
00-0035676,A.J. Brown,WR,PHI,2022,8,PIT,33.6,6
00-0035685,David Montgomery,RB,CHI,2022,8,DAL,5.5,3
00-0035689,Dawson Knox,TE,BUF,2022,8,GB,7.0,2
00-0035700,Josh Jacobs,RB,LV,2022,8,NO,5.4,2
00-0035710,Daniel Jones,QB,NYG,2022,8,SEA,9.04,0
00-0035771,Mitchell Wilcox,TE,CIN,2022,8,CLE,0.3,1
00-0035806,Jamycal Hasty,RB,JAX,2022,8,DEN,1.0,3
00-0035831,James Robinson,RB,NYJ,2022,8,NE,1.7,0
00-0036020,Salvon Ahmed,RB,MIA,2022,8,DET,0.2,0
00-0036040,Juwan Johnson,TE,NO,2022,8,LV,1.4,2
00-0036133,James Proche,WR,BAL,2022,8,TB,2.4,3
00-0036145,Lawrence Cager,TE,NYG,2022,8,SEA,0.0,0
00-0036196,Gabe Davis,WR,BUF,2022,8,GB,3.5,2
00-0036212,Tua Tagovailoa,QB,MIA,2022,8,DET,29.18,0
00-0036219,Marquez Callaway,WR,NO,2022,8,LV,1.0,1
00-0036223,Jonathan Taylor,RB,IND,2022,8,WAS,5.6,0
00-0036233,Donovan Peoples-Jones,WR,CLE,2022,8,CIN,8.1,4
00-0036244,Colby Parkinson,TE,SEA,2022,8,NYG,0.5,1
00-0036252,Michael Pittman,WR,IND,2022,8,WAS,5.3,7
00-0036255,Denzel Mims,WR,NYJ,2022,8,NE,7.6,2
00-0036261,Brandon Aiyuk,WR,SF,2022,8,LA,14.1,6
00-0036265,A.J. Dillon,RB,GB,2022,8,BUF,6.3,1
00-0036268,Laviska Shenault,WR,CAR,2022,8,ATL,2.6,5
00-0036271,Quez Watkins,WR,PHI,2022,8,PIT,0.0,0
00-0036275,D'Andre Swift,RB,DET,2022,8,MIA,9.3,5
00-0036290,Cole Kmet,TE,CHI,2022,8,DAL,7.1,2
00-0036309,Darnell Mooney,WR,CHI,2022,8,DAL,7.0,5
00-0036322,Justin Jefferson,WR,MIN,2022,8,ARI,9.8,6
00-0036326,Chase Claypool,WR,PIT,2022,8,PHI,8.54,4
00-0036328,Antonio Gibson,RB,WAS,2022,8,IND,13.7,7
00-0036331,Devin Duvernay,WR,BAL,2022,8,TB,12.4,4
00-0036332,Josiah Deguara,TE,GB,2022,8,BUF,0.9,1
00-0036345,K.J. Osborn,WR,MIN,2022,8,ARI,6.8,2
00-0036358,CeeDee Lamb,WR,DAL,2022,8,CHI,13.8,5
00-0036365,Bryan Edwards,WR,ATL,2022,8,CAR,0.3,1
00-0036383,Eno Benjamin,RB,ARI,2022,8,MIN,4.5,4
00-0036389,Jalen Hurts,QB,PHI,2022,8,PIT,28.4,0
00-0036407,Jerry Jeudy,WR,DEN,2022,8,JAX,12.3,6
00-0036410,Tee Higgins,WR,CIN,2022,8,CLE,10.9,3
00-0036412,K.J. Hamler,WR,DEN,2022,8,JAX,6.1,2
00-0036438,Stephen Sullivan,TE,CAR,2022,8,ATL,3.3,1
00-0036442,Joe Burrow,QB,CIN,2022,8,CLE,13.48,0
00-0036493,Deon Jackson,RB,IND,2022,8,WAS,-0.4,0
00-0036543,Spencer Brown,RB,CAR,2022,8,ATL,2.7,0
00-0036550,Rashod Bateman,WR,BAL,2022,8,TB,0.0,0
00-0036556,Brevin Jordan,TE,HOU,2022,8,TEN,1.9,2
00-0036572,Shi Smith,WR,CAR,2022,8,ATL,0.0,0
00-0036613,Jaylen Waddle,WR,MIA,2022,8,DET,22.6,8
00-0036620,D'Wayne Eskridge,WR,SEA,2022,8,NYG,0.3,1
00-0036628,John Bates,TE,WAS,2022,8,IND,0.6,1
00-0036671,Dax Milne,WR,WAS,2022,8,IND,0.4,1
00-0036741,Jack Stoll,TE,PHI,2022,8,PIT,0.0,0
00-0036754,Brock Wright,TE,DET,2022,8,MIA,0.6,1
00-0036829,Caleb Huntley,RB,ATL,2022,8,CAR,9.1,0
00-0036857,Chris Evans,RB,CIN,2022,8,CLE,2.6,1
00-0036862,Ben Skowronek,WR,LA,2022,8,SF,1.0,1
00-0036875,Rhamondre Stevenson,RB,NE,2022,8,NYJ,14.3,7
00-0036876,Kylen Granson,TE,IND,2022,8,WAS,1.1,3
00-0036879,Sam Ehlinger,QB,IND,2022,8,WAS,7.54,0
00-0036893,Najee Harris,RB,PIT,2022,8,PHI,5.96,6
00-0036894,Pat Freiermuth,TE,PIT,2022,8,PHI,5.7,4
00-0036898,Davis Mills,QB,HOU,2022,8,TEN,8.88,0
00-0036906,Khalil Herbert,RB,CHI,2022,8,DAL,15.9,0
00-0036912,DeVonta Smith,WR,PHI,2022,8,PIT,2.3,5
00-0036919,Kenneth Gainwell,RB,PHI,2022,8,PIT,1.1,1
00-0036924,Michael Carter,RB,NYJ,2022,8,NE,6.1,4
00-0036936,Rondale Moore,WR,ARI,2022,8,MIN,16.4,7
00-0036945,Justin Fields,QB,CHI,2022,8,DAL,26.04,0
00-0036950,Avery Williams,RB,ATL,2022,8,CAR,0.7,2
00-0036955,Terrace Marshall,WR,CAR,2022,8,ATL,8.7,4
00-0036963,Amon-Ra St. Brown,WR,DET,2022,8,MIA,6.9,7
00-0036970,Kyle Pitts,TE,ATL,2022,8,CAR,14.0,5
00-0036971,Trevor Lawrence,QB,JAX,2022,8,DEN,6.82,0
00-0036972,Mac Jones,QB,NE,2022,8,NYJ,11.66,0
00-0036973,Travis Etienne,RB,JAX,2022,8,DEN,22.2,3
00-0036980,Elijah Moore,WR,NYJ,2022,8,NE,0.0,0
00-0036991,Amari Rodgers,WR,GB,2022,8,BUF,2.2,1
00-0037005,Tommy Tremble,TE,CAR,2022,8,ATL,1.7,2
00-0037013,Zach Wilson,QB,NYJ,2022,8,NE,16.4,0
00-0037087,Trestan Ebner,RB,CHI,2022,8,DAL,-0.5,0
00-0037098,Samori Toure,WR,GB,2022,8,BUF,9.7,1
00-0037168,Armani Rogers,TE,WAS,2022,8,IND,1.3,1
00-0037228,Jaylen Warren,RB,PIT,2022,8,PHI,7.5,3
00-0037238,Drake London,WR,ATL,2022,8,CAR,3.1,4
00-0037239,Chris Olave,WR,NO,2022,8,LV,5.2,5
00-0037247,George Pickens,WR,PIT,2022,8,PHI,0.0,0
00-0037248,James Cook,RB,BUF,2022,8,GB,7.6,1
00-0037252,Greg Dulcich,TE,DEN,2022,8,JAX,8.7,4
00-0037256,Rachaad White,RB,TB,2022,8,BAL,4.3,3
00-0037257,David Bell,WR,CLE,2022,8,CIN,2.7,2
00-0037258,Dameon Pierce,RB,HOU,2022,8,TEN,11.1,3
00-0037261,Khalil Shakir,WR,BUF,2022,8,GB,0.0,0
00-0037263,Tyler Allgeier,RB,ATL,2022,8,CAR,14.5,3
00-0037272,Montrell Washington,WR,DEN,2022,8,JAX,0.1,1
00-0037282,James Mitchell,TE,DET,2022,8,MIA,1.4,1
00-0037300,Mike Woods,WR,CLE,2022,8,CIN,0.6,1
00-0037311,Ko Kieft,TE,TB,2022,8,BAL,0.9,1
00-0037355,Braylon Sanders,WR,MIA,2022,8,DET,-0.3,2
00-0037429,Raheem Blackshear,RB,CAR,2022,8,ATL,0.1,0
00-0037545,Rashid Shaheed,WR,NO,2022,8,LV,3.8,3
00-0037557,Ronnie Rivers,RB,LA,2022,8,SF,3.6,4
00-0037563,Malik Davis,RB,DAL,2022,8,CHI,4.1,2
00-0037569,Peyton Hendershot,TE,DAL,2022,8,CHI,1.5,2
00-0037664,Alec Pierce,WR,IND,2022,8,WAS,6.5,3
00-0037708,Maurice Alexander,WR,DET,2022,8,MIA,0.7,1
00-0037740,Garrett Wilson,WR,NYJ,2022,8,NE,11.5,6
00-0037745,Velus Jones,WR,CHI,2022,8,DAL,3.8,1
00-0037746,Brian Robinson,RB,WAS,2022,8,IND,2.0,0
00-0037801,Kavontae Turpin,WR,DAL,2022,8,CHI,1.1,0
00-0037809,Chigoziem Okonkwo,TE,TEN,2022,8,HOU,0.3,1
00-0037816,Romeo Doubs,WR,GB,2022,8,BUF,12.2,4
00-0037838,Isaiah Likely,TE,BAL,2022,8,TB,13.7,6
00-0038041,Jake Ferguson,TE,DAL,2022,8,CHI,6.1,1
00-0038102,Kenny Pickett,QB,PIT,2022,8,PHI,7.34,0
00-0038104,Tyquan Thornton,WR,NE,2022,8,NYJ,1.3,1
00-0038117,Wan'Dale Robinson,WR,NYG,2022,8,SEA,1.5,2
00-0038124,Christian Watson,WR,GB,2022,8,BUF,1.2,1
00-0038128,Malik Willis,QB,TEN,2022,8,HOU,1.4,0
00-0038129,Cade Otton,TE,TB,2022,8,BAL,1.5,2
00-0038134,Kenneth Walker,RB,SEA,2022,8,NYG,11.2,1
00-0019596,Tom Brady,QB,TB,2022,9,LA,15.2,0
00-0023459,Aaron Rodgers,QB,GB,2022,9,DET,13.64,0
00-0024243,Marcedes Lewis,TE,GB,2022,9,DET,1.9,1
00-0026189,DeSean Jackson,WR,BAL,2022,9,NO,1.6,1
00-0026498,Matthew Stafford,QB,LA,2022,9,TB,10.5,0
00-0027944,Julio Jones,WR,TB,2022,9,LA,2.8,2
00-0027973,Andy Dalton,QB,NO,2022,9,BAL,10.9,0
00-0029239,Brandon Bolden,RB,LV,2022,9,JAX,0.5,0
00-0029293,Marvin Jones,WR,JAX,2022,9,LV,4.8,5
00-0029604,Kirk Cousins,QB,MIN,2022,9,WAS,16.4,0
00-0030035,Adam Thielen,WR,MIN,2022,9,WAS,6.7,3
00-0030061,Zach Ertz,TE,ARI,2022,9,SEA,10.0,5
00-0030288,Rex Burkhead,RB,HOU,2022,9,PHI,1.5,1
00-0030431,Robert Woods,WR,TEN,2022,9,KC,0.0,0
00-0030506,Travis Kelce,TE,KC,2022,9,TEN,10.6,10
00-0030564,DeAndre Hopkins,WR,ARI,2022,9,SEA,9.6,4
00-0030565,Geno Smith,QB,SEA,2022,9,ARI,20.8,0
00-0030578,Cordarrelle Patterson,RB,ATL,2022,9,LAC,17.3,1
00-0031260,Logan Thomas,TE,WAS,2022,9,MIN,0.0,0
00-0031280,Derek Carr,QB,LV,2022,9,JAX,18.36,0
00-0031325,Sammy Watkins,WR,GB,2022,9,DET,0.9,1
00-0031376,Jerick McKinnon,RB,KC,2022,9,TEN,4.4,6
00-0031381,Davante Adams,WR,LV,2022,9,JAX,26.6,10
00-0031384,Richard Rodgers,TE,LAC,2022,9,ATL,0.0,0
00-0031408,Mike Evans,WR,TB,2022,9,LA,4.0,5
00-0031428,Allen Robinson,WR,LA,2022,9,TB,2.4,3
00-0031484,Chris Manhertz,TE,JAX,2022,9,LV,0.7,1
00-0031545,Kevin White,WR,NO,2022,9,BAL,1.0,1
00-0031585,MyCole Pruitt,TE,ATL,2022,9,LAC,0.6,1
00-0031588,Stefon Diggs,WR,BUF,2022,9,NYJ,9.3,5
00-0031687,Raheem Mostert,RB,MIA,2022,9,CHI,8.6,0
00-0031763,DeAndre Carter,WR,LAC,2022,9,ATL,5.3,5
00-0031787,Jake Kumerow,WR,BUF,2022,9,NYJ,0.0,0
00-0031800,Taylor Heinicke,QB,WAS,2022,9,MIN,13.66,0
00-0031806,Malcolm Brown,RB,LA,2022,9,TB,1.9,1
00-0031868,Damiere Byrd,WR,ATL,2022,9,LAC,0.0,0
00-0032054,Breshad Perriman,WR,TB,2022,9,LA,0.1,1
00-0032063,Mike Davis,RB,BAL,2022,9,NO,0.7,1
00-0032104,Ameer Abdullah,RB,LV,2022,9,JAX,0.8,1
00-0032128,Chris Conley,WR,TEN,2022,9,KC,0.0,0
00-0032134,C.J. Uzomah,TE,NYJ,2022,9,BUF,1.6,3
00-0032208,Phillip Dorsett,WR,HOU,2022,9,PHI,6.9,3
00-0032211,Tyler Lockett,WR,SEA,2022,9,ARI,12.7,5
00-0032268,Marcus Mariota,QB,ATL,2022,9,LAC,7.56,0
00-0032392,Austin Hooper,TE,TEN,2022,9,KC,3.4,2
00-0032398,Chris Moore,WR,HOU,2022,9,PHI,10.5,4
00-0032434,Brandon Allen,QB,CIN,2022,9,CAR,0.78,0
00-0032450,Dwayne Washington,RB,NO,2022,9,BAL,1.4,1
00-0032464,Kalif Raymond,WR,DET,2022,9,GB,1.7,3
00-0032688,Robbie Chosen,WR,ARI,2022,9,SEA,-0.4,1
00-0032764,Derrick Henry,RB,TEN,2022,9,KC,23.5,0
00-0032775,Demarcus Robinson,WR,BAL,2022,9,NO,1.2,1
00-0033009,Tyler Boyd,WR,CIN,2022,9,CAR,4.4,5
00-0033040,Tyreek Hill,WR,MIA,2022,9,CHI,20.3,7
00-0033090,Hunter Henry,TE,NE,2022,9,IND,5.0,4
00-0033106,Jared Goff,QB,DET,2022,9,GB,11.38,0
00-0033110,Tyler Higbee,TE,LA,2022,9,TB,0.0,0
00-0033118,Kenyan Drake,RB,BAL,2022,9,NO,22.9,2
00-0033217,Mo Alie-Cox,TE,IND,2022,9,NE,1.3,2
00-0033246,Johnny Mundt,TE,MIN,2022,9,WAS,0.1,1
00-0033251,Zach Pascal,WR,PHI,2022,9,HOU,0.8,1
00-0033275,P.J. Walker,QB,CAR,2022,9,CIN,-3.04,0
00-0033282,Curtis Samuel,WR,WAS,2022,9,MIN,14.1,3
00-0033292,Trent Taylor,WR,CIN,2022,9,CAR,3.2,2
00-0033293,Aaron Jones,RB,GB,2022,9,DET,4.5,2
00-0033307,Kendrick Bourne,WR,NE,2022,9,IND,1.2,3
00-0033319,Nick Mullens,QB,MIN,2022,9,WAS,-0.12,0
00-0033357,Taysom Hill,QB,NO,2022,9,BAL,1.12,0
00-0033386,Cody Hollister,WR,TEN,2022,9,KC,0.0,0
00-0033466,Isaiah McKenzie,WR,BUF,2022,9,NYJ,2.1,2
00-0033526,Samaje Perine,RB,CIN,2022,9,CAR,5.4,1
00-0033553,James Conner,RB,ARI,2022,9,SEA,6.4,5
00-0033555,Mack Hollins,WR,LV,2022,9,JAX,1.7,2
00-0033699,Austin Ekeler,RB,LAC,2022,9,ATL,17.1,7
00-0033757,Robert Tonyan,TE,GB,2022,9,DET,2.9,3
00-0033856,Leonard Fournette,RB,TB,2022,9,LA,6.0,5
00-0033857,JuJu Smith-Schuster,WR,KC,2022,9,TEN,8.8,10
00-0033858,Jonnu Smith,TE,NE,2022,9,IND,2.1,3
00-0033873,Patrick Mahomes,QB,KC,2022,9,TEN,34.14,0
00-0033879,O.J. Howard,TE,HOU,2022,9,PHI,1.4,1
00-0033881,Evan Engram,TE,JAX,2022,9,LV,0.8,1
00-0033891,Zay Jones,WR,JAX,2022,9,LV,4.0,5
00-0033893,Dalvin Cook,RB,MIN,2022,9,WAS,11.6,2
00-0033895,Gerald Everett,TE,LAC,2022,9,ATL,3.6,5
00-0033897,Joe Mixon,RB,CIN,2022,9,CAR,51.1,4
00-0033906,Alvin Kamara,RB,NO,2022,9,BAL,6.2,3
00-0033908,Cooper Kupp,WR,LA,2022,9,TB,18.8,8
00-0033921,Chris Godwin,WR,TB,2022,9,LA,3.7,7
00-0033925,D'Onta Foreman,RB,CAR,2022,9,CIN,2.1,2
00-0033948,Jamaal Williams,RB,DET,2022,9,GB,10.1,0
00-0034011,Dan Arnold,TE,JAX,2022,9,LV,1.9,1
00-0034104,Cam Sims,WR,WAS,2022,9,MIN,1.2,1
00-0034109,Phillip Lindsay,RB,IND,2022,9,NE,0.2,0
00-0034115,Jeffery Wilson,RB,MIA,2022,9,CHI,13.2,3
00-0034159,Will Dissly,TE,SEA,2022,9,ARI,2.4,3
00-0034253,Dontrell Hilliard,RB,TEN,2022,9,KC,0.8,1
00-0034270,Tyler Conklin,TE,NYJ,2022,9,BUF,0.7,1
00-0034272,Marquez Valdes-Scantling,WR,KC,2022,9,TEN,1.2,1
00-0034279,Equanimeous St. Brown,WR,CHI,2022,9,MIA,0.0,0
00-0034351,Dallas Goedert,TE,PHI,2022,9,HOU,16.0,8
00-0034364,Jordan Akins,TE,HOU,2022,9,PHI,0.0,0
00-0034367,Nyheim Hines,RB,BUF,2022,9,NYJ,0.0,0
00-0034386,Justin Watson,WR,KC,2022,9,TEN,3.7,2
00-0034400,Jordan Wilkins,RB,IND,2022,9,NE,2.8,4
00-0034414,Boston Scott,RB,PHI,2022,9,HOU,0.5,0
00-0034418,Cedrick Wilson,WR,MIA,2022,9,CHI,2.3,2
00-0034419,Braxton Berrios,WR,NYJ,2022,9,BUF,0.6,1
00-0034440,Justin Jackson,RB,DET,2022,9,GB,2.7,0
00-0034487,Trent Sherfield,WR,MIA,2022,9,CHI,2.7,3
00-0034521,Allen Lazard,WR,GB,2022,9,DET,14.7,4
00-0034646,Brandon Powell,WR,LA,2022,9,TB,0.4,1
00-0034765,Tre'Quan Smith,WR,NO,2022,9,BAL,2.9,3
00-0034775,Christian Kirk,WR,JAX,2022,9,LV,13.6,8
00-0034796,Lamar Jackson,QB,BAL,2022,9,NO,17.52,0
00-0034798,Durham Smythe,TE,MIA,2022,9,CHI,0.0,0
00-0034827,D.J. Moore,WR,CAR,2022,9,CIN,2.4,2
00-0034829,Mike Gesicki,TE,MIA,2022,9,CHI,0.3,1
00-0034830,Hayden Hurst,TE,CIN,2022,9,CAR,3.5,5
00-0034845,Sony Michel,RB,LAC,2022,9,ATL,1.2,0
00-0034854,KhaDarel Hodge,WR,ATL,2022,9,LAC,1.9,1
00-0034855,Baker Mayfield,QB,CAR,2022,9,CIN,14.2,0
00-0034857,Josh Allen,QB,BUF,2022,9,NYJ,24.8,0
00-0034860,Dante Pettis,WR,CHI,2022,9,MIA,1.2,1
00-0034960,Jakobi Meyers,WR,NE,2022,9,IND,2.4,5
00-0034972,Alexander Mattison,RB,MIN,2022,9,WAS,0.1,1
00-0034975,Justice Hill,RB,BAL,2022,9,NO,1.9,1
00-0034981,Foster Moreau,TE,LV,2022,9,JAX,4.2,2
00-0034983,Hunter Renfrow,WR,LV,2022,9,JAX,2.6,3
00-0035140,Mecole Hardman,WR,KC,2022,9,TEN,13.9,6
00-0035208,Olamide Zaccheaus,WR,ATL,2022,9,LAC,1.9,2
00-0035228,Kyler Murray,QB,ARI,2022,9,SEA,19.0,0
00-0035229,T.J. Hockenson,TE,MIN,2022,9,WAS,7.0,9
00-0035243,Miles Sanders,RB,PHI,2022,9,HOU,15.3,0
00-0035249,Josh Oliver,TE,BAL,2022,9,NO,1.9,1
00-0035250,Devin Singletary,RB,BUF,2022,9,NYJ,4.8,4
00-0035259,Trevon Wesco,TE,CHI,2022,9,MIA,2.0,0
00-0035298,Scott Miller,WR,TB,2022,9,LA,5.3,7
00-0035341,Trenton Irwin,WR,CIN,2022,9,CAR,2.5,1
00-0035457,Tyron Johnson,WR,HOU,2022,9,PHI,0.8,1
00-0035500,Greg Dortch,WR,ARI,2022,9,SEA,0.3,1
00-0035510,Jeff Smith,WR,NYJ,2022,9,BUF,0.6,1
00-0035537,Ty Johnson,RB,NYJ,2022,9,BUF,1.7,0
00-0035544,Tom Kennedy,WR,DET,2022,9,GB,1.6,1
00-0035594,Travis Homer,RB,SEA,2022,9,ARI,3.2,3
00-0035624,N'Keal Harry,WR,CHI,2022,9,MIA,0.6,1
00-0035639,Parris Campbell,WR,IND,2022,9,NE,1.6,2
00-0035640,DK Metcalf,WR,SEA,2022,9,ARI,9.7,5
00-0035644,Noah Fant,TE,SEA,2022,9,ARI,9.6,5
00-0035659,Terry McLaurin,WR,WAS,2022,9,MIN,5.6,5
00-0035664,Darrell Henderson,RB,LA,2022,9,TB,5.6,0
00-0035676,A.J. Brown,WR,PHI,2022,9,HOU,11.9,4
00-0035685,David Montgomery,RB,CHI,2022,9,MIA,4.4,1
00-0035689,Dawson Knox,TE,BUF,2022,9,NYJ,2.5,3
00-0035700,Josh Jacobs,RB,LV,2022,9,JAX,8.7,3
00-0035806,Jamycal Hasty,RB,JAX,2022,9,LV,1.1,1
00-0035831,James Robinson,RB,NYJ,2022,9,BUF,11.3,2
00-0035956,Giovanni Ricci,TE,CAR,2022,9,CIN,0.8,1
00-0036040,Juwan Johnson,TE,NO,2022,9,BAL,10.2,2
00-0036096,J.J. Taylor,RB,NE,2022,9,IND,1.7,1
00-0036133,James Proche,WR,BAL,2022,9,NO,2.2,2
00-0036182,Nick Westbrook-Ikhine,WR,TEN,2022,9,KC,0.0,0
00-0036194,Devin Asiasi,TE,CIN,2022,9,CAR,0.0,0
00-0036196,Gabe Davis,WR,BUF,2022,9,NYJ,3.3,2
00-0036212,Tua Tagovailoa,QB,MIA,2022,9,CHI,24.08,0
00-0036219,Marquez Callaway,WR,NO,2022,9,BAL,2.4,3
00-0036244,Colby Parkinson,TE,SEA,2022,9,ARI,0.6,2
00-0036252,Michael Pittman,WR,IND,2022,9,NE,2.2,3
00-0036255,Denzel Mims,WR,NYJ,2022,9,BUF,1.2,1
00-0036265,A.J. Dillon,RB,GB,2022,9,DET,4.4,2
00-0036268,Laviska Shenault,WR,CAR,2022,9,CIN,0.6,0
00-0036271,Quez Watkins,WR,PHI,2022,9,HOU,2.5,2
00-0036275,D'Andre Swift,RB,DET,2022,9,GB,5.0,3
00-0036290,Cole Kmet,TE,CHI,2022,9,MIA,17.0,5
00-0036309,Darnell Mooney,WR,CHI,2022,9,MIA,10.5,7
00-0036322,Justin Jefferson,WR,MIN,2022,9,WAS,18.5,7
00-0036326,Chase Claypool,WR,CHI,2022,9,MIA,1.7,2
00-0036328,Antonio Gibson,RB,WAS,2022,9,MIN,4.7,2
00-0036331,Devin Duvernay,WR,BAL,2022,9,NO,0.5,1
00-0036332,Josiah Deguara,TE,GB,2022,9,DET,4.1,5
00-0036345,K.J. Osborn,WR,MIN,2022,9,WAS,0.0,0
00-0036355,Justin Herbert,QB,LAC,2022,9,ATL,12.1,0
00-0036360,Clyde Edwards-Helaire,RB,KC,2022,9,TEN,1.9,1
00-0036383,Eno Benjamin,RB,ARI,2022,9,SEA,2.7,1
00-0036389,Jalen Hurts,QB,PHI,2022,9,HOU,20.02,0
00-0036410,Tee Higgins,WR,CIN,2022,9,CAR,6.0,7
00-0036414,Cam Akers,RB,LA,2022,9,TB,0.3,0
00-0036415,Van Jefferson,WR,LA,2022,9,TB,0.0,0
00-0036422,Adam Trautman,TE,NO,2022,9,BAL,0.8,1
00-0036424,Brycen Hopkins,TE,LA,2022,9,TB,0.0,0
00-0036425,DeeJay Dallas,RB,SEA,2022,9,ARI,0.4,0
00-0036442,Joe Burrow,QB,CIN,2022,9,CAR,19.14,0
00-0036450,Ke'Shawn Vaughn,RB,TB,2022,9,LA,0.4,0
00-0036493,Deon Jackson,RB,IND,2022,9,NE,3.6,2
00-0036534,Shane Zylstra,TE,DET,2022,9,GB,6.1,1
00-0036543,Spencer Brown,RB,CAR,2022,9,CIN,2.6,2
00-0036556,Brevin Jordan,TE,HOU,2022,9,PHI,0.5,1
00-0036572,Shi Smith,WR,CAR,2022,9,CIN,2.0,1
00-0036613,Jaylen Waddle,WR,MIA,2022,9,CHI,14.5,5
00-0036620,D'Wayne Eskridge,WR,SEA,2022,9,ARI,0.0,0
00-0036626,Dyami Brown,WR,WAS,2022,9,MIN,0.0,0
00-0036628,John Bates,TE,WAS,2022,9,MIN,0.5,1
00-0036637,Noah Gray,TE,KC,2022,9,TEN,4.5,3
00-0036669,Kylin Hill,RB,GB,2022,9,DET,0.7,0
00-0036671,Dax Milne,WR,WAS,2022,9,MIN,6.6,1
00-0036741,Jack Stoll,TE,PHI,2022,9,HOU,1.3,1
00-0036754,Brock Wright,TE,DET,2022,9,GB,0.0,0
00-0036829,Caleb Huntley,RB,ATL,2022,9,LAC,3.4,0
00-0036858,Jalen Camp,WR,HOU,2022,9,PHI,0.7,1
00-0036862,Ben Skowronek,WR,LA,2022,9,TB,0.0,0
00-0036875,Rhamondre Stevenson,RB,NE,2022,9,IND,13.0,3
00-0036876,Kylen Granson,TE,IND,2022,9,NE,0.0,0
00-0036879,Sam Ehlinger,QB,IND,2022,9,NE,6.02,0
00-0036887,Luke Farrell,TE,JAX,2022,9,LV,1.5,1
00-0036898,Davis Mills,QB,HOU,2022,9,PHI,11.96,0
00-0036906,Khalil Herbert,RB,CHI,2022,9,MIA,2.3,0
00-0036912,DeVonta Smith,WR,PHI,2022,9,HOU,2.2,2
00-0036913,Kadarius Toney,WR,KC,2022,9,TEN,1.2,2
00-0036919,Kenneth Gainwell,RB,PHI,2022,9,HOU,9.8,3
00-0036924,Michael Carter,RB,NYJ,2022,9,BUF,14.6,1
00-0036936,Rondale Moore,WR,ARI,2022,9,SEA,6.9,8
00-0036945,Justin Fields,QB,CHI,2022,9,MIA,42.72,0
00-0036950,Avery Williams,RB,ATL,2022,9,LAC,0.2,1
00-0036955,Terrace Marshall,WR,CAR,2022,9,CIN,11.3,3
00-0036959,Michael Bandy,WR,LAC,2022,9,ATL,2.6,5
00-0036963,Amon-Ra St. Brown,WR,DET,2022,9,GB,5.5,4
00-0036970,Kyle Pitts,TE,ATL,2022,9,LAC,2.7,2
00-0036971,Trevor Lawrence,QB,JAX,2022,9,LV,16.7,0
00-0036972,Mac Jones,QB,NE,2022,9,IND,9.68,0
00-0036973,Travis Etienne,RB,JAX,2022,9,LV,24.6,2
00-0036988,Josh Palmer,WR,LAC,2022,9,ATL,10.6,8
00-0036991,Amari Rodgers,WR,GB,2022,9,DET,0.0,0
00-0037005,Tommy Tremble,TE,CAR,2022,9,CIN,7.1,2
00-0037013,Zach Wilson,QB,NYJ,2022,9,BUF,10.56,0
00-0037098,Samori Toure,WR,GB,2022,9,DET,3.4,2
00-0037168,Armani Rogers,TE,WAS,2022,9,MIN,2.4,0
00-0037197,Isiah Pacheco,RB,KC,2022,9,TEN,0.9,1
00-0037238,Drake London,WR,ATL,2022,9,LAC,0.3,3
00-0037239,Chris Olave,WR,NO,2022,9,BAL,7.1,6
00-0037248,James Cook,RB,BUF,2022,9,NYJ,3.3,2
00-0037256,Rachaad White,RB,TB,2022,9,LA,3.4,3
00-0037258,Dameon Pierce,RB,HOU,2022,9,PHI,13.9,0
00-0037263,Tyler Allgeier,RB,ATL,2022,9,LAC,12.3,1
00-0037277,Teagan Quitoriano,TE,HOU,2022,9,PHI,6.2,1
00-0037282,James Mitchell,TE,DET,2022,9,GB,6.8,2
00-0037299,Keaontay Ingram,RB,ARI,2022,9,SEA,0.2,0
00-0037311,Ko Kieft,TE,TB,2022,9,LA,0.6,1
00-0037429,Raheem Blackshear,RB,CAR,2022,9,CIN,11.3,4
00-0037617,Hassan Haskins,RB,TEN,2022,9,KC,0.7,1
00-0037664,Alec Pierce,WR,IND,2022,9,NE,2.3,1
00-0037740,Garrett Wilson,WR,NYJ,2022,9,BUF,9.9,8
00-0037746,Brian Robinson,RB,WAS,2022,9,MIN,3.8,2
00-0037755,Jelani Woods,TE,IND,2022,9,NE,0.2,1
00-0037809,Chigoziem Okonkwo,TE,TEN,2022,9,KC,4.8,1
00-0037816,Romeo Doubs,WR,GB,2022,9,DET,1.8,1
00-0037838,Isaiah Likely,TE,BAL,2022,9,NO,8.4,1
00-0038040,Zamir White,RB,LV,2022,9,JAX,-0.1,0
00-0038045,Isaiah Spiller,RB,LAC,2022,9,ATL,2.9,0
00-0038090,Skyy Moore,WR,KC,2022,9,TEN,0.0,0
00-0038104,Tyquan Thornton,WR,NE,2022,9,IND,0.5,1
00-0038124,Christian Watson,WR,GB,2022,9,DET,2.4,2
00-0038128,Malik Willis,QB,TEN,2022,9,KC,7.2,0
00-0038129,Cade Otton,TE,TB,2022,9,LA,12.8,5
00-0038134,Kenneth Walker,RB,SEA,2022,9,ARI,24.9,3
00-0019596,Tom Brady,QB,TB,2022,10,SEA,16.02,0
00-0023459,Aaron Rodgers,QB,GB,2022,10,DAL,19.36,0
00-0024243,Marcedes Lewis,TE,GB,2022,10,DAL,-0.1,1
00-0026143,Matt Ryan,QB,IND,2022,10,LV,22.68,0
00-0026544,Chase Daniel,QB,LAC,2022,10,SF,0.0,0
00-0027688,Colt McCoy,QB,ARI,2022,10,LA,13.92,0
00-0027942,A.J. Green,WR,ARI,2022,10,LA,7.0,2
00-0027944,Julio Jones,WR,TB,2022,10,SEA,11.3,3
00-0027973,Andy Dalton,QB,NO,2022,10,PIT,7.06,0
00-0029263,Russell Wilson,QB,DEN,2022,10,TEN,14.24,0
00-0029293,Marvin Jones,WR,JAX,2022,10,KC,3.3,1
00-0029604,Kirk Cousins,QB,MIN,2022,10,BUF,15.48,0
00-0029701,Ryan Tannehill,QB,TEN,2022,10,DEN,19.4,0
00-0030035,Adam Thielen,WR,MIN,2022,10,BUF,4.9,5
00-0030061,Zach Ertz,TE,ARI,2022,10,LA,1.2,1
00-0030068,Marquise Goodwin,WR,SEA,2022,10,TB,9.8,2
00-0030288,Rex Burkhead,RB,HOU,2022,10,NYG,3.0,2
00-0030431,Robert Woods,WR,TEN,2022,10,DEN,1.0,2
00-0030506,Travis Kelce,TE,KC,2022,10,JAX,14.1,6
00-0030513,Latavius Murray,RB,DEN,2022,10,TEN,4.7,3
00-0030564,DeAndre Hopkins,WR,ARI,2022,10,LA,9.8,10
00-0030565,Geno Smith,QB,SEA,2022,10,TB,19.2,0
00-0030578,Cordarrelle Patterson,RB,ATL,2022,10,CAR,2.0,1
00-0031236,Brandin Cooks,WR,HOU,2022,10,NYG,4.2,4
00-0031260,Logan Thomas,TE,WAS,2022,10,PHI,1.2,2
00-0031273,Cameron Brate,TE,TB,2022,10,SEA,0.8,1
00-0031280,Derek Carr,QB,LV,2022,10,IND,17.92,0
00-0031325,Sammy Watkins,WR,GB,2022,10,DAL,4.7,3
00-0031345,Jimmy Garoppolo,QB,SF,2022,10,LAC,15.9,0
00-0031376,Jerick McKinnon,RB,KC,2022,10,JAX,5.8,6
00-0031381,Davante Adams,WR,LV,2022,10,IND,18.6,9
00-0031382,Jarvis Landry,WR,NO,2022,10,PIT,3.7,3
00-0031384,Richard Rodgers,TE,LAC,2022,10,SF,0.4,1
00-0031408,Mike Evans,WR,TB,2022,10,SEA,5.4,5
00-0031428,Allen Robinson,WR,LA,2022,10,ARI,4.4,4
00-0031544,Amari Cooper,WR,CLE,2022,10,MIA,3.2,3
00-0031545,Kevin White,WR,NO,2022,10,PIT,0.0,0
00-0031585,MyCole Pruitt,TE,ATL,2022,10,CAR,0.6,1
00-0031588,Stefon Diggs,WR,BUF,2022,10,MIN,12.8,12
00-0031687,Raheem Mostert,RB,MIA,2022,10,CLE,14.7,4
00-0031690,Eric Tomlinson,TE,DEN,2022,10,TEN,0.0,0
00-0031763,DeAndre Carter,WR,LAC,2022,10,SF,12.4,4
00-0031800,Taylor Heinicke,QB,WAS,2022,10,PHI,5.44,0
00-0031868,Damiere Byrd,WR,ATL,2022,10,CAR,5.8,3
00-0032104,Ameer Abdullah,RB,LV,2022,10,IND,3.3,4
00-0032141,Geoff Swaim,TE,TEN,2022,10,DEN,0.0,0
00-0032144,Melvin Gordon,RB,DEN,2022,10,TEN,7.0,4
00-0032208,Phillip Dorsett,WR,HOU,2022,10,NYG,2.2,2
00-0032211,Tyler Lockett,WR,SEA,2022,10,TB,10.2,3
00-0032257,Duke Johnson,RB,BUF,2022,10,MIN,0.4,0
00-0032268,Marcus Mariota,QB,ATL,2022,10,CAR,17.74,0
00-0032392,Austin Hooper,TE,TEN,2022,10,DEN,4.1,5
00-0032398,Chris Moore,WR,HOU,2022,10,NYG,7.0,3
00-0032464,Kalif Raymond,WR,DET,2022,10,CHI,4.7,3
00-0032725,Stephen Anderson,TE,ARI,2022,10,LA,0.0,0
00-0032764,Derrick Henry,RB,TEN,2022,10,DEN,6.7,2
00-0032780,Jordan Howard,RB,NO,2022,10,PIT,0.1,0
00-0033040,Tyreek Hill,WR,MIA,2022,10,CLE,10.4,5
00-0033077,Dak Prescott,QB,DAL,2022,10,GB,19.2,0
00-0033106,Jared Goff,QB,DET,2022,10,CHI,14.84,0
00-0033110,Tyler Higbee,TE,LA,2022,10,ARI,7.3,8
00-0033119,Jacoby Brissett,QB,CLE,2022,10,MIA,16.48,0
00-0033251,Zach Pascal,WR,PHI,2022,10,WAS,1.0,1
00-0033275,P.J. Walker,QB,CAR,2022,10,ATL,5.72,0
00-0033280,Christian McCaffrey,RB,SF,2022,10,LAC,13.7,4
00-0033282,Curtis Samuel,WR,WAS,2022,10,PHI,4.0,2
00-0033288,George Kittle,TE,SF,2022,10,LAC,2.1,1
00-0033293,Aaron Jones,RB,GB,2022,10,DAL,21.6,2
00-0033308,Matt Breida,RB,NYG,2022,10,HOU,2.0,0
00-0033357,Taysom Hill,QB,NO,2022,10,PIT,0.1,0
00-0033439,Pharaoh Brown,TE,CLE,2022,10,MIA,1.3,2
00-0033466,Isaiah McKenzie,WR,BUF,2022,10,MIN,5.5,4
00-0033553,James Conner,RB,ARI,2022,10,LA,20.6,3
00-0033555,Mack Hollins,WR,LV,2022,10,IND,1.8,2
00-0033572,Jamal Agnew,WR,JAX,2022,10,KC,0.4,3
00-0033576,Eric Saubert,TE,DEN,2022,10,TEN,1.2,1
00-0033591,Noah Brown,WR,DAL,2022,10,GB,0.3,1
00-0033681,Keelan Cole,WR,LV,2022,10,IND,0.0,0
00-0033699,Austin Ekeler,RB,LAC,2022,10,SF,6.3,7
00-0033757,Robert Tonyan,TE,GB,2022,10,DAL,0.8,1
00-0033854,Dare Ogunbowale,RB,HOU,2022,10,NYG,1.3,1
00-0033856,Leonard Fournette,RB,TB,2022,10,SEA,9.8,1
00-0033857,JuJu Smith-Schuster,WR,KC,2022,10,JAX,3.3,2
00-0033873,Patrick Mahomes,QB,KC,2022,10,JAX,31.14,0
00-0033879,O.J. Howard,TE,HOU,2022,10,NYG,0.0,0
00-0033881,Evan Engram,TE,JAX,2022,10,KC,1.4,3
00-0033891,Zay Jones,WR,JAX,2022,10,KC,6.8,8
00-0033893,Dalvin Cook,RB,MIN,2022,10,BUF,20.6,3
00-0033895,Gerald Everett,TE,LAC,2022,10,SF,2.3,2
00-0033906,Alvin Kamara,RB,NO,2022,10,PIT,4.5,3
00-0033908,Cooper Kupp,WR,LA,2022,10,ARI,-0.1,3
00-0033921,Chris Godwin,WR,TB,2022,10,SEA,13.1,6
00-0033923,Kareem Hunt,RB,CLE,2022,10,MIA,1.9,1
00-0033925,D'Onta Foreman,RB,CAR,2022,10,ATL,19.0,0
00-0033932,Kenny Golladay,WR,NYG,2022,10,HOU,0.0,0
00-0033948,Jamaal Williams,RB,DET,2022,10,CHI,11.9,0
00-0034011,Dan Arnold,TE,JAX,2022,10,KC,0.8,1
00-0034104,Cam Sims,WR,WAS,2022,10,PHI,0.0,0
00-0034115,Jeffery Wilson,RB,MIA,2022,10,CLE,20.3,2
00-0034159,Will Dissly,TE,SEA,2022,10,TB,2.8,2
00-0034253,Dontrell Hilliard,RB,TEN,2022,10,DEN,0.8,1
00-0034272,Marquez Valdes-Scantling,WR,KC,2022,10,JAX,12.0,3
00-0034279,Equanimeous St. Brown,WR,CHI,2022,10,DET,0.9,0
00-0034297,Byron Pringle,WR,CHI,2022,10,DET,1.2,1
00-0034348,Courtland Sutton,WR,DEN,2022,10,TEN,6.6,6
00-0034351,Dallas Goedert,TE,PHI,2022,10,WAS,6.3,3
00-0034364,Jordan Akins,TE,HOU,2022,10,NYG,7.2,3
00-0034366,Keke Coutee,WR,IND,2022,10,LV,0.0,1
00-0034367,Nyheim Hines,RB,BUF,2022,10,MIN,0.9,1
00-0034383,Dalton Schultz,TE,DAL,2022,10,GB,11.4,6
00-0034386,Justin Watson,WR,KC,2022,10,JAX,1.2,1
00-0034400,Jordan Wilkins,RB,IND,2022,10,LV,1.8,0
00-0034407,Ray-Ray McCloud,WR,SF,2022,10,LAC,3.3,1
00-0034414,Boston Scott,RB,PHI,2022,10,WAS,0.5,0
00-0034418,Cedrick Wilson,WR,MIA,2022,10,CLE,0.7,1
00-0034440,Justin Jackson,RB,DET,2022,10,CHI,2.8,2
00-0034487,Trent Sherfield,WR,MIA,2022,10,CLE,12.3,4
00-0034521,Allen Lazard,WR,GB,2022,10,DAL,4.5,3
00-0034613,Tanner Hudson,TE,NYG,2022,10,HOU,2.4,3
00-0034646,Brandon Powell,WR,LA,2022,10,ARI,0.7,0
00-0034681,Chase Edmonds,RB,DEN,2022,10,TEN,0.9,1
00-0034764,Michael Gallup,WR,DAL,2022,10,GB,3.5,4
00-0034775,Christian Kirk,WR,JAX,2022,10,KC,22.5,9
00-0034791,Nick Chubb,RB,CLE,2022,10,MIA,12.1,3
00-0034798,Durham Smythe,TE,MIA,2022,10,CLE,0.0,0
00-0034827,D.J. Moore,WR,CAR,2022,10,ATL,2.9,4
00-0034829,Mike Gesicki,TE,MIA,2022,10,CLE,3.1,2
00-0034844,Saquon Barkley,RB,NYG,2022,10,HOU,22.0,1
00-0034845,Sony Michel,RB,LAC,2022,10,SF,0.2,0
00-0034854,KhaDarel Hodge,WR,ATL,2022,10,CAR,9.7,2
00-0034857,Josh Allen,QB,BUF,2022,10,MIN,19.6,0
00-0034860,Dante Pettis,WR,CHI,2022,10,DET,1.7,1
00-0034899,John Wolford,QB,LA,2022,10,ARI,8.78,0
00-0034928,Steven Sims,WR,PIT,2022,10,NO,1.7,1
00-0034972,Alexander Mattison,RB,MIN,2022,10,BUF,1.9,1
00-0034981,Foster Moreau,TE,LV,2022,10,IND,10.3,3
00-0035208,Olamide Zaccheaus,WR,ATL,2022,10,CAR,3.4,2
00-0035216,Diontae Johnson,WR,PIT,2022,10,NO,6.3,4
00-0035222,Zach Gentry,TE,PIT,2022,10,NO,0.0,0
00-0035229,T.J. Hockenson,TE,MIN,2022,10,BUF,4.5,7
00-0035243,Miles Sanders,RB,PHI,2022,10,WAS,5.4,0
00-0035250,Devin Singletary,RB,BUF,2022,10,MIN,14.7,1
00-0035259,Trevon Wesco,TE,CHI,2022,10,DET,0.0,0
00-0035261,Tony Pollard,RB,DAL,2022,10,GB,18.8,3
00-0035298,Scott Miller,WR,TB,2022,10,SEA,2.5,2
00-0035345,Chris Myarick,TE,NYG,2022,10,HOU,0.0,0
00-0035535,Darius Slayton,WR,NYG,2022,10,HOU,15.5,3
00-0035544,Tom Kennedy,WR,DET,2022,10,CHI,4.4,1
00-0035547,Joseph Fortson,TE,KC,2022,10,JAX,0.6,1
00-0035628,D'Ernest Johnson,RB,CLE,2022,10,MIA,-0.2,1
00-0035639,Parris Campbell,WR,IND,2022,10,LV,13.6,7
00-0035640,DK Metcalf,WR,SEA,2022,10,TB,7.1,6
00-0035644,Noah Fant,TE,SEA,2022,10,TB,3.4,3
00-0035645,Gunner Olszewski,WR,PIT,2022,10,NO,0.4,1
00-0035659,Terry McLaurin,WR,WAS,2022,10,PHI,12.8,8
00-0035664,Darrell Henderson,RB,LA,2022,10,ARI,9.2,1
00-0035676,A.J. Brown,WR,PHI,2022,10,WAS,0.7,1
00-0035685,David Montgomery,RB,CHI,2022,10,DET,4.4,1
00-0035689,Dawson Knox,TE,BUF,2022,10,MIN,5.7,4
00-0035700,Josh Jacobs,RB,LV,2022,10,IND,16.6,6
00-0035710,Daniel Jones,QB,NYG,2022,10,HOU,18.28,0
00-0035719,Deebo Samuel,WR,SF,2022,10,LAC,5.1,2
00-0035806,Jamycal Hasty,RB,JAX,2022,10,KC,0.3,1
00-0035864,Kendall Hinton,WR,DEN,2022,10,TEN,6.2,4
00-0035939,Bryce Perkins,QB,LA,2022,10,ARI,0.28,0
00-0035956,Giovanni Ricci,TE,CAR,2022,10,ATL,0.2,1
00-0036020,Salvon Ahmed,RB,MIA,2022,10,CLE,1.1,0
00-0036032,Sean McKeon,TE,DAL,2022,10,GB,0.1,1
00-0036040,Juwan Johnson,TE,NO,2022,10,PIT,10.4,5
00-0036145,Lawrence Cager,TE,NYG,2022,10,HOU,6.9,2
00-0036165,Isaiah Hodgins,WR,NYG,2022,10,HOU,4.1,2
00-0036182,Nick Westbrook-Ikhine,WR,TEN,2022,10,DEN,23.9,5
00-0036196,Gabe Davis,WR,BUF,2022,10,MIN,15.3,6
00-0036212,Tua Tagovailoa,QB,MIA,2022,10,CLE,23.4,0
00-0036223,Jonathan Taylor,RB,IND,2022,10,LV,22.3,2
00-0036232,Harrison Bryant,TE,CLE,2022,10,MIA,7.5,3
00-0036233,Donovan Peoples-Jones,WR,CLE,2022,10,MIA,9.9,5
00-0036244,Colby Parkinson,TE,SEA,2022,10,TB,0.7,1
00-0036251,Zack Moss,RB,IND,2022,10,LV,0.4,0
00-0036252,Michael Pittman,WR,IND,2022,10,LV,5.3,7
00-0036259,Jauan Jennings,WR,SF,2022,10,LAC,4.0,4
00-0036261,Brandon Aiyuk,WR,SF,2022,10,LAC,6.4,6
00-0036265,A.J. Dillon,RB,GB,2022,10,DAL,6.5,0
00-0036268,Laviska Shenault,WR,CAR,2022,10,ATL,11.9,3
00-0036271,Quez Watkins,WR,PHI,2022,10,WAS,6.0,4
00-0036275,D'Andre Swift,RB,DET,2022,10,CHI,7.2,1
00-0036290,Cole Kmet,TE,CHI,2022,10,DET,19.4,4
00-0036309,Darnell Mooney,WR,CHI,2022,10,DET,5.7,4
00-0036322,Justin Jefferson,WR,MIN,2022,10,BUF,25.3,10
00-0036326,Chase Claypool,WR,CHI,2022,10,DET,0.8,1
00-0036328,Antonio Gibson,RB,WAS,2022,10,PHI,11.8,3
00-0036345,K.J. Osborn,WR,MIN,2022,10,BUF,3.7,4
00-0036355,Justin Herbert,QB,LAC,2022,10,SF,12.04,0
00-0036358,CeeDee Lamb,WR,DAL,2022,10,GB,27.0,11
00-0036360,Clyde Edwards-Helaire,RB,KC,2022,10,JAX,0.0,0
00-0036389,Jalen Hurts,QB,PHI,2022,10,WAS,21.8,0
00-0036407,Jerry Jeudy,WR,DEN,2022,10,TEN,0.0,0
00-0036414,Cam Akers,RB,LA,2022,10,ARI,2.2,0
00-0036415,Van Jefferson,WR,LA,2022,10,ARI,8.7,3
00-0036422,Adam Trautman,TE,NO,2022,10,PIT,2.2,2
00-0036424,Brycen Hopkins,TE,LA,2022,10,ARI,1.1,1
00-0036439,Tyrie Cleveland,WR,DEN,2022,10,TEN,0.0,0
00-0036450,Ke'Shawn Vaughn,RB,TB,2022,10,SEA,1.3,1
00-0036534,Shane Zylstra,TE,DET,2022,10,CHI,0.0,0
00-0036554,Nico Collins,WR,HOU,2022,10,NYG,10.9,5
00-0036555,Chuba Hubbard,RB,CAR,2022,10,ATL,1.4,0
00-0036567,Elijah Mitchell,RB,SF,2022,10,LAC,8.8,1
00-0036572,Shi Smith,WR,CAR,2022,10,ATL,1.7,1
00-0036613,Jaylen Waddle,WR,MIA,2022,10,CLE,6.6,4
00-0036626,Dyami Brown,WR,WAS,2022,10,PHI,1.5,1
00-0036637,Noah Gray,TE,KC,2022,10,JAX,8.0,2
00-0036741,Jack Stoll,TE,PHI,2022,10,WAS,1.1,1
00-0036754,Brock Wright,TE,DET,2022,10,CHI,6.2,1
00-0036829,Caleb Huntley,RB,ATL,2022,10,CAR,3.2,0
00-0036862,Ben Skowronek,WR,LA,2022,10,ARI,1.4,2
00-0036876,Kylen Granson,TE,IND,2022,10,LV,5.7,4
00-0036893,Najee Harris,RB,PIT,2022,10,NO,9.9,0
00-0036894,Pat Freiermuth,TE,PIT,2022,10,NO,3.6,4
00-0036898,Davis Mills,QB,HOU,2022,10,NYG,14.76,0
00-0036906,Khalil Herbert,RB,CHI,2022,10,DET,5.7,0
00-0036912,DeVonta Smith,WR,PHI,2022,10,WAS,7.9,6
00-0036913,Kadarius Toney,WR,KC,2022,10,JAX,15.0,4
00-0036919,Kenneth Gainwell,RB,PHI,2022,10,WAS,1.2,1
00-0036936,Rondale Moore,WR,ARI,2022,10,LA,9.4,9
00-0036945,Justin Fields,QB,CHI,2022,10,DET,39.38,0
00-0036950,Avery Williams,RB,ATL,2022,10,CAR,2.5,0
00-0036955,Terrace Marshall,WR,CAR,2022,10,ATL,4.3,1
00-0036959,Michael Bandy,WR,LAC,2022,10,SF,0.0,0
00-0036963,Amon-Ra St. Brown,WR,DET,2022,10,CHI,12.1,10
00-0036970,Kyle Pitts,TE,ATL,2022,10,CAR,2.8,2
00-0036971,Trevor Lawrence,QB,JAX,2022,10,KC,20.96,0
00-0036973,Travis Etienne,RB,JAX,2022,10,KC,7.3,3
00-0036988,Josh Palmer,WR,LAC,2022,10,SF,4.4,3
00-0036999,Anthony Schwartz,WR,CLE,2022,10,MIA,0.3,1
00-0037005,Tommy Tremble,TE,CAR,2022,10,ATL,0.0,0
00-0037011,Tre' McKitty,TE,LAC,2022,10,SF,2.1,3
00-0037197,Isiah Pacheco,RB,KC,2022,10,JAX,6.2,0
00-0037228,Jaylen Warren,RB,PIT,2022,10,NO,7.7,3
00-0037238,Drake London,WR,ATL,2022,10,CAR,9.8,5
00-0037239,Chris Olave,WR,NO,2022,10,PIT,4.0,3
00-0037247,George Pickens,WR,PIT,2022,10,NO,11.5,3
00-0037248,James Cook,RB,BUF,2022,10,MIN,2.2,0
00-0037252,Greg Dulcich,TE,DEN,2022,10,TEN,1.1,1
00-0037256,Rachaad White,RB,TB,2022,10,SEA,10.5,0
00-0037257,David Bell,WR,CLE,2022,10,MIA,2.4,3
00-0037258,Dameon Pierce,RB,HOU,2022,10,NYG,10.2,2
00-0037261,Khalil Shakir,WR,BUF,2022,10,MIN,0.6,1
00-0037263,Tyler Allgeier,RB,ATL,2022,10,CAR,0.3,3
00-0037272,Montrell Washington,WR,DEN,2022,10,TEN,0.0,0
00-0037282,James Mitchell,TE,DET,2022,10,CHI,0.4,1
00-0037299,Keaontay Ingram,RB,ARI,2022,10,LA,0.5,0
00-0037300,Mike Woods,WR,CLE,2022,10,MIA,0.0,0
00-0037304,Connor Heyward,TE,PIT,2022,10,NO,0.9,2
00-0037327,Skylar Thompson,QB,MIA,2022,10,CLE,0.68,0
00-0037331,Zander Horvath,RB,LAC,2022,10,SF,0.1,1
00-0037387,Jalen Virgil,WR,DEN,2022,10,TEN,12.6,1
00-0037429,Raheem Blackshear,RB,CAR,2022,10,ATL,3.2,0
00-0037545,Rashid Shaheed,WR,NO,2022,10,PIT,1.2,1
00-0037563,Malik Davis,RB,DAL,2022,10,GB,3.8,0
00-0037569,Peyton Hendershot,TE,DAL,2022,10,GB,0.0,0
00-0037664,Alec Pierce,WR,IND,2022,10,LV,0.0,0
00-0037741,Jahan Dotson,WR,WAS,2022,10,PHI,1.4,1
00-0037742,Treylon Burks,WR,TEN,2022,10,DEN,2.4,3
00-0037744,Trey McBride,TE,ARI,2022,10,LA,0.7,1
00-0037746,Brian Robinson,RB,WAS,2022,10,PHI,14.6,0
00-0037801,Kavontae Turpin,WR,DAL,2022,10,GB,0.9,1
00-0037809,Chigoziem Okonkwo,TE,TEN,2022,10,DEN,4.1,1
00-0037840,Kyren Williams,RB,LA,2022,10,ARI,3.9,3
00-0038040,Zamir White,RB,LV,2022,10,IND,-0.1,0
00-0038045,Isaiah Spiller,RB,LAC,2022,10,SF,0.3,0
00-0038090,Skyy Moore,WR,KC,2022,10,JAX,0.6,1
00-0038102,Kenny Pickett,QB,PIT,2022,10,NO,19.06,0
00-0038117,Wan'Dale Robinson,WR,NYG,2022,10,HOU,1.5,2
00-0038124,Christian Watson,WR,GB,2022,10,DAL,28.7,4
00-0038128,Malik Willis,QB,TEN,2022,10,DEN,-2.4,0
00-0038129,Cade Otton,TE,TB,2022,10,SEA,3.5,3
00-0038134,Kenneth Walker,RB,SEA,2022,10,TB,7.2,6
00-0023459,Aaron Rodgers,QB,GB,2022,11,TEN,19.08,0
00-0026143,Matt Ryan,QB,IND,2022,11,PHI,8.62,0
00-0026498,Matthew Stafford,QB,LA,2022,11,NO,14.76,0
00-0027688,Colt McCoy,QB,ARI,2022,11,SF,7.32,0
00-0027942,A.J. Green,WR,ARI,2022,11,SF,5.0,5
00-0027973,Andy Dalton,QB,NO,2022,11,LA,22.2,0
00-0028002,Randall Cobb,WR,GB,2022,11,TEN,7.3,6
00-0029239,Brandon Bolden,RB,LV,2022,11,DEN,0.4,1
00-0029263,Russell Wilson,QB,DEN,2022,11,LV,10.68,0
00-0029604,Kirk Cousins,QB,MIN,2022,11,DAL,2.2,0
00-0029701,Ryan Tannehill,QB,TEN,2022,11,GB,19.02,0
00-0030035,Adam Thielen,WR,MIN,2022,11,DAL,2.5,2
00-0030279,Keenan Allen,WR,LAC,2022,11,KC,7.4,5
00-0030431,Robert Woods,WR,TEN,2022,11,GB,6.9,6
00-0030506,Travis Kelce,TE,KC,2022,11,LAC,29.5,6
00-0030513,Latavius Murray,RB,DEN,2022,11,LV,13.2,4
00-0030564,DeAndre Hopkins,WR,ARI,2022,11,SF,9.1,9
00-0030578,Cordarrelle Patterson,RB,ATL,2022,11,CHI,9.9,2
00-0031236,Brandin Cooks,WR,HOU,2022,11,WAS,7.0,3
00-0031260,Logan Thomas,TE,WAS,2022,11,HOU,6.5,5
00-0031280,Derek Carr,QB,LV,2022,11,DEN,20.28,0
00-0031325,Sammy Watkins,WR,GB,2022,11,TEN,0.0,0
00-0031345,Jimmy Garoppolo,QB,SF,2022,11,ARI,25.42,0
00-0031376,Jerick McKinnon,RB,KC,2022,11,LAC,0.4,1
00-0031381,Davante Adams,WR,LV,2022,11,DEN,26.1,7
00-0031382,Jarvis Landry,WR,NO,2022,11,LA,9.3,3
00-0031428,Allen Robinson,WR,LA,2022,11,NO,10.7,4
00-0031544,Amari Cooper,WR,CLE,2022,11,BUF,23.3,8
00-0031547,DeVante Parker,WR,NE,2022,11,NYJ,1.9,2
00-0031549,Nelson Agholor,WR,NE,2022,11,NYJ,1.8,2
00-0031558,Maxx Williams,TE,ARI,2022,11,SF,0.7,1
00-0031585,MyCole Pruitt,TE,ATL,2022,11,CHI,1.7,1
00-0031588,Stefon Diggs,WR,BUF,2022,11,CLE,10.8,4
00-0031763,DeAndre Carter,WR,LAC,2022,11,KC,3.3,3
00-0031800,Taylor Heinicke,QB,WAS,2022,11,HOU,7.84,0
00-0031868,Damiere Byrd,WR,ATL,2022,11,CHI,2.9,2
00-0032063,Mike Davis,RB,BAL,2022,11,CAR,-0.3,1
00-0032104,Ameer Abdullah,RB,LV,2022,11,DEN,0.5,3
00-0032141,Geoff Swaim,TE,TEN,2022,11,GB,0.3,1
00-0032144,Melvin Gordon,RB,DEN,2022,11,LV,7.0,5
00-0032187,David Johnson,RB,NO,2022,11,LA,0.7,1
00-0032208,Phillip Dorsett,WR,HOU,2022,11,WAS,0.0,0
00-0032268,Marcus Mariota,QB,ATL,2022,11,CHI,17.74,0
00-0032392,Austin Hooper,TE,TEN,2022,11,GB,15.6,4
00-0032398,Chris Moore,WR,HOU,2022,11,WAS,2.3,5
00-0032464,Kalif Raymond,WR,DET,2022,11,NYG,4.0,3
00-0032725,Stephen Anderson,TE,ARI,2022,11,SF,0.0,0
00-0032764,Derrick Henry,RB,TEN,2022,11,GB,23.36,2
00-0032775,Demarcus Robinson,WR,BAL,2022,11,CAR,12.8,9
00-0033009,Tyler Boyd,WR,CIN,2022,11,PIT,4.2,2
00-0033045,Ezekiel Elliott,RB,DAL,2022,11,MIN,16.7,1
00-0033077,Dak Prescott,QB,DAL,2022,11,MIN,20.64,0
00-0033090,Hunter Henry,TE,NE,2022,11,NYJ,2.0,1
00-0033106,Jared Goff,QB,DET,2022,11,NYG,6.5,0
00-0033110,Tyler Higbee,TE,LA,2022,11,NO,4.5,4
00-0033114,Mike Thomas,WR,CIN,2022,11,PIT,0.0,0
00-0033118,Kenyan Drake,RB,BAL,2022,11,CAR,5.3,2
00-0033119,Jacoby Brissett,QB,CLE,2022,11,BUF,25.86,0
00-0033217,Mo Alie-Cox,TE,IND,2022,11,PHI,1.4,1
00-0033246,Johnny Mundt,TE,MIN,2022,11,DAL,0.8,1
00-0033251,Zach Pascal,WR,PHI,2022,11,IND,0.9,1
00-0033280,Christian McCaffrey,RB,SF,2022,11,ARI,10.6,7
00-0033282,Curtis Samuel,WR,WAS,2022,11,HOU,8.8,1
00-0033288,George Kittle,TE,SF,2022,11,ARI,20.4,4
00-0033292,Trent Taylor,WR,CIN,2022,11,PIT,0.1,1
00-0033293,Aaron Jones,RB,GB,2022,11,TEN,8.0,6
00-0033307,Kendrick Bourne,WR,NE,2022,11,NYJ,0.8,1
00-0033308,Matt Breida,RB,NYG,2022,11,DET,8.9,1
00-0033319,Nick Mullens,QB,MIN,2022,11,DAL,2.16,0
00-0033357,Taysom Hill,QB,NO,2022,11,LA,6.56,1
00-0033439,Pharaoh Brown,TE,CLE,2022,11,BUF,0.0,0
00-0033466,Isaiah McKenzie,WR,BUF,2022,11,CLE,0.0,0
00-0033526,Samaje Perine,RB,CIN,2022,11,PIT,26.2,4
00-0033536,Mike Williams,WR,LAC,2022,11,KC,1.5,1
00-0033553,James Conner,RB,ARI,2022,11,SF,11.4,2
00-0033555,Mack Hollins,WR,LV,2022,11,DEN,5.2,6
00-0033576,Eric Saubert,TE,DEN,2022,11,LV,1.6,2
00-0033591,Noah Brown,WR,DAL,2022,11,MIN,4.2,2
00-0033662,Cooper Rush,QB,DAL,2022,11,MIN,1.24,0
00-0033681,Keelan Cole,WR,LV,2022,11,DEN,2.1,1
00-0033699,Austin Ekeler,RB,LAC,2022,11,KC,16.0,2
00-0033757,Robert Tonyan,TE,GB,2022,11,TEN,1.9,2
00-0033854,Dare Ogunbowale,RB,HOU,2022,11,WAS,0.5,1
00-0033858,Jonnu Smith,TE,NE,2022,11,NYJ,4.5,4
00-0033873,Patrick Mahomes,QB,KC,2022,11,LAC,27.46,0
00-0033879,O.J. Howard,TE,HOU,2022,11,WAS,0.9,1
00-0033885,David Njoku,TE,CLE,2022,11,BUF,1.7,2
00-0033893,Dalvin Cook,RB,MIN,2022,11,DAL,7.2,0
00-0033897,Joe Mixon,RB,CIN,2022,11,PIT,6.2,3
00-0033906,Alvin Kamara,RB,NO,2022,11,LA,8.9,4
00-0033923,Kareem Hunt,RB,CLE,2022,11,BUF,5.4,2
00-0033925,D'Onta Foreman,RB,CAR,2022,11,BAL,2.4,0
00-0033932,Kenny Golladay,WR,NYG,2022,11,DET,2.9,2
00-0033948,Jamaal Williams,RB,DET,2022,11,NYG,24.4,0
00-0034104,Cam Sims,WR,WAS,2022,11,HOU,1.7,1
00-0034253,Dontrell Hilliard,RB,TEN,2022,11,GB,7.8,1
00-0034270,Tyler Conklin,TE,NYJ,2022,11,NE,1.5,2
00-0034272,Marquez Valdes-Scantling,WR,KC,2022,11,LAC,1.8,1
00-0034279,Equanimeous St. Brown,WR,CHI,2022,11,ATL,2.4,2
00-0034286,Richie James,WR,NYG,2022,11,DET,10.8,3
00-0034348,Courtland Sutton,WR,DEN,2022,11,LV,8.0,5
00-0034364,Jordan Akins,TE,HOU,2022,11,WAS,0.8,2
00-0034365,Ian Thomas,TE,CAR,2022,11,BAL,2.4,3
00-0034367,Nyheim Hines,RB,BUF,2022,11,CLE,-0.8,0
00-0034383,Dalton Schultz,TE,DAL,2022,11,MIN,2.2,3
00-0034386,Justin Watson,WR,KC,2022,11,LAC,6.7,3
00-0034407,Ray-Ray McCloud,WR,SF,2022,11,ARI,0.0,0
00-0034414,Boston Scott,RB,PHI,2022,11,IND,1.2,2
00-0034419,Braxton Berrios,WR,NYJ,2022,11,NE,0.0,0
00-0034440,Justin Jackson,RB,DET,2022,11,NYG,7.7,1
00-0034521,Allen Lazard,WR,GB,2022,11,TEN,5.7,5
00-0034646,Brandon Powell,WR,LA,2022,11,NO,1.5,2
00-0034681,Chase Edmonds,RB,DEN,2022,11,LV,0.6,0
00-0034753,Mark Andrews,TE,BAL,2022,11,CAR,6.3,6
00-0034764,Michael Gallup,WR,DAL,2022,11,MIN,4.1,3
00-0034777,D.J. Chark,WR,DET,2022,11,NYG,0.0,0
00-0034791,Nick Chubb,RB,CLE,2022,11,BUF,6.7,3
00-0034796,Lamar Jackson,QB,BAL,2022,11,CAR,15.46,0
00-0034827,D.J. Moore,WR,CAR,2022,11,BAL,2.4,3
00-0034830,Hayden Hurst,TE,CIN,2022,11,PIT,2.8,2
00-0034844,Saquon Barkley,RB,NYG,2022,11,DET,3.5,2
00-0034845,Sony Michel,RB,LAC,2022,11,KC,0.1,0
00-0034854,KhaDarel Hodge,WR,ATL,2022,11,CHI,1.3,1
00-0034855,Baker Mayfield,QB,CAR,2022,11,BAL,5.04,0
00-0034857,Josh Allen,QB,BUF,2022,11,CLE,12.58,0
00-0034928,Steven Sims,WR,PIT,2022,11,CIN,-0.3,0
00-0034960,Jakobi Meyers,WR,NE,2022,11,NYJ,5.2,4
00-0034972,Alexander Mattison,RB,MIN,2022,11,DAL,0.8,1
00-0034975,Justice Hill,RB,BAL,2022,11,CAR,3.8,3
00-0034981,Foster Moreau,TE,LV,2022,11,DEN,3.3,1
00-0035146,Trace McSorley,QB,ARI,2022,11,SF,0.96,0
00-0035208,Olamide Zaccheaus,WR,ATL,2022,11,CHI,2.2,1
00-0035216,Diontae Johnson,WR,PIT,2022,11,CIN,2.2,4
00-0035222,Zach Gentry,TE,PIT,2022,11,CIN,0.8,2
00-0035229,T.J. Hockenson,TE,MIN,2022,11,DAL,3.4,5
00-0035243,Miles Sanders,RB,PHI,2022,11,IND,4.8,1
00-0035249,Josh Oliver,TE,BAL,2022,11,CAR,0.2,1
00-0035250,Devin Singletary,RB,BUF,2022,11,CLE,15.7,2
00-0035261,Tony Pollard,RB,DAL,2022,11,MIN,30.9,6
00-0035291,Trayveon Williams,RB,CIN,2022,11,PIT,0.7,0
00-0035341,Trenton Irwin,WR,CIN,2022,11,PIT,10.2,3
00-0035500,Greg Dortch,WR,ARI,2022,11,SF,10.3,9
00-0035535,Darius Slayton,WR,NYG,2022,11,DET,8.6,5
00-0035537,Ty Johnson,RB,NYJ,2022,11,NE,0.4,0
00-0035544,Tom Kennedy,WR,DET,2022,11,NYG,1.3,1
00-0035547,Joseph Fortson,TE,KC,2022,11,LAC,5.1,2
00-0035639,Parris Campbell,WR,IND,2022,11,PHI,6.7,5
00-0035645,Gunner Olszewski,WR,PIT,2022,11,CIN,3.9,2
00-0035657,Damien Harris,RB,NE,2022,11,NYJ,9.3,2
00-0035659,Terry McLaurin,WR,WAS,2022,11,HOU,5.6,4
00-0035664,Darrell Henderson,RB,LA,2022,11,NO,0.9,0
00-0035676,A.J. Brown,WR,PHI,2022,11,IND,4.0,5
00-0035685,David Montgomery,RB,CHI,2022,11,ATL,18.1,3
00-0035689,Dawson Knox,TE,BUF,2022,11,CLE,7.0,7
00-0035700,Josh Jacobs,RB,LV,2022,11,DEN,16.0,3
00-0035710,Daniel Jones,QB,NYG,2022,11,DET,24.64,0
00-0035719,Deebo Samuel,WR,SF,2022,11,ARI,15.4,7
00-0035831,James Robinson,RB,NYJ,2022,11,NE,1.0,0
00-0035864,Kendall Hinton,WR,DEN,2022,11,LV,5.7,3
00-0035939,Bryce Perkins,QB,LA,2022,11,NO,6.46,0
00-0036040,Juwan Johnson,TE,NO,2022,11,LA,10.7,3
00-0036133,James Proche,WR,BAL,2022,11,CAR,0.0,0
00-0036145,Lawrence Cager,TE,NYG,2022,11,DET,2.0,2
00-0036165,Isaiah Hodgins,WR,NYG,2022,11,DET,0.9,3
00-0036182,Nick Westbrook-Ikhine,WR,TEN,2022,11,GB,2.8,2
00-0036196,Gabe Davis,WR,BUF,2022,11,CLE,6.8,5
00-0036219,Marquez Callaway,WR,NO,2022,11,LA,0.6,1
00-0036223,Jonathan Taylor,RB,IND,2022,11,PHI,13.4,3
00-0036232,Harrison Bryant,TE,CLE,2022,11,BUF,4.1,4
00-0036233,Donovan Peoples-Jones,WR,CLE,2022,11,BUF,12.1,5
00-0036251,Zack Moss,RB,IND,2022,11,PHI,0.7,0
00-0036252,Michael Pittman,WR,IND,2022,11,PHI,7.5,6
00-0036255,Denzel Mims,WR,NYJ,2022,11,NE,3.5,2
00-0036259,Jauan Jennings,WR,SF,2022,11,ARI,0.0,0
00-0036261,Brandon Aiyuk,WR,SF,2022,11,ARI,14.0,2
00-0036265,A.J. Dillon,RB,GB,2022,11,TEN,2.3,1
00-0036268,Laviska Shenault,WR,CAR,2022,11,BAL,0.7,4
00-0036271,Quez Watkins,WR,PHI,2022,11,IND,9.1,2
00-0036275,D'Andre Swift,RB,DET,2022,11,NYG,9.2,3
00-0036290,Cole Kmet,TE,CHI,2022,11,ATL,3.5,3
00-0036309,Darnell Mooney,WR,CHI,2022,11,ATL,8.9,4
00-0036322,Justin Jefferson,WR,MIN,2022,11,DAL,3.3,3
00-0036326,Chase Claypool,WR,CHI,2022,11,ATL,1.1,2
00-0036328,Antonio Gibson,RB,WAS,2022,11,HOU,10.3,3
00-0036331,Devin Duvernay,WR,BAL,2022,11,CAR,0.7,1
00-0036345,K.J. Osborn,WR,MIN,2022,11,DAL,1.7,2
00-0036355,Justin Herbert,QB,LAC,2022,11,KC,18.7,1
00-0036358,CeeDee Lamb,WR,DAL,2022,11,MIN,4.5,5
00-0036360,Clyde Edwards-Helaire,RB,KC,2022,11,LAC,0.9,0
00-0036387,Jalen Reagor,WR,MIN,2022,11,DAL,1.4,1
00-0036389,Jalen Hurts,QB,PHI,2022,11,IND,24.2,0
00-0036410,Tee Higgins,WR,CIN,2022,11,PIT,14.8,9
00-0036414,Cam Akers,RB,LA,2022,11,NO,6.1,0
00-0036415,Van Jefferson,WR,LA,2022,11,NO,4.1,3
00-0036422,Adam Trautman,TE,NO,2022,11,LA,1.2,3
00-0036442,Joe Burrow,QB,CIN,2022,11,PIT,26.7,0
00-0036493,Deon Jackson,RB,IND,2022,11,PHI,1.0,4
00-0036554,Nico Collins,WR,HOU,2022,11,WAS,4.8,5
00-0036555,Chuba Hubbard,RB,CAR,2022,11,BAL,2.5,2
00-0036567,Elijah Mitchell,RB,SF,2022,11,ARI,5.9,0
00-0036572,Shi Smith,WR,CAR,2022,11,BAL,0.6,4
00-0036628,John Bates,TE,WAS,2022,11,HOU,0.0,0
00-0036637,Noah Gray,TE,KC,2022,11,LAC,1.5,2
00-0036741,Jack Stoll,TE,PHI,2022,11,IND,0.7,1
00-0036754,Brock Wright,TE,DET,2022,11,NYG,2.0,2
00-0036829,Caleb Huntley,RB,ATL,2022,11,CHI,0.6,1
00-0036842,Kene Nwangwu,RB,MIN,2022,11,DAL,0.6,1
00-0036849,Tutu Atwell,WR,LA,2022,11,NO,12.2,1
00-0036862,Ben Skowronek,WR,LA,2022,11,NO,0.4,1
00-0036875,Rhamondre Stevenson,RB,NE,2022,11,NYJ,8.2,6
00-0036876,Kylen Granson,TE,IND,2022,11,PHI,1.6,1
00-0036893,Najee Harris,RB,PIT,2022,11,CIN,23.6,4
00-0036894,Pat Freiermuth,TE,PIT,2022,11,CIN,7.9,8
00-0036898,Davis Mills,QB,HOU,2022,11,WAS,9.76,0
00-0036912,DeVonta Smith,WR,PHI,2022,11,IND,7.8,6
00-0036913,Kadarius Toney,WR,KC,2022,11,LAC,0.0,0
00-0036919,Kenneth Gainwell,RB,PHI,2022,11,IND,0.0,0
00-0036924,Michael Carter,RB,NYJ,2022,11,NE,1.7,1
00-0036936,Rondale Moore,WR,ARI,2022,11,SF,-0.6,0
00-0036945,Justin Fields,QB,CHI,2022,11,ATL,22.62,0
00-0036955,Terrace Marshall,WR,CAR,2022,11,BAL,7.6,3
00-0036959,Michael Bandy,WR,LAC,2022,11,KC,0.0,0
00-0036963,Amon-Ra St. Brown,WR,DET,2022,11,NYG,8.0,7
00-0036970,Kyle Pitts,TE,ATL,2022,11,CHI,4.3,3
00-0036972,Mac Jones,QB,NE,2022,11,NYJ,10.14,0
00-0036980,Elijah Moore,WR,NYJ,2022,11,NE,1.7,2
00-0036988,Josh Palmer,WR,LAC,2022,11,KC,22.6,8
00-0037013,Zach Wilson,QB,NYJ,2022,11,NE,5.68,0
00-0037078,Cole Turner,TE,WAS,2022,11,HOU,0.0,0
00-0037087,Trestan Ebner,RB,CHI,2022,11,ATL,0.8,0
00-0037197,Isiah Pacheco,RB,KC,2022,11,LAC,10.7,0
00-0037228,Jaylen Warren,RB,PIT,2022,11,CIN,0.9,1
00-0037238,Drake London,WR,ATL,2022,11,CHI,6.2,1
00-0037239,Chris Olave,WR,NO,2022,11,LA,16.2,5
00-0037247,George Pickens,WR,PIT,2022,11,CIN,14.3,4
00-0037248,James Cook,RB,BUF,2022,11,CLE,8.6,0
00-0037252,Greg Dulcich,TE,DEN,2022,11,LV,3.0,4
00-0037257,David Bell,WR,CLE,2022,11,BUF,2.2,4
00-0037258,Dameon Pierce,RB,HOU,2022,11,WAS,1.7,2
00-0037263,Tyler Allgeier,RB,ATL,2022,11,CHI,6.4,1
00-0037277,Teagan Quitoriano,TE,HOU,2022,11,WAS,0.0,0
00-0037291,Jalen Nailor,WR,MIN,2022,11,DAL,1.5,1
00-0037299,Keaontay Ingram,RB,ARI,2022,11,SF,1.9,0
00-0037331,Zander Horvath,RB,LAC,2022,11,KC,0.3,0
00-0037382,Brandon Johnson,WR,DEN,2022,11,LV,0.2,1
00-0037429,Raheem Blackshear,RB,CAR,2022,11,BAL,1.4,2
00-0037475,Stone Smartt,TE,LAC,2022,11,KC,0.6,1
00-0037525,Jordan Mason,RB,SF,2022,11,ARI,1.4,0
00-0037545,Rashid Shaheed,WR,NO,2022,11,LA,0.8,1
00-0037563,Malik Davis,RB,DAL,2022,11,MIN,3.5,2
00-0037569,Peyton Hendershot,TE,DAL,2022,11,MIN,-0.2,1
00-0037664,Alec Pierce,WR,IND,2022,11,PHI,2.8,3
00-0037666,Jalen Tolbert,WR,DAL,2022,11,MIN,0.8,1
00-0037740,Garrett Wilson,WR,NYJ,2022,11,NE,1.2,2
00-0037741,Jahan Dotson,WR,WAS,2022,11,HOU,1.6,1
00-0037742,Treylon Burks,WR,TEN,2022,11,GB,11.1,7
00-0037744,Trey McBride,TE,ARI,2022,11,SF,1.4,4
00-0037746,Brian Robinson,RB,WAS,2022,11,HOU,5.7,0
00-0037809,Chigoziem Okonkwo,TE,TEN,2022,11,GB,3.1,1
00-0037834,Brock Purdy,QB,SF,2022,11,ARI,0.3,0
00-0037838,Isaiah Likely,TE,BAL,2022,11,CAR,0.1,1
00-0037840,Kyren Williams,RB,LA,2022,11,NO,4.4,1
00-0038041,Jake Ferguson,TE,DAL,2022,11,MIN,1.5,2
00-0038045,Isaiah Spiller,RB,LAC,2022,11,KC,2.2,2
00-0038090,Skyy Moore,WR,KC,2022,11,LAC,6.3,5
00-0038102,Kenny Pickett,QB,PIT,2022,11,CIN,16.0,0
00-0038104,Tyquan Thornton,WR,NE,2022,11,NYJ,0.5,1
00-0038117,Wan'Dale Robinson,WR,NYG,2022,11,DET,10.4,9
00-0038124,Christian Watson,WR,GB,2022,11,TEN,17.1,4
00-0019596,Tom Brady,QB,TB,2022,12,CLE,18.04,0
00-0023459,Aaron Rodgers,QB,GB,2022,12,PHI,9.5,0
00-0026143,Matt Ryan,QB,IND,2022,12,PIT,10.16,0
00-0026189,DeSean Jackson,WR,BAL,2022,12,JAX,7.4,2
00-0027942,A.J. Green,WR,ARI,2022,12,LAC,0.5,1
00-0027944,Julio Jones,WR,TB,2022,12,CLE,5.5,3
00-0027966,Mark Ingram,RB,NO,2022,12,SF,1.0,0
00-0027973,Andy Dalton,QB,NO,2022,12,SF,10.26,0
00-0028002,Randall Cobb,WR,GB,2022,12,PHI,7.9,2
00-0029263,Russell Wilson,QB,DEN,2022,12,CAR,8.48,0
00-0029293,Marvin Jones,WR,JAX,2022,12,BAL,8.2,3
00-0029604,Kirk Cousins,QB,MIN,2022,12,NE,21.86,0
00-0029701,Ryan Tannehill,QB,TEN,2022,12,CIN,16.54,0
00-0030035,Adam Thielen,WR,MIN,2022,12,NE,12.1,9
00-0030068,Marquise Goodwin,WR,SEA,2022,12,LV,5.5,3
00-0030279,Keenan Allen,WR,LAC,2022,12,ARI,10.9,5
00-0030288,Rex Burkhead,RB,HOU,2022,12,MIA,0.5,1
00-0030431,Robert Woods,WR,TEN,2022,12,CIN,1.6,2
00-0030506,Travis Kelce,TE,KC,2022,12,LA,11.7,4
00-0030513,Latavius Murray,RB,DEN,2022,12,CAR,9.8,1
00-0030564,DeAndre Hopkins,WR,ARI,2022,12,LAC,14.7,4
00-0030565,Geno Smith,QB,SEA,2022,12,LV,19.32,0
00-0030578,Cordarrelle Patterson,RB,ATL,2022,12,WAS,7.1,3
00-0031236,Brandin Cooks,WR,HOU,2022,12,MIA,6.1,5
00-0031260,Logan Thomas,TE,WAS,2022,12,ATL,0.7,1
00-0031273,Cameron Brate,TE,TB,2022,12,CLE,1.5,2
00-0031280,Derek Carr,QB,LV,2022,12,SEA,20.8,0
00-0031345,Jimmy Garoppolo,QB,SF,2022,12,NO,13.28,0
00-0031376,Jerick McKinnon,RB,KC,2022,12,LA,2.6,3
00-0031381,Davante Adams,WR,LV,2022,12,SEA,7.4,7
00-0031382,Jarvis Landry,WR,NO,2022,12,SF,2.0,2
00-0031408,Mike Evans,WR,TB,2022,12,CLE,3.1,2
00-0031544,Amari Cooper,WR,CLE,2022,12,TB,9.4,7
00-0031547,DeVante Parker,WR,NE,2022,12,MIN,8.0,4
00-0031549,Nelson Agholor,WR,NE,2022,12,MIN,12.5,6
00-0031585,MyCole Pruitt,TE,ATL,2022,12,WAS,6.9,2
00-0031588,Stefon Diggs,WR,BUF,2022,12,DET,13.7,8
00-0031763,DeAndre Carter,WR,LAC,2022,12,ARI,13.3,7
00-0031800,Taylor Heinicke,QB,WAS,2022,12,ATL,11.42,0
00-0032054,Breshad Perriman,WR,TB,2022,12,CLE,0.0,0
00-0032104,Ameer Abdullah,RB,LV,2022,12,SEA,11.5,3
00-0032134,C.J. Uzomah,TE,NYJ,2022,12,CHI,1.7,3
00-0032141,Geoff Swaim,TE,TEN,2022,12,CIN,0.0,0
00-0032156,Trevor Siemian,QB,CHI,2022,12,NYJ,9.96,0
00-0032208,Phillip Dorsett,WR,HOU,2022,12,MIA,0.5,1
00-0032211,Tyler Lockett,WR,SEA,2022,12,LV,12.8,3
00-0032268,Marcus Mariota,QB,ATL,2022,12,WAS,13.86,0
00-0032392,Austin Hooper,TE,TEN,2022,12,CIN,3.0,3
00-0032398,Chris Moore,WR,HOU,2022,12,MIA,0.7,2
00-0032464,Kalif Raymond,WR,DET,2022,12,BUF,3.5,4
00-0032688,Robbie Chosen,WR,ARI,2022,12,LAC,1.7,1
00-0032764,Derrick Henry,RB,TEN,2022,12,CIN,11.7,3
00-0032775,Demarcus Robinson,WR,BAL,2022,12,JAX,1.7,1
00-0032975,Jonathan Williams,RB,WAS,2022,12,ATL,2.2,0
00-0033009,Tyler Boyd,WR,CIN,2022,12,TEN,1.6,2
00-0033040,Tyreek Hill,WR,MIA,2022,12,HOU,9.0,6
00-0033045,Ezekiel Elliott,RB,DAL,2022,12,NYG,15.5,1
00-0033077,Dak Prescott,QB,DAL,2022,12,NYG,14.84,0
00-0033090,Hunter Henry,TE,NE,2022,12,MIN,12.3,3
00-0033106,Jared Goff,QB,DET,2022,12,BUF,17.6,0
00-0033118,Kenyan Drake,RB,BAL,2022,12,JAX,0.2,0
00-0033119,Jacoby Brissett,QB,CLE,2022,12,TB,13.1,0
00-0033217,Mo Alie-Cox,TE,IND,2022,12,PIT,1.4,2
00-0033246,Johnny Mundt,TE,MIN,2022,12,NE,2.0,2
00-0033280,Christian McCaffrey,RB,SF,2022,12,NO,4.9,4
00-0033282,Curtis Samuel,WR,WAS,2022,12,ATL,1.3,0
00-0033288,George Kittle,TE,SF,2022,12,NO,2.6,3
00-0033292,Trent Taylor,WR,CIN,2022,12,TEN,0.8,1
00-0033293,Aaron Jones,RB,GB,2022,12,PHI,15.9,3
00-0033307,Kendrick Bourne,WR,NE,2022,12,MIN,2.9,3
00-0033308,Matt Breida,RB,NYG,2022,12,DAL,1.5,1
00-0033357,Taysom Hill,QB,NO,2022,12,SF,2.0,1
00-0033455,Anthony Firkser,TE,ATL,2022,12,WAS,1.6,1
00-0033466,Isaiah McKenzie,WR,BUF,2022,12,DET,16.3,6
00-0033526,Samaje Perine,RB,CIN,2022,12,TEN,15.3,4
00-0033553,James Conner,RB,ARI,2022,12,LAC,18.0,3
00-0033555,Mack Hollins,WR,LV,2022,12,SEA,12.3,4
00-0033572,Jamal Agnew,WR,JAX,2022,12,BAL,9.7,5
00-0033681,Keelan Cole,WR,LV,2022,12,SEA,1.2,2
00-0033699,Austin Ekeler,RB,LAC,2022,12,ARI,14.0,11
00-0033725,Corey Clement,RB,ARI,2022,12,LAC,0.8,1
00-0033757,Robert Tonyan,TE,GB,2022,12,PHI,2.0,3
00-0033854,Dare Ogunbowale,RB,HOU,2022,12,MIA,8.0,1
00-0033857,JuJu Smith-Schuster,WR,KC,2022,12,LA,3.8,3
00-0033871,Corey Davis,WR,NYJ,2022,12,CHI,0.9,1
00-0033873,Patrick Mahomes,QB,KC,2022,12,LA,18.4,0
00-0033879,O.J. Howard,TE,HOU,2022,12,MIA,0.0,0
00-0033881,Evan Engram,TE,JAX,2022,12,BAL,0.4,1
00-0033885,David Njoku,TE,CLE,2022,12,TB,8.9,5
00-0033891,Zay Jones,WR,JAX,2022,12,BAL,16.5,11
00-0033893,Dalvin Cook,RB,MIN,2022,12,NE,5.6,4
00-0033895,Gerald Everett,TE,LAC,2022,12,ARI,3.8,4
00-0033906,Alvin Kamara,RB,NO,2022,12,SF,1.0,6
00-0033921,Chris Godwin,WR,TB,2022,12,CLE,17.0,12
00-0033923,Kareem Hunt,RB,CLE,2022,12,TB,2.1,1
00-0033925,D'Onta Foreman,RB,CAR,2022,12,DEN,11.3,0
00-0033948,Jamaal Williams,RB,DET,2022,12,BUF,10.6,0
00-0033951,Marlon Mack,RB,DEN,2022,12,CAR,1.2,1
00-0034054,River Cracraft,WR,MIA,2022,12,HOU,5.5,4
00-0034115,Jeffery Wilson,RB,MIA,2022,12,HOU,11.2,1
00-0034159,Will Dissly,TE,SEA,2022,12,LV,1.7,2
00-0034184,Gus Edwards,RB,BAL,2022,12,JAX,9.2,0
00-0034253,Dontrell Hilliard,RB,TEN,2022,12,CIN,1.9,3
00-0034270,Tyler Conklin,TE,NYJ,2022,12,CHI,5.0,3
00-0034272,Marquez Valdes-Scantling,WR,KC,2022,12,LA,5.6,4
00-0034279,Equanimeous St. Brown,WR,CHI,2022,12,NYJ,0.7,1
00-0034286,Richie James,WR,NYG,2022,12,DAL,10.1,5
00-0034297,Byron Pringle,WR,CHI,2022,12,NYJ,7.2,2
00-0034348,Courtland Sutton,WR,DEN,2022,12,CAR,7.5,6
00-0034364,Jordan Akins,TE,HOU,2022,12,MIA,10.1,5
00-0034365,Ian Thomas,TE,CAR,2022,12,DEN,2.1,2
00-0034367,Nyheim Hines,RB,BUF,2022,12,DET,0.3,0
00-0034383,Dalton Schultz,TE,DAL,2022,12,NYG,15.1,4
00-0034386,Justin Watson,WR,KC,2022,12,LA,2.6,2
00-0034401,Mike White,QB,NYJ,2022,12,CHI,24.8,0
00-0034407,Ray-Ray McCloud,WR,SF,2022,12,NO,1.2,1
00-0034414,Boston Scott,RB,PHI,2022,12,GB,2.4,0
00-0034418,Cedrick Wilson,WR,MIA,2022,12,HOU,2.6,2
00-0034419,Braxton Berrios,WR,NYJ,2022,12,CHI,1.3,1
00-0034440,Justin Jackson,RB,DET,2022,12,BUF,1.9,1
00-0034487,Trent Sherfield,WR,MIA,2022,12,HOU,3.3,2
00-0034521,Allen Lazard,WR,GB,2022,12,PHI,2.4,2
00-0034577,Kyle Allen,QB,HOU,2022,12,MIA,9.8,0
00-0034613,Tanner Hudson,TE,NYG,2022,12,DAL,1.0,1
00-0034646,Brandon Powell,WR,LA,2022,12,KC,0.6,2
00-0034753,Mark Andrews,TE,BAL,2022,12,JAX,7.0,4
00-0034764,Michael Gallup,WR,DAL,2022,12,NYG,6.3,5
00-0034765,Tre'Quan Smith,WR,NO,2022,12,SF,0.8,1
00-0034775,Christian Kirk,WR,JAX,2022,12,BAL,4.1,4
00-0034777,D.J. Chark,WR,DET,2022,12,BUF,7.6,2
00-0034791,Nick Chubb,RB,CLE,2022,12,TB,19.2,1
00-0034796,Lamar Jackson,QB,BAL,2022,12,JAX,23.06,0
00-0034798,Durham Smythe,TE,MIA,2022,12,HOU,6.4,1
00-0034816,Ronald Jones,RB,KC,2022,12,LA,3.4,1
00-0034827,D.J. Moore,WR,CAR,2022,12,DEN,16.3,4
00-0034829,Mike Gesicki,TE,MIA,2022,12,HOU,0.0,0
00-0034830,Hayden Hurst,TE,CIN,2022,12,TEN,5.7,6
00-0034844,Saquon Barkley,RB,NYG,2022,12,DAL,11.2,4
00-0034857,Josh Allen,QB,BUF,2022,12,DET,29.92,0
00-0034860,Dante Pettis,WR,CHI,2022,12,NYJ,1.2,1
00-0034869,Sam Darnold,QB,CAR,2022,12,DEN,16.86,0
00-0034928,Steven Sims,WR,PIT,2022,12,IND,0.9,2
00-0034960,Jakobi Meyers,WR,NE,2022,12,MIN,6.2,3
00-0034972,Alexander Mattison,RB,MIN,2022,12,NE,1.1,0
00-0034975,Justice Hill,RB,BAL,2022,12,JAX,0.3,0
00-0034981,Foster Moreau,TE,LV,2022,12,SEA,9.3,3
00-0035184,Devine Ozigbo,RB,DEN,2022,12,CAR,0.3,1
00-0035208,Olamide Zaccheaus,WR,ATL,2022,12,WAS,9.1,5
00-0035216,Diontae Johnson,WR,PIT,2022,12,IND,4.9,5
00-0035217,Benny Snell,RB,PIT,2022,12,IND,12.8,1
00-0035222,Zach Gentry,TE,PIT,2022,12,IND,-0.4,1
00-0035228,Kyler Murray,QB,ARI,2022,12,LAC,25.24,0
00-0035229,T.J. Hockenson,TE,MIN,2022,12,NE,10.3,5
00-0035243,Miles Sanders,RB,PHI,2022,12,GB,28.0,3
00-0035249,Josh Oliver,TE,BAL,2022,12,JAX,13.6,4
00-0035250,Devin Singletary,RB,BUF,2022,12,DET,8.0,1
00-0035259,Trevon Wesco,TE,CHI,2022,12,NYJ,0.3,1
00-0035261,Tony Pollard,RB,DAL,2022,12,NYG,6.1,2
00-0035291,Trayveon Williams,RB,CIN,2022,12,TEN,4.2,1
00-0035311,Myles Gaskin,RB,MIA,2022,12,HOU,2.1,1
00-0035341,Trenton Irwin,WR,CIN,2022,12,TEN,1.6,1
00-0035345,Chris Myarick,TE,NYG,2022,12,DAL,2.3,1
00-0035535,Darius Slayton,WR,NYG,2022,12,DAL,6.3,3
00-0035537,Ty Johnson,RB,NYJ,2022,12,CHI,13.8,1
00-0035547,Joseph Fortson,TE,KC,2022,12,LA,2.6,2
00-0035572,Parker Hesse,TE,ATL,2022,12,WAS,0.9,1
00-0035594,Travis Homer,RB,SEA,2022,12,LV,11.3,2
00-0035639,Parris Campbell,WR,IND,2022,12,PIT,1.4,2
00-0035640,DK Metcalf,WR,SEA,2022,12,LV,9.0,11
00-0035644,Noah Fant,TE,SEA,2022,12,LV,3.4,3
00-0035645,Gunner Olszewski,WR,PIT,2022,12,IND,0.9,0
00-0035657,Damien Harris,RB,NE,2022,12,MIN,1.6,0
00-0035659,Terry McLaurin,WR,WAS,2022,12,ATL,5.3,4
00-0035662,Marquise Brown,WR,ARI,2022,12,LAC,4.6,6
00-0035676,A.J. Brown,WR,PHI,2022,12,GB,8.6,4
00-0035685,David Montgomery,RB,CHI,2022,12,NYJ,11.3,3
00-0035689,Dawson Knox,TE,BUF,2022,12,DET,1.7,2
00-0035700,Josh Jacobs,RB,LV,2022,12,SEA,42.3,6
00-0035710,Daniel Jones,QB,NYG,2022,12,DAL,14.52,0
00-0035719,Deebo Samuel,WR,SF,2022,12,NO,4.3,3
00-0035806,Jamycal Hasty,RB,JAX,2022,12,BAL,15.5,5
00-0035864,Kendall Hinton,WR,DEN,2022,12,CAR,4.8,5
00-0035876,Andre Baccellia,WR,ARI,2022,12,LAC,0.7,1
00-0035891,Cody White,WR,PIT,2022,12,IND,0.2,1
00-0035939,Bryce Perkins,QB,LA,2022,12,KC,8.4,0
00-0036040,Juwan Johnson,TE,NO,2022,12,SF,0.0,0
00-0036145,Lawrence Cager,TE,NYG,2022,12,DAL,2.0,1
00-0036165,Isaiah Hodgins,WR,NYG,2022,12,DAL,3.1,3
00-0036182,Nick Westbrook-Ikhine,WR,TEN,2022,12,CIN,5.8,4
00-0036196,Gabe Davis,WR,BUF,2022,12,DET,3.8,4
00-0036212,Tua Tagovailoa,QB,MIA,2022,12,HOU,15.96,0
00-0036223,Jonathan Taylor,RB,IND,2022,12,PIT,15.8,3
00-0036232,Harrison Bryant,TE,CLE,2022,12,TB,0.9,2
00-0036233,Donovan Peoples-Jones,WR,CLE,2022,12,TB,1.6,2
00-0036250,Tyler Davis,TE,GB,2022,12,PHI,0.0,0
00-0036251,Zack Moss,RB,IND,2022,12,PIT,0.2,0
00-0036252,Michael Pittman,WR,IND,2022,12,PIT,12.1,7
00-0036255,Denzel Mims,WR,NYJ,2022,12,CHI,1.1,1
00-0036259,Jauan Jennings,WR,SF,2022,12,NO,10.9,6
00-0036261,Brandon Aiyuk,WR,SF,2022,12,NO,6.5,5
00-0036264,Jordan Love,QB,GB,2022,12,PHI,8.52,0
00-0036265,A.J. Dillon,RB,GB,2022,12,PHI,14.8,3
00-0036268,Laviska Shenault,WR,CAR,2022,12,DEN,2.1,2
00-0036271,Quez Watkins,WR,PHI,2022,12,GB,9.5,3
00-0036275,D'Andre Swift,RB,DET,2022,12,BUF,6.3,4
00-0036290,Cole Kmet,TE,CHI,2022,12,NYJ,2.7,3
00-0036297,Darrynton Evans,RB,CHI,2022,12,NYJ,6.7,1
00-0036322,Justin Jefferson,WR,MIN,2022,12,NE,20.34,9
00-0036326,Chase Claypool,WR,CHI,2022,12,NYJ,5.1,2
00-0036328,Antonio Gibson,RB,WAS,2022,12,ATL,5.4,3
00-0036331,Devin Duvernay,WR,BAL,2022,12,JAX,3.9,3
00-0036336,Anthony McFarland,RB,PIT,2022,12,IND,4.1,2
00-0036345,K.J. Osborn,WR,MIN,2022,12,NE,1.3,1
00-0036355,Justin Herbert,QB,LAC,2022,12,ARI,28.76,0
00-0036358,CeeDee Lamb,WR,DAL,2022,12,NYG,11.7,6
00-0036370,Joshua Kelley,RB,LAC,2022,12,ARI,2.0,2
00-0036387,Jalen Reagor,WR,MIN,2022,12,NE,2.5,1
00-0036389,Jalen Hurts,QB,PHI,2022,12,GB,29.82,0
00-0036410,Tee Higgins,WR,CIN,2022,12,TEN,17.4,7
00-0036414,Cam Akers,RB,LA,2022,12,KC,3.7,0
00-0036415,Van Jefferson,WR,LA,2022,12,KC,8.9,3
00-0036422,Adam Trautman,TE,NO,2022,12,SF,1.7,1
00-0036424,Brycen Hopkins,TE,LA,2022,12,KC,1.2,1
00-0036425,DeeJay Dallas,RB,SEA,2022,12,LV,1.5,2
00-0036442,Joe Burrow,QB,CIN,2022,12,TEN,18.0,0
00-0036450,Ke'Shawn Vaughn,RB,TB,2022,12,CLE,1.5,0
00-0036554,Nico Collins,WR,HOU,2022,12,MIA,4.4,6
00-0036555,Chuba Hubbard,RB,CAR,2022,12,DEN,6.5,0
00-0036567,Elijah Mitchell,RB,SF,2022,12,NO,4.3,2
00-0036569,Gary Brightwell,RB,NYG,2022,12,DAL,4.9,2
00-0036590,Quintin Morris,TE,BUF,2022,12,DET,0.3,1
00-0036613,Jaylen Waddle,WR,MIA,2022,12,HOU,8.5,5
00-0036626,Dyami Brown,WR,WAS,2022,12,ATL,1.7,1
00-0036628,John Bates,TE,WAS,2022,12,ATL,8.4,3
00-0036637,Noah Gray,TE,KC,2022,12,LA,1.6,2
00-0036754,Brock Wright,TE,DET,2022,12,BUF,0.6,2
00-0036829,Caleb Huntley,RB,ATL,2022,12,WAS,1.3,1
00-0036842,Kene Nwangwu,RB,MIN,2022,12,NE,6.0,0
00-0036849,Tutu Atwell,WR,LA,2022,12,KC,2.3,2
00-0036862,Ben Skowronek,WR,LA,2022,12,KC,0.5,2
00-0036875,Rhamondre Stevenson,RB,NE,2022,12,MIN,11.2,9
00-0036893,Najee Harris,RB,PIT,2022,12,IND,9.9,1
00-0036894,Pat Freiermuth,TE,PIT,2022,12,IND,3.9,3
00-0036912,DeVonta Smith,WR,PHI,2022,12,GB,5.0,4
00-0036918,Jacob Harris,WR,LA,2022,12,KC,0.6,1
00-0036919,Kenneth Gainwell,RB,PHI,2022,12,GB,10.6,1
00-0036924,Michael Carter,RB,NYJ,2022,12,CHI,3.6,2
00-0036955,Terrace Marshall,WR,CAR,2022,12,DEN,0.8,1
00-0036963,Amon-Ra St. Brown,WR,DET,2022,12,BUF,18.9,9
00-0036971,Trevor Lawrence,QB,JAX,2022,12,BAL,24.94,0
00-0036972,Mac Jones,QB,NE,2022,12,MIN,23.28,0
00-0036973,Travis Etienne,RB,JAX,2022,12,BAL,0.3,0
00-0036980,Elijah Moore,WR,NYJ,2022,12,CHI,12.0,2
00-0036988,Josh Palmer,WR,LAC,2022,12,ARI,5.6,5
00-0036999,Anthony Schwartz,WR,CLE,2022,12,TB,10.8,1
00-0037005,Tommy Tremble,TE,CAR,2022,12,DEN,0.2,1
00-0037055,Lance McCutcheon,WR,LA,2022,12,KC,0.0,0
00-0037078,Cole Turner,TE,WAS,2022,12,ATL,0.0,0
00-0037086,Grant Calcaterra,TE,PHI,2022,12,GB,-0.2,1
00-0037157,Zonovan Knight,RB,NYJ,2022,12,CHI,10.3,3
00-0037197,Isiah Pacheco,RB,KC,2022,12,LA,14.6,1
00-0037238,Drake London,WR,ATL,2022,12,WAS,2.9,2
00-0037239,Chris Olave,WR,NO,2022,12,SF,6.2,5
00-0037247,George Pickens,WR,PIT,2022,12,IND,7.7,3
00-0037248,James Cook,RB,BUF,2022,12,DET,1.8,2
00-0037252,Greg Dulcich,TE,DEN,2022,12,CAR,1.1,2
00-0037256,Rachaad White,RB,TB,2022,12,CLE,10.9,9
00-0037257,David Bell,WR,CLE,2022,12,TB,2.3,4
00-0037258,Dameon Pierce,RB,HOU,2022,12,MIA,1.6,3
00-0037263,Tyler Allgeier,RB,ATL,2022,12,WAS,5.4,0
00-0037265,Snoop Conner,RB,JAX,2022,12,BAL,1.1,0
00-0037272,Montrell Washington,WR,DEN,2022,12,CAR,-0.2,1
00-0037277,Teagan Quitoriano,TE,HOU,2022,12,MIA,2.0,2
00-0037282,James Mitchell,TE,DET,2022,12,BUF,2.2,1
00-0037299,Keaontay Ingram,RB,ARI,2022,12,LAC,0.5,0
00-0037311,Ko Kieft,TE,TB,2022,12,CLE,6.5,1
00-0037327,Skylar Thompson,QB,MIA,2022,12,HOU,-1.26,0
00-0037382,Brandon Johnson,WR,DEN,2022,12,CAR,7.0,2
00-0037387,Jalen Virgil,WR,DEN,2022,12,CAR,0.0,0
00-0037429,Raheem Blackshear,RB,CAR,2022,12,DEN,1.1,1
00-0037525,Jordan Mason,RB,SF,2022,12,NO,2.5,0
00-0037545,Rashid Shaheed,WR,NO,2022,12,SF,5.9,2
00-0037569,Peyton Hendershot,TE,DAL,2022,12,NYG,6.2,0
00-0037664,Alec Pierce,WR,IND,2022,12,PIT,0.0,0
00-0037740,Garrett Wilson,WR,NYJ,2022,12,CHI,21.4,5
00-0037741,Jahan Dotson,WR,WAS,2022,12,ATL,0.0,0
00-0037742,Treylon Burks,WR,TEN,2022,12,CIN,7.0,4
00-0037744,Trey McBride,TE,ARI,2022,12,LAC,0.1,1
00-0037745,Velus Jones,WR,CHI,2022,12,NYJ,0.6,0
00-0037746,Brian Robinson,RB,WAS,2022,12,ATL,18.5,2
00-0037755,Jelani Woods,TE,IND,2022,12,PIT,9.8,8
00-0037809,Chigoziem Okonkwo,TE,TEN,2022,12,CIN,3.5,3
00-0037840,Kyren Williams,RB,LA,2022,12,KC,6.0,3
00-0038040,Zamir White,RB,LV,2022,12,SEA,2.8,0
00-0038041,Jake Ferguson,TE,DAL,2022,12,NYG,5.7,3
00-0038045,Isaiah Spiller,RB,LAC,2022,12,ARI,0.5,1
00-0038090,Skyy Moore,WR,KC,2022,12,LA,3.6,5
00-0038102,Kenny Pickett,QB,PIT,2022,12,IND,12.16,0
00-0038124,Christian Watson,WR,GB,2022,12,PHI,17.0,4
00-0038134,Kenneth Walker,RB,SEA,2022,12,LV,15.9,1
00-0019596,Tom Brady,QB,TB,2022,13,NO,17.14,0
00-0023459,Aaron Rodgers,QB,GB,2022,13,CHI,13.68,0
00-0024243,Marcedes Lewis,TE,GB,2022,13,CHI,2.0,0
00-0026143,Matt Ryan,QB,IND,2022,13,DAL,9.12,0
00-0026189,DeSean Jackson,WR,BAL,2022,13,DEN,1.0,2
00-0027944,Julio Jones,WR,TB,2022,13,NO,2.8,3
00-0027966,Mark Ingram,RB,NO,2022,13,TB,4.9,5
00-0027973,Andy Dalton,QB,NO,2022,13,TB,13.26,0
00-0028002,Randall Cobb,WR,GB,2022,13,CHI,0.0,0
00-0029263,Russell Wilson,QB,DEN,2022,13,BAL,9.66,0
00-0029293,Marvin Jones,WR,JAX,2022,13,DET,1.7,1
00-0029604,Kirk Cousins,QB,MIN,2022,13,NYJ,11.82,0
00-0029701,Ryan Tannehill,QB,TEN,2022,13,PHI,13.04,0
00-0030035,Adam Thielen,WR,MIN,2022,13,NYJ,2.7,2
00-0030068,Marquise Goodwin,WR,SEA,2022,13,LA,1.7,1
00-0030279,Keenan Allen,WR,LAC,2022,13,LV,14.8,6
00-0030431,Robert Woods,WR,TEN,2022,13,PHI,0.6,1
00-0030506,Travis Kelce,TE,KC,2022,13,CIN,3.6,4
00-0030513,Latavius Murray,RB,DEN,2022,13,BAL,6.1,4
00-0030565,Geno Smith,QB,SEA,2022,13,LA,22.98,0
00-0030578,Cordarrelle Patterson,RB,ATL,2022,13,PIT,6.0,0
00-0031260,Logan Thomas,TE,WAS,2022,13,NYG,2.0,3
00-0031280,Derek Carr,QB,LV,2022,13,LAC,16.0,0
00-0031345,Jimmy Garoppolo,QB,SF,2022,13,MIA,2.24,0
00-0031376,Jerick McKinnon,RB,KC,2022,13,CIN,12.0,2
00-0031381,Davante Adams,WR,LV,2022,13,LAC,29.7,8
00-0031382,Jarvis Landry,WR,NO,2022,13,TB,1.4,2
00-0031408,Mike Evans,WR,TB,2022,13,NO,5.9,4
00-0031484,Chris Manhertz,TE,JAX,2022,13,DET,0.0,0
00-0031544,Amari Cooper,WR,CLE,2022,13,HOU,4.0,4
00-0031547,DeVante Parker,WR,NE,2022,13,BUF,1.6,2
00-0031549,Nelson Agholor,WR,NE,2022,13,BUF,1.7,2
00-0031585,MyCole Pruitt,TE,ATL,2022,13,PIT,6.7,1
00-0031588,Stefon Diggs,WR,BUF,2022,13,NE,15.2,7
00-0031687,Raheem Mostert,RB,MIA,2022,13,SF,3.0,0
00-0031763,DeAndre Carter,WR,LAC,2022,13,LV,1.4,1
00-0031800,Taylor Heinicke,QB,WAS,2022,13,NYG,17.6,0
00-0031868,Damiere Byrd,WR,ATL,2022,13,PIT,1.2,1
00-0032104,Ameer Abdullah,RB,LV,2022,13,LAC,0.4,0
00-0032134,C.J. Uzomah,TE,NYJ,2022,13,MIN,3.1,1
00-0032141,Geoff Swaim,TE,TEN,2022,13,PHI,0.4,1
00-0032208,Phillip Dorsett,WR,HOU,2022,13,CLE,1.8,2
00-0032211,Tyler Lockett,WR,SEA,2022,13,LA,18.8,9
00-0032214,Tyler Kroft,TE,SF,2022,13,MIA,1.4,1
00-0032268,Marcus Mariota,QB,ATL,2022,13,PIT,10.38,0
00-0032392,Austin Hooper,TE,TEN,2022,13,PHI,2.2,3
00-0032398,Chris Moore,WR,HOU,2022,13,CLE,4.6,3
00-0032464,Kalif Raymond,WR,DET,2022,13,JAX,0.6,2
00-0032764,Derrick Henry,RB,TEN,2022,13,PHI,3.8,2
00-0032775,Demarcus Robinson,WR,BAL,2022,13,DEN,4.1,7
00-0032792,Nate Sudfeld,QB,DET,2022,13,JAX,-0.1,0
00-0032951,Laquon Treadwell,WR,SEA,2022,13,LA,0.1,1
00-0032975,Jonathan Williams,RB,WAS,2022,13,NYG,0.1,0
00-0033009,Tyler Boyd,WR,CIN,2022,13,KC,6.0,4
00-0033040,Tyreek Hill,WR,MIA,2022,13,SF,20.6,9
00-0033045,Ezekiel Elliott,RB,DAL,2022,13,IND,15.1,3
00-0033077,Dak Prescott,QB,DAL,2022,13,IND,16.8,0
00-0033090,Hunter Henry,TE,NE,2022,13,BUF,1.3,2
00-0033106,Jared Goff,QB,DET,2022,13,JAX,21.6,0
00-0033110,Tyler Higbee,TE,LA,2022,13,SEA,1.4,2
00-0033118,Kenyan Drake,RB,BAL,2022,13,DEN,4.6,2
00-0033217,Mo Alie-Cox,TE,IND,2022,13,DAL,-1.4,1
00-0033246,Johnny Mundt,TE,MIN,2022,13,NYJ,1.2,1
00-0033251,Zach Pascal,WR,PHI,2022,13,TEN,1.6,2
00-0033280,Christian McCaffrey,RB,SF,2022,13,MIA,20.6,8
00-0033282,Curtis Samuel,WR,WAS,2022,13,NYG,8.6,6
00-0033288,George Kittle,TE,SF,2022,13,MIA,2.2,2
00-0033292,Trent Taylor,WR,CIN,2022,13,KC,-0.3,0
00-0033293,Aaron Jones,RB,GB,2022,13,CHI,5.0,5
00-0033307,Kendrick Bourne,WR,NE,2022,13,BUF,1.5,1
00-0033308,Matt Breida,RB,NYG,2022,13,WAS,0.4,1
00-0033357,Taysom Hill,QB,NO,2022,13,TB,11.34,2
00-0033367,C.J. Board,WR,TEN,2022,13,PHI,0.6,1
00-0033439,Pharaoh Brown,TE,CLE,2022,13,HOU,1.1,1
00-0033455,Anthony Firkser,TE,ATL,2022,13,PIT,2.4,2
00-0033466,Isaiah McKenzie,WR,BUF,2022,13,NE,4.4,5
00-0033526,Samaje Perine,RB,CIN,2022,13,KC,15.5,6
00-0033537,Deshaun Watson,QB,CLE,2022,13,HOU,5.34,0
00-0033555,Mack Hollins,WR,LV,2022,13,LAC,3.5,5
00-0033572,Jamal Agnew,WR,JAX,2022,13,DET,2.3,0
00-0033591,Noah Brown,WR,DAL,2022,13,IND,1.5,2
00-0033699,Austin Ekeler,RB,LAC,2022,13,LV,8.2,5
00-0033757,Robert Tonyan,TE,GB,2022,13,CHI,1.0,1
00-0033854,Dare Ogunbowale,RB,HOU,2022,13,CLE,2.1,2
00-0033856,Leonard Fournette,RB,TB,2022,13,NO,8.1,6
00-0033857,JuJu Smith-Schuster,WR,KC,2022,13,CIN,3.5,3
00-0033858,Jonnu Smith,TE,NE,2022,13,BUF,0.6,2
00-0033871,Corey Davis,WR,NYJ,2022,13,MIN,8.5,5
00-0033873,Patrick Mahomes,QB,KC,2022,13,CIN,19.82,0
00-0033881,Evan Engram,TE,JAX,2022,13,DET,9.0,5
00-0033891,Zay Jones,WR,JAX,2022,13,DET,1.6,2
00-0033893,Dalvin Cook,RB,MIN,2022,13,NYJ,14.3,2
00-0033895,Gerald Everett,TE,LAC,2022,13,LV,8.0,5
00-0033906,Alvin Kamara,RB,NO,2022,13,TB,3.7,2
00-0033921,Chris Godwin,WR,TB,2022,13,NO,6.3,8
00-0033923,Kareem Hunt,RB,CLE,2022,13,HOU,7.4,2
00-0033936,C.J. Beathard,QB,JAX,2022,13,DET,0.24,0
00-0033943,Josh Reynolds,WR,DET,2022,13,JAX,1.9,3
00-0033948,Jamaal Williams,RB,DET,2022,13,JAX,9.5,0
00-0033951,Marlon Mack,RB,DEN,2022,13,BAL,0.9,1
00-0034054,River Cracraft,WR,MIA,2022,13,SF,2.9,2
00-0034104,Cam Sims,WR,WAS,2022,13,NYG,-0.2,1
00-0034115,Jeffery Wilson,RB,MIA,2022,13,SF,0.3,0
00-0034159,Will Dissly,TE,SEA,2022,13,LA,2.2,2
00-0034184,Gus Edwards,RB,BAL,2022,13,DEN,1.2,0
00-0034208,Mike Boone,RB,DEN,2022,13,BAL,2.6,1
00-0034253,Dontrell Hilliard,RB,TEN,2022,13,PHI,1.6,2
00-0034270,Tyler Conklin,TE,NYJ,2022,13,MIN,0.9,2
00-0034272,Marquez Valdes-Scantling,WR,KC,2022,13,CIN,7.1,2
00-0034279,Equanimeous St. Brown,WR,CHI,2022,13,GB,8.6,3
00-0034286,Richie James,WR,NYG,2022,13,WAS,2.0,3
00-0034348,Courtland Sutton,WR,DEN,2022,13,BAL,0.0,0
00-0034364,Jordan Akins,TE,HOU,2022,13,CLE,2.1,3
00-0034367,Nyheim Hines,RB,BUF,2022,13,NE,1.8,1
00-0034383,Dalton Schultz,TE,DAL,2022,13,IND,3.3,2
00-0034386,Justin Watson,WR,KC,2022,13,CIN,1.5,1
00-0034401,Mike White,QB,NYJ,2022,13,MIN,17.46,0
00-0034411,Russell Gage,WR,TB,2022,13,NO,1.1,1
00-0034414,Boston Scott,RB,PHI,2022,13,TEN,2.1,1
00-0034419,Braxton Berrios,WR,NYJ,2022,13,MIN,0.9,2
00-0034440,Justin Jackson,RB,DET,2022,13,JAX,2.3,3
00-0034487,Trent Sherfield,WR,MIA,2022,13,SF,13.5,1
00-0034521,Allen Lazard,WR,GB,2022,13,CHI,6.7,5
00-0034577,Kyle Allen,QB,HOU,2022,13,CLE,6.14,0
00-0034646,Brandon Powell,WR,LA,2022,13,SEA,8.4,4
00-0034753,Mark Andrews,TE,BAL,2022,13,DEN,5.4,4
00-0034764,Michael Gallup,WR,DAL,2022,13,IND,14.3,4
00-0034775,Christian Kirk,WR,JAX,2022,13,DET,10.4,6
00-0034777,D.J. Chark,WR,DET,2022,13,JAX,9.8,5
00-0034791,Nick Chubb,RB,CLE,2022,13,HOU,8.0,0
00-0034796,Lamar Jackson,QB,BAL,2022,13,DEN,1.34,0
00-0034798,Durham Smythe,TE,MIA,2022,13,SF,2.1,2
00-0034829,Mike Gesicki,TE,MIA,2022,13,SF,0.0,0
00-0034830,Hayden Hurst,TE,CIN,2022,13,KC,1.2,2
00-0034844,Saquon Barkley,RB,NYG,2022,13,WAS,14.1,5
00-0034854,KhaDarel Hodge,WR,ATL,2022,13,PIT,0.0,0
00-0034857,Josh Allen,QB,BUF,2022,13,NE,16.92,0
00-0034860,Dante Pettis,WR,CHI,2022,13,GB,1.4,1
00-0034899,John Wolford,QB,LA,2022,13,SEA,6.02,0
00-0034928,Steven Sims,WR,PIT,2022,13,ATL,1.9,0
00-0034960,Jakobi Meyers,WR,NE,2022,13,BUF,2.2,3
00-0034972,Alexander Mattison,RB,MIN,2022,13,NYJ,7.8,2
00-0034975,Justice Hill,RB,BAL,2022,13,DEN,0.6,2
00-0034981,Foster Moreau,TE,LV,2022,13,LAC,3.2,1
00-0035021,Ashton Dulin,WR,IND,2022,13,DAL,7.4,1
00-0035208,Olamide Zaccheaus,WR,ATL,2022,13,PIT,1.3,2
00-0035216,Diontae Johnson,WR,PIT,2022,13,ATL,6.0,5
00-0035217,Benny Snell,RB,PIT,2022,13,ATL,3.5,1
00-0035222,Zach Gentry,TE,PIT,2022,13,ATL,0.8,1
00-0035229,T.J. Hockenson,TE,MIN,2022,13,NYJ,3.3,4
00-0035243,Miles Sanders,RB,PHI,2022,13,TEN,9.8,2
00-0035250,Devin Singletary,RB,BUF,2022,13,NE,11.1,0
00-0035261,Tony Pollard,RB,DAL,2022,13,IND,22.6,2
00-0035289,Gardner Minshew,QB,PHI,2022,13,TEN,0.44,0
00-0035291,Trayveon Williams,RB,CIN,2022,13,KC,0.3,0
00-0035298,Scott Miller,WR,TB,2022,13,NO,0.7,1
00-0035341,Trenton Irwin,WR,CIN,2022,13,KC,1.2,1
00-0035535,Darius Slayton,WR,NYG,2022,13,WAS,9.0,6
00-0035537,Ty Johnson,RB,NYJ,2022,13,MIN,4.1,6
00-0035547,Joseph Fortson,TE,KC,2022,13,CIN,0.6,1
00-0035572,Parker Hesse,TE,ATL,2022,13,PIT,1.6,1
00-0035624,N'Keal Harry,WR,CHI,2022,13,GB,4.9,1
00-0035639,Parris Campbell,WR,IND,2022,13,DAL,4.5,4
00-0035640,DK Metcalf,WR,SEA,2022,13,LA,18.7,8
00-0035644,Noah Fant,TE,SEA,2022,13,LA,10.2,4
00-0035645,Gunner Olszewski,WR,PIT,2022,13,ATL,0.2,0
00-0035659,Terry McLaurin,WR,WAS,2022,13,NYG,16.5,8
00-0035676,A.J. Brown,WR,PHI,2022,13,TEN,23.9,8
00-0035685,David Montgomery,RB,CHI,2022,13,GB,12.7,4
00-0035689,Dawson Knox,TE,BUF,2022,13,NE,0.0,0
00-0035700,Josh Jacobs,RB,LV,2022,13,LAC,19.0,2
00-0035710,Daniel Jones,QB,NYG,2022,13,WAS,17.1,0
00-0035719,Deebo Samuel,WR,SF,2022,13,MIA,6.3,6
00-0035771,Mitchell Wilcox,TE,CIN,2022,13,KC,1.3,1
00-0035831,James Robinson,RB,NYJ,2022,13,MIN,1.0,0
00-0035860,Tony Jones,RB,SEA,2022,13,LA,3.2,2
00-0035864,Kendall Hinton,WR,DEN,2022,13,BAL,1.1,1
00-0035939,Bryce Perkins,QB,LA,2022,13,SEA,0.5,0
00-0035973,Patrick Taylor,RB,GB,2022,13,CHI,0.6,0
00-0035993,Tyler Huntley,QB,BAL,2022,13,DEN,15.58,0
00-0036133,James Proche,WR,BAL,2022,13,DEN,-1.1,2
00-0036165,Isaiah Hodgins,WR,NYG,2022,13,WAS,10.4,5
00-0036182,Nick Westbrook-Ikhine,WR,TEN,2022,13,PHI,0.4,1
00-0036196,Gabe Davis,WR,BUF,2022,13,NE,7.5,2
00-0036212,Tua Tagovailoa,QB,MIA,2022,13,SF,13.8,0
00-0036219,Marquez Callaway,WR,NO,2022,13,TB,0.0,0
00-0036223,Jonathan Taylor,RB,IND,2022,13,DAL,10.3,3
00-0036232,Harrison Bryant,TE,CLE,2022,13,HOU,1.4,1
00-0036233,Donovan Peoples-Jones,WR,CLE,2022,13,HOU,10.4,3
00-0036244,Colby Parkinson,TE,SEA,2022,13,LA,1.2,1
00-0036251,Zack Moss,RB,IND,2022,13,DAL,1.8,0
00-0036252,Michael Pittman,WR,IND,2022,13,DAL,1.6,2
00-0036255,Denzel Mims,WR,NYJ,2022,13,MIN,0.0,0
00-0036259,Jauan Jennings,WR,SF,2022,13,MIA,3.4,2
00-0036261,Brandon Aiyuk,WR,SF,2022,13,MIA,4.6,5
00-0036265,A.J. Dillon,RB,GB,2022,13,CHI,17.9,3
00-0036271,Quez Watkins,WR,PHI,2022,13,TEN,3.7,5
00-0036275,D'Andre Swift,RB,DET,2022,13,JAX,17.1,4
00-0036290,Cole Kmet,TE,CHI,2022,13,GB,7.2,6
00-0036297,Darrynton Evans,RB,CHI,2022,13,GB,2.1,0
00-0036322,Justin Jefferson,WR,MIN,2022,13,NYJ,11.6,7
00-0036326,Chase Claypool,WR,CHI,2022,13,GB,0.8,5
00-0036328,Antonio Gibson,RB,WAS,2022,13,NYG,5.9,2
00-0036331,Devin Duvernay,WR,BAL,2022,13,DEN,4.3,6
00-0036332,Josiah Deguara,TE,GB,2022,13,CHI,0.0,0
00-0036345,K.J. Osborn,WR,MIN,2022,13,NYJ,1.7,2
00-0036355,Justin Herbert,QB,LAC,2022,13,LV,18.1,0
00-0036358,CeeDee Lamb,WR,DAL,2022,13,IND,15.4,5
00-0036370,Joshua Kelley,RB,LAC,2022,13,LV,3.0,0
00-0036387,Jalen Reagor,WR,MIN,2022,13,NYJ,4.6,1
00-0036389,Jalen Hurts,QB,PHI,2022,13,TEN,34.4,0
00-0036407,Jerry Jeudy,WR,DEN,2022,13,BAL,6.5,4
00-0036410,Tee Higgins,WR,CIN,2022,13,KC,9.5,3
00-0036414,Cam Akers,RB,LA,2022,13,SEA,18.0,1
00-0036415,Van Jefferson,WR,LA,2022,13,SEA,3.9,2
00-0036422,Adam Trautman,TE,NO,2022,13,TB,2.8,2
00-0036425,DeeJay Dallas,RB,SEA,2022,13,LA,3.7,0
00-0036442,Joe Burrow,QB,CIN,2022,13,KC,30.04,0
00-0036493,Deon Jackson,RB,IND,2022,13,DAL,0.6,0
00-0036497,Tim Jones,WR,JAX,2022,13,DET,0.3,1
00-0036534,Shane Zylstra,TE,DET,2022,13,JAX,0.4,1
00-0036554,Nico Collins,WR,HOU,2022,13,CLE,9.5,3
00-0036556,Brevin Jordan,TE,HOU,2022,13,CLE,4.6,4
00-0036613,Jaylen Waddle,WR,MIA,2022,13,SF,0.9,1
00-0036637,Noah Gray,TE,KC,2022,13,CIN,1.5,1
00-0036654,Demetric Felton,RB,CLE,2022,13,HOU,0.0,0
00-0036741,Jack Stoll,TE,PHI,2022,13,TEN,4.1,3
00-0036754,Brock Wright,TE,DET,2022,13,JAX,2.5,2
00-0036829,Caleb Huntley,RB,ATL,2022,13,PIT,1.7,0
00-0036841,Austin Trammell,WR,LA,2022,13,SEA,0.8,1
00-0036849,Tutu Atwell,WR,LA,2022,13,SEA,7.1,2
00-0036857,Chris Evans,RB,CIN,2022,13,KC,6.8,1
00-0036862,Ben Skowronek,WR,LA,2022,13,SEA,3.0,2
00-0036875,Rhamondre Stevenson,RB,NE,2022,13,BUF,7.8,6
00-0036876,Kylen Granson,TE,IND,2022,13,DAL,1.9,4
00-0036887,Luke Farrell,TE,JAX,2022,13,DET,0.3,1
00-0036893,Najee Harris,RB,PIT,2022,13,ATL,9.2,1
00-0036894,Pat Freiermuth,TE,PIT,2022,13,ATL,7.6,3
00-0036900,Ja'Marr Chase,WR,CIN,2022,13,KC,9.7,7
00-0036912,DeVonta Smith,WR,PHI,2022,13,TEN,16.2,5
00-0036919,Kenneth Gainwell,RB,PHI,2022,13,TEN,5.3,3
00-0036945,Justin Fields,QB,CHI,2022,13,GB,19.26,0
00-0036959,Michael Bandy,WR,LAC,2022,13,LV,1.5,1
00-0036963,Amon-Ra St. Brown,WR,DET,2022,13,JAX,23.6,11
00-0036971,Trevor Lawrence,QB,JAX,2022,13,DET,16.36,0
00-0036972,Mac Jones,QB,NE,2022,13,BUF,12.5,0
00-0036973,Travis Etienne,RB,JAX,2022,13,DET,4.6,3
00-0036980,Elijah Moore,WR,NYJ,2022,13,MIN,1.7,2
00-0036988,Josh Palmer,WR,LAC,2022,13,LV,6.0,7
00-0036999,Anthony Schwartz,WR,CLE,2022,13,HOU,-0.2,1
00-0037011,Tre' McKitty,TE,LAC,2022,13,LV,0.8,1
00-0037086,Grant Calcaterra,TE,PHI,2022,13,TEN,1.9,1
00-0037098,Samori Toure,WR,GB,2022,13,CHI,0.7,1
00-0037157,Zonovan Knight,RB,NYJ,2022,13,MIN,11.8,5
00-0037197,Isiah Pacheco,RB,KC,2022,13,CIN,14.2,2
00-0037228,Jaylen Warren,RB,PIT,2022,13,ATL,1.9,2
00-0037238,Drake London,WR,ATL,2022,13,PIT,9.5,6
00-0037239,Chris Olave,WR,NO,2022,13,TB,6.5,4
00-0037240,Jameson Williams,WR,DET,2022,13,JAX,0.0,0
00-0037247,George Pickens,WR,PIT,2022,13,ATL,0.2,1
00-0037248,James Cook,RB,BUF,2022,13,NE,10.5,6
00-0037252,Greg Dulcich,TE,DEN,2022,13,BAL,8.5,6
00-0037256,Rachaad White,RB,TB,2022,13,NO,10.9,6
00-0037257,David Bell,WR,CLE,2022,13,HOU,0.0,0
00-0037258,Dameon Pierce,RB,HOU,2022,13,CLE,9.5,3
00-0037261,Khalil Shakir,WR,BUF,2022,13,NE,1.0,1
00-0037263,Tyler Allgeier,RB,ATL,2022,13,PIT,5.2,0
00-0037265,Snoop Conner,RB,JAX,2022,13,DET,0.6,0
00-0037267,Jerome Ford,RB,CLE,2022,13,HOU,0.3,0
00-0037272,Montrell Washington,WR,DEN,2022,13,BAL,-0.1,0
00-0037277,Teagan Quitoriano,TE,HOU,2022,13,CLE,0.0,0
00-0037286,Kevin Harris,RB,NE,2022,13,BUF,-0.1,0
00-0037304,Connor Heyward,TE,PIT,2022,13,ATL,7.7,1
00-0037311,Ko Kieft,TE,TB,2022,13,NO,1.2,1
00-0037327,Skylar Thompson,QB,MIA,2022,13,SF,-2.0,0
00-0037475,Stone Smartt,TE,LAC,2022,13,LV,0.3,2
00-0037525,Jordan Mason,RB,SF,2022,13,MIA,5.1,0
00-0037545,Rashid Shaheed,WR,NO,2022,13,TB,7.5,4
00-0037563,Malik Davis,RB,DAL,2022,13,IND,8.9,0
00-0037594,Julius Chestnut,RB,TEN,2022,13,PHI,1.3,0
00-0037664,Alec Pierce,WR,IND,2022,13,DAL,14.6,4
00-0037740,Garrett Wilson,WR,NYJ,2022,13,MIN,16.2,8
00-0037741,Jahan Dotson,WR,WAS,2022,13,NYG,11.4,5
00-0037742,Treylon Burks,WR,TEN,2022,13,PHI,8.5,1
00-0037745,Velus Jones,WR,CHI,2022,13,GB,0.1,0
00-0037746,Brian Robinson,RB,WAS,2022,13,NYG,11.1,2
00-0037755,Jelani Woods,TE,IND,2022,13,DAL,2.8,2
00-0037809,Chigoziem Okonkwo,TE,TEN,2022,13,PHI,6.8,4
00-0037834,Brock Purdy,QB,SF,2022,13,MIA,14.3,0
00-0037838,Isaiah Likely,TE,BAL,2022,13,DEN,3.0,4
00-0037840,Kyren Williams,RB,LA,2022,13,SEA,0.9,0
00-0038040,Zamir White,RB,LV,2022,13,LAC,0.6,0
00-0038041,Jake Ferguson,TE,DAL,2022,13,IND,-0.1,2
00-0038090,Skyy Moore,WR,KC,2022,13,CIN,1.2,0
00-0038102,Kenny Pickett,QB,PIT,2022,13,ATL,13.28,0
00-0038104,Tyquan Thornton,WR,NE,2022,13,BUF,3.1,2
00-0038115,Daniel Bellinger,TE,NYG,2022,13,WAS,2.4,5
00-0038124,Christian Watson,WR,GB,2022,13,CHI,21.4,3
00-0038128,Malik Willis,QB,TEN,2022,13,PHI,1.44,0
00-0038129,Cade Otton,TE,TB,2022,13,NO,8.8,6
00-0038134,Kenneth Walker,RB,SEA,2022,13,LA,3.6,0
00-0019596,Tom Brady,QB,TB,2022,14,SF,10.12,0
00-0026158,Joe Flacco,QB,NYJ,2022,14,BUF,-1.96,0
00-0026189,DeSean Jackson,WR,BAL,2022,14,PIT,3.4,2
00-0026300,Josh Johnson,QB,SF,2022,14,TB,0.7,0
00-0027688,Colt McCoy,QB,ARI,2022,14,NE,10.24,0
00-0027942,A.J. Green,WR,ARI,2022,14,NE,0.7,1
00-0027944,Julio Jones,WR,TB,2022,14,SF,3.8,5
00-0028118,Tyrod Taylor,QB,NYG,2022,14,PHI,9.88,0
00-0029263,Russell Wilson,QB,DEN,2022,14,KC,25.58,0
00-0029293,Marvin Jones,WR,JAX,2022,14,TEN,2.2,1
00-0029604,Kirk Cousins,QB,MIN,2022,14,DET,25.0,0
00-0029701,Ryan Tannehill,QB,TEN,2022,14,JAX,17.76,0
00-0030035,Adam Thielen,WR,MIN,2022,14,DET,12.5,7
00-0030068,Marquise Goodwin,WR,SEA,2022,14,CAR,15.3,5
00-0030279,Keenan Allen,WR,LAC,2022,14,MIA,9.2,12
00-0030288,Rex Burkhead,RB,HOU,2022,14,DAL,0.2,1
00-0030431,Robert Woods,WR,TEN,2022,14,JAX,4.9,5
00-0030506,Travis Kelce,TE,KC,2022,14,DEN,7.1,4
00-0030513,Latavius Murray,RB,DEN,2022,14,KC,3.1,3
00-0030564,DeAndre Hopkins,WR,ARI,2022,14,NE,5.9,7
00-0030565,Geno Smith,QB,SEA,2022,14,CAR,20.56,0
00-0031051,John Brown,WR,BUF,2022,14,NYJ,0.0,0
00-0031273,Cameron Brate,TE,TB,2022,14,SF,1.2,2
00-0031280,Derek Carr,QB,LV,2022,14,LA,2.58,0
00-0031376,Jerick McKinnon,RB,KC,2022,14,DEN,25.4,7
00-0031381,Davante Adams,WR,LV,2022,14,LA,7.1,3
00-0031408,Mike Evans,WR,TB,2022,14,SF,4.4,4
00-0031484,Chris Manhertz,TE,JAX,2022,14,TEN,2.1,1
00-0031544,Amari Cooper,WR,CLE,2022,14,CIN,4.2,2
00-0031547,DeVante Parker,WR,NE,2022,14,ARI,2.4,2
00-0031549,Nelson Agholor,WR,NE,2022,14,ARI,3.2,5
00-0031588,Stefon Diggs,WR,BUF,2022,14,NYJ,3.7,3
00-0031687,Raheem Mostert,RB,MIA,2022,14,LAC,4.4,1
00-0031690,Eric Tomlinson,TE,DEN,2022,14,KC,1.1,2
00-0031763,DeAndre Carter,WR,LAC,2022,14,MIA,0.0,1
00-0031806,Malcolm Brown,RB,LA,2022,14,LV,1.7,2
00-0032104,Ameer Abdullah,RB,LV,2022,14,LA,1.7,2
00-0032128,Chris Conley,WR,TEN,2022,14,JAX,2.7,1
00-0032134,C.J. Uzomah,TE,NYJ,2022,14,BUF,0.7,1
00-0032208,Phillip Dorsett,WR,HOU,2022,14,DAL,1.8,2
00-0032211,Tyler Lockett,WR,SEA,2022,14,CAR,12.0,5
00-0032392,Austin Hooper,TE,TEN,2022,14,JAX,6.8,5
00-0032394,Nick Vannett,TE,NYG,2022,14,PHI,0.9,1
00-0032398,Chris Moore,WR,HOU,2022,14,DAL,12.4,10
00-0032436,Jeff Driskel,QB,HOU,2022,14,DAL,9.12,0
00-0032464,Kalif Raymond,WR,DET,2022,14,MIN,1.9,2
00-0032688,Robbie Chosen,WR,ARI,2022,14,NE,5.0,4
00-0032725,Stephen Anderson,TE,ARI,2022,14,NE,0.7,2
00-0032764,Derrick Henry,RB,TEN,2022,14,JAX,17.5,3
00-0032775,Demarcus Robinson,WR,BAL,2022,14,PIT,5.2,5
00-0033009,Tyler Boyd,WR,CIN,2022,14,CLE,0.0,0
00-0033040,Tyreek Hill,WR,MIA,2022,14,LAC,14.1,4
00-0033045,Ezekiel Elliott,RB,DAL,2022,14,HOU,14.1,3
00-0033077,Dak Prescott,QB,DAL,2022,14,HOU,13.66,0
00-0033090,Hunter Henry,TE,NE,2022,14,ARI,7.0,3
00-0033106,Jared Goff,QB,DET,2022,14,MIN,26.1,0
00-0033110,Tyler Higbee,TE,LA,2022,14,LV,1.1,2
00-0033118,Kenyan Drake,RB,BAL,2022,14,PIT,0.2,2
00-0033119,Jacoby Brissett,QB,CLE,2022,14,CIN,0.0,0
00-0033251,Zach Pascal,WR,PHI,2022,14,NYG,0.5,1
00-0033280,Christian McCaffrey,RB,SF,2022,14,TB,27.3,2
00-0033288,George Kittle,TE,SF,2022,14,TB,2.8,4
00-0033292,Trent Taylor,WR,CIN,2022,14,CLE,3.4,1
00-0033307,Kendrick Bourne,WR,NE,2022,14,ARI,4.7,5
00-0033308,Matt Breida,RB,NYG,2022,14,PHI,1.5,2
00-0033466,Isaiah McKenzie,WR,BUF,2022,14,NYJ,2.8,3
00-0033526,Samaje Perine,RB,CIN,2022,14,CLE,8.4,1
00-0033536,Mike Williams,WR,LAC,2022,14,MIA,17.6,6
00-0033537,Deshaun Watson,QB,CLE,2022,14,CIN,16.34,0
00-0033553,James Conner,RB,ARI,2022,14,NE,17.4,6
00-0033555,Mack Hollins,WR,LV,2022,14,LA,6.2,2
00-0033572,Jamal Agnew,WR,JAX,2022,14,TEN,4.4,3
00-0033576,Eric Saubert,TE,DEN,2022,14,KC,0.2,1
00-0033591,Noah Brown,WR,DAL,2022,14,HOU,8.5,4
00-0033681,Keelan Cole,WR,LV,2022,14,LA,1.1,1
00-0033699,Austin Ekeler,RB,LAC,2022,14,MIA,16.4,8
00-0033725,Corey Clement,RB,ARI,2022,14,NE,2.1,1
00-0033854,Dare Ogunbowale,RB,HOU,2022,14,DAL,0.1,2
00-0033856,Leonard Fournette,RB,TB,2022,14,SF,4.6,6
00-0033857,JuJu Smith-Schuster,WR,KC,2022,14,DEN,13.4,9
00-0033858,Jonnu Smith,TE,NE,2022,14,ARI,0.0,0
00-0033869,Mitchell Trubisky,QB,PIT,2022,14,BAL,9.04,0
00-0033871,Corey Davis,WR,NYJ,2022,14,BUF,1.5,1
00-0033873,Patrick Mahomes,QB,KC,2022,14,DEN,19.78,0
00-0033881,Evan Engram,TE,JAX,2022,14,TEN,28.2,11
00-0033885,David Njoku,TE,CLE,2022,14,CIN,11.7,7
00-0033891,Zay Jones,WR,JAX,2022,14,TEN,13.7,8
00-0033893,Dalvin Cook,RB,MIN,2022,14,DET,7.6,1
00-0033895,Gerald Everett,TE,LAC,2022,14,MIA,2.8,5
00-0033897,Joe Mixon,RB,CIN,2022,14,CLE,10.6,2
00-0033921,Chris Godwin,WR,TB,2022,14,SF,5.4,5
00-0033923,Kareem Hunt,RB,CLE,2022,14,CIN,1.2,2
00-0033925,D'Onta Foreman,RB,CAR,2022,14,SEA,7.5,1
00-0033943,Josh Reynolds,WR,DET,2022,14,MIN,11.1,5
00-0033948,Jamaal Williams,RB,DET,2022,14,MIN,3.7,0
00-0033951,Marlon Mack,RB,DEN,2022,14,KC,13.7,2
00-0034011,Dan Arnold,TE,JAX,2022,14,TEN,0.5,1
00-0034115,Jeffery Wilson,RB,MIA,2022,14,LAC,2.6,0
00-0034159,Will Dissly,TE,SEA,2022,14,CAR,2.0,2
00-0034184,Gus Edwards,RB,BAL,2022,14,PIT,6.6,0
00-0034208,Mike Boone,RB,DEN,2022,14,KC,2.9,2
00-0034270,Tyler Conklin,TE,NYJ,2022,14,BUF,2.8,5
00-0034272,Marquez Valdes-Scantling,WR,KC,2022,14,DEN,2.0,1
00-0034286,Richie James,WR,NYG,2022,14,PHI,12.1,7
00-0034364,Jordan Akins,TE,HOU,2022,14,DAL,0.5,1
00-0034365,Ian Thomas,TE,CAR,2022,14,SEA,1.1,2
00-0034367,Nyheim Hines,RB,BUF,2022,14,NYJ,0.7,1
00-0034383,Dalton Schultz,TE,DAL,2022,14,HOU,8.7,6
00-0034386,Justin Watson,WR,KC,2022,14,DEN,0.0,0
00-0034401,Mike White,QB,NYJ,2022,14,BUF,10.72,0
00-0034407,Ray-Ray McCloud,WR,SF,2022,14,TB,1.8,1
00-0034411,Russell Gage,WR,TB,2022,14,SF,7.2,2
00-0034414,Boston Scott,RB,PHI,2022,14,NYG,9.7,1
00-0034418,Cedrick Wilson,WR,MIA,2022,14,LAC,1.9,2
00-0034419,Braxton Berrios,WR,NYJ,2022,14,BUF,2.5,1
00-0034440,Justin Jackson,RB,DET,2022,14,MIN,9.1,1
00-0034487,Trent Sherfield,WR,MIA,2022,14,LAC,0.7,1
00-0034646,Brandon Powell,WR,LA,2022,14,LV,0.0,0
00-0034676,James Washington,WR,DAL,2022,14,HOU,0.0,0
00-0034753,Mark Andrews,TE,BAL,2022,14,PIT,1.7,2
00-0034764,Michael Gallup,WR,DAL,2022,14,HOU,4.0,2
00-0034775,Christian Kirk,WR,JAX,2022,14,TEN,4.5,5
00-0034777,D.J. Chark,WR,DET,2022,14,MIN,15.4,6
00-0034791,Nick Chubb,RB,CLE,2022,14,CIN,5.4,3
00-0034827,D.J. Moore,WR,CAR,2022,14,SEA,0.6,0
00-0034829,Mike Gesicki,TE,MIA,2022,14,LAC,0.0,0
00-0034844,Saquon Barkley,RB,NYG,2022,14,PHI,4.8,2
00-0034855,Baker Mayfield,QB,LA,2022,14,LV,14.2,0
00-0034857,Josh Allen,QB,BUF,2022,14,NYJ,20.58,0
00-0034869,Sam Darnold,QB,CAR,2022,14,SEA,11.8,0
00-0034928,Steven Sims,WR,PIT,2022,14,BAL,3.1,4
00-0034955,Brett Rypien,QB,DEN,2022,14,KC,2.64,0
00-0034972,Alexander Mattison,RB,MIN,2022,14,DET,-0.1,0
00-0034981,Foster Moreau,TE,LV,2022,14,LA,0.0,0
00-0035216,Diontae Johnson,WR,PIT,2022,14,BAL,8.2,6
00-0035217,Benny Snell,RB,PIT,2022,14,BAL,0.4,0
00-0035222,Zach Gentry,TE,PIT,2022,14,BAL,0.0,0
00-0035228,Kyler Murray,QB,ARI,2022,14,NE,0.66,0
00-0035229,T.J. Hockenson,TE,MIN,2022,14,DET,5.7,6
00-0035243,Miles Sanders,RB,PHI,2022,14,NYG,27.5,1
00-0035250,Devin Singletary,RB,BUF,2022,14,NYJ,4.3,1
00-0035261,Tony Pollard,RB,DAL,2022,14,HOU,18.2,4
00-0035289,Gardner Minshew,QB,PHI,2022,14,NYG,-0.1,0
00-0035291,Trayveon Williams,RB,CIN,2022,14,CLE,0.8,1
00-0035298,Scott Miller,WR,TB,2022,14,SF,0.0,0
00-0035341,Trenton Irwin,WR,CIN,2022,14,CLE,11.8,2
00-0035535,Darius Slayton,WR,NYG,2022,14,PHI,4.2,2
00-0035594,Travis Homer,RB,SEA,2022,14,CAR,3.4,2
00-0035640,DK Metcalf,WR,SEA,2022,14,CAR,13.1,5
00-0035644,Noah Fant,TE,SEA,2022,14,CAR,0.0,0
00-0035645,Gunner Olszewski,WR,PIT,2022,14,BAL,0.7,1
00-0035662,Marquise Brown,WR,ARI,2022,14,NE,3.4,4
00-0035676,A.J. Brown,WR,PHI,2022,14,NYG,13.0,4
00-0035689,Dawson Knox,TE,BUF,2022,14,NYJ,10.1,4
00-0035700,Josh Jacobs,RB,LV,2022,14,LA,17.4,2
00-0035710,Daniel Jones,QB,NYG,2022,14,PHI,19.36,0
00-0035719,Deebo Samuel,WR,SF,2022,14,TB,10.4,4
00-0035771,Mitchell Wilcox,TE,CIN,2022,14,CLE,1.0,1
00-0035806,Jamycal Hasty,RB,JAX,2022,14,TEN,1.3,0
00-0035860,Tony Jones,RB,SEA,2022,14,CAR,0.2,1
00-0035864,Kendall Hinton,WR,DEN,2022,14,KC,3.8,5
00-0035993,Tyler Huntley,QB,BAL,2022,14,PIT,6.62,0
00-0036020,Salvon Ahmed,RB,MIA,2022,14,LAC,0.1,0
00-0036158,J.K. Dobbins,RB,BAL,2022,14,PIT,18.0,0
00-0036165,Isaiah Hodgins,WR,NYG,2022,14,PHI,11.8,4
00-0036182,Nick Westbrook-Ikhine,WR,TEN,2022,14,JAX,8.3,3
00-0036196,Gabe Davis,WR,BUF,2022,14,NYJ,3.1,3
00-0036212,Tua Tagovailoa,QB,MIA,2022,14,LAC,12.6,0
00-0036232,Harrison Bryant,TE,CLE,2022,14,CIN,0.8,1
00-0036233,Donovan Peoples-Jones,WR,CLE,2022,14,CIN,11.4,8
00-0036244,Colby Parkinson,TE,SEA,2022,14,CAR,1.0,1
00-0036255,Denzel Mims,WR,NYJ,2022,14,BUF,3.5,3
00-0036259,Jauan Jennings,WR,SF,2022,14,TB,0.5,1
00-0036261,Brandon Aiyuk,WR,SF,2022,14,TB,11.7,2
00-0036268,Laviska Shenault,WR,CAR,2022,14,SEA,3.8,4
00-0036271,Quez Watkins,WR,PHI,2022,14,NYG,1.9,4
00-0036275,D'Andre Swift,RB,DET,2022,14,MIN,3.9,3
00-0036322,Justin Jefferson,WR,MIN,2022,14,DET,22.3,11
00-0036331,Devin Duvernay,WR,BAL,2022,14,PIT,0.0,0
00-0036345,K.J. Osborn,WR,MIN,2022,14,DET,9.8,5
00-0036355,Justin Herbert,QB,LAC,2022,14,MIA,19.48,0
00-0036358,CeeDee Lamb,WR,DAL,2022,14,HOU,3.3,5
00-0036370,Joshua Kelley,RB,LAC,2022,14,MIA,3.5,1
00-0036383,Eno Benjamin,RB,HOU,2022,14,DAL,0.1,0
00-0036387,Jalen Reagor,WR,MIN,2022,14,DET,0.0,0
00-0036389,Jalen Hurts,QB,PHI,2022,14,NYG,30.38,0
00-0036407,Jerry Jeudy,WR,DEN,2022,14,KC,25.3,8
00-0036414,Cam Akers,RB,LA,2022,14,LV,8.3,1
00-0036415,Van Jefferson,WR,LA,2022,14,LV,10.4,2
00-0036424,Brycen Hopkins,TE,LA,2022,14,LV,0.8,1
00-0036438,Stephen Sullivan,TE,CAR,2022,14,SEA,0.0,0
00-0036442,Joe Burrow,QB,CIN,2022,14,CLE,16.56,0
00-0036527,D.J. Turner,WR,LV,2022,14,LA,0.6,0
00-0036534,Shane Zylstra,TE,DET,2022,14,MIN,1.8,2
00-0036555,Chuba Hubbard,RB,CAR,2022,14,SEA,15.9,3
00-0036569,Gary Brightwell,RB,NYG,2022,14,PHI,4.1,2
00-0036572,Shi Smith,WR,CAR,2022,14,SEA,7.7,2
00-0036613,Jaylen Waddle,WR,MIA,2022,14,LAC,3.1,2
00-0036637,Noah Gray,TE,KC,2022,14,DEN,4.5,3
00-0036652,Racey McMath,WR,TEN,2022,14,JAX,0.0,0
00-0036741,Jack Stoll,TE,PHI,2022,14,NYG,2.0,2
00-0036754,Brock Wright,TE,DET,2022,14,MIN,0.0,0
00-0036841,Austin Trammell,WR,LA,2022,14,LV,0.5,1
00-0036849,Tutu Atwell,WR,LA,2022,14,LV,4.5,5
00-0036862,Ben Skowronek,WR,LA,2022,14,LV,8.9,7
00-0036875,Rhamondre Stevenson,RB,NE,2022,14,ARI,1.0,2
00-0036893,Najee Harris,RB,PIT,2022,14,BAL,11.0,2
00-0036894,Pat Freiermuth,TE,PIT,2022,14,BAL,9.3,3
00-0036898,Davis Mills,QB,HOU,2022,14,DAL,5.2,0
00-0036900,Ja'Marr Chase,WR,CIN,2022,14,CLE,18.5,10
00-0036912,DeVonta Smith,WR,PHI,2022,14,NYG,12.4,5
00-0036919,Kenneth Gainwell,RB,PHI,2022,14,NYG,0.0,1
00-0036924,Michael Carter,RB,NYJ,2022,14,BUF,0.0,3
00-0036955,Terrace Marshall,WR,CAR,2022,14,SEA,1.8,1
00-0036963,Amon-Ra St. Brown,WR,DET,2022,14,MIN,7.4,6
00-0036971,Trevor Lawrence,QB,JAX,2022,14,TEN,33.42,0
00-0036972,Mac Jones,QB,NE,2022,14,ARI,7.3,0
00-0036973,Travis Etienne,RB,JAX,2022,14,TEN,3.2,0
00-0036980,Elijah Moore,WR,NYJ,2022,14,BUF,6.0,6
00-0036988,Josh Palmer,WR,LAC,2022,14,MIA,5.3,4
00-0036991,Amari Rodgers,WR,HOU,2022,14,DAL,12.0,4
00-0037005,Tommy Tremble,TE,CAR,2022,14,SEA,0.0,0
00-0037011,Tre' McKitty,TE,LAC,2022,14,MIA,0.5,1
00-0037086,Grant Calcaterra,TE,PHI,2022,14,NYG,2.4,2
00-0037157,Zonovan Knight,RB,NYJ,2022,14,BUF,13.7,2
00-0037175,Anthony Brown,QB,BAL,2022,14,PIT,0.14,0
00-0037197,Isiah Pacheco,RB,KC,2022,14,DEN,9.3,3
00-0037228,Jaylen Warren,RB,PIT,2022,14,BAL,2.7,2
00-0037240,Jameson Williams,WR,DET,2022,14,MIN,10.1,1
00-0037247,George Pickens,WR,PIT,2022,14,BAL,7.8,3
00-0037248,James Cook,RB,BUF,2022,14,NYJ,1.5,1
00-0037252,Greg Dulcich,TE,DEN,2022,14,KC,4.2,3
00-0037256,Rachaad White,RB,TB,2022,14,SF,5.7,5
00-0037257,David Bell,WR,CLE,2022,14,CIN,2.7,3
00-0037258,Dameon Pierce,RB,HOU,2022,14,DAL,11.8,0
00-0037261,Khalil Shakir,WR,BUF,2022,14,NYJ,0.0,0
00-0037286,Kevin Harris,RB,NE,2022,14,ARI,8.6,0
00-0037299,Keaontay Ingram,RB,ARI,2022,14,NE,0.1,0
00-0037304,Connor Heyward,TE,PIT,2022,14,BAL,1.3,1
00-0037311,Ko Kieft,TE,TB,2022,14,SF,1.1,1
00-0037382,Brandon Johnson,WR,DEN,2022,14,KC,0.0,0
00-0037387,Jalen Virgil,WR,DEN,2022,14,KC,0.9,1
00-0037429,Raheem Blackshear,RB,CAR,2022,14,SEA,10.9,1
00-0037475,Stone Smartt,TE,LAC,2022,14,MIA,0.8,1
00-0037525,Jordan Mason,RB,SF,2022,14,TB,5.6,0
00-0037594,Julius Chestnut,RB,TEN,2022,14,JAX,0.8,2
00-0037740,Garrett Wilson,WR,NYJ,2022,14,BUF,7.8,6
00-0037744,Trey McBride,TE,ARI,2022,14,NE,2.8,3
00-0037809,Chigoziem Okonkwo,TE,TEN,2022,14,JAX,12.5,6
00-0037828,Danny Gray,WR,SF,2022,14,TB,1.0,1
00-0037834,Brock Purdy,QB,SF,2022,14,TB,21.7,0
00-0037840,Kyren Williams,RB,LA,2022,14,LV,2.9,1
00-0038040,Zamir White,RB,LV,2022,14,LA,0.9,0
00-0038090,Skyy Moore,WR,KC,2022,14,DEN,0.7,1
00-0038098,Pierre Strong,RB,NE,2022,14,ARI,15.0,2
00-0038102,Kenny Pickett,QB,PIT,2022,14,BAL,1.6,0
00-0038104,Tyquan Thornton,WR,NE,2022,14,ARI,2.8,4
00-0038115,Daniel Bellinger,TE,NYG,2022,14,PHI,1.9,3
00-0038129,Cade Otton,TE,TB,2022,14,SF,2.8,4
00-0019596,Tom Brady,QB,TB,2022,15,CIN,16.58,0
00-0023459,Aaron Rodgers,QB,GB,2022,15,LA,10.86,0
00-0024243,Marcedes Lewis,TE,GB,2022,15,LA,1.4,1
00-0026143,Matt Ryan,QB,IND,2022,15,MIN,11.28,0
00-0026189,DeSean Jackson,WR,BAL,2022,15,CLE,0.0,0
00-0027688,Colt McCoy,QB,ARI,2022,15,DEN,1.32,0
00-0027942,A.J. Green,WR,ARI,2022,15,DEN,0.0,0
00-0027973,Andy Dalton,QB,NO,2022,15,ATL,14.14,0
00-0028002,Randall Cobb,WR,GB,2022,15,LA,3.2,3
00-0029000,Cole Beasley,WR,BUF,2022,15,MIA,0.9,1
00-0029293,Marvin Jones,WR,JAX,2022,15,DAL,7.7,2
00-0029604,Kirk Cousins,QB,MIN,2022,15,IND,32.4,0
00-0029701,Ryan Tannehill,QB,TEN,2022,15,LAC,10.7,0
00-0030035,Adam Thielen,WR,MIN,2022,15,IND,10.1,3
00-0030068,Marquise Goodwin,WR,SEA,2022,15,SF,1.0,2
00-0030279,Keenan Allen,WR,LAC,2022,15,TEN,8.6,8
00-0030288,Rex Burkhead,RB,HOU,2022,15,KC,1.7,2
00-0030431,Robert Woods,WR,TEN,2022,15,LAC,1.2,2
00-0030456,Giovani Bernard,RB,TB,2022,15,CIN,0.0,0
00-0030506,Travis Kelce,TE,KC,2022,15,HOU,10.5,10
00-0030513,Latavius Murray,RB,DEN,2022,15,ARI,20.2,1
00-0030564,DeAndre Hopkins,WR,ARI,2022,15,DEN,6.0,7
00-0030565,Geno Smith,QB,SEA,2022,15,SF,15.32,0
00-0030578,Cordarrelle Patterson,RB,ATL,2022,15,NO,11.2,1
00-0031260,Logan Thomas,TE,WAS,2022,15,NYG,0.6,1
00-0031273,Cameron Brate,TE,TB,2022,15,CIN,2.5,2
00-0031280,Derek Carr,QB,LV,2022,15,NE,19.24,0
00-0031376,Jerick McKinnon,RB,KC,2022,15,HOU,26.2,8
00-0031381,Davante Adams,WR,LV,2022,15,NE,2.8,4
00-0031382,Jarvis Landry,WR,NO,2022,15,ATL,0.0,0
00-0031408,Mike Evans,WR,TB,2022,15,CIN,8.3,5
00-0031544,Amari Cooper,WR,CLE,2022,15,BAL,5.8,4
00-0031549,Nelson Agholor,WR,NE,2022,15,LV,0.3,1
00-0031558,Maxx Williams,TE,ARI,2022,15,DEN,1.1,2
00-0031585,MyCole Pruitt,TE,ATL,2022,15,NO,2.0,2
00-0031588,Stefon Diggs,WR,BUF,2022,15,MIA,5.7,5
00-0031610,Darren Waller,TE,LV,2022,15,NE,10.8,3
00-0031687,Raheem Mostert,RB,MIA,2022,15,BUF,15.6,1
00-0031690,Eric Tomlinson,TE,DEN,2022,15,ARI,8.8,3
00-0031763,DeAndre Carter,WR,LAC,2022,15,TEN,0.5,1
00-0031800,Taylor Heinicke,QB,WAS,2022,15,NYG,13.26,0
00-0031806,Malcolm Brown,RB,LA,2022,15,GB,0.0,0
00-0031868,Damiere Byrd,WR,ATL,2022,15,NO,0.0,0
00-0032104,Ameer Abdullah,RB,LV,2022,15,NE,1.4,2
00-0032128,Chris Conley,WR,TEN,2022,15,LAC,1.9,3
00-0032134,C.J. Uzomah,TE,NYJ,2022,15,DET,16.1,2
00-0032187,David Johnson,RB,NO,2022,15,ATL,-0.8,0
00-0032208,Phillip Dorsett,WR,HOU,2022,15,KC,0.0,0
00-0032211,Tyler Lockett,WR,SEA,2022,15,SF,6.8,7
00-0032214,Tyler Kroft,TE,SF,2022,15,SEA,2.8,1
00-0032392,Austin Hooper,TE,TEN,2022,15,LAC,3.3,2
00-0032394,Nick Vannett,TE,NYG,2022,15,WAS,1.5,1
00-0032398,Chris Moore,WR,HOU,2022,15,KC,4.2,4
00-0032436,Jeff Driskel,QB,HOU,2022,15,KC,1.12,0
00-0032464,Kalif Raymond,WR,DET,2022,15,NYJ,11.3,5
00-0032688,Robbie Chosen,WR,ARI,2022,15,DEN,0.0,0
00-0032764,Derrick Henry,RB,TEN,2022,15,LAC,22.3,4
00-0032775,Demarcus Robinson,WR,BAL,2022,15,CLE,0.9,6
00-0033009,Tyler Boyd,WR,CIN,2022,15,TB,9.5,5
00-0033040,Tyreek Hill,WR,MIA,2022,15,BUF,12.9,9
00-0033045,Ezekiel Elliott,RB,DAL,2022,15,JAX,13.1,2
00-0033077,Dak Prescott,QB,DAL,2022,15,JAX,20.24,0
00-0033090,Hunter Henry,TE,NE,2022,15,LV,0.9,2
00-0033106,Jared Goff,QB,DET,2022,15,NYJ,14.08,0
00-0033110,Tyler Higbee,TE,LA,2022,15,GB,8.7,4
00-0033119,Jacoby Brissett,QB,CLE,2022,15,BAL,0.3,0
00-0033217,Mo Alie-Cox,TE,IND,2022,15,MIN,0.0,0
00-0033246,Johnny Mundt,TE,MIN,2022,15,IND,0.7,1
00-0033251,Zach Pascal,WR,PHI,2022,15,CHI,0.0,0
00-0033280,Christian McCaffrey,RB,SF,2022,15,SEA,19.8,6
00-0033282,Curtis Samuel,WR,WAS,2022,15,NYG,4.5,3
00-0033288,George Kittle,TE,SF,2022,15,SEA,21.3,4
00-0033293,Aaron Jones,RB,GB,2022,15,LA,16.6,4
00-0033307,Kendrick Bourne,WR,NE,2022,15,LV,0.0,0
00-0033308,Matt Breida,RB,NYG,2022,15,WAS,1.2,1
00-0033357,Taysom Hill,QB,NO,2022,15,ATL,10.2,0
00-0033455,Anthony Firkser,TE,ATL,2022,15,NO,0.0,0
00-0033466,Isaiah McKenzie,WR,BUF,2022,15,MIA,2.4,2
00-0033526,Samaje Perine,RB,CIN,2022,15,TB,2.4,1
00-0033536,Mike Williams,WR,LAC,2022,15,TEN,6.7,4
00-0033537,Deshaun Watson,QB,CLE,2022,15,BAL,12.64,0
00-0033553,James Conner,RB,ARI,2022,15,DEN,15.1,3
00-0033555,Mack Hollins,WR,LV,2022,15,NE,10.0,4
00-0033572,Jamal Agnew,WR,JAX,2022,15,DAL,6.4,2
00-0033576,Eric Saubert,TE,DEN,2022,15,ARI,0.5,1
00-0033591,Noah Brown,WR,DAL,2022,15,JAX,16.9,6
00-0033681,Keelan Cole,WR,LV,2022,15,NE,11.0,2
00-0033699,Austin Ekeler,RB,LAC,2022,15,TEN,13.0,2
00-0033757,Robert Tonyan,TE,GB,2022,15,LA,0.4,1
00-0033854,Dare Ogunbowale,RB,HOU,2022,15,KC,1.4,0
00-0033856,Leonard Fournette,RB,TB,2022,15,CIN,7.4,4
00-0033857,JuJu Smith-Schuster,WR,KC,2022,15,HOU,6.8,10
00-0033858,Jonnu Smith,TE,NE,2022,15,LV,2.4,2
00-0033869,Mitchell Trubisky,QB,PIT,2022,15,CAR,14.06,0
00-0033873,Patrick Mahomes,QB,KC,2022,15,HOU,32.74,0
00-0033881,Evan Engram,TE,JAX,2022,15,DAL,6.2,8
00-0033885,David Njoku,TE,CLE,2022,15,BAL,2.8,3
00-0033891,Zay Jones,WR,JAX,2022,15,DAL,28.9,6
00-0033893,Dalvin Cook,RB,MIN,2022,15,IND,23.0,4
00-0033895,Gerald Everett,TE,LAC,2022,15,TEN,4.2,4
00-0033897,Joe Mixon,RB,CIN,2022,15,TB,5.4,5
00-0033906,Alvin Kamara,RB,NO,2022,15,ATL,10.4,2
00-0033921,Chris Godwin,WR,TB,2022,15,CIN,14.3,8
00-0033923,Kareem Hunt,RB,CLE,2022,15,BAL,2.7,1
00-0033925,D'Onta Foreman,RB,CAR,2022,15,PIT,0.9,0
00-0033948,Jamaal Williams,RB,DET,2022,15,NYJ,3.3,0
00-0033951,Marlon Mack,RB,DEN,2022,15,ARI,12.3,4
00-0033958,Nathan Peterman,QB,CHI,2022,15,PHI,0.0,0
00-0034159,Will Dissly,TE,SEA,2022,15,SF,1.3,1
00-0034184,Gus Edwards,RB,BAL,2022,15,CLE,5.5,0
00-0034270,Tyler Conklin,TE,NYJ,2022,15,DET,0.9,1
00-0034272,Marquez Valdes-Scantling,WR,KC,2022,15,HOU,8.6,3
00-0034279,Equanimeous St. Brown,WR,CHI,2022,15,PHI,2.0,1
00-0034286,Richie James,WR,NYG,2022,15,WAS,4.2,4
00-0034297,Byron Pringle,WR,CHI,2022,15,PHI,9.9,2
00-0034364,Jordan Akins,TE,HOU,2022,15,KC,8.2,3
00-0034367,Nyheim Hines,RB,BUF,2022,15,MIA,7.0,1
00-0034383,Dalton Schultz,TE,DAL,2022,15,JAX,1.5,2
00-0034386,Justin Watson,WR,KC,2022,15,HOU,0.0,0
00-0034407,Ray-Ray McCloud,WR,SF,2022,15,SEA,1.6,1
00-0034411,Russell Gage,WR,TB,2022,15,CIN,17.9,8
00-0034418,Cedrick Wilson,WR,MIA,2022,15,BUF,2.1,1
00-0034419,Braxton Berrios,WR,NYJ,2022,15,DET,1.4,1
00-0034440,Justin Jackson,RB,DET,2022,15,NYJ,3.1,1
00-0034487,Trent Sherfield,WR,MIA,2022,15,BUF,0.0,0
00-0034521,Allen Lazard,WR,GB,2022,15,LA,0.7,1
00-0034646,Brandon Powell,WR,LA,2022,15,GB,0.7,1
00-0034753,Mark Andrews,TE,BAL,2022,15,CLE,3.1,3
00-0034764,Michael Gallup,WR,DAL,2022,15,JAX,0.2,1
00-0034775,Christian Kirk,WR,JAX,2022,15,DAL,9.2,6
00-0034777,D.J. Chark,WR,DET,2022,15,NYJ,1.8,1
00-0034791,Nick Chubb,RB,CLE,2022,15,BAL,9.9,0
00-0034798,Durham Smythe,TE,MIA,2022,15,BUF,-0.2,1
00-0034816,Ronald Jones,RB,KC,2022,15,HOU,0.6,0
00-0034827,D.J. Moore,WR,CAR,2022,15,PIT,13.3,5
00-0034829,Mike Gesicki,TE,MIA,2022,15,BUF,0.5,1
00-0034838,Royce Freeman,RB,HOU,2022,15,KC,5.6,1
00-0034844,Saquon Barkley,RB,NYG,2022,15,WAS,18.0,5
00-0034855,Baker Mayfield,QB,LA,2022,15,GB,6.54,0
00-0034857,Josh Allen,QB,BUF,2022,15,MIA,35.86,0
00-0034860,Dante Pettis,WR,CHI,2022,15,PHI,1.3,1
00-0034869,Sam Darnold,QB,CAR,2022,15,PIT,13.2,0
00-0034928,Steven Sims,WR,PIT,2022,15,CAR,2.9,1
00-0034955,Brett Rypien,QB,DEN,2022,15,ARI,7.68,0
00-0034960,Jakobi Meyers,WR,NE,2022,15,LV,6.7,2
00-0034972,Alexander Mattison,RB,MIN,2022,15,IND,0.1,0
00-0034975,Justice Hill,RB,BAL,2022,15,CLE,1.8,1
00-0034981,Foster Moreau,TE,LV,2022,15,NE,2.0,2
00-0034983,Hunter Renfrow,WR,LV,2022,15,NE,1.4,1
00-0035021,Ashton Dulin,WR,IND,2022,15,MIN,3.0,2
00-0035022,Penny Hart,WR,SEA,2022,15,SF,0.3,1
00-0035146,Trace McSorley,QB,ARI,2022,15,DEN,0.6,0
00-0035184,Devine Ozigbo,RB,DEN,2022,15,ARI,0.2,0
00-0035208,Olamide Zaccheaus,WR,ATL,2022,15,NO,0.0,0
00-0035216,Diontae Johnson,WR,PIT,2022,15,CAR,10.0,10
00-0035222,Zach Gentry,TE,PIT,2022,15,CAR,0.4,1
00-0035229,T.J. Hockenson,TE,MIN,2022,15,IND,5.3,3
00-0035243,Miles Sanders,RB,PHI,2022,15,CHI,0.9,1
00-0035249,Josh Oliver,TE,BAL,2022,15,CLE,1.3,2
00-0035250,Devin Singletary,RB,BUF,2022,15,MIA,7.0,3
00-0035261,Tony Pollard,RB,DAL,2022,15,JAX,10.6,4
00-0035329,Donald Parham,TE,LAC,2022,15,TEN,3.5,3
00-0035341,Trenton Irwin,WR,CIN,2022,15,TB,0.5,1
00-0035510,Jeff Smith,WR,NYJ,2022,15,DET,7.7,4
00-0035535,Darius Slayton,WR,NYG,2022,15,WAS,2.3,5
00-0035547,Joseph Fortson,TE,KC,2022,15,HOU,0.0,0
00-0035594,Travis Homer,RB,SEA,2022,15,SF,1.0,4
00-0035621,Nsimba Webster,WR,CHI,2022,15,PHI,1.4,2
00-0035639,Parris Campbell,WR,IND,2022,15,MIN,1.3,2
00-0035640,DK Metcalf,WR,SEA,2022,15,SF,5.5,7
00-0035644,Noah Fant,TE,SEA,2022,15,SF,9.2,5
00-0035645,Gunner Olszewski,WR,PIT,2022,15,CAR,0.3,1
00-0035659,Terry McLaurin,WR,WAS,2022,15,NYG,7.0,6
00-0035662,Marquise Brown,WR,ARI,2022,15,DEN,1.9,4
00-0035676,A.J. Brown,WR,PHI,2022,15,CHI,18.1,9
00-0035685,David Montgomery,RB,CHI,2022,15,PHI,21.1,3
00-0035689,Dawson Knox,TE,BUF,2022,15,MIA,15.8,6
00-0035700,Josh Jacobs,RB,LV,2022,15,NE,11.0,2
00-0035703,Miles Boykin,WR,PIT,2022,15,CAR,0.0,1
00-0035710,Daniel Jones,QB,NYG,2022,15,WAS,9.9,0
00-0035771,Mitchell Wilcox,TE,CIN,2022,15,TB,9.4,3
00-0035806,Jamycal Hasty,RB,JAX,2022,15,DAL,1.5,1
00-0035973,Patrick Taylor,RB,GB,2022,15,LA,1.5,0
00-0035993,Tyler Huntley,QB,BAL,2022,15,CLE,5.02,0
00-0036020,Salvon Ahmed,RB,MIA,2022,15,BUF,10.3,0
00-0036040,Juwan Johnson,TE,NO,2022,15,ATL,18.7,4
00-0036133,James Proche,WR,BAL,2022,15,CLE,0.0,0
00-0036158,J.K. Dobbins,RB,BAL,2022,15,CLE,12.8,1
00-0036165,Isaiah Hodgins,WR,NYG,2022,15,WAS,3.7,4
00-0036182,Nick Westbrook-Ikhine,WR,TEN,2022,15,LAC,0.0,0
00-0036196,Gabe Davis,WR,BUF,2022,15,MIA,5.6,4
00-0036212,Tua Tagovailoa,QB,MIA,2022,15,BUF,18.06,0
00-0036223,Jonathan Taylor,RB,IND,2022,15,MIN,1.3,1
00-0036232,Harrison Bryant,TE,CLE,2022,15,BAL,0.7,2
00-0036233,Donovan Peoples-Jones,WR,CLE,2022,15,BAL,9.1,4
00-0036244,Colby Parkinson,TE,SEA,2022,15,SF,0.0,0
00-0036247,Freddie Swain,WR,DEN,2022,15,ARI,0.9,1
00-0036251,Zack Moss,RB,IND,2022,15,MIN,8.1,0
00-0036252,Michael Pittman,WR,IND,2022,15,MIN,9.0,10
00-0036255,Denzel Mims,WR,NYJ,2022,15,DET,1.3,1
00-0036259,Jauan Jennings,WR,SF,2022,15,SEA,3.1,3
00-0036261,Brandon Aiyuk,WR,SF,2022,15,SEA,1.9,2
00-0036265,A.J. Dillon,RB,GB,2022,15,LA,19.1,3
00-0036268,Laviska Shenault,WR,CAR,2022,15,PIT,0.0,0
00-0036271,Quez Watkins,WR,PHI,2022,15,CHI,1.0,4
00-0036275,D'Andre Swift,RB,DET,2022,15,NYJ,7.5,5
00-0036290,Cole Kmet,TE,CHI,2022,15,PHI,2.5,4
00-0036297,Darrynton Evans,RB,CHI,2022,15,PHI,0.9,0
00-0036322,Justin Jefferson,WR,MIN,2022,15,IND,18.3,12
00-0036328,Antonio Gibson,RB,WAS,2022,15,NYG,2.7,2
00-0036331,Devin Duvernay,WR,BAL,2022,15,CLE,2.9,2
00-0036345,K.J. Osborn,WR,MIN,2022,15,IND,21.7,10
00-0036355,Justin Herbert,QB,LAC,2022,15,TEN,8.72,0
00-0036358,CeeDee Lamb,WR,DAL,2022,15,JAX,12.7,7
00-0036370,Joshua Kelley,RB,LAC,2022,15,TEN,9.1,1
00-0036387,Jalen Reagor,WR,MIN,2022,15,IND,-0.5,0
00-0036389,Jalen Hurts,QB,PHI,2022,15,CHI,34.7,0
00-0036407,Jerry Jeudy,WR,DEN,2022,15,ARI,7.6,7
00-0036410,Tee Higgins,WR,CIN,2022,15,TB,11.3,5
00-0036414,Cam Akers,RB,LA,2022,15,GB,10.0,3
00-0036415,Van Jefferson,WR,LA,2022,15,GB,3.2,2
00-0036422,Adam Trautman,TE,NO,2022,15,ATL,0.0,0
00-0036442,Joe Burrow,QB,CIN,2022,15,TB,24.8,0
00-0036493,Deon Jackson,RB,IND,2022,15,MIN,9.6,1
00-0036534,Shane Zylstra,TE,DET,2022,15,NYJ,0.4,1
00-0036555,Chuba Hubbard,RB,CAR,2022,15,PIT,6.7,3
00-0036556,Brevin Jordan,TE,HOU,2022,15,KC,0.9,1
00-0036572,Shi Smith,WR,CAR,2022,15,PIT,2.4,1
00-0036590,Quintin Morris,TE,BUF,2022,15,MIA,7.4,1
00-0036613,Jaylen Waddle,WR,MIA,2022,15,BUF,17.4,3
00-0036626,Dyami Brown,WR,WAS,2022,15,NYG,1.5,0
00-0036637,Noah Gray,TE,KC,2022,15,HOU,3.1,3
00-0036652,Racey McMath,WR,TEN,2022,15,LAC,0.1,1
00-0036654,Demetric Felton,RB,CLE,2022,15,BAL,0.5,1
00-0036741,Jack Stoll,TE,PHI,2022,15,CHI,0.6,1
00-0036754,Brock Wright,TE,DET,2022,15,NYJ,11.1,1
00-0036825,Feleipe Franks,TE,ATL,2022,15,NO,0.0,0
00-0036829,Caleb Huntley,RB,ATL,2022,15,NO,0.2,0
00-0036849,Tutu Atwell,WR,LA,2022,15,GB,0.6,1
00-0036862,Ben Skowronek,WR,LA,2022,15,GB,0.3,1
00-0036875,Rhamondre Stevenson,RB,NE,2022,15,LV,22.8,2
00-0036876,Kylen Granson,TE,IND,2022,15,MIN,3.4,2
00-0036893,Najee Harris,RB,PIT,2022,15,CAR,14.6,0
00-0036898,Davis Mills,QB,HOU,2022,15,KC,18.94,0
00-0036900,Ja'Marr Chase,WR,CIN,2022,15,TB,12.0,7
00-0036912,DeVonta Smith,WR,PHI,2022,15,CHI,12.6,5
00-0036913,Kadarius Toney,WR,KC,2022,15,HOU,0.5,1
00-0036919,Kenneth Gainwell,RB,PHI,2022,15,CHI,1.4,2
00-0036924,Michael Carter,RB,NYJ,2022,15,DET,3.1,1
00-0036945,Justin Fields,QB,CHI,2022,15,PHI,23.58,0
00-0036950,Avery Williams,RB,ATL,2022,15,NO,1.0,2
00-0036955,Terrace Marshall,WR,CAR,2022,15,PIT,5.1,3
00-0036963,Amon-Ra St. Brown,WR,DET,2022,15,NYJ,8.2,7
00-0036971,Trevor Lawrence,QB,JAX,2022,15,DAL,26.82,0
00-0036972,Mac Jones,QB,NE,2022,15,LV,7.48,0
00-0036973,Travis Etienne,RB,JAX,2022,15,DAL,10.7,2
00-0036980,Elijah Moore,WR,NYJ,2022,15,DET,5.4,4
00-0036988,Josh Palmer,WR,LAC,2022,15,TEN,4.9,5
00-0036991,Amari Rodgers,WR,HOU,2022,15,KC,2.6,2
00-0037005,Tommy Tremble,TE,CAR,2022,15,PIT,2.0,2
00-0037013,Zach Wilson,QB,NYJ,2022,15,DET,19.38,0
00-0037086,Grant Calcaterra,TE,PHI,2022,15,CHI,0.0,0
00-0037087,Trestan Ebner,RB,CHI,2022,15,PHI,0.0,0
00-0037157,Zonovan Knight,RB,NYJ,2022,15,DET,2.3,0
00-0037197,Isiah Pacheco,RB,KC,2022,15,HOU,7.7,1
00-0037228,Jaylen Warren,RB,PIT,2022,15,CAR,10.9,1
00-0037238,Drake London,WR,ATL,2022,15,NO,5.0,7
00-0037239,Chris Olave,WR,NO,2022,15,ATL,5.3,3
00-0037240,Jameson Williams,WR,DET,2022,15,NYJ,0.0,0
00-0037247,George Pickens,WR,PIT,2022,15,CAR,5.3,2
00-0037248,James Cook,RB,BUF,2022,15,MIA,9.9,2
00-0037252,Greg Dulcich,TE,DEN,2022,15,ARI,1.1,1
00-0037256,Rachaad White,RB,TB,2022,15,CIN,4.3,1
00-0037263,Tyler Allgeier,RB,ATL,2022,15,NO,21.6,1
00-0037265,Snoop Conner,RB,JAX,2022,15,DAL,0.3,0
00-0037277,Teagan Quitoriano,TE,HOU,2022,15,KC,6.8,1
00-0037282,James Mitchell,TE,DET,2022,15,NYJ,1.2,2
00-0037286,Kevin Harris,RB,NE,2022,15,LV,1.9,0
00-0037291,Jalen Nailor,WR,MIN,2022,15,IND,0.0,0
00-0037299,Keaontay Ingram,RB,ARI,2022,15,DEN,0.0,0
00-0037300,Mike Woods,WR,CLE,2022,15,BAL,-0.1,1
00-0037355,Braylon Sanders,WR,MIA,2022,15,BUF,0.0,0
00-0037382,Brandon Johnson,WR,DEN,2022,15,ARI,3.0,3
00-0037487,Deven Thompkins,WR,TB,2022,15,CIN,1.6,1
00-0037525,Jordan Mason,RB,SF,2022,15,SEA,6.4,0
00-0037545,Rashid Shaheed,WR,NO,2022,15,ATL,15.5,3
00-0037569,Peyton Hendershot,TE,DAL,2022,15,JAX,8.0,1
00-0037617,Hassan Haskins,RB,TEN,2022,15,LAC,1.5,2
00-0037664,Alec Pierce,WR,IND,2022,15,MIN,0.0,0
00-0037740,Garrett Wilson,WR,NYJ,2022,15,DET,9.8,4
00-0037741,Jahan Dotson,WR,WAS,2022,15,NYG,16.5,4
00-0037744,Trey McBride,TE,ARI,2022,15,DEN,5.5,4
00-0037745,Velus Jones,WR,CHI,2022,15,PHI,-1.7,1
00-0037746,Brian Robinson,RB,WAS,2022,15,NYG,10.7,1
00-0037755,Jelani Woods,TE,IND,2022,15,MIN,3.6,1
00-0037809,Chigoziem Okonkwo,TE,TEN,2022,15,LAC,6.0,4
00-0037816,Romeo Doubs,WR,GB,2022,15,LA,5.5,5
00-0037834,Brock Purdy,QB,SF,2022,15,SEA,16.48,0
00-0037838,Isaiah Likely,TE,BAL,2022,15,CLE,1.8,2
00-0037840,Kyren Williams,RB,LA,2022,15,GB,0.7,0
00-0038040,Zamir White,RB,LV,2022,15,NE,0.4,0
00-0038090,Skyy Moore,WR,KC,2022,15,HOU,1.2,0
00-0038098,Pierre Strong,RB,NE,2022,15,LV,3.7,3
00-0038104,Tyquan Thornton,WR,NE,2022,15,LV,2.1,1
00-0038115,Daniel Bellinger,TE,NYG,2022,15,WAS,0.4,1
00-0038122,Desmond Ridder,QB,ATL,2022,15,NO,7.68,0
00-0038124,Christian Watson,WR,GB,2022,15,LA,4.6,4
00-0038128,Malik Willis,QB,TEN,2022,15,LAC,1.6,0
00-0038129,Cade Otton,TE,TB,2022,15,CIN,2.0,1
00-0038134,Kenneth Walker,RB,SEA,2022,15,SF,7.9,4
00-0038147,Daylen Baldwin,WR,CLE,2022,15,BAL,2.5,2
00-0019596,Tom Brady,QB,TB,2022,16,ARI,11.34,0
00-0023459,Aaron Rodgers,QB,GB,2022,16,MIA,13.32,0
00-0024243,Marcedes Lewis,TE,GB,2022,16,MIA,9.2,2
00-0026189,DeSean Jackson,WR,BAL,2022,16,ATL,1.0,1
00-0027944,Julio Jones,WR,TB,2022,16,ARI,0.5,1
00-0027973,Andy Dalton,QB,NO,2022,16,CLE,1.58,0
00-0028002,Randall Cobb,WR,GB,2022,16,MIA,0.5,1
00-0029000,Cole Beasley,WR,BUF,2022,16,CHI,0.9,1
00-0029239,Brandon Bolden,RB,LV,2022,16,PIT,0.0,0
00-0029263,Russell Wilson,QB,DEN,2022,16,LA,8.26,0
00-0029293,Marvin Jones,WR,JAX,2022,16,NYJ,1.5,3
00-0029567,Nick Foles,QB,IND,2022,16,LAC,-0.24,0
00-0029604,Kirk Cousins,QB,MIN,2022,16,NYG,24.16,0
00-0029608,T.Y. Hilton,WR,DAL,2022,16,PHI,5.2,1
00-0030035,Adam Thielen,WR,MIN,2022,16,NYG,0.6,1
00-0030068,Marquise Goodwin,WR,SEA,2022,16,KC,0.0,0
00-0030108,Ryan Griffin,TE,CHI,2022,16,BUF,0.2,1
00-0030279,Keenan Allen,WR,LAC,2022,16,IND,10.4,11
00-0030288,Rex Burkhead,RB,HOU,2022,16,TEN,0.7,2
00-0030431,Robert Woods,WR,TEN,2022,16,HOU,3.0,4
00-0030506,Travis Kelce,TE,KC,2022,16,SEA,11.3,6
00-0030513,Latavius Murray,RB,DEN,2022,16,LA,6.0,1
00-0030564,DeAndre Hopkins,WR,ARI,2022,16,TB,0.4,1
00-0030565,Geno Smith,QB,SEA,2022,16,KC,12.2,0
00-0030578,Cordarrelle Patterson,RB,ATL,2022,16,BAL,3.1,1
00-0031236,Brandin Cooks,WR,HOU,2022,16,TEN,9.4,4
00-0031260,Logan Thomas,TE,WAS,2022,16,SF,3.5,6
00-0031280,Derek Carr,QB,LV,2022,16,PIT,6.36,0
00-0031325,Sammy Watkins,WR,BAL,2022,16,ATL,4.0,1
00-0031376,Jerick McKinnon,RB,KC,2022,16,SEA,9.8,3
00-0031381,Davante Adams,WR,LV,2022,16,PIT,1.5,2
00-0031408,Mike Evans,WR,TB,2022,16,ARI,2.9,3
00-0031544,Amari Cooper,WR,CLE,2022,16,NO,7.2,6
00-0031585,MyCole Pruitt,TE,ATL,2022,16,BAL,0.0,0
00-0031588,Stefon Diggs,WR,BUF,2022,16,CHI,2.6,2
00-0031610,Darren Waller,TE,LV,2022,16,PIT,5.8,4
00-0031687,Raheem Mostert,RB,MIA,2022,16,GB,2.9,2
00-0031800,Taylor Heinicke,QB,WAS,2022,16,SF,10.24,0
00-0031806,Malcolm Brown,RB,LA,2022,16,DEN,2.1,1
00-0031868,Damiere Byrd,WR,ATL,2022,16,BAL,1.5,1
00-0032104,Ameer Abdullah,RB,LV,2022,16,PIT,2.7,2
00-0032134,C.J. Uzomah,TE,NYJ,2022,16,JAX,3.0,1
00-0032141,Geoff Swaim,TE,TEN,2022,16,HOU,-0.1,1
00-0032187,David Johnson,RB,NO,2022,16,CLE,2.4,1
00-0032208,Phillip Dorsett,WR,HOU,2022,16,TEN,4.5,3
00-0032392,Austin Hooper,TE,TEN,2022,16,HOU,2.0,2
00-0032398,Chris Moore,WR,HOU,2022,16,TEN,2.5,2
00-0032436,Jeff Driskel,QB,HOU,2022,16,TEN,2.2,1
00-0032464,Kalif Raymond,WR,DET,2022,16,CAR,6.4,1
00-0032725,Stephen Anderson,TE,ARI,2022,16,TB,0.0,0
00-0032764,Derrick Henry,RB,TEN,2022,16,HOU,16.6,2
00-0032775,Demarcus Robinson,WR,BAL,2022,16,ATL,6.6,1
00-0032950,Carson Wentz,QB,WAS,2022,16,SF,8.92,0
00-0032951,Laquon Treadwell,WR,SEA,2022,16,KC,2.6,3
00-0032975,Jonathan Williams,RB,WAS,2022,16,SF,4.1,2
00-0033009,Tyler Boyd,WR,CIN,2022,16,NE,2.1,3
00-0033040,Tyreek Hill,WR,MIA,2022,16,GB,10.3,4
00-0033045,Ezekiel Elliott,RB,DAL,2022,16,PHI,12.1,1
00-0033077,Dak Prescott,QB,DAL,2022,16,PHI,27.98,0
00-0033106,Jared Goff,QB,DET,2022,16,CAR,25.7,0
00-0033110,Tyler Higbee,TE,LA,2022,16,DEN,21.4,9
00-0033217,Mo Alie-Cox,TE,IND,2022,16,LAC,0.2,1
00-0033246,Johnny Mundt,TE,MIN,2022,16,NYG,1.6,1
00-0033251,Zach Pascal,WR,PHI,2022,16,DAL,0.6,1
00-0033280,Christian McCaffrey,RB,SF,2022,16,WAS,11.8,2
00-0033282,Curtis Samuel,WR,WAS,2022,16,SF,11.4,5
00-0033288,George Kittle,TE,SF,2022,16,WAS,24.0,6
00-0033293,Aaron Jones,RB,GB,2022,16,MIA,3.4,2
00-0033307,Kendrick Bourne,WR,NE,2022,16,CIN,18.9,6
00-0033308,Matt Breida,RB,NYG,2022,16,MIN,0.9,0
00-0033357,Taysom Hill,QB,NO,2022,16,CLE,11.6,0
00-0033455,Anthony Firkser,TE,ATL,2022,16,BAL,1.0,2
00-0033466,Isaiah McKenzie,WR,BUF,2022,16,CHI,0.6,0
00-0033526,Samaje Perine,RB,CIN,2022,16,NE,2.2,3
00-0033536,Mike Williams,WR,LAC,2022,16,IND,7.6,4
00-0033537,Deshaun Watson,QB,CLE,2022,16,NO,11.8,0
00-0033553,James Conner,RB,ARI,2022,16,TB,18.0,7
00-0033555,Mack Hollins,WR,LV,2022,16,PIT,0.7,1
00-0033572,Jamal Agnew,WR,JAX,2022,16,NYJ,0.8,1
00-0033591,Noah Brown,WR,DAL,2022,16,PHI,0.5,1
00-0033681,Keelan Cole,WR,LV,2022,16,PIT,0.0,0
00-0033699,Austin Ekeler,RB,LAC,2022,16,IND,19.9,4
00-0033757,Robert Tonyan,TE,GB,2022,16,MIA,1.3,1
00-0033854,Dare Ogunbowale,RB,HOU,2022,16,TEN,2.8,0
00-0033856,Leonard Fournette,RB,TB,2022,16,ARI,16.2,9
00-0033857,JuJu Smith-Schuster,WR,KC,2022,16,SEA,2.7,3
00-0033858,Jonnu Smith,TE,NE,2022,16,CIN,2.1,3
00-0033871,Corey Davis,WR,NYJ,2022,16,JAX,1.4,2
00-0033873,Patrick Mahomes,QB,KC,2022,16,SEA,23.76,0
00-0033881,Evan Engram,TE,JAX,2022,16,NYJ,11.3,7
00-0033885,David Njoku,TE,CLE,2022,16,NO,1.4,2
00-0033891,Zay Jones,WR,JAX,2022,16,NYJ,1.1,1
00-0033893,Dalvin Cook,RB,MIN,2022,16,NYG,7.7,3
00-0033897,Joe Mixon,RB,CIN,2022,16,NE,10.8,7
00-0033906,Alvin Kamara,RB,NO,2022,16,CLE,17.0,2
00-0033921,Chris Godwin,WR,TB,2022,16,ARI,6.3,8
00-0033923,Kareem Hunt,RB,CLE,2022,16,NO,2.2,3
00-0033925,D'Onta Foreman,RB,CAR,2022,16,DET,22.5,0
00-0033936,C.J. Beathard,QB,JAX,2022,16,NYJ,-0.3,0
00-0033943,Josh Reynolds,WR,DET,2022,16,CAR,3.1,2
00-0033948,Jamaal Williams,RB,DET,2022,16,CAR,1.4,2
00-0033951,Marlon Mack,RB,DEN,2022,16,LA,2.2,0
00-0033958,Nathan Peterman,QB,CHI,2022,16,BUF,-1.0,0
00-0034011,Dan Arnold,TE,JAX,2022,16,NYJ,1.7,1
00-0034115,Jeffery Wilson,RB,MIA,2022,16,GB,10.0,1
00-0034159,Will Dissly,TE,SEA,2022,16,KC,1.9,1
00-0034184,Gus Edwards,RB,BAL,2022,16,ATL,9.9,0
00-0034270,Tyler Conklin,TE,NYJ,2022,16,JAX,3.4,4
00-0034272,Marquez Valdes-Scantling,WR,KC,2022,16,SEA,0.0,0
00-0034286,Richie James,WR,NYG,2022,16,MIN,9.0,8
00-0034297,Byron Pringle,WR,CHI,2022,16,BUF,3.4,2
00-0034317,Keith Kirkwood,WR,NO,2022,16,CLE,0.0,0
00-0034348,Courtland Sutton,WR,DEN,2022,16,LA,6.4,5
00-0034351,Dallas Goedert,TE,PHI,2022,16,DAL,6.7,3
00-0034364,Jordan Akins,TE,HOU,2022,16,TEN,3.9,3
00-0034365,Ian Thomas,TE,CAR,2022,16,DET,1.2,1
00-0034367,Nyheim Hines,RB,BUF,2022,16,CHI,1.1,1
00-0034383,Dalton Schultz,TE,DAL,2022,16,PHI,4.3,3
00-0034386,Justin Watson,WR,KC,2022,16,SEA,0.0,0
00-0034400,Jordan Wilkins,RB,IND,2022,16,LAC,0.4,0
00-0034407,Ray-Ray McCloud,WR,SF,2022,16,WAS,13.1,0
00-0034411,Russell Gage,WR,TB,2022,16,ARI,6.5,5
00-0034440,Justin Jackson,RB,DET,2022,16,CAR,-0.1,0
00-0034487,Trent Sherfield,WR,MIA,2022,16,GB,2.5,2
00-0034521,Allen Lazard,WR,GB,2022,16,MIA,6.1,5
00-0034646,Brandon Powell,WR,LA,2022,16,DEN,1.5,3
00-0034681,Chase Edmonds,RB,DEN,2022,16,LA,5.3,2
00-0034753,Mark Andrews,TE,BAL,2022,16,ATL,4.5,3
00-0034764,Michael Gallup,WR,DAL,2022,16,PHI,9.6,4
00-0034775,Christian Kirk,WR,JAX,2022,16,NYJ,2.6,3
00-0034777,D.J. Chark,WR,DET,2022,16,CAR,10.8,4
00-0034791,Nick Chubb,RB,CLE,2022,16,NO,10.2,1
00-0034798,Durham Smythe,TE,MIA,2022,16,GB,0.8,1
00-0034816,Ronald Jones,RB,KC,2022,16,SEA,0.4,0
00-0034827,D.J. Moore,WR,CAR,2022,16,DET,15.1,5
00-0034829,Mike Gesicki,TE,MIA,2022,16,GB,2.4,1
00-0034838,Royce Freeman,RB,HOU,2022,16,TEN,3.8,1
00-0034844,Saquon Barkley,RB,NYG,2022,16,MIN,19.3,8
00-0034855,Baker Mayfield,QB,LA,2022,16,DEN,17.4,0
00-0034857,Josh Allen,QB,BUF,2022,16,CHI,22.98,0
00-0034860,Dante Pettis,WR,CHI,2022,16,BUF,7.1,2
00-0034869,Sam Darnold,QB,CAR,2022,16,DET,21.9,0
00-0034928,Steven Sims,WR,PIT,2022,16,LV,0.7,1
00-0034955,Brett Rypien,QB,DEN,2022,16,LA,-0.2,0
00-0034960,Jakobi Meyers,WR,NE,2022,16,CIN,14.3,6
00-0034972,Alexander Mattison,RB,MIN,2022,16,NYG,1.7,0
00-0034975,Justice Hill,RB,BAL,2022,16,ATL,0.4,1
00-0034981,Foster Moreau,TE,LV,2022,16,PIT,1.9,2
00-0034983,Hunter Renfrow,WR,LV,2022,16,PIT,10.2,4
00-0035022,Penny Hart,WR,SEA,2022,16,KC,0.2,1
00-0035146,Trace McSorley,QB,ARI,2022,16,TB,4.08,0
00-0035208,Olamide Zaccheaus,WR,ATL,2022,16,BAL,1.8,4
00-0035216,Diontae Johnson,WR,PIT,2022,16,LV,6.4,5
00-0035222,Zach Gentry,TE,PIT,2022,16,LV,0.1,1
00-0035229,T.J. Hockenson,TE,MIN,2022,16,NYG,22.9,13
00-0035243,Miles Sanders,RB,PHI,2022,16,DAL,5.1,1
00-0035249,Josh Oliver,TE,BAL,2022,16,ATL,0.6,1
00-0035250,Devin Singletary,RB,BUF,2022,16,CHI,18.5,2
00-0035261,Tony Pollard,RB,DAL,2022,16,PHI,8.0,6
00-0035289,Gardner Minshew,QB,PHI,2022,16,DAL,22.7,0
00-0035298,Scott Miller,WR,TB,2022,16,ARI,0.0,0
00-0035329,Donald Parham,TE,LAC,2022,16,IND,0.8,1
00-0035341,Trenton Irwin,WR,CIN,2022,16,NE,16.5,3
00-0035500,Greg Dortch,WR,ARI,2022,16,TB,12.3,10
00-0035535,Darius Slayton,WR,NYG,2022,16,MIN,7.9,4
00-0035537,Ty Johnson,RB,NYJ,2022,16,JAX,0.7,0
00-0035572,Parker Hesse,TE,ATL,2022,16,BAL,0.8,1
00-0035639,Parris Campbell,WR,IND,2022,16,LAC,1.9,2
00-0035640,DK Metcalf,WR,SEA,2022,16,KC,8.1,7
00-0035644,Noah Fant,TE,SEA,2022,16,KC,7.2,2
00-0035659,Terry McLaurin,WR,WAS,2022,16,SF,13.7,4
00-0035662,Marquise Brown,WR,ARI,2022,16,TB,5.8,3
00-0035676,A.J. Brown,WR,PHI,2022,16,DAL,10.3,6
00-0035685,David Montgomery,RB,CHI,2022,16,BUF,6.4,4
00-0035689,Dawson Knox,TE,BUF,2022,16,CHI,9.8,3
00-0035700,Josh Jacobs,RB,LV,2022,16,PIT,5.0,1
00-0035710,Daniel Jones,QB,NYG,2022,16,MIN,20.76,0
00-0035752,Chris Streveler,QB,NYJ,2022,16,JAX,9.0,0
00-0035771,Mitchell Wilcox,TE,CIN,2022,16,NE,3.5,6
00-0035806,Jamycal Hasty,RB,JAX,2022,16,NYJ,2.1,1
00-0035939,Bryce Perkins,QB,LA,2022,16,DEN,-0.2,0
00-0035973,Patrick Taylor,RB,GB,2022,16,MIA,1.7,1
00-0035993,Tyler Huntley,QB,BAL,2022,16,ATL,13.2,0
00-0036040,Juwan Johnson,TE,NO,2022,16,CLE,0.9,1
00-0036158,J.K. Dobbins,RB,BAL,2022,16,ATL,5.9,0
00-0036165,Isaiah Hodgins,WR,NYG,2022,16,MIN,14.9,8
00-0036182,Nick Westbrook-Ikhine,WR,TEN,2022,16,HOU,2.3,2
00-0036194,Devin Asiasi,TE,CIN,2022,16,NE,0.5,2
00-0036196,Gabe Davis,WR,BUF,2022,16,CHI,8.5,3
00-0036212,Tua Tagovailoa,QB,MIA,2022,16,GB,10.4,0
00-0036233,Donovan Peoples-Jones,WR,CLE,2022,16,NO,0.2,1
00-0036244,Colby Parkinson,TE,SEA,2022,16,KC,4.5,3
00-0036247,Freddie Swain,WR,DEN,2022,16,LA,1.1,1
00-0036251,Zack Moss,RB,IND,2022,16,LAC,7.0,1
00-0036252,Michael Pittman,WR,IND,2022,16,LAC,3.9,4
00-0036259,Jauan Jennings,WR,SF,2022,16,WAS,2.1,2
00-0036261,Brandon Aiyuk,WR,SF,2022,16,WAS,8.1,5
00-0036265,A.J. Dillon,RB,GB,2022,16,MIA,10.8,2
00-0036268,Laviska Shenault,WR,CAR,2022,16,DET,5.3,3
00-0036271,Quez Watkins,WR,PHI,2022,16,DAL,1.9,1
00-0036275,D'Andre Swift,RB,DET,2022,16,CAR,2.5,1
00-0036290,Cole Kmet,TE,CHI,2022,16,BUF,2.7,5
00-0036322,Justin Jefferson,WR,MIN,2022,16,NYG,19.3,12
00-0036328,Antonio Gibson,RB,WAS,2022,16,SF,3.1,2
00-0036332,Josiah Deguara,TE,GB,2022,16,MIA,0.4,1
00-0036345,K.J. Osborn,WR,MIN,2022,16,NYG,1.7,3
00-0036355,Justin Herbert,QB,LAC,2022,16,IND,5.5,0
00-0036358,CeeDee Lamb,WR,DAL,2022,16,PHI,24.0,10
00-0036370,Joshua Kelley,RB,LAC,2022,16,IND,4.2,1
00-0036407,Jerry Jeudy,WR,DEN,2022,16,LA,11.7,6
00-0036410,Tee Higgins,WR,CIN,2022,16,NE,18.8,8
00-0036414,Cam Akers,RB,LA,2022,16,DEN,32.7,2
00-0036415,Van Jefferson,WR,LA,2022,16,DEN,1.9,3
00-0036424,Brycen Hopkins,TE,LA,2022,16,DEN,5.7,3
00-0036425,DeeJay Dallas,RB,SEA,2022,16,KC,4.2,6
00-0036442,Joe Burrow,QB,CIN,2022,16,NE,23.5,0
00-0036450,Ke'Shawn Vaughn,RB,TB,2022,16,ARI,0.6,0
00-0036493,Deon Jackson,RB,IND,2022,16,LAC,0.9,3
00-0036534,Shane Zylstra,TE,DET,2022,16,CAR,20.6,5
00-0036555,Chuba Hubbard,RB,CAR,2022,16,DET,12.5,0
00-0036556,Brevin Jordan,TE,HOU,2022,16,TEN,2.1,2
00-0036569,Gary Brightwell,RB,NYG,2022,16,MIN,-0.1,0
00-0036572,Shi Smith,WR,CAR,2022,16,DET,1.7,1
00-0036613,Jaylen Waddle,WR,MIA,2022,16,GB,20.3,5
00-0036637,Noah Gray,TE,KC,2022,16,SEA,0.8,1
00-0036754,Brock Wright,TE,DET,2022,16,CAR,1.1,1
00-0036849,Tutu Atwell,WR,LA,2022,16,DEN,1.4,2
00-0036875,Rhamondre Stevenson,RB,NE,2022,16,CIN,1.3,2
00-0036893,Najee Harris,RB,PIT,2022,16,LV,9.5,6
00-0036894,Pat Freiermuth,TE,PIT,2022,16,LV,6.6,7
00-0036898,Davis Mills,QB,HOU,2022,16,TEN,9.92,0
00-0036900,Ja'Marr Chase,WR,CIN,2022,16,NE,5.9,8
00-0036906,Khalil Herbert,RB,CHI,2022,16,BUF,0.3,2
00-0036912,DeVonta Smith,WR,PHI,2022,16,DAL,23.3,8
00-0036913,Kadarius Toney,WR,KC,2022,16,SEA,6.8,1
00-0036919,Kenneth Gainwell,RB,PHI,2022,16,DAL,5.8,4
00-0036924,Michael Carter,RB,NYJ,2022,16,JAX,5.0,5
00-0036945,Justin Fields,QB,CHI,2022,16,BUF,9.86,0
00-0036950,Avery Williams,RB,ATL,2022,16,BAL,3.0,2
00-0036955,Terrace Marshall,WR,CAR,2022,16,DET,5.5,2
00-0036963,Amon-Ra St. Brown,WR,DET,2022,16,CAR,7.6,7
00-0036971,Trevor Lawrence,QB,JAX,2022,16,NYJ,18.26,0
00-0036972,Mac Jones,QB,NE,2022,16,CIN,17.5,0
00-0036973,Travis Etienne,RB,JAX,2022,16,NYJ,11.2,3
00-0036980,Elijah Moore,WR,NYJ,2022,16,JAX,1.5,2
00-0036988,Josh Palmer,WR,LAC,2022,16,IND,1.6,2
00-0036991,Amari Rodgers,WR,HOU,2022,16,TEN,3.7,1
00-0037005,Tommy Tremble,TE,CAR,2022,16,DET,1.8,2
00-0037011,Tre' McKitty,TE,LAC,2022,16,IND,1.0,1
00-0037013,Zach Wilson,QB,NYJ,2022,16,JAX,1.78,0
00-0037157,Zonovan Knight,RB,NYJ,2022,16,JAX,1.3,1
00-0037197,Isiah Pacheco,RB,KC,2022,16,SEA,9.0,1
00-0037228,Jaylen Warren,RB,PIT,2022,16,LV,3.0,1
00-0037238,Drake London,WR,ATL,2022,16,BAL,7.6,7
00-0037240,Jameson Williams,WR,DET,2022,16,CAR,0.0,0
00-0037247,George Pickens,WR,PIT,2022,16,LV,11.7,5
00-0037248,James Cook,RB,BUF,2022,16,CHI,16.8,1
00-0037252,Greg Dulcich,TE,DEN,2022,16,LA,9.9,4
00-0037256,Rachaad White,RB,TB,2022,16,ARI,11.3,4
00-0037257,David Bell,WR,CLE,2022,16,NO,1.8,1
00-0037261,Khalil Shakir,WR,BUF,2022,16,CHI,2.5,1
00-0037263,Tyler Allgeier,RB,ATL,2022,16,BAL,11.7,4
00-0037265,Snoop Conner,RB,JAX,2022,16,NYJ,0.5,0
00-0037277,Teagan Quitoriano,TE,HOU,2022,16,TEN,0.0,0
00-0037282,James Mitchell,TE,DET,2022,16,CAR,3.1,2
00-0037286,Kevin Harris,RB,NE,2022,16,CIN,0.3,0
00-0037299,Keaontay Ingram,RB,ARI,2022,16,TB,0.2,0
00-0037300,Mike Woods,WR,CLE,2022,16,NO,0.5,1
00-0037304,Connor Heyward,TE,PIT,2022,16,LV,2.1,0
00-0037387,Jalen Virgil,WR,DEN,2022,16,LA,0.0,0
00-0037429,Raheem Blackshear,RB,CAR,2022,16,DET,7.5,1
00-0037545,Rashid Shaheed,WR,NO,2022,16,CLE,4.1,4
00-0037617,Hassan Haskins,RB,TEN,2022,16,HOU,1.7,2
00-0037664,Alec Pierce,WR,IND,2022,16,LAC,2.6,3
00-0037740,Garrett Wilson,WR,NYJ,2022,16,JAX,1.0,4
00-0037741,Jahan Dotson,WR,WAS,2022,16,SF,13.6,6
00-0037742,Treylon Burks,WR,TEN,2022,16,HOU,1.5,0
00-0037744,Trey McBride,TE,ARI,2022,16,TB,1.7,3
00-0037745,Velus Jones,WR,CHI,2022,16,BUF,5.2,2
00-0037746,Brian Robinson,RB,WAS,2022,16,SF,5.8,0
00-0037755,Jelani Woods,TE,IND,2022,16,LAC,4.3,3
00-0037809,Chigoziem Okonkwo,TE,TEN,2022,16,HOU,1.0,1
00-0037816,Romeo Doubs,WR,GB,2022,16,MIA,3.6,3
00-0037827,Tyrion Davis-Price,RB,SF,2022,16,WAS,3.0,0
00-0037834,Brock Purdy,QB,SF,2022,16,WAS,15.96,0
00-0037838,Isaiah Likely,TE,BAL,2022,16,ATL,0.4,1
00-0037840,Kyren Williams,RB,LA,2022,16,DEN,2.1,1
00-0038041,Jake Ferguson,TE,DAL,2022,16,PHI,2.4,1
00-0038090,Skyy Moore,WR,KC,2022,16,SEA,0.5,1
00-0038098,Pierre Strong,RB,NE,2022,16,CIN,1.0,2
00-0038102,Kenny Pickett,QB,PIT,2022,16,LV,12.66,0
00-0038104,Tyquan Thornton,WR,NE,2022,16,CIN,0.8,1
00-0038115,Daniel Bellinger,TE,NYG,2022,16,MIN,2.7,2
00-0038122,Desmond Ridder,QB,ATL,2022,16,BAL,9.52,0
00-0038124,Christian Watson,WR,GB,2022,16,MIA,4.9,6
00-0038128,Malik Willis,QB,TEN,2022,16,HOU,10.26,0
00-0038129,Cade Otton,TE,TB,2022,16,ARI,1.2,2
00-0038134,Kenneth Walker,RB,SEA,2022,16,KC,10.5,2
00-0019596,Tom Brady,QB,TB,2022,17,CAR,37.68,0
00-0023459,Aaron Rodgers,QB,GB,2022,17,MIN,16.56,0
00-0026189,DeSean Jackson,WR,BAL,2022,17,PIT,0.9,1
00-0026544,Chase Daniel,QB,LAC,2022,17,LA,1.08,0
00-0027942,A.J. Green,WR,ARI,2022,17,ATL,1.7,2
00-0027944,Julio Jones,WR,TB,2022,17,CAR,2.3,1
00-0027973,Andy Dalton,QB,NO,2022,17,PHI,6.0,0
00-0028002,Randall Cobb,WR,GB,2022,17,MIN,2.0,2
00-0029239,Brandon Bolden,RB,LV,2022,17,SF,3.2,0
00-0029263,Russell Wilson,QB,DEN,2022,17,KC,23.58,0
00-0029293,Marvin Jones,WR,JAX,2022,17,HOU,6.1,6
00-0029567,Nick Foles,QB,IND,2022,17,NYG,2.04,0
00-0029604,Kirk Cousins,QB,MIN,2022,17,GB,7.9,0
00-0029608,T.Y. Hilton,WR,DAL,2022,17,TEN,5.0,4
00-0030035,Adam Thielen,WR,MIN,2022,17,GB,1.6,1
00-0030108,Ryan Griffin,TE,CHI,2022,17,DET,0.0,0
00-0030279,Keenan Allen,WR,LAC,2022,17,LA,6.8,5
00-0030288,Rex Burkhead,RB,HOU,2022,17,JAX,1.0,3
00-0030431,Robert Woods,WR,TEN,2022,17,DAL,9.9,5
00-0030506,Travis Kelce,TE,KC,2022,17,DEN,4.3,7
00-0030513,Latavius Murray,RB,DEN,2022,17,KC,7.2,4
00-0030565,Geno Smith,QB,SEA,2022,17,NYJ,17.12,0
00-0030578,Cordarrelle Patterson,RB,ATL,2022,17,ARI,14.4,6
00-0031236,Brandin Cooks,WR,HOU,2022,17,JAX,3.9,4
00-0031237,Teddy Bridgewater,QB,MIA,2022,17,NE,9.04,0
00-0031260,Logan Thomas,TE,WAS,2022,17,CLE,5.6,6
00-0031376,Jerick McKinnon,RB,KC,2022,17,DEN,17.6,5
00-0031381,Davante Adams,WR,LV,2022,17,SF,27.3,7
00-0031408,Mike Evans,WR,TB,2022,17,CAR,38.7,10
00-0031544,Amari Cooper,WR,CLE,2022,17,WAS,22.5,3
00-0031549,Nelson Agholor,WR,NE,2022,17,MIA,0.0,0
00-0031585,MyCole Pruitt,TE,ATL,2022,17,ARI,4.9,4
00-0031610,Darren Waller,TE,LV,2022,17,SF,13.2,3
00-0031687,Raheem Mostert,RB,MIA,2022,17,NE,15.1,8
00-0031763,DeAndre Carter,WR,LAC,2022,17,LA,1.4,2
00-0031806,Malcolm Brown,RB,LA,2022,17,LAC,8.3,0
00-0031868,Damiere Byrd,WR,ATL,2022,17,ARI,1.2,1
00-0032062,Blake Bell,TE,KC,2022,17,DEN,7.7,1
00-0032134,C.J. Uzomah,TE,NYJ,2022,17,SEA,2.4,3
00-0032141,Geoff Swaim,TE,TEN,2022,17,DAL,0.4,1
00-0032208,Phillip Dorsett,WR,HOU,2022,17,JAX,1.4,3
00-0032211,Tyler Lockett,WR,SEA,2022,17,NYJ,1.5,2
00-0032392,Austin Hooper,TE,TEN,2022,17,DAL,0.6,1
00-0032398,Chris Moore,WR,HOU,2022,17,JAX,2.1,3
00-0032436,Jeff Driskel,QB,HOU,2022,17,JAX,1.06,0
00-0032464,Kalif Raymond,WR,DET,2022,17,CHI,4.4,3
00-0032688,Robbie Chosen,WR,ARI,2022,17,ATL,1.3,1
00-0032775,Demarcus Robinson,WR,BAL,2022,17,PIT,0.9,1
00-0032792,Nate Sudfeld,QB,DET,2022,17,CHI,-0.3,0
00-0032950,Carson Wentz,QB,WAS,2022,17,CLE,6.42,0
00-0032951,Laquon Treadwell,WR,SEA,2022,17,NYJ,1.5,2
00-0032975,Jonathan Williams,RB,WAS,2022,17,CLE,3.3,3
00-0033040,Tyreek Hill,WR,MIA,2022,17,NE,11.7,4
00-0033045,Ezekiel Elliott,RB,DAL,2022,17,TEN,9.7,0
00-0033077,Dak Prescott,QB,DAL,2022,17,TEN,14.38,0
00-0033090,Hunter Henry,TE,NE,2022,17,MIA,5.2,5
00-0033106,Jared Goff,QB,DET,2022,17,CHI,22.4,0
00-0033110,Tyler Higbee,TE,LA,2022,17,LAC,1.1,3
00-0033111,Pharoh Cooper,WR,ARI,2022,17,ATL,0.8,0
00-0033119,Jacoby Brissett,QB,CLE,2022,17,WAS,0.2,0
00-0033217,Mo Alie-Cox,TE,IND,2022,17,NYG,0.0,0
00-0033280,Christian McCaffrey,RB,SF,2022,17,LV,25.3,6
00-0033282,Curtis Samuel,WR,WAS,2022,17,CLE,0.6,1
00-0033288,George Kittle,TE,SF,2022,17,LV,8.3,4
00-0033293,Aaron Jones,RB,GB,2022,17,MIN,11.3,2
00-0033307,Kendrick Bourne,WR,NE,2022,17,MIA,1.8,1
00-0033308,Matt Breida,RB,NYG,2022,17,IND,6.7,1
00-0033319,Nick Mullens,QB,MIN,2022,17,GB,6.28,0
00-0033357,Taysom Hill,QB,NO,2022,17,PHI,12.56,1
00-0033536,Mike Williams,WR,LAC,2022,17,LA,9.4,7
00-0033537,Deshaun Watson,QB,CLE,2022,17,WAS,21.86,0
00-0033553,James Conner,RB,ARI,2022,17,ATL,11.0,3
00-0033555,Mack Hollins,WR,LV,2022,17,SF,4.0,3
00-0033572,Jamal Agnew,WR,JAX,2022,17,HOU,-0.2,1
00-0033576,Eric Saubert,TE,DEN,2022,17,KC,3.0,3
00-0033591,Noah Brown,WR,DAL,2022,17,TEN,0.7,1
00-0033699,Austin Ekeler,RB,LAC,2022,17,LA,28.1,4
00-0033725,Corey Clement,RB,ARI,2022,17,ATL,3.2,0
00-0033757,Robert Tonyan,TE,GB,2022,17,MIN,11.2,3
00-0033854,Dare Ogunbowale,RB,HOU,2022,17,JAX,2.5,2
00-0033856,Leonard Fournette,RB,TB,2022,17,CAR,4.7,4
00-0033857,JuJu Smith-Schuster,WR,KC,2022,17,DEN,2.1,2
00-0033871,Corey Davis,WR,NYJ,2022,17,SEA,4.5,3
00-0033873,Patrick Mahomes,QB,KC,2022,17,DEN,24.52,1
00-0033879,O.J. Howard,TE,HOU,2022,17,JAX,2.6,1
00-0033881,Evan Engram,TE,JAX,2022,17,HOU,2.9,1
00-0033885,David Njoku,TE,CLE,2022,17,WAS,2.1,1
00-0033891,Zay Jones,WR,JAX,2022,17,HOU,2.4,3
00-0033893,Dalvin Cook,RB,MIN,2022,17,GB,4.4,2
00-0033895,Gerald Everett,TE,LAC,2022,17,LA,7.5,3
00-0033906,Alvin Kamara,RB,NO,2022,17,PHI,8.0,1
00-0033921,Chris Godwin,WR,TB,2022,17,CAR,12.0,9
00-0033923,Kareem Hunt,RB,CLE,2022,17,WAS,-0.1,1
00-0033925,D'Onta Foreman,RB,CAR,2022,17,TB,3.5,0
00-0033936,C.J. Beathard,QB,JAX,2022,17,HOU,-0.84,0
00-0033943,Josh Reynolds,WR,DET,2022,17,CHI,0.5,1
00-0033948,Jamaal Williams,RB,DET,2022,17,CHI,21.7,1
00-0033949,Joshua Dobbs,QB,TEN,2022,17,DAL,10.48,0
00-0034011,Dan Arnold,TE,JAX,2022,17,HOU,0.0,0
00-0034104,Cam Sims,WR,WAS,2022,17,CLE,1.6,1
00-0034115,Jeffery Wilson,RB,MIA,2022,17,NE,7.6,3
00-0034184,Gus Edwards,RB,BAL,2022,17,PIT,0.2,0
00-0034270,Tyler Conklin,TE,NYJ,2022,17,SEA,8.0,6
00-0034272,Marquez Valdes-Scantling,WR,KC,2022,17,DEN,2.8,2
00-0034279,Equanimeous St. Brown,WR,CHI,2022,17,DET,2.0,2
00-0034286,Richie James,WR,NYG,2022,17,IND,13.6,7
00-0034297,Byron Pringle,WR,CHI,2022,17,DET,0.0,0
00-0034348,Courtland Sutton,WR,DEN,2022,17,KC,4.4,4
00-0034351,Dallas Goedert,TE,PHI,2022,17,NO,4.5,3
00-0034364,Jordan Akins,TE,HOU,2022,17,JAX,3.8,2
00-0034365,Ian Thomas,TE,CAR,2022,17,TB,0.9,1
00-0034383,Dalton Schultz,TE,DAL,2022,17,TEN,17.6,7
00-0034386,Justin Watson,WR,KC,2022,17,DEN,2.7,1
00-0034400,Jordan Wilkins,RB,IND,2022,17,NYG,3.7,2
00-0034401,Mike White,QB,NYJ,2022,17,SEA,3.6,0
00-0034407,Ray-Ray McCloud,WR,SF,2022,17,LV,4.2,1
00-0034411,Russell Gage,WR,TB,2022,17,CAR,3.3,3
00-0034414,Boston Scott,RB,PHI,2022,17,NO,0.6,0
00-0034419,Braxton Berrios,WR,NYJ,2022,17,SEA,2.4,1
00-0034487,Trent Sherfield,WR,MIA,2022,17,NE,3.0,2
00-0034521,Allen Lazard,WR,GB,2022,17,MIN,5.9,5
00-0034614,Godwin Igwebuike,RB,SEA,2022,17,NYJ,0.7,1
00-0034646,Brandon Powell,WR,LA,2022,17,LAC,0.9,1
00-0034681,Chase Edmonds,RB,DEN,2022,17,KC,7.3,3
00-0034753,Mark Andrews,TE,BAL,2022,17,PIT,10.0,9
00-0034764,Michael Gallup,WR,DAL,2022,17,TEN,3.9,3
00-0034775,Christian Kirk,WR,JAX,2022,17,HOU,2.1,2
00-0034777,D.J. Chark,WR,DET,2022,17,CHI,5.6,2
00-0034791,Nick Chubb,RB,CLE,2022,17,WAS,11.6,1
00-0034798,Durham Smythe,TE,MIA,2022,17,NE,0.9,1
00-0034816,Ronald Jones,RB,KC,2022,17,DEN,0.3,0
00-0034827,D.J. Moore,WR,CAR,2022,17,TB,17.7,6
00-0034829,Mike Gesicki,TE,MIA,2022,17,NE,7.8,2
00-0034838,Royce Freeman,RB,HOU,2022,17,JAX,3.9,3
00-0034844,Saquon Barkley,RB,NYG,2022,17,IND,5.3,2
00-0034854,KhaDarel Hodge,WR,ATL,2022,17,ARI,0.5,1
00-0034855,Baker Mayfield,QB,LA,2022,17,LAC,4.08,0
00-0034860,Dante Pettis,WR,CHI,2022,17,DET,0.0,0
00-0034869,Sam Darnold,QB,CAR,2022,17,TB,21.64,0
00-0034928,Steven Sims,WR,PIT,2022,17,BAL,3.4,3
00-0034960,Jakobi Meyers,WR,NE,2022,17,MIA,10.9,6
00-0034972,Alexander Mattison,RB,MIN,2022,17,GB,4.5,1
00-0034981,Foster Moreau,TE,LV,2022,17,SF,5.5,3
00-0034983,Hunter Renfrow,WR,LV,2022,17,SF,1.9,3
00-0035040,David Blough,QB,ARI,2022,17,ATL,13.58,0
00-0035216,Diontae Johnson,WR,PIT,2022,17,BAL,3.5,2
00-0035229,T.J. Hockenson,TE,MIN,2022,17,GB,5.9,7
00-0035243,Miles Sanders,RB,PHI,2022,17,NO,6.1,0
00-0035249,Josh Oliver,TE,BAL,2022,17,PIT,0.0,0
00-0035264,Jarrett Stidham,QB,LV,2022,17,SF,26.0,0
00-0035289,Gardner Minshew,QB,PHI,2022,17,NO,12.96,0
00-0035329,Donald Parham,TE,LAC,2022,17,LA,6.3,1
00-0035500,Greg Dortch,WR,ARI,2022,17,ATL,1.5,4
00-0035527,Andy Isabella,WR,BAL,2022,17,PIT,0.1,0
00-0035535,Darius Slayton,WR,NYG,2022,17,IND,-0.6,2
00-0035537,Ty Johnson,RB,NYJ,2022,17,SEA,5.7,1
00-0035624,N'Keal Harry,WR,CHI,2022,17,DET,1.6,1
00-0035639,Parris Campbell,WR,IND,2022,17,NYG,5.3,3
00-0035640,DK Metcalf,WR,SEA,2022,17,NYJ,0.3,1
00-0035644,Noah Fant,TE,SEA,2022,17,NYJ,4.0,2
00-0035645,Gunner Olszewski,WR,PIT,2022,17,BAL,0.6,0
00-0035657,Damien Harris,RB,NE,2022,17,MIA,4.9,3
00-0035659,Terry McLaurin,WR,WAS,2022,17,CLE,3.7,2
00-0035662,Marquise Brown,WR,ARI,2022,17,ATL,6.1,6
00-0035676,A.J. Brown,WR,PHI,2022,17,NO,15.7,4
00-0035685,David Montgomery,RB,CHI,2022,17,DET,3.6,2
00-0035700,Josh Jacobs,RB,LV,2022,17,SF,15.5,4
00-0035710,Daniel Jones,QB,NYG,2022,17,IND,36.18,0
00-0035806,Jamycal Hasty,RB,JAX,2022,17,HOU,11.6,6
00-0035864,Kendall Hinton,WR,DEN,2022,17,KC,0.0,0
00-0035876,Andre Baccellia,WR,ARI,2022,17,ATL,0.7,1
00-0035924,Jonathan Ward,RB,TEN,2022,17,DAL,3.0,1
00-0035956,Giovanni Ricci,TE,CAR,2022,17,TB,3.2,1
00-0035973,Patrick Taylor,RB,GB,2022,17,MIN,1.0,0
00-0035993,Tyler Huntley,QB,BAL,2022,17,PIT,9.6,0
00-0036020,Salvon Ahmed,RB,MIA,2022,17,NE,0.8,1
00-0036040,Juwan Johnson,TE,NO,2022,17,PHI,6.2,5
00-0036059,Tyler Mabry,TE,SEA,2022,17,NYJ,6.7,1
00-0036158,J.K. Dobbins,RB,BAL,2022,17,PIT,9.3,0
00-0036165,Isaiah Hodgins,WR,NYG,2022,17,IND,10.2,4
00-0036182,Nick Westbrook-Ikhine,WR,TEN,2022,17,DAL,0.4,1
00-0036232,Harrison Bryant,TE,CLE,2022,17,WAS,1.9,2
00-0036233,Donovan Peoples-Jones,WR,CLE,2022,17,WAS,7.3,1
00-0036244,Colby Parkinson,TE,SEA,2022,17,NYJ,9.6,5
00-0036251,Zack Moss,RB,IND,2022,17,NYG,7.4,0
00-0036252,Michael Pittman,WR,IND,2022,17,NYG,10.1,6
00-0036255,Denzel Mims,WR,NYJ,2022,17,SEA,0.0,0
00-0036259,Jauan Jennings,WR,SF,2022,17,LV,4.6,2
00-0036261,Brandon Aiyuk,WR,SF,2022,17,LV,17.7,9
00-0036264,Jordan Love,QB,GB,2022,17,MIN,0.26,0
00-0036265,A.J. Dillon,RB,GB,2022,17,MIN,10.1,0
00-0036268,Laviska Shenault,WR,CAR,2022,17,TB,2.0,2
00-0036271,Quez Watkins,WR,PHI,2022,17,NO,0.0,0
00-0036275,D'Andre Swift,RB,DET,2022,17,CHI,23.7,4
00-0036290,Cole Kmet,TE,CHI,2022,17,DET,8.7,2
00-0036322,Justin Jefferson,WR,MIN,2022,17,GB,1.5,1
00-0036326,Chase Claypool,WR,CHI,2022,17,DET,0.0,0
00-0036332,Josiah Deguara,TE,GB,2022,17,MIN,0.4,1
00-0036345,K.J. Osborn,WR,MIN,2022,17,GB,11.9,7
00-0036355,Justin Herbert,QB,LAC,2022,17,LA,16.68,0
00-0036358,CeeDee Lamb,WR,DAL,2022,17,TEN,10.0,11
00-0036370,Joshua Kelley,RB,LAC,2022,17,LA,4.6,1
00-0036383,Eno Benjamin,RB,NO,2022,17,PHI,1.9,1
00-0036407,Jerry Jeudy,WR,DEN,2022,17,KC,3.8,7
00-0036414,Cam Akers,RB,LA,2022,17,LAC,13.3,1
00-0036415,Van Jefferson,WR,LA,2022,17,LAC,7.7,3
00-0036422,Adam Trautman,TE,NO,2022,17,PHI,1.6,1
00-0036423,Albert Okwuegbunam,TE,DEN,2022,17,KC,10.5,3
00-0036424,Brycen Hopkins,TE,LA,2022,17,LAC,2.1,1
00-0036425,DeeJay Dallas,RB,SEA,2022,17,NYJ,9.8,3
00-0036438,Stephen Sullivan,TE,CAR,2022,17,TB,0.0,0
00-0036482,Mike Strachan,WR,IND,2022,17,NYG,0.0,0
00-0036493,Deon Jackson,RB,IND,2022,17,NYG,1.0,0
00-0036534,Shane Zylstra,TE,DET,2022,17,CHI,0.7,1
00-0036555,Chuba Hubbard,RB,CAR,2022,17,TB,6.5,3
00-0036556,Brevin Jordan,TE,HOU,2022,17,JAX,2.0,1
00-0036569,Gary Brightwell,RB,NYG,2022,17,IND,0.9,0
00-0036572,Shi Smith,WR,CAR,2022,17,TB,13.0,4
00-0036613,Jaylen Waddle,WR,MIA,2022,17,NE,5.2,3
00-0036637,Noah Gray,TE,KC,2022,17,DEN,1.2,1
00-0036650,Larry Rountree,RB,LAC,2022,17,LA,2.8,1
00-0036652,Racey McMath,WR,TEN,2022,17,DAL,3.9,1
00-0036754,Brock Wright,TE,DET,2022,17,CHI,13.3,3
00-0036810,Cade Johnson,WR,SEA,2022,17,NYJ,0.0,0
00-0036849,Tutu Atwell,WR,LA,2022,17,LAC,1.0,2
00-0036875,Rhamondre Stevenson,RB,NE,2022,17,MIA,5.1,2
00-0036879,Sam Ehlinger,QB,IND,2022,17,NYG,7.6,0
00-0036893,Najee Harris,RB,PIT,2022,17,BAL,18.3,2
00-0036894,Pat Freiermuth,TE,PIT,2022,17,BAL,3.6,3
00-0036898,Davis Mills,QB,HOU,2022,17,JAX,9.38,0
00-0036906,Khalil Herbert,RB,CHI,2022,17,DET,3.1,0
00-0036912,DeVonta Smith,WR,PHI,2022,17,NO,11.5,9
00-0036913,Kadarius Toney,WR,KC,2022,17,DEN,7.1,4
00-0036919,Kenneth Gainwell,RB,PHI,2022,17,NO,1.7,2
00-0036924,Michael Carter,RB,NYJ,2022,17,SEA,0.5,2
00-0036945,Justin Fields,QB,CHI,2022,17,DET,16.2,0
00-0036950,Avery Williams,RB,ATL,2022,17,ARI,0.0,1
00-0036955,Terrace Marshall,WR,CAR,2022,17,TB,1.5,2
00-0036963,Amon-Ra St. Brown,WR,DET,2022,17,CHI,6.2,4
00-0036971,Trevor Lawrence,QB,JAX,2022,17,HOU,4.48,0
00-0036972,Mac Jones,QB,NE,2022,17,MIA,16.26,0
00-0036973,Travis Etienne,RB,JAX,2022,17,HOU,20.0,3
00-0036980,Elijah Moore,WR,NYJ,2022,17,SEA,1.8,2
00-0036988,Josh Palmer,WR,LAC,2022,17,LA,0.0,0
00-0036991,Amari Rodgers,WR,HOU,2022,17,JAX,1.6,2
00-0037005,Tommy Tremble,TE,CAR,2022,17,TB,9.3,3
00-0037055,Lance McCutcheon,WR,LA,2022,17,LAC,0.0,0
00-0037157,Zonovan Knight,RB,NYJ,2022,17,SEA,4.4,2
00-0037197,Isiah Pacheco,RB,KC,2022,17,DEN,10.9,2
00-0037228,Jaylen Warren,RB,PIT,2022,17,BAL,9.8,3
00-0037238,Drake London,WR,ATL,2022,17,ARI,4.7,5
00-0037239,Chris Olave,WR,NO,2022,17,PHI,4.2,4
00-0037240,Jameson Williams,WR,DET,2022,17,CHI,4.0,0
00-0037247,George Pickens,WR,PIT,2022,17,BAL,2.9,2
00-0037256,Rachaad White,RB,TB,2022,17,CAR,4.8,5
00-0037263,Tyler Allgeier,RB,ATL,2022,17,ARI,15.5,1
00-0037265,Snoop Conner,RB,JAX,2022,17,HOU,7.7,0
00-0037267,Jerome Ford,RB,CLE,2022,17,WAS,0.9,0
00-0037282,James Mitchell,TE,DET,2022,17,CHI,1.5,1
00-0037291,Jalen Nailor,WR,MIN,2022,17,GB,14.9,3
00-0037311,Ko Kieft,TE,TB,2022,17,CAR,0.0,0
00-0037327,Skylar Thompson,QB,MIA,2022,17,NE,6.56,0
00-0037429,Raheem Blackshear,RB,CAR,2022,17,TB,-0.1,1
00-0037525,Jordan Mason,RB,SF,2022,17,LV,7.3,0
00-0037545,Rashid Shaheed,WR,NO,2022,17,PHI,7.9,6
00-0037563,Malik Davis,RB,DAL,2022,17,TEN,6.2,2
00-0037569,Peyton Hendershot,TE,DAL,2022,17,TEN,0.0,0
00-0037594,Julius Chestnut,RB,TEN,2022,17,DAL,3.2,1
00-0037617,Hassan Haskins,RB,TEN,2022,17,DAL,5.3,2
00-0037664,Alec Pierce,WR,IND,2022,17,NYG,1.5,3
00-0037740,Garrett Wilson,WR,NYJ,2022,17,SEA,1.8,3
00-0037741,Jahan Dotson,WR,WAS,2022,17,CLE,3.7,3
00-0037742,Treylon Burks,WR,TEN,2022,17,DAL,8.6,4
00-0037744,Trey McBride,TE,ARI,2022,17,ATL,13.8,7
00-0037745,Velus Jones,WR,CHI,2022,17,DET,1.3,0
00-0037746,Brian Robinson,RB,WAS,2022,17,CLE,8.7,0
00-0037755,Jelani Woods,TE,IND,2022,17,NYG,1.9,3
00-0037809,Chigoziem Okonkwo,TE,TEN,2022,17,DAL,2.4,3
00-0037816,Romeo Doubs,WR,GB,2022,17,MIN,2.0,3
00-0037827,Tyrion Davis-Price,RB,SF,2022,17,LV,0.5,0
00-0037828,Danny Gray,WR,SF,2022,17,LV,0.9,0
00-0037834,Brock Purdy,QB,SF,2022,17,LV,17.06,0
00-0037838,Isaiah Likely,TE,BAL,2022,17,PIT,7.2,3
00-0037840,Kyren Williams,RB,LA,2022,17,LAC,0.6,0
00-0038041,Jake Ferguson,TE,DAL,2022,17,TEN,0.7,1
00-0038090,Skyy Moore,WR,KC,2022,17,DEN,3.3,3
00-0038102,Kenny Pickett,QB,PIT,2022,17,BAL,10.92,0
00-0038104,Tyquan Thornton,WR,NE,2022,17,MIA,12.0,3
00-0038115,Daniel Bellinger,TE,NYG,2022,17,IND,4.2,3
00-0038122,Desmond Ridder,QB,ATL,2022,17,ARI,5.66,0
00-0038124,Christian Watson,WR,GB,2022,17,MIN,1.1,1
00-0038129,Cade Otton,TE,TB,2022,17,CAR,1.7,2
00-0038134,Kenneth Walker,RB,SEA,2022,17,NYJ,14.2,1
00-0019596,Tom Brady,QB,TB,2022,18,ATL,7.36,0
00-0023459,Aaron Rodgers,QB,GB,2022,18,DET,11.2,0
00-0026158,Joe Flacco,QB,NYJ,2022,18,MIA,5.96,0
00-0026197,Chad Henne,QB,KC,2022,18,LV,-0.2,0
00-0026544,Chase Daniel,QB,LAC,2022,18,DEN,7.4,0
00-0027942,A.J. Green,WR,ARI,2022,18,SF,15.1,3
00-0027948,Blaine Gabbert,QB,TB,2022,18,ATL,5.16,0
00-0027973,Andy Dalton,QB,NO,2022,18,CAR,11.04,0
00-0027981,Kyle Rudolph,TE,TB,2022,18,ATL,6.8,1
00-0028002,Randall Cobb,WR,GB,2022,18,DET,1.1,2
00-0029263,Russell Wilson,QB,DEN,2022,18,LAC,23.12,0
00-0029293,Marvin Jones,WR,JAX,2022,18,TEN,2.9,2
00-0029604,Kirk Cousins,QB,MIN,2022,18,CHI,13.0,0
00-0029608,T.Y. Hilton,WR,DAL,2022,18,WAS,1.9,2
00-0030035,Adam Thielen,WR,MIN,2022,18,CHI,7.2,2
00-0030279,Keenan Allen,WR,LAC,2022,18,DEN,22.2,8
00-0030288,Rex Burkhead,RB,HOU,2022,18,IND,0.1,1
00-0030431,Robert Woods,WR,TEN,2022,18,JAX,4.0,4
00-0030456,Giovani Bernard,RB,TB,2022,18,ATL,2.7,2
00-0030506,Travis Kelce,TE,KC,2022,18,LV,3.8,6
00-0030513,Latavius Murray,RB,DEN,2022,18,LAC,17.8,1
00-0030565,Geno Smith,QB,SEA,2022,18,LA,13.62,0
00-0030578,Cordarrelle Patterson,RB,ATL,2022,18,TB,7.9,2
00-0031051,John Brown,WR,BUF,2022,18,NE,10.2,1
00-0031236,Brandin Cooks,WR,HOU,2022,18,IND,16.6,5
00-0031260,Logan Thomas,TE,WAS,2022,18,DAL,1.6,2
00-0031325,Sammy Watkins,WR,BAL,2022,18,CIN,5.9,2
00-0031376,Jerick McKinnon,RB,KC,2022,18,LV,6.6,2
00-0031381,Davante Adams,WR,LV,2022,18,KC,7.3,5
00-0031544,Amari Cooper,WR,CLE,2022,18,PIT,5.1,2
00-0031547,DeVante Parker,WR,NE,2022,18,BUF,19.9,6
00-0031549,Nelson Agholor,WR,NE,2022,18,BUF,0.0,0
00-0031585,MyCole Pruitt,TE,ATL,2022,18,TB,9.4,3
00-0031588,Stefon Diggs,WR,BUF,2022,18,NE,16.4,7
00-0031610,Darren Waller,TE,LV,2022,18,KC,3.5,2
00-0031687,Raheem Mostert,RB,MIA,2022,18,NYJ,6.1,2
00-0031690,Eric Tomlinson,TE,DEN,2022,18,LAC,6.3,1
00-0031763,DeAndre Carter,WR,LAC,2022,18,DEN,2.3,3
00-0031868,Damiere Byrd,WR,ATL,2022,18,TB,0.0,1
00-0032054,Breshad Perriman,WR,TB,2022,18,ATL,0.9,1
00-0032062,Blake Bell,TE,KC,2022,18,LV,0.3,1
00-0032104,Ameer Abdullah,RB,LV,2022,18,KC,1.0,1
00-0032141,Geoff Swaim,TE,TEN,2022,18,JAX,0.5,1
00-0032187,David Johnson,RB,NO,2022,18,CAR,2.8,2
00-0032211,Tyler Lockett,WR,SEA,2022,18,LA,11.4,4
00-0032392,Austin Hooper,TE,TEN,2022,18,JAX,3.8,4
00-0032394,Nick Vannett,TE,NYG,2022,18,PHI,1.8,2
00-0032398,Chris Moore,WR,HOU,2022,18,IND,2.0,2
00-0032436,Jeff Driskel,QB,HOU,2022,18,IND,1.22,0
00-0032464,Kalif Raymond,WR,DET,2022,18,GB,6.6,4
00-0032764,Derrick Henry,RB,TEN,2022,18,JAX,12.8,1
00-0032775,Demarcus Robinson,WR,BAL,2022,18,CIN,2.4,2
00-0032975,Jonathan Williams,RB,WAS,2022,18,DAL,4.1,2
00-0032980,Marcus Johnson,WR,NYG,2022,18,PHI,3.6,3
00-0033009,Tyler Boyd,WR,CIN,2022,18,BAL,5.1,5
00-0033040,Tyreek Hill,WR,MIA,2022,18,NYJ,2.3,2
00-0033045,Ezekiel Elliott,RB,DAL,2022,18,WAS,1.0,0
00-0033077,Dak Prescott,QB,DAL,2022,18,WAS,8.72,0
00-0033090,Hunter Henry,TE,NE,2022,18,BUF,4.2,6
00-0033106,Jared Goff,QB,DET,2022,18,GB,9.46,0
00-0033110,Tyler Higbee,TE,LA,2022,18,SEA,3.3,4
00-0033111,Pharoh Cooper,WR,ARI,2022,18,SF,1.3,2
00-0033118,Kenyan Drake,RB,BAL,2022,18,CIN,13.9,2
00-0033217,Mo Alie-Cox,TE,IND,2022,18,HOU,6.4,1
00-0033280,Christian McCaffrey,RB,SF,2022,18,ARI,13.9,3
00-0033282,Curtis Samuel,WR,WAS,2022,18,DAL,-0.6,1
00-0033288,George Kittle,TE,SF,2022,18,ARI,14.9,4
00-0033293,Aaron Jones,RB,GB,2022,18,DET,4.8,3
00-0033307,Kendrick Bourne,WR,NE,2022,18,BUF,4.5,4
00-0033308,Matt Breida,RB,NYG,2022,18,PHI,4.0,7
00-0033319,Nick Mullens,QB,MIN,2022,18,CHI,3.44,0
00-0033357,Taysom Hill,QB,NO,2022,18,CAR,2.5,1
00-0033455,Anthony Firkser,TE,ATL,2022,18,TB,1.1,1
00-0033466,Isaiah McKenzie,WR,BUF,2022,18,NE,1.9,2
00-0033526,Samaje Perine,RB,CIN,2022,18,BAL,2.2,1
00-0033536,Mike Williams,WR,LAC,2022,18,DEN,3.2,4
00-0033537,Deshaun Watson,QB,CLE,2022,18,PIT,17.6,0
00-0033550,Davis Webb,QB,NYG,2022,18,PHI,20.82,0
00-0033555,Mack Hollins,WR,LV,2022,18,KC,1.5,2
00-0033572,Jamal Agnew,WR,JAX,2022,18,TEN,0.8,1
00-0033591,Noah Brown,WR,DAL,2022,18,WAS,1.0,1
00-0033662,Cooper Rush,QB,DAL,2022,18,WAS,0.0,0
00-0033681,Keelan Cole,WR,LV,2022,18,KC,0.5,1
00-0033699,Austin Ekeler,RB,LAC,2022,18,DEN,5.0,4
00-0033725,Corey Clement,RB,ARI,2022,18,SF,10.8,3
00-0033757,Robert Tonyan,TE,GB,2022,18,DET,2.9,3
00-0033854,Dare Ogunbowale,RB,HOU,2022,18,IND,3.8,5
00-0033856,Leonard Fournette,RB,TB,2022,18,ATL,0.4,1
00-0033857,JuJu Smith-Schuster,WR,KC,2022,18,LV,3.5,2
00-0033871,Corey Davis,WR,NYJ,2022,18,MIA,1.7,1
00-0033873,Patrick Mahomes,QB,KC,2022,18,LV,14.98,0
00-0033881,Evan Engram,TE,JAX,2022,18,TEN,2.7,4
00-0033885,David Njoku,TE,CLE,2022,18,PIT,10.2,4
00-0033891,Zay Jones,WR,JAX,2022,18,TEN,2.1,4
00-0033893,Dalvin Cook,RB,MIN,2022,18,CHI,1.7,1
00-0033895,Gerald Everett,TE,LAC,2022,18,DEN,6.8,3
00-0033897,Joe Mixon,RB,CIN,2022,18,BAL,12.8,5
00-0033906,Alvin Kamara,RB,NO,2022,18,CAR,11.0,1
00-0033921,Chris Godwin,WR,TB,2022,18,ATL,3.5,6
00-0033923,Kareem Hunt,RB,CLE,2022,18,PIT,2.8,3
00-0033925,D'Onta Foreman,RB,CAR,2022,18,NO,6.8,0
00-0033932,Kenny Golladay,WR,NYG,2022,18,PHI,9.0,2
00-0033943,Josh Reynolds,WR,DET,2022,18,GB,1.6,1
00-0033948,Jamaal Williams,RB,DET,2022,18,GB,19.2,0
00-0033949,Joshua Dobbs,QB,TEN,2022,18,JAX,10.36,0
00-0033958,Nathan Peterman,QB,CHI,2022,18,MIN,9.26,0
00-0034054,River Cracraft,WR,MIA,2022,18,NYJ,0.5,1
00-0034104,Cam Sims,WR,WAS,2022,18,DAL,0.0,0
00-0034115,Jeffery Wilson,RB,MIA,2022,18,NYJ,7.4,2
00-0034177,Tim Boyle,QB,CHI,2022,18,MIN,-2.88,0
00-0034184,Gus Edwards,RB,BAL,2022,18,CIN,1.6,0
00-0034270,Tyler Conklin,TE,NYJ,2022,18,MIA,1.3,2
00-0034272,Marquez Valdes-Scantling,WR,KC,2022,18,LV,2.7,3
00-0034279,Equanimeous St. Brown,WR,CHI,2022,18,MIN,0.3,1
00-0034297,Byron Pringle,WR,CHI,2022,18,MIN,0.5,1
00-0034348,Courtland Sutton,WR,DEN,2022,18,LAC,9.3,3
00-0034351,Dallas Goedert,TE,PHI,2022,18,NYG,4.6,6
00-0034364,Jordan Akins,TE,HOU,2022,18,IND,21.0,4
00-0034367,Nyheim Hines,RB,BUF,2022,18,NE,12.0,0
00-0034383,Dalton Schultz,TE,DAL,2022,18,WAS,3.3,4
00-0034386,Justin Watson,WR,KC,2022,18,LV,6.7,1
00-0034411,Russell Gage,WR,TB,2022,18,ATL,7.5,3
00-0034414,Boston Scott,RB,PHI,2022,18,NYG,11.4,0
00-0034440,Justin Jackson,RB,DET,2022,18,GB,1.3,1
00-0034521,Allen Lazard,WR,GB,2022,18,DET,10.1,4
00-0034578,Reggie Bonnafon,RB,WAS,2022,18,DAL,0.8,0
00-0034646,Brandon Powell,WR,LA,2022,18,SEA,1.7,1
00-0034681,Chase Edmonds,RB,DEN,2022,18,LAC,4.5,0
00-0034764,Michael Gallup,WR,DAL,2022,18,WAS,1.0,1
00-0034765,Tre'Quan Smith,WR,NO,2022,18,CAR,0.6,1
00-0034775,Christian Kirk,WR,JAX,2022,18,TEN,15.9,6
00-0034777,D.J. Chark,WR,DET,2022,18,GB,1.4,3
00-0034791,Nick Chubb,RB,CLE,2022,18,PIT,18.2,5
00-0034798,Durham Smythe,TE,MIA,2022,18,NYJ,3.9,3
00-0034816,Ronald Jones,RB,KC,2022,18,LV,10.5,0
00-0034827,D.J. Moore,WR,CAR,2022,18,NO,1.0,1
00-0034829,Mike Gesicki,TE,MIA,2022,18,NYJ,4.6,4
00-0034830,Hayden Hurst,TE,CIN,2022,18,BAL,1.4,4
00-0034838,Royce Freeman,RB,HOU,2022,18,IND,-0.3,1
00-0034855,Baker Mayfield,QB,LA,2022,18,SEA,5.48,0
00-0034857,Josh Allen,QB,BUF,2022,18,NE,21.76,0
00-0034860,Dante Pettis,WR,CHI,2022,18,MIN,1.9,2
00-0034869,Sam Darnold,QB,CAR,2022,18,NO,0.92,0
00-0034928,Steven Sims,WR,PIT,2022,18,CLE,1.6,0
00-0034960,Jakobi Meyers,WR,NE,2022,18,BUF,9.2,3
00-0034970,Irv Smith,TE,MIN,2022,18,CHI,1.4,3
00-0034972,Alexander Mattison,RB,MIN,2022,18,CHI,18.0,1
00-0034975,Justice Hill,RB,BAL,2022,18,CIN,3.4,0
00-0034981,Foster Moreau,TE,LV,2022,18,KC,1.0,1
00-0034983,Hunter Renfrow,WR,LV,2022,18,KC,12.3,7
00-0035040,David Blough,QB,ARI,2022,18,SF,5.0,0
00-0035146,Trace McSorley,QB,ARI,2022,18,SF,0.46,0
00-0035208,Olamide Zaccheaus,WR,ATL,2022,18,TB,9.7,4
00-0035216,Diontae Johnson,WR,PIT,2022,18,CLE,5.8,2
00-0035222,Zach Gentry,TE,PIT,2022,18,CLE,2.3,1
00-0035229,T.J. Hockenson,TE,MIN,2022,18,CHI,1.6,1
00-0035243,Miles Sanders,RB,PHI,2022,18,NYG,3.3,0
00-0035249,Josh Oliver,TE,BAL,2022,18,CIN,0.0,0
00-0035250,Devin Singletary,RB,BUF,2022,18,NE,1.2,1
00-0035261,Tony Pollard,RB,DAL,2022,18,WAS,1.9,0
00-0035264,Jarrett Stidham,QB,LV,2022,18,KC,13.76,0
00-0035298,Scott Miller,WR,TB,2022,18,ATL,0.8,1
00-0035329,Donald Parham,TE,LAC,2022,18,DEN,3.1,2
00-0035341,Trenton Irwin,WR,CIN,2022,18,BAL,1.2,1
00-0035500,Greg Dortch,WR,ARI,2022,18,SF,4.5,4
00-0035537,Ty Johnson,RB,NYJ,2022,18,MIA,2.5,2
00-0035572,Parker Hesse,TE,ATL,2022,18,TB,0.6,1
00-0035624,N'Keal Harry,WR,CHI,2022,18,MIN,0.7,1
00-0035639,Parris Campbell,WR,IND,2022,18,HOU,6.8,6
00-0035640,DK Metcalf,WR,SEA,2022,18,LA,4.0,3
00-0035644,Noah Fant,TE,SEA,2022,18,LA,2.0,4
00-0035645,Gunner Olszewski,WR,PIT,2022,18,CLE,0.4,0
00-0035657,Damien Harris,RB,NE,2022,18,BUF,5.2,1
00-0035659,Terry McLaurin,WR,WAS,2022,18,DAL,13.4,3
00-0035662,Marquise Brown,WR,ARI,2022,18,SF,0.7,1
00-0035676,A.J. Brown,WR,PHI,2022,18,NYG,9.5,4
00-0035685,David Montgomery,RB,CHI,2022,18,MIN,2.1,0
00-0035689,Dawson Knox,TE,BUF,2022,18,NE,7.3,2
00-0035700,Josh Jacobs,RB,LV,2022,18,KC,5.0,2
00-0035719,Deebo Samuel,WR,SF,2022,18,ARI,2.4,2
00-0035806,Jamycal Hasty,RB,JAX,2022,18,TEN,0.5,0
00-0035876,Andre Baccellia,WR,ARI,2022,18,SF,0.6,1
00-0035924,Jonathan Ward,RB,TEN,2022,18,JAX,0.2,1
00-0036020,Salvon Ahmed,RB,MIA,2022,18,NYJ,0.7,0
00-0036040,Juwan Johnson,TE,NO,2022,18,CAR,2.1,1
00-0036133,James Proche,WR,BAL,2022,18,CIN,0.0,0
00-0036145,Lawrence Cager,TE,NYG,2022,18,PHI,6.9,8
00-0036182,Nick Westbrook-Ikhine,WR,TEN,2022,18,JAX,0.0,0
00-0036196,Gabe Davis,WR,BUF,2022,18,NE,3.9,3
00-0036219,Marquez Callaway,WR,NO,2022,18,CAR,0.0,0
00-0036232,Harrison Bryant,TE,CLE,2022,18,PIT,2.0,2
00-0036233,Donovan Peoples-Jones,WR,CLE,2022,18,PIT,4.2,2
00-0036244,Colby Parkinson,TE,SEA,2022,18,LA,4.7,2
00-0036247,Freddie Swain,WR,DEN,2022,18,LAC,5.4,2
00-0036251,Zack Moss,RB,IND,2022,18,HOU,18.1,3
00-0036252,Michael Pittman,WR,IND,2022,18,HOU,9.0,3
00-0036259,Jauan Jennings,WR,SF,2022,18,ARI,1.0,1
00-0036261,Brandon Aiyuk,WR,SF,2022,18,ARI,5.9,4
00-0036265,A.J. Dillon,RB,GB,2022,18,DET,3.3,0
00-0036268,Laviska Shenault,WR,CAR,2022,18,NO,0.9,1
00-0036271,Quez Watkins,WR,PHI,2022,18,NYG,1.4,2
00-0036275,D'Andre Swift,RB,DET,2022,18,GB,8.6,7
00-0036290,Cole Kmet,TE,CHI,2022,18,MIN,11.7,4
00-0036322,Justin Jefferson,WR,MIN,2022,18,CHI,3.8,4
00-0036326,Chase Claypool,WR,CHI,2022,18,MIN,2.9,2
00-0036345,K.J. Osborn,WR,MIN,2022,18,CHI,11.7,5
00-0036355,Justin Herbert,QB,LAC,2022,18,DEN,18.82,0
00-0036358,CeeDee Lamb,WR,DAL,2022,18,WAS,11.2,5
00-0036370,Joshua Kelley,RB,LAC,2022,18,DEN,2.4,1
00-0036383,Eno Benjamin,RB,NO,2022,18,CAR,0.3,0
00-0036387,Jalen Reagor,WR,MIN,2022,18,CHI,2.2,2
00-0036389,Jalen Hurts,QB,PHI,2022,18,NYG,8.46,0
00-0036407,Jerry Jeudy,WR,DEN,2022,18,LAC,19.3,5
00-0036410,Tee Higgins,WR,CIN,2022,18,BAL,0.7,1
00-0036414,Cam Akers,RB,LA,2022,18,SEA,12.8,3
00-0036415,Van Jefferson,WR,LA,2022,18,SEA,6.1,3
00-0036422,Adam Trautman,TE,NO,2022,18,CAR,1.8,1
00-0036423,Albert Okwuegbunam,TE,DEN,2022,18,LAC,0.0,0
00-0036424,Brycen Hopkins,TE,LA,2022,18,SEA,0.0,0
00-0036425,DeeJay Dallas,RB,SEA,2022,18,LA,2.6,1
00-0036442,Joe Burrow,QB,CIN,2022,18,BAL,11.6,0
00-0036450,Ke'Shawn Vaughn,RB,TB,2022,18,ATL,3.4,2
00-0036457,Ty'Son Williams,RB,ARI,2022,18,SF,0.5,1
00-0036493,Deon Jackson,RB,IND,2022,18,HOU,11.0,6
00-0036534,Shane Zylstra,TE,DET,2022,18,GB,0.0,0
00-0036555,Chuba Hubbard,RB,CAR,2022,18,NO,6.9,0
00-0036567,Elijah Mitchell,RB,SF,2022,18,ARI,17.5,0
00-0036569,Gary Brightwell,RB,NYG,2022,18,PHI,6.3,1
00-0036572,Shi Smith,WR,CAR,2022,18,NO,0.0,0
00-0036613,Jaylen Waddle,WR,MIA,2022,18,NYJ,5.3,5
00-0036630,Tylan Wallace,WR,BAL,2022,18,CIN,1.2,1
00-0036637,Noah Gray,TE,KC,2022,18,LV,1.4,1
00-0036650,Larry Rountree,RB,LAC,2022,18,DEN,0.5,1
00-0036652,Racey McMath,WR,TEN,2022,18,JAX,0.4,0
00-0036754,Brock Wright,TE,DET,2022,18,GB,0.0,0
00-0036755,Jaret Patterson,RB,WAS,2022,18,DAL,7.8,0
00-0036810,Cade Johnson,WR,SEA,2022,18,LA,2.1,2
00-0036842,Kene Nwangwu,RB,MIN,2022,18,CHI,2.9,1
00-0036849,Tutu Atwell,WR,LA,2022,18,SEA,9.8,2
00-0036875,Rhamondre Stevenson,RB,NE,2022,18,BUF,8.2,5
00-0036879,Sam Ehlinger,QB,IND,2022,18,HOU,14.46,0
00-0036887,Luke Farrell,TE,JAX,2022,18,TEN,1.1,1
00-0036893,Najee Harris,RB,PIT,2022,18,CLE,13.0,1
00-0036894,Pat Freiermuth,TE,PIT,2022,18,CLE,0.0,0
00-0036898,Davis Mills,QB,HOU,2022,18,IND,22.52,0
00-0036900,Ja'Marr Chase,WR,CIN,2022,18,BAL,14.6,8
00-0036906,Khalil Herbert,RB,CHI,2022,18,MIN,4.9,1
00-0036912,DeVonta Smith,WR,PHI,2022,18,NYG,6.7,7
00-0036913,Kadarius Toney,WR,KC,2022,18,LV,10.4,2
00-0036919,Kenneth Gainwell,RB,PHI,2022,18,NYG,4.2,1
00-0036924,Michael Carter,RB,NYJ,2022,18,MIA,0.5,2
00-0036928,Kyle Trask,QB,TB,2022,18,ATL,0.92,0
00-0036950,Avery Williams,RB,ATL,2022,18,TB,1.2,0
00-0036951,Frank Darby,WR,ATL,2022,18,TB,1.5,1
00-0036955,Terrace Marshall,WR,CAR,2022,18,NO,2.3,2
00-0036963,Amon-Ra St. Brown,WR,DET,2022,18,GB,4.9,6
00-0036971,Trevor Lawrence,QB,JAX,2022,18,TEN,10.18,0
00-0036972,Mac Jones,QB,NE,2022,18,BUF,16.22,0
00-0036973,Travis Etienne,RB,JAX,2022,18,TEN,3.4,2
00-0036980,Elijah Moore,WR,NYJ,2022,18,MIA,1.1,1
00-0036988,Josh Palmer,WR,LAC,2022,18,DEN,5.9,4
00-0036991,Amari Rodgers,WR,HOU,2022,18,IND,2.2,3
00-0037005,Tommy Tremble,TE,CAR,2022,18,NO,0.2,1
00-0037011,Tre' McKitty,TE,LAC,2022,18,DEN,0.0,0
00-0037077,Sam Howell,QB,WAS,2022,18,DAL,18.26,0
00-0037085,Tyler Badie,RB,DEN,2022,18,LAC,8.4,1
00-0037087,Trestan Ebner,RB,CHI,2022,18,MIN,0.0,0
00-0037093,Dareke Young,WR,SEA,2022,18,LA,2.4,2
00-0037157,Zonovan Knight,RB,NYJ,2022,18,MIA,2.2,0
00-0037168,Armani Rogers,TE,WAS,2022,18,DAL,0.2,0
00-0037175,Anthony Brown,QB,BAL,2022,18,CIN,5.44,0
00-0037197,Isiah Pacheco,RB,KC,2022,18,LV,12.4,0
00-0037228,Jaylen Warren,RB,PIT,2022,18,CLE,4.3,3
00-0037238,Drake London,WR,ATL,2022,18,TB,12.0,6
00-0037239,Chris Olave,WR,NO,2022,18,CAR,10.0,5
00-0037240,Jameson Williams,WR,DET,2022,18,GB,0.0,0
00-0037247,George Pickens,WR,PIT,2022,18,CLE,13.2,3
00-0037248,James Cook,RB,BUF,2022,18,NE,5.1,2
00-0037256,Rachaad White,RB,TB,2022,18,ATL,1.5,0
00-0037257,David Bell,WR,CLE,2022,18,PIT,0.0,0
00-0037261,Khalil Shakir,WR,BUF,2022,18,NE,2.8,1
00-0037263,Tyler Allgeier,RB,ATL,2022,18,TB,13.5,0
00-0037276,Ty Chandler,RB,MIN,2022,18,CHI,2.0,0
00-0037277,Teagan Quitoriano,TE,HOU,2022,18,IND,8.3,3
00-0037282,James Mitchell,TE,DET,2022,18,GB,0.7,1
00-0037291,Jalen Nailor,WR,MIN,2022,18,CHI,6.2,4
00-0037299,Keaontay Ingram,RB,ARI,2022,18,SF,0.3,2
00-0037300,Mike Woods,WR,CLE,2022,18,PIT,1.5,1
00-0037304,Connor Heyward,TE,PIT,2022,18,CLE,5.1,3
00-0037327,Skylar Thompson,QB,MIA,2022,18,NYJ,6.38,0
00-0037429,Raheem Blackshear,RB,CAR,2022,18,NO,0.1,0
00-0037487,Deven Thompkins,WR,TB,2022,18,ATL,4.2,4
00-0037525,Jordan Mason,RB,SF,2022,18,ARI,2.8,0
00-0037545,Rashid Shaheed,WR,NO,2022,18,CAR,4.1,3
00-0037563,Malik Davis,RB,DAL,2022,18,WAS,1.9,0
00-0037617,Hassan Haskins,RB,TEN,2022,18,JAX,1.6,2
00-0037664,Alec Pierce,WR,IND,2022,18,HOU,4.2,3
00-0037740,Garrett Wilson,WR,NYJ,2022,18,MIA,8.9,9
00-0037741,Jahan Dotson,WR,WAS,2022,18,DAL,7.2,3
00-0037742,Treylon Burks,WR,TEN,2022,18,JAX,1.9,4
00-0037744,Trey McBride,TE,ARI,2022,18,SF,4.1,3
00-0037745,Velus Jones,WR,CHI,2022,18,MIN,13.0,1
00-0037755,Jelani Woods,TE,IND,2022,18,HOU,0.9,1
00-0037805,Jeremy Ruckert,TE,NYJ,2022,18,MIA,0.8,1
00-0037809,Chigoziem Okonkwo,TE,TEN,2022,18,JAX,10.2,3
00-0037816,Romeo Doubs,WR,GB,2022,18,DET,0.0,0
00-0037827,Tyrion Davis-Price,RB,SF,2022,18,ARI,2.7,0
00-0037834,Brock Purdy,QB,SF,2022,18,ARI,19.82,0
00-0037838,Isaiah Likely,TE,BAL,2022,18,CIN,10.3,8
00-0038040,Zamir White,RB,LV,2022,18,KC,0.4,0
00-0038041,Jake Ferguson,TE,DAL,2022,18,WAS,0.4,1
00-0038046,Charlie Kolar,TE,BAL,2022,18,CIN,4.9,4
00-0038092,Erik Ezukanma,WR,MIA,2022,18,NYJ,0.3,1
00-0038102,Kenny Pickett,QB,PIT,2022,18,CLE,13.9,0
00-0038104,Tyquan Thornton,WR,NE,2022,18,BUF,1.3,1
00-0038122,Desmond Ridder,QB,ATL,2022,18,TB,15.86,0
00-0038124,Christian Watson,WR,GB,2022,18,DET,11.6,5
00-0038129,Cade Otton,TE,TB,2022,18,ATL,0.5,1
00-0038134,Kenneth Walker,RB,SEA,2022,18,LA,12.4,1
00-0038149,Josh Ali,WR,ATL,2022,18,TB,0.0,0
