player_id,name,position,team,season,week,opponent,standard_points,receptions
00-0023459,Aaron Rodgers,QB,NYJ,2023,1,BUF,0.0,0
00-0026498,Matthew Stafford,QB,LA,2023,1,SEA,14.46,0
00-0028002,Randall Cobb,WR,NYJ,2023,1,BUF,0.0,0
00-0028118,Tyrod Taylor,QB,NYG,2023,1,DAL,0.24,0
00-0029263,Russell Wilson,QB,DEN,2023,1,LV,15.18,0
00-0029293,Marvin Jones,WR,DET,2023,1,KC,-1.2,2
00-0029604,Kirk Cousins,QB,MIN,2023,1,TB,16.46,0
00-0029701,Ryan Tannehill,QB,TEN,2023,1,NO,2.42,0
00-0030035,Adam Thielen,WR,CAR,2023,1,ATL,1.2,2
00-0030061,Zach Ertz,TE,ARI,2023,1,WAS,2.1,6
00-0030068,Marquise Goodwin,WR,CLE,2023,1,CIN,0.0,0
00-0030279,Keenan Allen,WR,LAC,2023,1,MIA,8.2,6
00-0030431,Robert Woods,WR,HOU,2023,1,BAL,5.7,6
00-0030513,Latavius Murray,RB,BUF,2023,1,NYJ,1.7,1
00-0030564,DeAndre Hopkins,WR,TEN,2023,1,NO,6.5,7
00-0030565,Geno Smith,QB,SEA,2023,1,LA,9.08,0
00-0031235,Odell Beckham,WR,BAL,2023,1,HOU,3.7,2
00-0031236,Brandin Cooks,WR,DAL,2023,1,NYG,2.2,2
00-0031260,Logan Thomas,TE,WAS,2023,1,ARI,4.3,4
00-0031280,Derek Carr,QB,NO,2023,1,TEN,14.6,0
00-0031345,Jimmy Garoppolo,QB,LV,2023,1,DEN,15.1,0
00-0031376,Jerick McKinnon,RB,KC,2023,1,DET,1.0,1
00-0031381,Davante Adams,WR,LV,2023,1,DEN,6.6,6
00-0031408,Mike Evans,WR,TB,2023,1,MIN,12.6,6
00-0031428,Allen Robinson,WR,PIT,2023,1,SF,6.4,5
00-0031544,Amari Cooper,WR,CLE,2023,1,CIN,3.7,3
00-0031588,Stefon Diggs,WR,BUF,2023,1,NYJ,16.2,10
00-0031610,Darren Waller,TE,NYG,2023,1,DAL,3.6,3
00-0031687,Raheem Mostert,RB,MIA,2023,1,LAC,11.0,2
00-0031763,DeAndre Carter,WR,LV,2023,1,DEN,0.5,1
00-0032062,Blake Bell,TE,KC,2023,1,DET,7.2,2
00-0032104,Ameer Abdullah,RB,LV,2023,1,DEN,0.0,0
00-0032200,Ty Montgomery,WR,NE,2023,1,PHI,1.6,2
00-0032208,Phillip Dorsett,WR,DEN,2023,1,LV,0.0,0
00-0032211,Tyler Lockett,WR,SEA,2023,1,LA,1.0,2
00-0032385,Sterling Shepard,WR,NYG,2023,1,DAL,0.0,0
00-0032392,Austin Hooper,TE,LV,2023,1,DEN,2.0,1
00-0032398,Chris Moore,WR,TEN,2023,1,NO,0.0,0
00-0032464,Kalif Raymond,WR,DET,2023,1,KC,2.0,1
00-0032764,Derrick Henry,RB,TEN,2023,1,NO,11.9,2
00-0032765,Michael Thomas,WR,NO,2023,1,TEN,6.1,5
00-0033009,Tyler Boyd,WR,CIN,2023,1,CLE,1.0,2
00-0033040,Tyreek Hill,WR,MIA,2023,1,LAC,33.5,11
00-0033045,Ezekiel Elliott,RB,NE,2023,1,PHI,2.3,5
00-0033077,Dak Prescott,QB,DAL,2023,1,NYG,6.32,0
00-0033090,Hunter Henry,TE,NE,2023,1,PHI,11.6,5
00-0033106,Jared Goff,QB,DET,2023,1,KC,14.02,0
00-0033110,Tyler Higbee,TE,LA,2023,1,SEA,4.9,3
00-0033217,Mo Alie-Cox,TE,IND,2023,1,JAX,0.0,0
00-0033251,Zach Pascal,WR,ARI,2023,1,WAS,0.0,0
00-0033280,Christian McCaffrey,RB,SF,2023,1,PIT,22.9,3
00-0033282,Curtis Samuel,WR,WAS,2023,1,ARI,6.0,5
00-0033288,George Kittle,TE,SF,2023,1,PIT,1.9,3
00-0033293,Aaron Jones,RB,GB,2023,1,CHI,24.7,2
00-0033307,Kendrick Bourne,WR,NE,2023,1,PHI,18.4,6
00-0033308,Matt Breida,RB,NYG,2023,1,DAL,0.6,1
00-0033357,Taysom Hill,TE,NO,2023,1,TEN,0.4,0
00-0033526,Samaje Perine,RB,DEN,2023,1,LV,7.8,4
00-0033536,Mike Williams,WR,LAC,2023,1,MIA,4.5,4
00-0033537,Deshaun Watson,QB,CLE,2023,1,CIN,20.66,0
00-0033553,James Conner,RB,ARI,2023,1,WAS,7.0,5
00-0033555,Mack Hollins,WR,ATL,2023,1,CAR,3.1,3
00-0033572,Jamal Agnew,WR,JAX,2023,1,IND,-0.2,0
00-0033591,Noah Brown,WR,HOU,2023,1,BAL,1.9,3
00-0033662,Cooper Rush,QB,DAL,2023,1,NYG,0.0,0
00-0033699,Austin Ekeler,RB,LAC,2023,1,MIA,22.4,4
00-0033857,JuJu Smith-Schuster,WR,NE,2023,1,PHI,3.3,4
00-0033873,Patrick Mahomes,QB,KC,2023,1,DET,19.54,0
00-0033881,Evan Engram,TE,JAX,2023,1,IND,4.9,5
00-0033885,David Njoku,TE,CLE,2023,1,CIN,2.4,2
00-0033891,Zay Jones,WR,JAX,2023,1,IND,11.5,5
00-0033893,Dalvin Cook,RB,NYJ,2023,1,BUF,5.9,3
00-0033895,Gerald Everett,TE,LAC,2023,1,MIA,2.3,2
00-0033897,Joe Mixon,RB,CIN,2023,1,CLE,7.3,3
00-0033921,Chris Godwin,WR,TB,2023,1,MIN,5.1,5
00-0033925,D'Onta Foreman,RB,CHI,2023,1,GB,2.4,2
00-0033943,Josh Reynolds,WR,DET,2023,1,KC,8.0,4
00-0033948,Jamaal Williams,RB,NO,2023,1,TEN,5.2,2
00-0033949,Joshua Dobbs,QB,ARI,2023,1,WAS,2.98,0
00-0034054,River Cracraft,WR,MIA,2023,1,LAC,10.0,3
00-0034159,Will Dissly,TE,SEA,2023,1,LA,1.7,2
00-0034184,Gus Edwards,RB,BAL,2023,1,HOU,5.2,0
00-0034208,Mike Boone,RB,HOU,2023,1,BAL,1.8,3
00-0034270,Tyler Conklin,TE,NYJ,2023,1,BUF,0.2,1
00-0034272,Marquez Valdes-Scantling,WR,KC,2023,1,DET,4.8,2
00-0034286,Richie James,WR,KC,2023,1,DET,0.6,1
00-0034317,Keith Kirkwood,WR,NO,2023,1,TEN,0.0,0
00-0034348,Courtland Sutton,WR,DEN,2023,1,LV,9.2,4
00-0034351,Dallas Goedert,TE,PHI,2023,1,NE,0.0,0
00-0034364,Jordan Akins,TE,CLE,2023,1,CIN,1.2,1
00-0034383,Dalton Schultz,TE,HOU,2023,1,BAL,0.4,2
00-0034386,Justin Watson,WR,KC,2023,1,DET,4.5,2
00-0034414,Boston Scott,RB,PHI,2023,1,NE,1.0,1
00-0034419,Braxton Berrios,WR,MIA,2023,1,LAC,4.2,3
00-0034521,Allen Lazard,WR,NYJ,2023,1,BUF,4.6,2
00-0034681,Chase Edmonds,RB,TB,2023,1,MIN,0.8,0
00-0034764,Michael Gallup,WR,DAL,2023,1,NYG,1.0,1
00-0034775,Christian Kirk,WR,JAX,2023,1,IND,0.9,1
00-0034791,Nick Chubb,RB,CLE,2023,1,CIN,12.7,4
00-0034796,Lamar Jackson,QB,BAL,2023,1,HOU,6.56,0
00-0034798,Durham Smythe,TE,MIA,2023,1,LAC,4.4,3
00-0034827,DJ Moore,WR,CHI,2023,1,GB,2.5,2
00-0034829,Mike Gesicki,TE,NE,2023,1,PHI,3.6,3
00-0034830,Hayden Hurst,TE,CAR,2023,1,ATL,10.1,5
00-0034837,Calvin Ridley,WR,JAX,2023,1,IND,16.1,8
00-0034844,Saquon Barkley,RB,NYG,2023,1,DAL,6.3,3
00-0034855,Baker Mayfield,QB,TB,2023,1,MIN,16.02,0
00-0034857,Josh Allen,QB,BUF,2023,1,NYJ,11.04,0
00-0034869,Sam Darnold,QB,SF,2023,1,PIT,-0.2,0
00-0034960,Jakobi Meyers,WR,LV,2023,1,DEN,20.1,9
00-0034970,Irv Smith,TE,CIN,2023,1,CLE,1.7,3
00-0034972,Alexander Mattison,RB,MIN,2023,1,TB,10.4,3
00-0034975,Justice Hill,RB,BAL,2023,1,HOU,12.9,0
00-0035100,Jake Browning,QB,CIN,2023,1,CLE,-0.1,0
00-0035215,Deonte Harty,WR,BUF,2023,1,NYJ,1.3,3
00-0035216,Diontae Johnson,WR,PIT,2023,1,SF,4.8,3
00-0035229,T.J. Hockenson,TE,MIN,2023,1,TB,3.5,8
00-0035243,Miles Sanders,RB,CAR,2023,1,ATL,7.8,4
00-0035249,Josh Oliver,TE,MIN,2023,1,TB,3.2,3
00-0035250,Devin Singletary,RB,HOU,2023,1,BAL,1.5,0
00-0035261,Tony Pollard,RB,DAL,2023,1,NYG,20.2,2
00-0035289,Gardner Minshew,QB,IND,2023,1,JAX,0.0,0
00-0035291,Trayveon Williams,RB,CIN,2023,1,CLE,0.7,0
00-0035329,Donald Parham,TE,LAC,2023,1,MIA,8.2,3
00-0035406,Lil'Jordan Humphrey,WR,DEN,2023,1,LV,7.1,2
00-0035535,Darius Slayton,WR,NYG,2023,1,DAL,1.5,3
00-0035628,D'Ernest Johnson,RB,JAX,2023,1,IND,-0.4,0
00-0035639,Parris Campbell,WR,NYG,2023,1,DAL,0.2,1
00-0035640,DK Metcalf,WR,SEA,2023,1,LA,10.7,3
00-0035657,Damien Harris,RB,BUF,2023,1,NYJ,1.9,2
00-0035659,Terry McLaurin,WR,WAS,2023,1,ARI,3.1,2
00-0035662,Marquise Brown,WR,ARI,2023,1,WAS,5.7,3
00-0035676,A.J. Brown,WR,PHI,2023,1,NE,7.9,7
00-0035685,David Montgomery,RB,DET,2023,1,KC,13.4,0
00-0035689,Dawson Knox,TE,BUF,2023,1,NYJ,2.5,3
00-0035700,Josh Jacobs,RB,LV,2023,1,DEN,7.1,2
00-0035710,Daniel Jones,QB,NYG,2023,1,DAL,4.46,0
00-0035719,Deebo Samuel Sr.,WR,SF,2023,1,PIT,6.3,5
00-0035860,Tony Jones,RB,NO,2023,1,TEN,0.5,0
00-0035956,Giovanni Ricci,TE,CAR,2023,1,ATL,0.2,1
00-0035973,Patrick Taylor,RB,GB,2023,1,CHI,2.2,0
00-0036020,Salvon Ahmed,RB,MIA,2023,1,LAC,1.1,0
00-0036040,Juwan Johnson,TE,NO,2023,1,TEN,3.6,3
00-0036139,Rico Dowdle,RB,DAL,2023,1,NYG,2.4,0
00-0036145,Lawrence Cager,TE,NYG,2023,1,DAL,1.7,2
00-0036158,J.K. Dobbins,RB,BAL,2023,1,HOU,9.7,2
00-0036165,Isaiah Hodgins,WR,NYG,2023,1,DAL,0.4,1
00-0036182,Nick Westbrook-Ikhine,WR,TEN,2023,1,NO,5.8,4
00-0036196,Gabe Davis,WR,BUF,2023,1,NYJ,3.2,2
00-0036212,Tua Tagovailoa,QB,MIA,2023,1,LAC,27.14,0
00-0036232,Harrison Bryant,TE,CLE,2023,1,CIN,6.5,2
00-0036233,Donovan Peoples-Jones,WR,CLE,2023,1,CIN,1.2,1
00-0036244,Colby Parkinson,TE,SEA,2023,1,LA,0.8,1
00-0036252,Michael Pittman,WR,IND,2023,1,JAX,15.7,8
00-0036259,Jauan Jennings,WR,SF,2023,1,PIT,0.0,0
00-0036261,Brandon Aiyuk,WR,SF,2023,1,PIT,24.9,8
00-0036264,Jordan Love,QB,GB,2023,1,CHI,23.0,0
00-0036265,AJ Dillon,RB,GB,2023,1,CHI,3.6,2
00-0036268,Laviska Shenault Jr.,WR,CAR,2023,1,ATL,2.1,2
00-0036271,Quez Watkins,WR,PHI,2023,1,NE,1.7,2
00-0036275,D'Andre Swift,RB,PHI,2023,1,NE,0.3,1
00-0036290,Cole Kmet,TE,CHI,2023,1,GB,4.4,5
00-0036309,Darnell Mooney,WR,CHI,2023,1,GB,11.3,4
00-0036322,Justin Jefferson,WR,MIN,2023,1,TB,15.0,9
00-0036326,Chase Claypool,WR,CHI,2023,1,GB,0.0,0
00-0036328,Antonio Gibson,RB,WAS,2023,1,ARI,-0.0999999999999999,1
00-0036336,Anthony McFarland,RB,PIT,2023,1,SF,1.1,2
00-0036345,K.J. Osborn,WR,MIN,2023,1,TB,3.1,3
00-0036355,Justin Herbert,QB,LAC,2023,1,MIA,20.86,0
00-0036358,CeeDee Lamb,WR,DAL,2023,1,NYG,7.7,4
00-0036360,Clyde Edwards-Helaire,RB,KC,2023,1,DET,2.9,1
00-0036370,Joshua Kelley,RB,LAC,2023,1,MIA,15.1,0
00-0036389,Jalen Hurts,QB,PHI,2023,1,NE,12.5,0
00-0036410,Tee Higgins,WR,CIN,2023,1,CLE,0.0,0
00-0036414,Cam Akers,RB,LA,2023,1,SEA,8.9,0
00-0036415,Van Jefferson,WR,LA,2023,1,SEA,2.4,4
00-0036422,Adam Trautman,TE,DEN,2023,1,LV,3.4,5
00-0036424,Brycen Hopkins,TE,LA,2023,1,SEA,2.1,1
00-0036425,DeeJay Dallas,RB,SEA,2023,1,LA,1.8,1
00-0036442,Joe Burrow,QB,CIN,2023,1,CLE,3.18,0
00-0036493,Deon Jackson,RB,IND,2023,1,JAX,-1.2,5
00-0036550,Rashod Bateman,WR,BAL,2023,1,HOU,3.5,3
00-0036554,Nico Collins,WR,HOU,2023,1,BAL,8.0,6
00-0036555,Chuba Hubbard,RB,CAR,2023,1,ATL,6.9,2
00-0036567,Elijah Mitchell,RB,SF,2023,1,PIT,1.0,0
00-0036569,Gary Brightwell,RB,NYG,2023,1,DAL,1.1,2
00-0036613,Jaylen Waddle,WR,MIA,2023,1,LAC,7.8,4
00-0036637,Noah Gray,TE,KC,2023,1,DET,3.1,3
00-0036754,Brock Wright,TE,DET,2023,1,KC,1.7,2
00-0036849,Tutu Atwell,WR,LA,2023,1,SEA,11.9,6
00-0036857,Chris Evans,RB,CIN,2023,1,CLE,1.1,1
00-0036860,Jake Funk,RB,IND,2023,1,JAX,2.2,1
00-0036862,Ben Skowronek,WR,LA,2023,1,SEA,0.0,0
00-0036875,Rhamondre Stevenson,RB,NE,2023,1,PHI,8.9,6
00-0036876,Kylen Granson,TE,IND,2023,1,JAX,3.9,4
00-0036893,Najee Harris,RB,PIT,2023,1,SF,3.3,2
00-0036894,Pat Freiermuth,TE,PIT,2023,1,SF,6.3,1
00-0036900,Ja'Marr Chase,WR,CIN,2023,1,CLE,4.1,5
00-0036906,Khalil Herbert,RB,CHI,2023,1,GB,8.4,3
00-0036912,DeVonta Smith,WR,PHI,2023,1,NE,10.7,7
00-0036913,Kadarius Toney,WR,KC,2023,1,DET,0.0,1
00-0036919,Kenneth Gainwell,RB,PHI,2023,1,NE,7.4,4
00-0036924,Michael Carter,RB,NYJ,2023,1,BUF,1.8,2
00-0036936,Rondale Moore,WR,ARI,2023,1,WAS,4.5,3
00-0036945,Justin Fields,QB,CHI,2023,1,GB,14.54,0
00-0036955,Terrace Marshall Jr.,WR,CAR,2023,1,ATL,2.3,2
00-0036963,Amon-Ra St. Brown,WR,DET,2023,1,KC,13.1,6
00-0036970,Kyle Pitts,TE,ATL,2023,1,CAR,4.4,2
00-0036971,Trevor Lawrence,QB,JAX,2023,1,IND,17.74,0
00-0036972,Mac Jones,QB,NE,2023,1,PHI,24.14,0
00-0036973,Travis Etienne,RB,JAX,2023,1,IND,16.4,5
00-0036980,Elijah Moore,WR,CLE,2023,1,CIN,6.2,3
00-0036988,Josh Palmer,WR,LAC,2023,1,MIA,0.4,1
00-0036997,Javonte Williams,RB,DEN,2023,1,LV,5.7,4
00-0037013,Zach Wilson,QB,NYJ,2023,1,BUF,8.2,0
00-0037077,Sam Howell,QB,WAS,2023,1,ARI,15.18,0
00-0037078,Cole Turner,TE,WAS,2023,1,ARI,1.7,1
00-0037098,Samori Toure,WR,GB,2023,1,CHI,1.8,2
00-0037197,Isiah Pacheco,RB,KC,2023,1,DET,5.4,4
00-0037216,Justyn Ross,WR,KC,2023,1,DET,0.6,1
00-0037228,Jaylen Warren,RB,PIT,2023,1,SF,1.8,5
00-0037238,Drake London,WR,ATL,2023,1,CAR,0.0,0
00-0037239,Chris Olave,WR,NO,2023,1,TEN,11.2,8
00-0037247,George Pickens,WR,PIT,2023,1,SF,3.6,5
00-0037248,James Cook,RB,BUF,2023,1,NYJ,6.3,4
00-0037252,Greg Dulcich,TE,DEN,2023,1,LV,2.2,2
00-0037256,Rachaad White,RB,TB,2023,1,MIN,4.9,2
00-0037257,David Bell,WR,CLE,2023,1,CIN,0.0,0
00-0037258,Dameon Pierce,RB,HOU,2023,1,BAL,4.7,2
00-0037263,Tyler Allgeier,RB,ATL,2023,1,CAR,21.4,3
00-0037267,Jerome Ford,RB,CLE,2023,1,CIN,3.6,0
00-0037276,Ty Chandler,RB,MIN,2023,1,TB,1.8,1
00-0037277,Teagan Quitoriano,TE,HOU,2023,1,BAL,1.1,1
00-0037292,Andrew Ogletree,TE,IND,2023,1,JAX,2.0,1
00-0037299,Keaontay Ingram,RB,ARI,2023,1,WAS,-0.4,0
00-0037304,Connor Heyward,TE,PIT,2023,1,SF,1.9,2
00-0037311,Ko Kieft,TE,TB,2023,1,MIN,0.0,0
00-0037382,Brandon Johnson,WR,DEN,2023,1,LV,3.1,2
00-0037487,Deven Thompkins,WR,TB,2023,1,MIN,1.0,2
00-0037545,Rashid Shaheed,WR,NO,2023,1,TEN,16.0,5
00-0037569,Peyton Hendershot,TE,DAL,2023,1,NYG,0.0,0
00-0037664,Alec Pierce,WR,IND,2023,1,JAX,0.5,1
00-0037666,Jalen Tolbert,WR,DAL,2023,1,NYG,0.0,0
00-0037740,Garrett Wilson,WR,NYJ,2023,1,BUF,9.4,5
00-0037741,Jahan Dotson,WR,WAS,2023,1,ARI,4.0,5
00-0037742,Treylon Burks,WR,TEN,2023,1,NO,2.7,2
00-0037744,Trey McBride,TE,ARI,2023,1,WAS,2.3,2
00-0037746,Brian Robinson,RB,WAS,2023,1,ARI,12.6,1
00-0037801,KaVontae Turpin,WR,DAL,2023,1,NYG,8.5,2
00-0037809,Chig Okonkwo,TE,TEN,2023,1,NO,0.0,0
00-0037816,Romeo Doubs,WR,GB,2023,1,CHI,14.6,4
00-0037834,Brock Purdy,QB,SF,2023,1,PIT,16.8,0
00-0037837,Calvin Austin III,WR,PIT,2023,1,SF,3.7,6
00-0037838,Isaiah Likely,TE,BAL,2023,1,HOU,0.4,1
00-0037840,Kyren Williams,RB,LA,2023,1,SEA,17.4,0
00-0038040,Zamir White,RB,LV,2023,1,DEN,0.7,1
00-0038041,Jake Ferguson,TE,DAL,2023,1,NYG,1.1,2
00-0038046,Charlie Kolar,TE,BAL,2023,1,HOU,0.0,0
00-0038090,Skyy Moore,WR,KC,2023,1,DET,0.4,0
00-0038092,Erik Ezukanma,WR,MIA,2023,1,LAC,1.7,0
00-0038102,Kenny Pickett,QB,PIT,2023,1,SF,9.68,0
00-0038115,Daniel Bellinger,TE,NYG,2023,1,DAL,0.1,1
00-0038120,Breece Hall,RB,NYJ,2023,1,BUF,14.7,1
00-0038122,Desmond Ridder,QB,ATL,2023,1,CAR,7.9,1
00-0038129,Cade Otton,TE,TB,2023,1,MIN,1.9,2
00-0038134,Kenneth Walker III,RB,SEA,2023,1,LA,6.7,4
00-0038391,Sean Clifford,QB,GB,2023,1,CHI,0.0,0
00-0038393,Dontayvion Wicks,WR,GB,2023,1,CHI,0.0,0
00-0038397,Evan Hull,RB,IND,2023,1,JAX,0.7,1
00-0038465,Malik Heath,WR,GB,2023,1,CHI,0.0,0
00-0038496,Xavier Gipson,WR,NYJ,2023,1,NYJ,6.0,0
00-0038542,Bijan Robinson,RB,ATL,2023,1,CAR,14.3,6
00-0038543,Jaxon Smith-Njigba,WR,SEA,2023,1,LA,1.3,3
00-0038544,Quentin Johnston,WR,LAC,2023,1,MIA,0.9,2
00-0038555,Tank Bigsby,RB,JAX,2023,1,IND,7.3,0
00-0038559,Michael Wilson,WR,ARI,2023,1,WAS,1.9,2
00-0038573,Derius Davis,WR,LAC,2023,1,MIA,0.5,1
00-0038608,Kayshon Boutte,WR,NE,2023,1,PHI,0.0,0
00-0038611,Chris Rodriguez Jr.,RB,WAS,2023,1,ARI,0.7,0
00-0038618,Xavier Hutchinson,WR,HOU,2023,1,BAL,0.9,1
00-0038621,Demario Douglas,WR,NE,2023,1,PHI,4.0,4
00-0038622,Deuce Vaughn,RB,DAL,2023,1,NYG,0.8,0
00-0038794,Jaleel McLaughlin,RB,DEN,2023,1,LV,-0.7,1
00-0038821,Rakim Jarrett,WR,TB,2023,1,MIN,0.0,0
00-0038933,Dalton Kincaid,TE,BUF,2023,1,NYJ,2.6,4
00-0038938,Jalin Hyatt,WR,NYG,2023,1,DAL,0.0,0
00-0038941,Tyler Scott,WR,CHI,2023,1,GB,1.4,2
00-0038951,Sean Tucker,RB,TB,2023,1,MIN,2.4,2
00-0038976,Marvin Mims Jr.,WR,DEN,2023,1,LV,0.9,2
00-0038977,Tank Dell,WR,HOU,2023,1,BAL,3.4,3
00-0038994,Jordan Addison,WR,MIN,2023,1,TB,12.1,4
00-0038997,Josh Downs,WR,IND,2023,1,JAX,3.0,3
00-0039021,Roschon Johnson,RB,CHI,2023,1,GB,11.5,6
00-0039032,Tyjae Spears,RB,TEN,2023,1,NO,2.8,1
00-0039052,Trey Palmer,WR,TB,2023,1,MIN,6.8,2
00-0039062,Jonathan Mingo,WR,CAR,2023,1,ATL,1.7,2
00-0039064,Zay Flowers,WR,BAL,2023,1,HOU,8.7,9
00-0039065,Sam LaPorta,TE,DET,2023,1,KC,3.9,5
00-0039067,Rashee Rice,WR,KC,2023,1,DET,8.6,3
00-0039075,Puka Nacua,WR,LA,2023,1,SEA,11.9,10
00-0039139,Jahmyr Gibbs,RB,DET,2023,1,KC,6.0,2
00-0039144,Luke Musgrave,TE,GB,2023,1,CHI,5.0,3
00-0039146,Jayden Reed,WR,GB,2023,1,CHI,4.6,2
00-0039150,Bryce Young,QB,CAR,2023,1,ATL,7.54,0
00-0039163,C.J. Stroud,QB,HOU,2023,1,BAL,9.68,1
00-0039164,Anthony Richardson,QB,IND,2023,1,JAX,20.92,0
00-0039165,Zach Charbonnet,RB,SEA,2023,1,LA,1.1,0
00-0026498,Matthew Stafford,QB,LA,2023,2,SF,13.98,0
00-0028002,Randall Cobb,WR,NYJ,2023,2,DAL,0.0,0
00-0029263,Russell Wilson,QB,DEN,2023,2,WAS,25.92,0
00-0029604,Kirk Cousins,QB,MIN,2023,2,PHI,28.56,0
00-0029701,Ryan Tannehill,QB,TEN,2023,2,LAC,21.04,0
00-0030035,Adam Thielen,WR,CAR,2023,2,NO,13.4,7
00-0030061,Zach Ertz,TE,ARI,2023,2,NYG,5.6,6
00-0030068,Marquise Goodwin,WR,CLE,2023,2,PIT,0.0,0
00-0030279,Keenan Allen,WR,LAC,2023,2,TEN,23.1,8
00-0030431,Robert Woods,WR,HOU,2023,2,IND,7.4,6
00-0030506,Travis Kelce,TE,KC,2023,2,JAX,8.6,4
00-0030513,Latavius Murray,RB,BUF,2023,2,LV,9.1,2
00-0030564,DeAndre Hopkins,WR,TEN,2023,2,LAC,4.0,4
00-0030565,Geno Smith,QB,SEA,2023,2,DET,23.12,0
00-0031235,Odell Beckham,WR,BAL,2023,2,CIN,2.9,3
00-0031260,Logan Thomas,TE,WAS,2023,2,DEN,8.2,2
00-0031280,Derek Carr,QB,NO,2023,2,CAR,6.72,0
00-0031345,Jimmy Garoppolo,QB,LV,2023,2,BUF,7.5,0
00-0031376,Jerick McKinnon,RB,KC,2023,2,JAX,2.2,3
00-0031381,Davante Adams,WR,LV,2023,2,BUF,14.4,6
00-0031408,Mike Evans,WR,TB,2023,2,CHI,23.1,6
00-0031428,Allen Robinson,WR,PIT,2023,2,CLE,1.2,2
00-0031544,Amari Cooper,WR,CLE,2023,2,PIT,9.0,7
00-0031547,DeVante Parker,WR,NE,2023,2,MIA,5.7,6
00-0031549,Nelson Agholor,WR,BAL,2023,2,CIN,12.3,5
00-0031588,Stefon Diggs,WR,BUF,2023,2,LV,6.6,7
00-0031610,Darren Waller,TE,NYG,2023,2,ARI,7.6,6
00-0031687,Raheem Mostert,RB,MIA,2023,2,NE,24.7,1
00-0031763,DeAndre Carter,WR,LV,2023,2,BUF,0.0,0
00-0032104,Ameer Abdullah,RB,LV,2023,2,BUF,0.5,1
00-0032200,Ty Montgomery,WR,NE,2023,2,MIA,0.0,0
00-0032211,Tyler Lockett,WR,SEA,2023,2,DET,17.9,8
00-0032385,Sterling Shepard,WR,NYG,2023,2,ARI,0.4,1
00-0032392,Austin Hooper,TE,LV,2023,2,BUF,2.0,2
00-0032398,Chris Moore,WR,TEN,2023,2,LAC,4.9,1
00-0032464,Kalif Raymond,WR,DET,2023,2,SEA,11.7,2
00-0032764,Derrick Henry,RB,TEN,2023,2,LAC,15.5,3
00-0032765,Michael Thomas,WR,NO,2023,2,CAR,5.5,7
00-0033009,Tyler Boyd,WR,CIN,2023,2,BAL,5.2,6
00-0033040,Tyreek Hill,WR,MIA,2023,2,NE,10.0,5
00-0033045,Ezekiel Elliott,RB,NE,2023,2,MIA,1.3,0
00-0033077,Dak Prescott,QB,DAL,2023,2,NYJ,19.6,0
00-0033090,Hunter Henry,TE,NE,2023,2,MIA,11.2,6
00-0033106,Jared Goff,QB,DET,2023,2,SEA,22.92,0
00-0033110,Tyler Higbee,TE,LA,2023,2,SF,1.2,3
00-0033217,Mo Alie-Cox,TE,IND,2023,2,HOU,1.5,1
00-0033251,Zach Pascal,WR,ARI,2023,2,NYG,0.9,1
00-0033280,Christian McCaffrey,RB,SF,2023,2,LA,19.5,3
00-0033282,Curtis Samuel,WR,WAS,2023,2,DEN,3.2,3
00-0033288,George Kittle,TE,SF,2023,2,LA,3.0,3
00-0033307,Kendrick Bourne,WR,NE,2023,2,MIA,2.9,4
00-0033308,Matt Breida,RB,NYG,2023,2,ARI,0.5,0
00-0033357,Taysom Hill,TE,NO,2023,2,CAR,7.72,1
00-0033466,Isaiah McKenzie,WR,IND,2023,2,HOU,0.7,1
00-0033526,Samaje Perine,RB,DEN,2023,2,WAS,2.4,3
00-0033536,Mike Williams,WR,LAC,2023,2,TEN,8.6,8
00-0033537,Deshaun Watson,QB,CLE,2023,2,PIT,11.6,0
00-0033553,James Conner,RB,ARI,2023,2,NYG,16.6,0
00-0033555,Mack Hollins,WR,ATL,2023,2,GB,6.0,3
00-0033572,Jamal Agnew,WR,JAX,2023,2,KC,0.5,1
00-0033757,Robert Tonyan,TE,CHI,2023,2,TB,0.0,0
00-0033854,Dare Ogunbowale,RB,HOU,2023,2,IND,0.4,0
00-0033857,JuJu Smith-Schuster,WR,NE,2023,2,MIA,2.8,5
00-0033858,Jonnu Smith,TE,ATL,2023,2,GB,4.7,4
00-0033873,Patrick Mahomes,QB,KC,2023,2,JAX,21.2,0
00-0033881,Evan Engram,TE,JAX,2023,2,KC,5.7,6
00-0033885,David Njoku,TE,CLE,2023,2,PIT,2.8,4
00-0033891,Zay Jones,WR,JAX,2023,2,KC,0.0,0
00-0033893,Dalvin Cook,RB,NYJ,2023,2,DAL,-0.8,1
00-0033895,Gerald Everett,TE,LAC,2023,2,TEN,4.7,3
00-0033897,Joe Mixon,RB,CIN,2023,2,BAL,9.5,4
00-0033921,Chris Godwin,WR,TB,2023,2,CHI,5.8,5
00-0033943,Josh Reynolds,WR,DET,2023,2,SEA,18.6,5
00-0033948,Jamaal Williams,RB,NO,2023,2,CAR,2.9,0
00-0033949,Joshua Dobbs,QB,ARI,2023,2,NYG,25.22,0
00-0034054,River Cracraft,WR,MIA,2023,2,NE,3.4,2
00-0034159,Will Dissly,TE,SEA,2023,2,DET,3.5,3
00-0034184,Gus Edwards,RB,BAL,2023,2,CIN,12.2,0
00-0034270,Tyler Conklin,TE,NYJ,2023,2,DAL,5.0,5
00-0034272,Marquez Valdes-Scantling,WR,KC,2023,2,JAX,1.3,2
00-0034286,Richie James,WR,KC,2023,2,JAX,0.0,0
00-0034297,Byron Pringle,WR,WAS,2023,2,DEN,0.4,1
00-0034317,Keith Kirkwood,WR,NO,2023,2,CAR,0.0,0
00-0034348,Courtland Sutton,WR,DEN,2023,2,WAS,6.6,5
00-0034351,Dallas Goedert,TE,PHI,2023,2,MIN,2.2,6
00-0034364,Jordan Akins,TE,CLE,2023,2,PIT,0.2,1
00-0034383,Dalton Schultz,TE,HOU,2023,2,IND,3.4,4
00-0034386,Justin Watson,WR,KC,2023,2,JAX,4.2,3
00-0034414,Boston Scott,RB,PHI,2023,2,MIN,4.0,0
00-0034419,Braxton Berrios,WR,MIA,2023,2,NE,2.8,2
00-0034521,Allen Lazard,WR,NYJ,2023,2,DAL,2.3,2
00-0034575,David Wells,TE,TB,2023,2,CHI,-1.0,2
00-0034577,Kyle Allen,QB,BUF,2023,2,LV,-0.2,0
00-0034681,Chase Edmonds,RB,TB,2023,2,CHI,1.2,0
00-0034750,Rashaad Penny,RB,PHI,2023,2,MIN,1.4,1
00-0034753,Mark Andrews,TE,BAL,2023,2,CIN,10.5,5
00-0034764,Michael Gallup,WR,DAL,2023,2,NYJ,0.3,1
00-0034775,Christian Kirk,WR,JAX,2023,2,KC,10.96,11
00-0034777,DJ Chark,WR,CAR,2023,2,NO,1.5,1
00-0034791,Nick Chubb,RB,CLE,2023,2,PIT,6.4,0
00-0034796,Lamar Jackson,QB,BAL,2023,2,CIN,22.88,0
00-0034798,Durham Smythe,TE,MIA,2023,2,NE,2.3,3
00-0034827,DJ Moore,WR,CHI,2023,2,TB,10.4,6
00-0034829,Mike Gesicki,TE,NE,2023,2,MIA,3.3,5
00-0034830,Hayden Hurst,TE,CAR,2023,2,NO,2.0,3
00-0034837,Calvin Ridley,WR,JAX,2023,2,KC,3.2,2
00-0034844,Saquon Barkley,RB,NYG,2023,2,ARI,21.2,6
00-0034855,Baker Mayfield,QB,TB,2023,2,CHI,18.38,0
00-0034857,Josh Allen,QB,BUF,2023,2,LV,23.66,0
00-0034970,Irv Smith,TE,CIN,2023,2,BAL,1.0,2
00-0034972,Alexander Mattison,RB,MIN,2023,2,PHI,1.9,3
00-0034975,Justice Hill,RB,BAL,2023,2,CIN,5.3,3
00-0034981,Foster Moreau,TE,NO,2023,2,CAR,2.0,2
00-0034983,Hunter Renfrow,WR,LV,2023,2,BUF,2.3,1
00-0035140,Mecole Hardman,WR,NYJ,2023,2,DAL,0.6,1
00-0035215,Deonte Harty,WR,BUF,2023,2,LV,0.4,2
00-0035229,T.J. Hockenson,TE,MIN,2023,2,PHI,18.6,7
00-0035243,Miles Sanders,RB,CAR,2023,2,NO,4.7,3
00-0035249,Josh Oliver,TE,MIN,2023,2,PHI,1.3,2
00-0035250,Devin Singletary,RB,HOU,2023,2,IND,2.4,1
00-0035259,Trevon Wesco,TE,TEN,2023,2,LAC,0.0,0
00-0035261,Tony Pollard,RB,DAL,2023,2,NYJ,12.9,7
00-0035289,Gardner Minshew,QB,IND,2023,2,HOU,11.14,0
00-0035291,Trayveon Williams,RB,CIN,2023,2,BAL,0.4,2
00-0035329,Donald Parham,TE,LAC,2023,2,TEN,0.7,1
00-0035406,Lil'Jordan Humphrey,WR,DEN,2023,2,WAS,0.4,1
00-0035535,Darius Slayton,WR,NYG,2023,2,ARI,6.2,3
00-0035567,Craig Reynolds,RB,DET,2023,2,SEA,0.5,1
00-0035628,D'Ernest Johnson,RB,JAX,2023,2,KC,1.7,1
00-0035639,Parris Campbell,WR,NYG,2023,2,ARI,2.1,4
00-0035640,DK Metcalf,WR,SEA,2023,2,DET,7.5,6
00-0035644,Noah Fant,TE,SEA,2023,2,DET,5.6,4
00-0035645,Gunner Olszewski,WR,PIT,2023,2,CLE,-2.0,1
00-0035657,Damien Harris,RB,BUF,2023,2,LV,9.3,0
00-0035659,Terry McLaurin,WR,WAS,2023,2,DEN,11.4,5
00-0035662,Marquise Brown,WR,ARI,2023,2,NYG,11.4,6
00-0035676,A.J. Brown,WR,PHI,2023,2,MIN,2.9,4
00-0035685,David Montgomery,RB,DET,2023,2,SEA,11.4,1
00-0035689,Dawson Knox,TE,BUF,2023,2,LV,7.0,3
00-0035700,Josh Jacobs,RB,LV,2023,2,BUF,4.9,5
00-0035703,Miles Boykin,WR,PIT,2023,2,CLE,0.5,1
00-0035710,Daniel Jones,QB,NYG,2023,2,ARI,30.74,0
00-0035719,Deebo Samuel Sr.,WR,SF,2023,2,LA,16.1,6
00-0035860,Tony Jones,RB,NO,2023,2,CAR,15.4,0
00-0035973,Patrick Taylor,RB,GB,2023,2,ATL,0.1,0
00-0036020,Salvon Ahmed,RB,MIA,2023,2,NE,4.1,3
00-0036040,Juwan Johnson,TE,NO,2023,2,CAR,1.3,2
00-0036139,Rico Dowdle,RB,DAL,2023,2,NYJ,4.3,1
00-0036165,Isaiah Hodgins,WR,NYG,2023,2,ARI,10.0,4
00-0036182,Nick Westbrook-Ikhine,WR,TEN,2023,2,LAC,8.5,3
00-0036196,Gabe Davis,WR,BUF,2023,2,LV,15.2,6
00-0036212,Tua Tagovailoa,QB,MIA,2023,2,NE,12.26,0
00-0036232,Harrison Bryant,TE,CLE,2023,2,PIT,0.0,0
00-0036233,Donovan Peoples-Jones,WR,CLE,2023,2,PIT,0.7,1
00-0036244,Colby Parkinson,TE,SEA,2023,2,DET,4.1,2
00-0036251,Zack Moss,RB,IND,2023,2,HOU,16.7,4
00-0036252,Michael Pittman,WR,IND,2023,2,HOU,5.6,8
00-0036259,Jauan Jennings,WR,SF,2023,2,LA,5.1,2
00-0036261,Brandon Aiyuk,WR,SF,2023,2,LA,4.3,3
00-0036264,Jordan Love,QB,GB,2023,2,ATL,20.34,0
00-0036265,AJ Dillon,RB,GB,2023,2,ATL,6.3,1
00-0036268,Laviska Shenault Jr.,WR,CAR,2023,2,NO,0.7,0
00-0036275,D'Andre Swift,RB,PHI,2023,2,MIN,24.1,3
00-0036290,Cole Kmet,TE,CHI,2023,2,TB,3.8,4
00-0036322,Justin Jefferson,WR,MIN,2023,2,PHI,15.9,11
00-0036326,Chase Claypool,WR,CHI,2023,2,TB,9.6,3
00-0036328,Antonio Gibson,RB,WAS,2023,2,DEN,5.3,3
00-0036331,Devin Duvernay,WR,BAL,2023,2,CIN,1.5,0
00-0036332,Josiah Deguara,TE,GB,2023,2,ATL,0.5,2
00-0036345,K.J. Osborn,WR,MIN,2023,2,PHI,9.4,3
00-0036355,Justin Herbert,QB,LAC,2023,2,TEN,22.2,0
00-0036358,CeeDee Lamb,WR,DAL,2023,2,NYJ,14.3,11
00-0036360,Clyde Edwards-Helaire,RB,KC,2023,2,JAX,1.7,2
00-0036370,Joshua Kelley,RB,LAC,2023,2,TEN,3.9,0
00-0036389,Jalen Hurts,QB,PHI,2023,2,MIN,25.22,0
00-0036407,Jerry Jeudy,WR,DEN,2023,2,WAS,2.5,3
00-0036410,Tee Higgins,WR,CIN,2023,2,BAL,20.9,8
00-0036415,Van Jefferson,WR,LA,2023,2,SF,0.9,1
00-0036422,Adam Trautman,TE,DEN,2023,2,WAS,0.0,0
00-0036425,DeeJay Dallas,RB,SEA,2023,2,DET,0.3,0
00-0036442,Joe Burrow,QB,CIN,2023,2,BAL,15.38,0
00-0036550,Rashod Bateman,WR,BAL,2023,2,CIN,1.8,3
00-0036554,Nico Collins,WR,HOU,2023,2,IND,20.6,7
00-0036555,Chuba Hubbard,RB,CAR,2023,2,NO,5.0,5
00-0036556,Brevin Jordan,TE,HOU,2023,2,IND,2.7,2
00-0036613,Jaylen Waddle,WR,MIA,2023,2,NE,8.4,4
00-0036626,Dyami Brown,WR,WAS,2023,2,DEN,2.5,3
00-0036628,John Bates,TE,WAS,2023,2,DEN,4.6,3
00-0036637,Noah Gray,TE,KC,2023,2,JAX,3.8,3
00-0036849,Tutu Atwell,WR,LA,2023,2,SF,8.2,7
00-0036862,Ben Skowronek,WR,LA,2023,2,SF,2.1,1
00-0036875,Rhamondre Stevenson,RB,NE,2023,2,MIA,12.0,3
00-0036876,Kylen Granson,TE,IND,2023,2,HOU,7.6,3
00-0036893,Najee Harris,RB,PIT,2023,2,CLE,4.3,1
00-0036894,Pat Freiermuth,TE,PIT,2023,2,CLE,0.2,1
00-0036900,Ja'Marr Chase,WR,CIN,2023,2,BAL,3.1,5
00-0036906,Khalil Herbert,RB,CHI,2023,2,TB,5.8,1
00-0036912,DeVonta Smith,WR,PHI,2023,2,MIN,19.1,4
00-0036913,Kadarius Toney,WR,KC,2023,2,JAX,3.8,5
00-0036924,Michael Carter,RB,NYJ,2023,2,DAL,1.1,1
00-0036936,Rondale Moore,WR,ARI,2023,2,NYG,1.4,1
00-0036945,Justin Fields,QB,CHI,2023,2,TB,14.74,0
00-0036963,Amon-Ra St. Brown,WR,DET,2023,2,SEA,8.2,6
00-0036970,Kyle Pitts,TE,ATL,2023,2,GB,1.5,2
00-0036971,Trevor Lawrence,QB,JAX,2023,2,KC,9.24,0
00-0036972,Mac Jones,QB,NE,2023,2,MIA,13.74,0
00-0036973,Travis Etienne,RB,JAX,2023,2,KC,4.2,2
00-0036980,Elijah Moore,WR,CLE,2023,2,PIT,4.1,3
00-0036988,Josh Palmer,WR,LAC,2023,2,TEN,1.3,3
00-0036997,Javonte Williams,RB,DEN,2023,2,WAS,5.8,2
00-0037013,Zach Wilson,QB,NYJ,2023,2,DAL,8.4,0
00-0037077,Sam Howell,QB,WAS,2023,2,DEN,21.26,0
00-0037078,Cole Turner,TE,WAS,2023,2,DEN,2.1,2
00-0037098,Samori Toure,WR,GB,2023,2,ATL,0.6,1
00-0037197,Isiah Pacheco,RB,KC,2023,2,JAX,7.0,1
00-0037228,Jaylen Warren,RB,PIT,2023,2,CLE,8.6,4
00-0037238,Drake London,WR,ATL,2023,2,GB,12.7,6
00-0037239,Chris Olave,WR,NO,2023,2,CAR,8.6,6
00-0037247,George Pickens,WR,PIT,2023,2,CLE,18.7,4
00-0037248,James Cook,RB,BUF,2023,2,LV,15.9,4
00-0037256,Rachaad White,RB,TB,2023,2,CHI,16.3,5
00-0037257,David Bell,WR,CLE,2023,2,PIT,2.7,3
00-0037258,Dameon Pierce,RB,HOU,2023,2,IND,3.5,2
00-0037261,Khalil Shakir,WR,BUF,2023,2,LV,7.1,1
00-0037263,Tyler Allgeier,RB,ATL,2023,2,GB,4.8,0
00-0037267,Jerome Ford,RB,CLE,2023,2,PIT,21.1,3
00-0037276,Ty Chandler,RB,MIN,2023,2,PHI,0.9,2
00-0037299,Keaontay Ingram,RB,ARI,2023,2,NYG,0.6,0
00-0037382,Brandon Johnson,WR,DEN,2023,2,WAS,18.6,2
00-0037475,Stone Smartt,TE,LAC,2023,2,TEN,2.4,1
00-0037487,Deven Thompkins,WR,TB,2023,2,CHI,1.1,0
00-0037545,Rashid Shaheed,WR,NO,2023,2,CAR,6.3,4
00-0037557,Ronnie Rivers,RB,LA,2023,2,SF,0.4,1
00-0037569,Peyton Hendershot,TE,DAL,2023,2,NYJ,0.0,0
00-0037614,John Metchie III,WR,HOU,2023,2,IND,1.7,1
00-0037664,Alec Pierce,WR,IND,2023,2,HOU,2.8,2
00-0037666,Jalen Tolbert,WR,DAL,2023,2,NYJ,1.8,3
00-0037740,Garrett Wilson,WR,NYJ,2023,2,DAL,14.3,2
00-0037741,Jahan Dotson,WR,WAS,2023,2,DEN,2.2,3
00-0037742,Treylon Burks,WR,TEN,2023,2,LAC,7.6,3
00-0037744,Trey McBride,TE,ARI,2023,2,NYG,3.2,2
00-0037745,Velus Jones Jr.,RB,CHI,2023,2,TB,-0.3,0
00-0037746,Brian Robinson,RB,WAS,2023,2,DEN,26.9,2
00-0037801,KaVontae Turpin,WR,DAL,2023,2,NYJ,1.5,1
00-0037809,Chig Okonkwo,TE,TEN,2023,2,LAC,3.5,4
00-0037816,Romeo Doubs,WR,GB,2023,2,ATL,3.0,2
00-0037834,Brock Purdy,QB,SF,2023,2,LA,14.74,0
00-0037837,Calvin Austin III,WR,PIT,2023,2,CLE,0.8,1
00-0037838,Isaiah Likely,TE,BAL,2023,2,CIN,0.8,1
00-0037840,Kyren Williams,RB,LA,2023,2,SF,22.0,6
00-0038040,Zamir White,RB,LV,2023,2,BUF,0.2,0
00-0038041,Jake Ferguson,TE,DAL,2023,2,NYJ,7.1,3
00-0038045,Isaiah Spiller,RB,LAC,2023,2,TEN,0.3,0
00-0038090,Skyy Moore,WR,KC,2023,2,JAX,13.0,3
00-0038092,Erik Ezukanma,WR,MIA,2023,2,NE,0.5,0
00-0038098,Pierre Strong,RB,CLE,2023,2,PIT,6.1,0
00-0038102,Kenny Pickett,QB,PIT,2023,2,CLE,10.28,0
00-0038120,Breece Hall,RB,NYJ,2023,2,DAL,0.9,0
00-0038122,Desmond Ridder,QB,ATL,2023,2,GB,21.38,0
00-0038129,Cade Otton,TE,TB,2023,2,CHI,4.1,6
00-0038134,Kenneth Walker III,RB,SEA,2023,2,DET,17.4,1
00-0038393,Dontayvion Wicks,WR,GB,2023,2,ATL,10.0,2
00-0038394,Will Mallory,TE,IND,2023,2,HOU,4.9,2
00-0038465,Malik Heath,WR,GB,2023,2,ATL,0.0,0
00-0038542,Bijan Robinson,RB,ATL,2023,2,GB,17.2,4
00-0038543,Jaxon Smith-Njigba,WR,SEA,2023,2,DET,3.4,5
00-0038544,Quentin Johnston,WR,LAC,2023,2,TEN,0.7,1
00-0038547,Luke Schoonmaker,TE,DAL,2023,2,NYJ,6.1,1
00-0038559,Michael Wilson,WR,ARI,2023,2,NYG,5.6,3
00-0038563,Tre Tucker,WR,LV,2023,2,BUF,3.4,0
00-0038573,Derius Davis,WR,LAC,2023,2,TEN,1.0,0
00-0038576,Charlie Jones,WR,CIN,2023,2,CIN,6.0,0
00-0038597,Chase Brown,RB,CIN,2023,2,BAL,0.2,0
00-0038618,Xavier Hutchinson,WR,HOU,2023,2,IND,0.0,0
00-0038621,Demario Douglas,WR,NE,2023,2,MIA,-0.0999999999999999,2
00-0038622,Deuce Vaughn,RB,DAL,2023,2,NYJ,3.2,3
00-0038627,Antoine Green,WR,DET,2023,2,SEA,0.2,1
00-0038705,Emari Demercado,RB,ARI,2023,2,NYG,0.5,2
00-0038752,Jake Bobo,WR,SEA,2023,2,DET,0.3,1
00-0038794,Jaleel McLaughlin,RB,DEN,2023,2,WAS,6.5,0
00-0038797,Emanuel Wilson,RB,GB,2023,2,ATL,0.5,0
00-0038821,Rakim Jarrett,WR,TB,2023,2,CHI,0.7,1
00-0038862,Elijah Dotson,RB,LAC,2023,2,TEN,1.9,2
00-0038933,Dalton Kincaid,TE,BUF,2023,2,LV,4.3,5
00-0038938,Jalin Hyatt,WR,NYG,2023,2,ARI,8.9,2
00-0038951,Sean Tucker,RB,TB,2023,2,CHI,0.7,0
00-0038976,Marvin Mims Jr.,WR,DEN,2023,2,WAS,18.3,2
00-0038977,Tank Dell,WR,HOU,2023,2,IND,13.2,7
00-0038994,Jordan Addison,WR,MIN,2023,2,PHI,13.2,3
00-0038997,Josh Downs,WR,IND,2023,2,HOU,3.7,4
00-0039021,Roschon Johnson,RB,CHI,2023,2,TB,4.2,2
00-0039032,Tyjae Spears,RB,TEN,2023,2,LAC,5.5,2
00-0039040,De'Von Achane,RB,MIA,2023,2,NE,0.9,1
00-0039052,Trey Palmer,WR,TB,2023,2,CHI,2.0,1
00-0039062,Jonathan Mingo,WR,CAR,2023,2,NO,2.6,3
00-0039064,Zay Flowers,WR,BAL,2023,2,CIN,6.8,4
00-0039065,Sam LaPorta,TE,DET,2023,2,SEA,6.3,5
00-0039066,Michael Mayer,TE,LV,2023,2,BUF,0.2,1
00-0039067,Rashee Rice,WR,KC,2023,2,JAX,2.0,2
00-0039075,Puka Nacua,WR,LA,2023,2,SF,15.1,15
00-0039139,Jahmyr Gibbs,RB,DET,2023,2,SEA,5.6,7
00-0039144,Luke Musgrave,TE,GB,2023,2,ATL,2.5,2
00-0039146,Jayden Reed,WR,GB,2023,2,ATL,15.7,4
00-0039150,Bryce Young,QB,CAR,2023,2,NO,13.52,0
00-0039163,C.J. Stroud,QB,HOU,2023,2,IND,21.46,0
00-0039164,Anthony Richardson,QB,IND,2023,2,HOU,17.74,0
00-0039165,Zach Charbonnet,RB,SEA,2023,2,DET,3.0,2
00-0026498,Matthew Stafford,QB,LA,2023,3,CIN,11.46,0
00-0027696,Jimmy Graham,TE,NO,2023,3,GB,6.8,1
00-0027948,Blaine Gabbert,QB,KC,2023,3,CHI,-2.86,0
00-0027973,Andy Dalton,QB,CAR,2023,3,SEA,23.54,0
00-0028002,Randall Cobb,WR,NYJ,2023,3,NE,1.2,1
00-0028118,Tyrod Taylor,QB,NYG,2023,3,SF,0.2,0
00-0029263,Russell Wilson,QB,DEN,2023,3,MIA,14.24,0
00-0029604,Kirk Cousins,QB,MIN,2023,3,LAC,25.68,0
00-0029701,Ryan Tannehill,QB,TEN,2023,3,CLE,4.16,0
00-0030035,Adam Thielen,WR,CAR,2023,3,SEA,20.5,11
00-0030061,Zach Ertz,TE,ARI,2023,3,DAL,0.6,2
00-0030068,Marquise Goodwin,WR,CLE,2023,3,TEN,0.1,0
00-0030279,Keenan Allen,WR,LAC,2023,3,MIN,27.46,18
00-0030431,Robert Woods,WR,HOU,2023,3,JAX,3.4,3
00-0030506,Travis Kelce,TE,KC,2023,3,CHI,12.9,7
00-0030513,Latavius Murray,RB,BUF,2023,3,WAS,8.1,1
00-0030564,DeAndre Hopkins,WR,TEN,2023,3,CLE,4.8,3
00-0030565,Geno Smith,QB,SEA,2023,3,CAR,15.44,0
00-0031236,Brandin Cooks,WR,DAL,2023,3,ARI,1.7,2
00-0031280,Derek Carr,QB,NO,2023,3,GB,8.12,0
00-0031345,Jimmy Garoppolo,QB,LV,2023,3,PIT,17.66,0
00-0031376,Jerick McKinnon,RB,KC,2023,3,CHI,14.8,3
00-0031381,Davante Adams,WR,LV,2023,3,PIT,29.2,13
00-0031408,Mike Evans,WR,TB,2023,3,PHI,12.0,5
00-0031428,Allen Robinson,WR,PIT,2023,3,LV,2.4,4
00-0031484,Chris Manhertz,TE,DEN,2023,3,MIA,0.0,0
00-0031503,Jameis Winston,QB,NO,2023,3,GB,4.04,0
00-0031544,Amari Cooper,WR,CLE,2023,3,TEN,17.6,7
00-0031547,DeVante Parker,WR,NE,2023,3,NYJ,1.9,2
00-0031549,Nelson Agholor,WR,BAL,2023,3,IND,3.9,4
00-0031585,MyCole Pruitt,TE,ATL,2023,3,DET,1.0,1
00-0031588,Stefon Diggs,WR,BUF,2023,3,WAS,11.1,8
00-0031610,Darren Waller,TE,NYG,2023,3,SF,2.0,3
00-0031687,Raheem Mostert,RB,MIA,2023,3,DEN,38.2,7
00-0031763,DeAndre Carter,WR,LV,2023,3,PIT,1.6,1
00-0032104,Ameer Abdullah,RB,LV,2023,3,PIT,1.6,2
00-0032134,C.J. Uzomah,TE,NYJ,2023,3,NE,0.9,1
00-0032144,Melvin Gordon,RB,BAL,2023,3,IND,5.5,2
00-0032211,Tyler Lockett,WR,SEA,2023,3,CAR,5.4,3
00-0032398,Chris Moore,WR,TEN,2023,3,CLE,4.1,2
00-0032464,Kalif Raymond,WR,DET,2023,3,ATL,5.5,4
00-0032688,Robbie Chosen,WR,MIA,2023,3,DEN,12.8,1
00-0032764,Derrick Henry,RB,TEN,2023,3,CLE,2.0,0
00-0032765,Michael Thomas,WR,NO,2023,3,GB,5.0,6
00-0033009,Tyler Boyd,WR,CIN,2023,3,LA,3.9,5
00-0033040,Tyreek Hill,WR,MIA,2023,3,DEN,21.7,9
00-0033045,Ezekiel Elliott,RB,NE,2023,3,NYJ,8.7,1
00-0033077,Dak Prescott,QB,DAL,2023,3,ARI,14.36,0
00-0033090,Hunter Henry,TE,NE,2023,3,NYJ,1.7,2
00-0033106,Jared Goff,QB,DET,2023,3,ATL,18.02,0
00-0033110,Tyler Higbee,TE,LA,2023,3,CIN,7.1,5
00-0033118,Kenyan Drake,RB,BAL,2023,3,IND,1.1,2
00-0033280,Christian McCaffrey,RB,SF,2023,3,NYG,17.9,5
00-0033282,Curtis Samuel,WR,WAS,2023,3,BUF,5.4,2
00-0033288,George Kittle,TE,SF,2023,3,NYG,9.0,7
00-0033307,Kendrick Bourne,WR,NE,2023,3,NYJ,4.6,4
00-0033308,Matt Breida,RB,NYG,2023,3,SF,7.8,3
00-0033357,Taysom Hill,TE,NO,2023,3,GB,2.1,1
00-0033439,Pharaoh Brown,TE,NE,2023,3,NYJ,13.1,2
00-0033466,Isaiah McKenzie,WR,IND,2023,3,BAL,0.3,1
00-0033526,Samaje Perine,RB,DEN,2023,3,MIA,2.4,2
00-0033536,Mike Williams,WR,LAC,2023,3,MIN,18.1,7
00-0033537,Deshaun Watson,QB,CLE,2023,3,TEN,21.16,0
00-0033553,James Conner,RB,ARI,2023,3,DAL,17.6,2
00-0033555,Mack Hollins,WR,ATL,2023,3,DET,2.3,1
00-0033572,Jamal Agnew,WR,JAX,2023,3,HOU,2.9,4
00-0033857,JuJu Smith-Schuster,WR,NE,2023,3,NYJ,0.5,1
00-0033858,Jonnu Smith,TE,ATL,2023,3,DET,3.7,5
00-0033873,Patrick Mahomes,QB,KC,2023,3,CHI,25.68,0
00-0033881,Evan Engram,TE,JAX,2023,3,HOU,6.7,7
00-0033885,David Njoku,TE,CLE,2023,3,TEN,2.0,4
00-0033893,Dalvin Cook,RB,NYJ,2023,3,NE,2.9,3
00-0033895,Gerald Everett,TE,LAC,2023,3,MIN,3.0,6
00-0033897,Joe Mixon,RB,CIN,2023,3,LA,13.0,1
00-0033921,Chris Godwin,WR,TB,2023,3,PHI,5.2,3
00-0033923,Kareem Hunt,RB,CLE,2023,3,TEN,3.5,2
00-0033936,C.J. Beathard,QB,JAX,2023,3,HOU,0.36,0
00-0033949,Joshua Dobbs,QB,ARI,2023,3,DAL,17.06,0
00-0034054,River Cracraft,WR,MIA,2023,3,DEN,1.3,1
00-0034184,Gus Edwards,RB,BAL,2023,3,IND,5.1,0
00-0034270,Tyler Conklin,TE,NYJ,2023,3,NE,2.6,3
00-0034272,Marquez Valdes-Scantling,WR,KC,2023,3,CHI,3.7,1
00-0034317,Keith Kirkwood,WR,NO,2023,3,GB,0.0,0
00-0034348,Courtland Sutton,WR,DEN,2023,3,MIA,11.1,8
00-0034351,Dallas Goedert,TE,PHI,2023,3,TB,4.1,5
00-0034365,Ian Thomas,TE,CAR,2023,3,SEA,0.8,1
00-0034383,Dalton Schultz,TE,HOU,2023,3,JAX,0.9,1
00-0034386,Justin Watson,WR,KC,2023,3,CHI,5.1,2
00-0034401,Mike White,QB,MIA,2023,3,DEN,6.58,0
00-0034419,Braxton Berrios,WR,MIA,2023,3,DEN,3.3,2
00-0034487,Trent Sherfield,WR,BUF,2023,3,WAS,1.8,2
00-0034521,Allen Lazard,WR,NYJ,2023,3,NE,3.9,3
00-0034577,Kyle Allen,QB,BUF,2023,3,WAS,-0.2,0
00-0034613,Tanner Hudson,TE,CIN,2023,3,LA,3.0,2
00-0034646,Brandon Powell,WR,MIN,2023,3,LAC,0.5,1
00-0034753,Mark Andrews,TE,BAL,2023,3,IND,3.5,4
00-0034764,Michael Gallup,WR,DAL,2023,3,ARI,9.2,6
00-0034775,Christian Kirk,WR,JAX,2023,3,HOU,11.4,4
00-0034777,DJ Chark,WR,CAR,2023,3,SEA,14.6,4
00-0034796,Lamar Jackson,QB,BAL,2023,3,IND,28.18,0
00-0034798,Durham Smythe,TE,MIA,2023,3,DEN,1.5,1
00-0034827,DJ Moore,WR,CHI,2023,3,KC,10.1,3
00-0034829,Mike Gesicki,TE,NE,2023,3,NYJ,1.8,1
00-0034830,Hayden Hurst,TE,CAR,2023,3,SEA,1.1,1
00-0034837,Calvin Ridley,WR,JAX,2023,3,HOU,4.0,3
00-0034854,KhaDarel Hodge,WR,ATL,2023,3,DET,1.5,1
00-0034855,Baker Mayfield,QB,TB,2023,3,PHI,10.04,0
00-0034857,Josh Allen,QB,BUF,2023,3,WAS,21.32,0
00-0034869,Sam Darnold,QB,SF,2023,3,NYG,-0.1,0
00-0034960,Jakobi Meyers,WR,LV,2023,3,PIT,8.5,7
00-0034972,Alexander Mattison,RB,MIN,2023,3,LAC,12.5,5
00-0034983,Hunter Renfrow,WR,LV,2023,3,PIT,1.7,2
00-0035208,Olamide Zaccheaus,WR,PHI,2023,3,TB,11.8,2
00-0035215,Deonte Harty,WR,BUF,2023,3,WAS,1.3,2
00-0035229,T.J. Hockenson,TE,MIN,2023,3,LAC,5.8,8
00-0035243,Miles Sanders,RB,CAR,2023,3,SEA,12.2,5
00-0035249,Josh Oliver,TE,MIN,2023,3,LAC,6.4,2
00-0035250,Devin Singletary,RB,HOU,2023,3,JAX,4.5,2
00-0035261,Tony Pollard,RB,DAL,2023,3,ARI,12.1,3
00-0035289,Gardner Minshew,QB,IND,2023,3,BAL,13.08,0
00-0035291,Trayveon Williams,RB,CIN,2023,3,LA,0.4,0
00-0035329,Donald Parham,TE,LAC,2023,3,MIN,12.4,2
00-0035535,Darius Slayton,WR,NYG,2023,3,SF,3.2,3
00-0035567,Craig Reynolds,RB,DET,2023,3,ATL,1.5,0
00-0035628,D'Ernest Johnson,RB,JAX,2023,3,HOU,1.2,2
00-0035631,Drew Sample,TE,CIN,2023,3,LA,0.7,1
00-0035639,Parris Campbell,WR,NYG,2023,3,SF,2.4,6
00-0035640,DK Metcalf,WR,SEA,2023,3,CAR,11.2,6
00-0035644,Noah Fant,TE,SEA,2023,3,CAR,4.1,4
00-0035657,Damien Harris,RB,BUF,2023,3,WAS,1.5,0
00-0035659,Terry McLaurin,WR,WAS,2023,3,BUF,4.1,6
00-0035662,Marquise Brown,WR,ARI,2023,3,DAL,12.1,5
00-0035676,A.J. Brown,WR,PHI,2023,3,TB,13.1,9
00-0035689,Dawson Knox,TE,BUF,2023,3,WAS,1.1,1
00-0035700,Josh Jacobs,RB,LV,2023,3,PIT,8.0,3
00-0035710,Daniel Jones,QB,NYG,2023,3,SF,3.98,0
00-0035719,Deebo Samuel Sr.,WR,SF,2023,3,NYG,19.1,6
00-0035771,Mitchell Wilcox,TE,CIN,2023,3,LA,1.0,2
00-0035860,Tony Jones,RB,NO,2023,3,GB,5.2,4
00-0035973,Patrick Taylor,RB,GB,2023,3,NO,2.9,3
00-0036040,Juwan Johnson,TE,NO,2023,3,GB,1.2,2
00-0036139,Rico Dowdle,RB,DAL,2023,3,ARI,10.6,3
00-0036165,Isaiah Hodgins,WR,NYG,2023,3,SF,0.0,0
00-0036196,Gabe Davis,WR,BUF,2023,3,WAS,9.3,1
00-0036212,Tua Tagovailoa,QB,MIA,2023,3,DEN,28.36,0
00-0036232,Harrison Bryant,TE,CLE,2023,3,TEN,0.4,0
00-0036233,Donovan Peoples-Jones,WR,CLE,2023,3,TEN,4.9,3
00-0036244,Colby Parkinson,TE,SEA,2023,3,CAR,3.8,3
00-0036251,Zack Moss,RB,IND,2023,3,BAL,20.5,2
00-0036252,Michael Pittman,WR,IND,2023,3,BAL,7.7,9
00-0036259,Jauan Jennings,WR,SF,2023,3,NYG,3.1,2
00-0036264,Jordan Love,QB,GB,2023,3,NO,24.26,0
00-0036265,AJ Dillon,RB,GB,2023,3,NO,3.3,0
00-0036268,Laviska Shenault Jr.,WR,CAR,2023,3,SEA,0.7,1
00-0036275,D'Andre Swift,RB,PHI,2023,3,TB,13.8,1
00-0036290,Cole Kmet,TE,CHI,2023,3,KC,2.2,2
00-0036309,Darnell Mooney,WR,CHI,2023,3,KC,0.0,0
00-0036322,Justin Jefferson,WR,MIN,2023,3,LAC,20.9,7
00-0036326,Chase Claypool,WR,CHI,2023,3,KC,1.5,1
00-0036328,Antonio Gibson,RB,WAS,2023,3,BUF,0.4,3
00-0036331,Devin Duvernay,WR,BAL,2023,3,IND,0.0,0
00-0036345,K.J. Osborn,WR,MIN,2023,3,LAC,9.6,1
00-0036355,Justin Herbert,QB,LAC,2023,3,MIN,29.3,0
00-0036358,CeeDee Lamb,WR,DAL,2023,3,ARI,6.2,4
00-0036360,Clyde Edwards-Helaire,RB,KC,2023,3,CHI,11.7,1
00-0036370,Joshua Kelley,RB,LAC,2023,3,MIN,1.7,1
00-0036389,Jalen Hurts,QB,PHI,2023,3,TB,19.88,0
00-0036407,Jerry Jeudy,WR,DEN,2023,3,MIA,8.1,5
00-0036410,Tee Higgins,WR,CIN,2023,3,LA,2.1,2
00-0036415,Van Jefferson,WR,LA,2023,3,CIN,5.0,1
00-0036422,Adam Trautman,TE,DEN,2023,3,MIA,0.0,0
00-0036425,DeeJay Dallas,RB,SEA,2023,3,CAR,0.5,1
00-0036442,Joe Burrow,QB,CIN,2023,3,LA,8.16,0
00-0036497,Tim Jones,WR,JAX,2023,3,HOU,1.1,2
00-0036550,Rashod Bateman,WR,BAL,2023,3,IND,0.6,1
00-0036554,Nico Collins,WR,HOU,2023,3,JAX,3.4,2
00-0036555,Chuba Hubbard,RB,CAR,2023,3,SEA,0.4,2
00-0036556,Brevin Jordan,TE,HOU,2023,3,JAX,7.3,2
00-0036567,Elijah Mitchell,RB,SF,2023,3,NYG,4.4,3
00-0036569,Gary Brightwell,RB,NYG,2023,3,SF,3.6,2
00-0036626,Dyami Brown,WR,WAS,2023,3,BUF,0.0,0
00-0036628,John Bates,TE,WAS,2023,3,BUF,1.2,2
00-0036637,Noah Gray,TE,KC,2023,3,CHI,0.9,1
00-0036741,Jack Stoll,TE,PHI,2023,3,TB,0.6,1
00-0036849,Tutu Atwell,WR,LA,2023,3,CIN,13.2,4
00-0036862,Ben Skowronek,WR,LA,2023,3,CIN,0.3,1
00-0036875,Rhamondre Stevenson,RB,NE,2023,3,NYJ,6.2,1
00-0036876,Kylen Granson,TE,IND,2023,3,BAL,0.9,2
00-0036887,Luke Farrell,TE,JAX,2023,3,HOU,0.4,1
00-0036893,Najee Harris,RB,PIT,2023,3,LV,6.5,0
00-0036894,Pat Freiermuth,TE,PIT,2023,3,LV,10.1,3
00-0036900,Ja'Marr Chase,WR,CIN,2023,3,LA,14.1,12
00-0036906,Khalil Herbert,RB,CHI,2023,3,KC,1.5,2
00-0036912,DeVonta Smith,WR,PHI,2023,3,TB,2.8,4
00-0036913,Kadarius Toney,WR,KC,2023,3,CHI,-0.1,1
00-0036919,Kenneth Gainwell,RB,PHI,2023,3,TB,4.8,1
00-0036924,Michael Carter,RB,NYJ,2023,3,NE,0.3,1
00-0036936,Rondale Moore,WR,ARI,2023,3,DAL,12.2,4
00-0036945,Justin Fields,QB,CHI,2023,3,KC,10.66,0
00-0036955,Terrace Marshall Jr.,WR,CAR,2023,3,SEA,3.5,5
00-0036963,Amon-Ra St. Brown,WR,DET,2023,3,ATL,10.6,9
00-0036970,Kyle Pitts,TE,ATL,2023,3,DET,3.7,5
00-0036971,Trevor Lawrence,QB,JAX,2023,3,HOU,14.36,0
00-0036972,Mac Jones,QB,NE,2023,3,NYJ,13.34,0
00-0036973,Travis Etienne,RB,JAX,2023,3,HOU,13.8,4
00-0036980,Elijah Moore,WR,CLE,2023,3,TEN,2.8,9
00-0036984,Trey Sermon,RB,IND,2023,3,BAL,2.1,1
00-0036988,Josh Palmer,WR,LAC,2023,3,MIN,10.6,4
00-0036997,Javonte Williams,RB,DEN,2023,3,MIA,6.5,2
00-0037005,Tommy Tremble,TE,CAR,2023,3,SEA,1.5,1
00-0037013,Zach Wilson,QB,NYJ,2023,3,NE,6.38,0
00-0037077,Sam Howell,QB,WAS,2023,3,BUF,0.6,0
00-0037078,Cole Turner,TE,WAS,2023,3,BUF,3.5,4
00-0037098,Samori Toure,WR,GB,2023,3,NO,2.0,0
00-0037157,Bam Knight,RB,DET,2023,3,ATL,1.3,0
00-0037197,Isiah Pacheco,RB,KC,2023,3,CHI,13.8,2
00-0037216,Justyn Ross,WR,KC,2023,3,CHI,0.0,0
00-0037228,Jaylen Warren,RB,PIT,2023,3,LV,5.2,3
00-0037238,Drake London,WR,ATL,2023,3,DET,3.1,2
00-0037239,Chris Olave,WR,NO,2023,3,GB,10.4,8
00-0037247,George Pickens,WR,PIT,2023,3,LV,7.5,4
00-0037248,James Cook,RB,BUF,2023,3,WAS,11.2,2
00-0037256,Rachaad White,RB,TB,2023,3,PHI,4.2,3
00-0037258,Dameon Pierce,RB,HOU,2023,3,JAX,11.9,3
00-0037261,Khalil Shakir,WR,BUF,2023,3,WAS,0.5,1
00-0037263,Tyler Allgeier,RB,ATL,2023,3,DET,2.9,2
00-0037267,Jerome Ford,RB,CLE,2023,3,TEN,17.1,2
00-0037276,Ty Chandler,RB,MIN,2023,3,LAC,3.1,1
00-0037277,Teagan Quitoriano,TE,HOU,2023,3,JAX,0.0,0
00-0037292,Andrew Ogletree,TE,IND,2023,3,BAL,1.1,1
00-0037299,Keaontay Ingram,RB,ARI,2023,3,DAL,2.1,1
00-0037304,Connor Heyward,TE,PIT,2023,3,LV,0.0,0
00-0037382,Brandon Johnson,WR,DEN,2023,3,MIA,1.2,2
00-0037487,Deven Thompkins,WR,TB,2023,3,PHI,0.6,2
00-0037525,Jordan Mason,RB,SF,2023,3,NYG,1.1,0
00-0037545,Rashid Shaheed,WR,NO,2023,3,GB,6.0,0
00-0037569,Peyton Hendershot,TE,DAL,2023,3,ARI,0.3,1
00-0037614,John Metchie III,WR,HOU,2023,3,JAX,1.3,2
00-0037664,Alec Pierce,WR,IND,2023,3,BAL,4.3,3
00-0037740,Garrett Wilson,WR,NYJ,2023,3,NE,4.8,5
00-0037741,Jahan Dotson,WR,WAS,2023,3,BUF,2.1,2
00-0037742,Treylon Burks,WR,TEN,2023,3,CLE,0.5,1
00-0037744,Trey McBride,TE,ARI,2023,3,DAL,0.2,1
00-0037746,Brian Robinson,RB,WAS,2023,3,BUF,7.0,0
00-0037809,Chig Okonkwo,TE,TEN,2023,3,CLE,0.7,3
00-0037816,Romeo Doubs,WR,GB,2023,3,NO,13.3,5
00-0037834,Brock Purdy,QB,SF,2023,3,NYG,20.3,0
00-0037837,Calvin Austin III,WR,PIT,2023,3,LV,13.2,2
00-0037838,Isaiah Likely,TE,BAL,2023,3,IND,2.0,1
00-0037840,Kyren Williams,RB,LA,2023,3,CIN,6.5,2
00-0038041,Jake Ferguson,TE,DAL,2023,3,ARI,4.8,5
00-0038045,Isaiah Spiller,RB,LAC,2023,3,MIN,0.7,0
00-0038090,Skyy Moore,WR,KC,2023,3,CHI,4.2,4
00-0038098,Pierre Strong,RB,CLE,2023,3,TEN,2.7,0
00-0038102,Kenny Pickett,QB,PIT,2023,3,LV,18.5,0
00-0038115,Daniel Bellinger,TE,NYG,2023,3,SF,0.8,1
00-0038117,Wan'Dale Robinson,WR,NYG,2023,3,SF,2.1,4
00-0038120,Breece Hall,RB,NYJ,2023,3,NE,2.7,1
00-0038122,Desmond Ridder,QB,ATL,2023,3,DET,6.34,0
00-0038129,Cade Otton,TE,TB,2023,3,PHI,1.6,1
00-0038134,Kenneth Walker III,RB,SEA,2023,3,CAR,27.6,3
00-0038393,Dontayvion Wicks,WR,GB,2023,3,NO,4.5,4
00-0038465,Malik Heath,WR,GB,2023,3,NO,0.0,0
00-0038542,Bijan Robinson,RB,ATL,2023,3,DET,6.0,4
00-0038543,Jaxon Smith-Njigba,WR,SEA,2023,3,CAR,1.0,1
00-0038544,Quentin Johnston,WR,LAC,2023,3,MIN,1.0,2
00-0038547,Luke Schoonmaker,TE,DAL,2023,3,ARI,0.0,0
00-0038551,Kendre Miller,RB,NO,2023,3,GB,3.4,1
00-0038555,Tank Bigsby,RB,JAX,2023,3,HOU,7.0,0
00-0038559,Michael Wilson,WR,ARI,2023,3,DAL,8.6,2
00-0038573,Derius Davis,WR,LAC,2023,3,MIN,0.3,1
00-0038576,Charlie Jones,WR,CIN,2023,3,LA,0.6,1
00-0038621,Demario Douglas,WR,NE,2023,3,NYJ,2.0,1
00-0038647,Ronnie Bell,WR,SF,2023,3,NYG,8.4,2
00-0038685,Chris Brooks,RB,MIA,2023,3,DEN,6.6,0
00-0038705,Emari Demercado,RB,ARI,2023,3,DAL,0.2,0
00-0038720,Julian Hill,TE,MIA,2023,3,DEN,0.0,0
00-0038752,Jake Bobo,WR,SEA,2023,3,CAR,6.5,1
00-0038783,Nate Adkins,TE,DEN,2023,3,MIA,1.1,1
00-0038794,Jaleel McLaughlin,RB,DEN,2023,3,MIA,1.5,0
00-0038797,Emanuel Wilson,RB,GB,2023,3,NO,1.2,1
00-0038933,Dalton Kincaid,TE,BUF,2023,3,WAS,0.3,2
00-0038935,Brenton Strange,TE,JAX,2023,3,HOU,0.7,2
00-0038941,Tyler Scott,WR,CHI,2023,3,KC,0.6,1
00-0038951,Sean Tucker,RB,TB,2023,3,PHI,0.1,0
00-0038976,Marvin Mims Jr.,WR,DEN,2023,3,MIA,13.6,3
00-0038977,Tank Dell,WR,HOU,2023,3,JAX,20.5,5
00-0038994,Jordan Addison,WR,MIN,2023,3,LAC,5.2,6
00-0038997,Josh Downs,WR,IND,2023,3,BAL,5.7,8
00-0039021,Roschon Johnson,RB,CHI,2023,3,KC,4.9,2
00-0039032,Tyjae Spears,RB,TEN,2023,3,CLE,0.9,4
00-0039040,De'Von Achane,RB,MIA,2023,3,DEN,47.3,4
00-0039052,Trey Palmer,WR,TB,2023,3,PHI,0.8,1
00-0039062,Jonathan Mingo,WR,CAR,2023,3,SEA,2.1,3
00-0039064,Zay Flowers,WR,BAL,2023,3,IND,5.0,8
00-0039065,Sam LaPorta,TE,DET,2023,3,ATL,14.4,8
00-0039066,Michael Mayer,TE,LV,2023,3,PIT,2.0,0
00-0039067,Rashee Rice,WR,KC,2023,3,CHI,5.9,5
00-0039075,Puka Nacua,WR,LA,2023,3,CIN,7.2,5
00-0039139,Jahmyr Gibbs,RB,DET,2023,3,ATL,8.2,1
00-0039144,Luke Musgrave,TE,GB,2023,3,NO,4.9,6
00-0039146,Jayden Reed,WR,GB,2023,3,NO,6.3,3
00-0039163,C.J. Stroud,QB,HOU,2023,3,JAX,20.6,0
00-0039165,Zach Charbonnet,RB,SEA,2023,3,CAR,4.5,1
00-0024243,Marcedes Lewis,TE,CHI,2023,4,DEN,0.8,1
00-0026498,Matthew Stafford,QB,LA,2023,4,IND,16.16,0
00-0028002,Randall Cobb,WR,NYJ,2023,4,KC,0.8,2
00-0029263,Russell Wilson,QB,DEN,2023,4,CHI,22.22,0
00-0029293,Marvin Jones,WR,DET,2023,4,GB,0.0,0
00-0029604,Kirk Cousins,QB,MIN,2023,4,CAR,9.56,0
00-0029701,Ryan Tannehill,QB,TEN,2023,4,CIN,12.7,0
00-0030035,Adam Thielen,WR,CAR,2023,4,MIN,8.2,7
00-0030061,Zach Ertz,TE,ARI,2023,4,SF,5.3,6
00-0030068,Marquise Goodwin,WR,CLE,2023,4,BAL,0.0,1
00-0030279,Keenan Allen,WR,LAC,2023,4,LV,9.2,3
00-0030431,Robert Woods,WR,HOU,2023,4,PIT,2.6,3
00-0030506,Travis Kelce,TE,KC,2023,4,NYJ,6.0,6
00-0030513,Latavius Murray,RB,BUF,2023,4,MIA,5.6,2
00-0030564,DeAndre Hopkins,WR,TEN,2023,4,CIN,6.3,4
00-0030565,Geno Smith,QB,SEA,2023,4,NYG,8.2,1
00-0030663,Willie Snead,WR,SF,2023,4,ARI,0.9,1
00-0031236,Brandin Cooks,WR,DAL,2023,4,NE,2.7,4
00-0031260,Logan Thomas,TE,WAS,2023,4,PHI,4.3,3
00-0031280,Derek Carr,QB,NO,2023,4,TB,3.18,0
00-0031376,Jerick McKinnon,RB,KC,2023,4,NYJ,0.7,0
00-0031381,Davante Adams,WR,LV,2023,4,LAC,7.5,8
00-0031408,Mike Evans,WR,TB,2023,4,NO,4.0,3
00-0031428,Allen Robinson,WR,PIT,2023,4,HOU,0.8,1
00-0031484,Chris Manhertz,TE,DEN,2023,4,CHI,1.0,1
00-0031503,Jameis Winston,QB,NO,2023,4,TB,-2.0,0
00-0031544,Amari Cooper,WR,CLE,2023,4,BAL,1.6,1
00-0031547,DeVante Parker,WR,NE,2023,4,DAL,3.3,2
00-0031549,Nelson Agholor,WR,BAL,2023,4,CLE,0.4,1
00-0031585,MyCole Pruitt,TE,ATL,2023,4,JAX,0.0,0
00-0031588,Stefon Diggs,WR,BUF,2023,4,MIA,30.0,6
00-0031610,Darren Waller,TE,NYG,2023,4,SEA,2.1,3
00-0031687,Raheem Mostert,RB,MIA,2023,4,BUF,2.5,3
00-0032104,Ameer Abdullah,RB,LV,2023,4,LAC,1.4,2
00-0032134,C.J. Uzomah,TE,NYJ,2023,4,KC,6.1,1
00-0032141,Geoff Swaim,TE,ARI,2023,4,SF,0.0,0
00-0032144,Melvin Gordon,RB,BAL,2023,4,CLE,4.4,1
00-0032211,Tyler Lockett,WR,SEA,2023,4,NYG,5.4,4
00-0032385,Sterling Shepard,WR,NYG,2023,4,SEA,0.6,1
00-0032392,Austin Hooper,TE,LV,2023,4,LAC,1.1,1
00-0032398,Chris Moore,WR,TEN,2023,4,CIN,4.4,1
00-0032464,Kalif Raymond,WR,DET,2023,4,GB,3.8,1
00-0032688,Robbie Chosen,WR,MIA,2023,4,BUF,0.0,0
00-0032764,Derrick Henry,RB,TEN,2023,4,CIN,23.38,1
00-0032765,Michael Thomas,WR,NO,2023,4,TB,5.3,4
00-0033009,Tyler Boyd,WR,CIN,2023,4,TEN,2.6,4
00-0033040,Tyreek Hill,WR,MIA,2023,4,BUF,7.2,3
00-0033045,Ezekiel Elliott,RB,NE,2023,4,DAL,2.2,2
00-0033077,Dak Prescott,QB,DAL,2023,4,NE,14.34,0
00-0033090,Hunter Henry,TE,NE,2023,4,DAL,5.1,4
00-0033106,Jared Goff,QB,DET,2023,4,GB,11.4,0
00-0033110,Tyler Higbee,TE,LA,2023,4,IND,6.4,5
00-0033217,Mo Alie-Cox,TE,IND,2023,4,LA,9.5,1
00-0033251,Zach Pascal,WR,ARI,2023,4,SF,1.0,3
00-0033280,Christian McCaffrey,RB,SF,2023,4,ARI,41.7,7
00-0033282,Curtis Samuel,WR,WAS,2023,4,PHI,11.2,7
00-0033288,George Kittle,TE,SF,2023,4,ARI,0.9,1
00-0033293,Aaron Jones,RB,GB,2023,4,DET,1.4,1
00-0033307,Kendrick Bourne,WR,NE,2023,4,DAL,3.6,2
00-0033308,Matt Breida,RB,NYG,2023,4,SEA,7.8,5
00-0033357,Taysom Hill,TE,NO,2023,4,TB,2.22,1
00-0033466,Isaiah McKenzie,WR,IND,2023,4,LA,0.6,1
00-0033526,Samaje Perine,RB,DEN,2023,4,CHI,3.5,2
00-0033553,James Conner,RB,ARI,2023,4,SF,5.6,1
00-0033555,Mack Hollins,WR,ATL,2023,4,JAX,0.0,0
00-0033662,Cooper Rush,QB,DAL,2023,4,NE,0.6,0
00-0033757,Robert Tonyan,TE,CHI,2023,4,DEN,1.8,2
00-0033857,JuJu Smith-Schuster,WR,NE,2023,4,DAL,1.4,1
00-0033858,Jonnu Smith,TE,ATL,2023,4,JAX,9.5,6
00-0033869,Mitchell Trubisky,QB,PIT,2023,4,HOU,0.72,0
00-0033873,Patrick Mahomes,QB,KC,2023,4,NYJ,13.22,0
00-0033881,Evan Engram,TE,JAX,2023,4,ATL,5.9,7
00-0033885,David Njoku,TE,CLE,2023,4,BAL,4.6,6
00-0033893,Dalvin Cook,RB,NYJ,2023,4,KC,1.8,1
00-0033895,Gerald Everett,TE,LAC,2023,4,LV,0.9,2
00-0033897,Joe Mixon,RB,CIN,2023,4,TEN,7.6,1
00-0033906,Alvin Kamara,RB,NO,2023,4,TB,8.4,13
00-0033921,Chris Godwin,WR,TB,2023,4,NO,11.4,8
00-0033923,Kareem Hunt,RB,CLE,2023,4,BAL,1.2,0
00-0033943,Josh Reynolds,WR,DET,2023,4,GB,6.9,3
00-0033949,Joshua Dobbs,QB,ARI,2023,4,SF,23.4,0
00-0034184,Gus Edwards,RB,BAL,2023,4,CLE,4.9,2
00-0034208,Mike Boone,RB,HOU,2023,4,PIT,0.4,0
00-0034270,Tyler Conklin,TE,NYJ,2023,4,KC,5.8,4
00-0034272,Marquez Valdes-Scantling,WR,KC,2023,4,NYJ,0.6,1
00-0034279,Equanimeous St. Brown,WR,CHI,2023,4,DEN,2.1,1
00-0034297,Byron Pringle,WR,WAS,2023,4,PHI,1.5,1
00-0034348,Courtland Sutton,WR,DEN,2023,4,CHI,8.7,3
00-0034351,Dallas Goedert,TE,PHI,2023,4,WAS,2.5,2
00-0034364,Jordan Akins,TE,CLE,2023,4,BAL,0.6,1
00-0034365,Ian Thomas,TE,CAR,2023,4,MIN,0.0,0
00-0034383,Dalton Schultz,TE,HOU,2023,4,PIT,10.2,3
00-0034386,Justin Watson,WR,KC,2023,4,NYJ,0.5,1
00-0034407,Ray-Ray McCloud,WR,SF,2023,4,ARI,2.2,2
00-0034418,Cedrick Wilson Jr.,WR,MIA,2023,4,BUF,1.6,1
00-0034419,Braxton Berrios,WR,MIA,2023,4,BUF,11.4,6
00-0034487,Trent Sherfield,WR,BUF,2023,4,MIA,1.8,2
00-0034521,Allen Lazard,WR,NYJ,2023,4,KC,12.1,3
00-0034577,Kyle Allen,QB,BUF,2023,4,MIA,-0.3,0
00-0034613,Tanner Hudson,TE,CIN,2023,4,TEN,1.8,2
00-0034753,Mark Andrews,TE,BAL,2023,4,CLE,20.0,5
00-0034764,Michael Gallup,WR,DAL,2023,4,NE,6.0,5
00-0034775,Christian Kirk,WR,JAX,2023,4,ATL,8.4,8
00-0034777,DJ Chark,WR,CAR,2023,4,MIN,2.8,2
00-0034796,Lamar Jackson,QB,BAL,2023,4,CLE,28.14,0
00-0034798,Durham Smythe,TE,MIA,2023,4,BUF,4.1,4
00-0034827,DJ Moore,WR,CHI,2023,4,DEN,19.1,8
00-0034829,Mike Gesicki,TE,NE,2023,4,DAL,1.2,1
00-0034830,Hayden Hurst,TE,CAR,2023,4,MIN,0.7,1
00-0034837,Calvin Ridley,WR,JAX,2023,4,ATL,9.8,2
00-0034854,KhaDarel Hodge,WR,ATL,2023,4,JAX,1.9,2
00-0034855,Baker Mayfield,QB,TB,2023,4,NO,22.94,0
00-0034857,Josh Allen,QB,BUF,2023,4,MIA,36.5,0
00-0034869,Sam Darnold,QB,SF,2023,4,ARI,-0.1,0
00-0034960,Jakobi Meyers,WR,LV,2023,4,LAC,3.3,2
00-0034972,Alexander Mattison,RB,MIN,2023,4,CAR,9.8,1
00-0034975,Justice Hill,RB,BAL,2023,4,CLE,3.3,0
00-0034983,Hunter Renfrow,WR,LV,2023,4,LAC,1.2,2
00-0035164,Cody Thompson,WR,SEA,2023,4,NYG,1.0,1
00-0035208,Olamide Zaccheaus,WR,PHI,2023,4,WAS,1.1,1
00-0035215,Deonte Harty,WR,BUF,2023,4,MIA,1.0,2
00-0035229,T.J. Hockenson,TE,MIN,2023,4,CAR,2.4,2
00-0035243,Miles Sanders,RB,CAR,2023,4,MIN,3.2,3
00-0035250,Devin Singletary,RB,HOU,2023,4,PIT,7.84,1
00-0035261,Tony Pollard,RB,DAL,2023,4,NE,6.0,3
00-0035291,Trayveon Williams,RB,CIN,2023,4,TEN,0.4,0
00-0035329,Donald Parham,TE,LAC,2023,4,LV,0.0,0
00-0035341,Trenton Irwin,WR,CIN,2023,4,TEN,1.7,1
00-0035406,Lil'Jordan Humphrey,WR,DEN,2023,4,CHI,1.1,1
00-0035535,Darius Slayton,WR,NYG,2023,4,SEA,2.3,2
00-0035628,D'Ernest Johnson,RB,JAX,2023,4,ATL,-0.2,0
00-0035631,Drew Sample,TE,CIN,2023,4,TEN,-0.1,1
00-0035639,Parris Campbell,WR,NYG,2023,4,SEA,1.5,3
00-0035640,DK Metcalf,WR,SEA,2023,4,NYG,9.4,3
00-0035644,Noah Fant,TE,SEA,2023,4,NYG,6.3,2
00-0035657,Damien Harris,RB,BUF,2023,4,MIA,2.9,0
00-0035659,Terry McLaurin,WR,WAS,2023,4,PHI,8.6,8
00-0035662,Marquise Brown,WR,ARI,2023,4,SF,9.6,7
00-0035676,A.J. Brown,WR,PHI,2023,4,WAS,29.5,9
00-0035685,David Montgomery,RB,DET,2023,4,GB,32.1,2
00-0035689,Dawson Knox,TE,BUF,2023,4,MIA,1.2,1
00-0035700,Josh Jacobs,RB,LV,2023,4,LAC,19.9,8
00-0035704,Drew Lock,QB,SEA,2023,4,NYG,3.62,0
00-0035710,Daniel Jones,QB,NYG,2023,4,SEA,8.72,0
00-0035719,Deebo Samuel Sr.,WR,SF,2023,4,ARI,0.6,0
00-0035771,Mitchell Wilcox,TE,CIN,2023,4,TEN,0.7,1
00-0035806,JaMycal Hasty,RB,JAX,2023,4,ATL,0.0,0
00-0035993,Tyler Huntley,QB,BAL,2023,4,CLE,0.8,0
00-0036139,Rico Dowdle,RB,DAL,2023,4,NE,1.7,1
00-0036165,Isaiah Hodgins,WR,NYG,2023,4,SEA,2.4,3
00-0036182,Nick Westbrook-Ikhine,WR,TEN,2023,4,CIN,11.1,5
00-0036196,Gabe Davis,WR,BUF,2023,4,MIA,12.1,3
00-0036212,Tua Tagovailoa,QB,MIA,2023,4,BUF,13.98,0
00-0036232,Harrison Bryant,TE,CLE,2023,4,BAL,0.4,1
00-0036233,Donovan Peoples-Jones,WR,CLE,2023,4,BAL,0.7,1
00-0036244,Colby Parkinson,TE,SEA,2023,4,NYG,0.0,0
00-0036251,Zack Moss,RB,IND,2023,4,LA,9.0,0
00-0036252,Michael Pittman,WR,IND,2023,4,LA,3.5,1
00-0036261,Brandon Aiyuk,WR,SF,2023,4,ARI,14.8,6
00-0036264,Jordan Love,QB,GB,2023,4,DET,17.64,0
00-0036265,AJ Dillon,RB,GB,2023,4,DET,1.1,0
00-0036268,Laviska Shenault Jr.,WR,CAR,2023,4,MIN,1.9,1
00-0036275,D'Andre Swift,RB,PHI,2023,4,WAS,13.9,4
00-0036290,Cole Kmet,TE,CHI,2023,4,DEN,20.6,7
00-0036309,Darnell Mooney,WR,CHI,2023,4,DEN,5.1,4
00-0036322,Justin Jefferson,WR,MIN,2023,4,CAR,20.5,6
00-0036328,Antonio Gibson,RB,WAS,2023,4,PHI,2.6,1
00-0036331,Devin Duvernay,WR,BAL,2023,4,CLE,0.8,2
00-0036332,Josiah Deguara,TE,GB,2023,4,DET,3.4,4
00-0036345,K.J. Osborn,WR,MIN,2023,4,CAR,1.6,1
00-0036355,Justin Herbert,QB,LAC,2023,4,LV,23.38,0
00-0036358,CeeDee Lamb,WR,DAL,2023,4,NE,10.8,4
00-0036360,Clyde Edwards-Helaire,RB,KC,2023,4,NYJ,1.3,1
00-0036364,Lynn Bowden,WR,NO,2023,4,TB,0.0,0
00-0036370,Joshua Kelley,RB,LAC,2023,4,LV,6.5,0
00-0036389,Jalen Hurts,QB,PHI,2023,4,WAS,24.16,0
00-0036407,Jerry Jeudy,WR,DEN,2023,4,CHI,5.2,3
00-0036410,Tee Higgins,WR,CIN,2023,4,TEN,1.9,2
00-0036414,Cam Akers,RB,MIN,2023,4,CAR,5.1,2
00-0036415,Van Jefferson,WR,LA,2023,4,IND,2.9,2
00-0036422,Adam Trautman,TE,DEN,2023,4,CHI,0.0,0
00-0036424,Brycen Hopkins,TE,LA,2023,4,IND,0.5,1
00-0036425,DeeJay Dallas,RB,SEA,2023,4,NYG,0.0,0
00-0036442,Joe Burrow,QB,CIN,2023,4,TEN,4.7,0
00-0036450,Ke'Shawn Vaughn,RB,TB,2023,4,NO,1.9,1
00-0036497,Tim Jones,WR,JAX,2023,4,ATL,-0.1,1
00-0036554,Nico Collins,WR,HOU,2023,4,PIT,28.8,7
00-0036555,Chuba Hubbard,RB,CAR,2023,4,MIN,5.3,2
00-0036569,Gary Brightwell,RB,NYG,2023,4,SEA,1.9,1
00-0036613,Jaylen Waddle,WR,MIA,2023,4,BUF,4.6,4
00-0036626,Dyami Brown,WR,WAS,2023,4,PHI,5.1,2
00-0036628,John Bates,TE,WAS,2023,4,PHI,0.6,1
00-0036637,Noah Gray,TE,KC,2023,4,NYJ,9.4,1
00-0036849,Tutu Atwell,WR,LA,2023,4,IND,2.4,5
00-0036875,Rhamondre Stevenson,RB,NE,2023,4,DAL,4.0,2
00-0036876,Kylen Granson,TE,IND,2023,4,LA,2.4,2
00-0036887,Luke Farrell,TE,JAX,2023,4,ATL,1.0,2
00-0036893,Najee Harris,RB,PIT,2023,4,HOU,10.3,1
00-0036894,Pat Freiermuth,TE,PIT,2023,4,HOU,0.7,3
00-0036900,Ja'Marr Chase,WR,CIN,2023,4,TEN,7.3,7
00-0036906,Khalil Herbert,RB,CHI,2023,4,DEN,18.2,4
00-0036912,DeVonta Smith,WR,PHI,2023,4,WAS,7.8,7
00-0036913,Kadarius Toney,WR,KC,2023,4,NYJ,2.2,2
00-0036919,Kenneth Gainwell,RB,PHI,2023,4,WAS,4.1,2
00-0036924,Michael Carter,RB,NYJ,2023,4,KC,2.1,2
00-0036936,Rondale Moore,WR,ARI,2023,4,SF,0.0,0
00-0036945,Justin Fields,QB,CHI,2023,4,DEN,27.9,0
00-0036955,Terrace Marshall Jr.,WR,CAR,2023,4,MIN,5.6,9
00-0036963,Amon-Ra St. Brown,WR,DET,2023,4,GB,11.6,5
00-0036970,Kyle Pitts,TE,ATL,2023,4,JAX,2.1,2
00-0036971,Trevor Lawrence,QB,JAX,2023,4,ATL,16.48,0
00-0036972,Mac Jones,QB,NE,2023,4,DAL,0.7,0
00-0036973,Travis Etienne,RB,JAX,2023,4,ATL,7.2,3
00-0036980,Elijah Moore,WR,CLE,2023,4,BAL,0.0,2
00-0036984,Trey Sermon,RB,IND,2023,4,LA,0.7,0
00-0036988,Josh Palmer,WR,LAC,2023,4,LV,7.7,3
00-0036997,Javonte Williams,RB,DEN,2023,4,CHI,0.9,3
00-0037013,Zach Wilson,QB,NYJ,2023,4,KC,19.2,0
00-0037077,Sam Howell,QB,WAS,2023,4,PHI,19.6,0
00-0037098,Samori Toure,WR,GB,2023,4,DET,3.5,1
00-0037197,Isiah Pacheco,RB,KC,2023,4,NYJ,21.8,3
00-0037228,Jaylen Warren,RB,PIT,2023,4,HOU,5.5,6
00-0037238,Drake London,WR,ATL,2023,4,JAX,8.8,3
00-0037239,Chris Olave,WR,NO,2023,4,TB,0.4,1
00-0037247,George Pickens,WR,PIT,2023,4,HOU,2.5,3
00-0037248,James Cook,RB,BUF,2023,4,MIA,13.7,1
00-0037256,Rachaad White,RB,TB,2023,4,NO,7.8,3
00-0037258,Dameon Pierce,RB,HOU,2023,4,PIT,10.8,1
00-0037261,Khalil Shakir,WR,BUF,2023,4,MIA,0.0,0
00-0037263,Tyler Allgeier,RB,ATL,2023,4,JAX,1.2,1
00-0037267,Jerome Ford,RB,CLE,2023,4,BAL,4.5,5
00-0037292,Andrew Ogletree,TE,IND,2023,4,LA,10.8,3
00-0037382,Brandon Johnson,WR,DEN,2023,4,CHI,6.4,1
00-0037475,Stone Smartt,TE,LAC,2023,4,LV,0.0,0
00-0037487,Deven Thompkins,WR,TB,2023,4,NO,11.6,4
00-0037525,Jordan Mason,RB,SF,2023,4,ARI,2.3,1
00-0037545,Rashid Shaheed,WR,NO,2023,4,TB,3.3,3
00-0037557,Ronnie Rivers,RB,LA,2023,4,IND,5.7,2
00-0037614,John Metchie III,WR,HOU,2023,4,PIT,2.2,1
00-0037664,Alec Pierce,WR,IND,2023,4,LA,3.8,1
00-0037666,Jalen Tolbert,WR,DAL,2023,4,NE,5.3,4
00-0037740,Garrett Wilson,WR,NYJ,2023,4,KC,6.0,9
00-0037741,Jahan Dotson,WR,WAS,2023,4,PHI,8.7,4
00-0037744,Trey McBride,TE,ARI,2023,4,SF,0.5,1
00-0037745,Velus Jones Jr.,RB,CHI,2023,4,DEN,1.0,0
00-0037746,Brian Robinson,RB,WAS,2023,4,PHI,11.1,2
00-0037801,KaVontae Turpin,WR,DAL,2023,4,NE,5.1,1
00-0037805,Jeremy Ruckert,TE,NYJ,2023,4,KC,2.6,2
00-0037809,Chig Okonkwo,TE,TEN,2023,4,CIN,2.9,3
00-0037816,Romeo Doubs,WR,GB,2023,4,DET,9.5,9
00-0037834,Brock Purdy,QB,SF,2023,4,ARI,21.32,0
00-0037837,Calvin Austin III,WR,PIT,2023,4,HOU,2.9,3
00-0037840,Kyren Williams,RB,LA,2023,4,IND,24.7,3
00-0038040,Zamir White,RB,LV,2023,4,LAC,1.5,0
00-0038041,Jake Ferguson,TE,DAL,2023,4,NE,7.7,7
00-0038045,Isaiah Spiller,RB,LAC,2023,4,LV,2.7,2
00-0038090,Skyy Moore,WR,KC,2023,4,NYJ,1.9,0
00-0038098,Pierre Strong,RB,CLE,2023,4,BAL,4.9,0
00-0038102,Kenny Pickett,QB,PIT,2023,4,HOU,3.46,0
00-0038108,Bailey Zappe,QB,NE,2023,4,DAL,2.28,0
00-0038115,Daniel Bellinger,TE,NYG,2023,4,SEA,0.6,1
00-0038117,Wan'Dale Robinson,WR,NYG,2023,4,SEA,4.7,5
00-0038120,Breece Hall,RB,NYJ,2023,4,KC,6.9,3
00-0038122,Desmond Ridder,QB,ATL,2023,4,JAX,6.24,0
00-0038124,Christian Watson,WR,GB,2023,4,DET,8.5,2
00-0038129,Cade Otton,TE,TB,2023,4,NO,7.3,3
00-0038134,Kenneth Walker III,RB,SEA,2023,4,NYG,13.9,0
00-0038393,Dontayvion Wicks,WR,GB,2023,4,DET,0.0,0
00-0038496,Xavier Gipson,WR,NYJ,2023,4,KC,1.7,1
00-0038542,Bijan Robinson,RB,ATL,2023,4,JAX,13.7,5
00-0038543,Jaxon Smith-Njigba,WR,SEA,2023,4,NYG,0.5,3
00-0038544,Quentin Johnston,WR,LAC,2023,4,LV,1.8,1
00-0038547,Luke Schoonmaker,TE,DAL,2023,4,NE,0.0,0
00-0038551,Kendre Miller,RB,NO,2023,4,TB,0.8,1
00-0038555,Tank Bigsby,RB,JAX,2023,4,ATL,1.0,0
00-0038558,Darnell Washington,TE,PIT,2023,4,HOU,1.0,1
00-0038559,Michael Wilson,WR,ARI,2023,4,SF,19.6,7
00-0038573,Derius Davis,WR,LAC,2023,4,LV,6.7,2
00-0038579,Aidan O'Connell,QB,LV,2023,4,LAC,9.82,0
00-0038583,Dorian Thompson-Robinson,QB,CLE,2023,4,BAL,1.24,0
00-0038589,Josh Whyle,TE,TEN,2023,4,CIN,8.6,2
00-0038597,Chase Brown,RB,CIN,2023,4,TEN,-0.3,1
00-0038621,Demario Douglas,WR,NE,2023,4,DAL,4.5,2
00-0038622,Deuce Vaughn,RB,DAL,2023,4,NE,1.1,1
00-0038632,Colton Dowell,WR,TEN,2023,4,CIN,0.0,0
00-0038647,Ronnie Bell,WR,SF,2023,4,ARI,0.7,1
00-0038705,Emari Demercado,RB,ARI,2023,4,SF,2.4,3
00-0038752,Jake Bobo,WR,SEA,2023,4,NYG,0.0,0
00-0038783,Nate Adkins,TE,DEN,2023,4,CHI,0.8,2
00-0038794,Jaleel McLaughlin,RB,DEN,2023,4,CHI,16.4,3
00-0038821,Rakim Jarrett,WR,TB,2023,4,NO,0.3,1
00-0038933,Dalton Kincaid,TE,BUF,2023,4,MIA,2.7,4
00-0038938,Jalin Hyatt,WR,NYG,2023,4,SEA,1.0,2
00-0038941,Tyler Scott,WR,CHI,2023,4,DEN,1.9,0
00-0038976,Marvin Mims Jr.,WR,DEN,2023,4,CHI,4.7,2
00-0038977,Tank Dell,WR,HOU,2023,4,PIT,2.9,1
00-0038979,Cedric Tillman,WR,CLE,2023,4,BAL,0.5,1
00-0038994,Jordan Addison,WR,MIN,2023,4,CAR,0.0,0
00-0038996,Tucker Kraft,TE,GB,2023,4,DET,0.5,2
00-0038997,Josh Downs,WR,IND,2023,4,LA,3.4,2
00-0039021,Roschon Johnson,RB,CHI,2023,4,DEN,1.5,1
00-0039032,Tyjae Spears,RB,TEN,2023,4,CIN,5.8,3
00-0039040,De'Von Achane,RB,MIA,2023,4,BUF,24.0,3
00-0039052,Trey Palmer,WR,TB,2023,4,NO,6.6,2
00-0039064,Zay Flowers,WR,BAL,2023,4,CLE,5.0,3
00-0039065,Sam LaPorta,TE,DET,2023,4,GB,5.6,4
00-0039067,Rashee Rice,WR,KC,2023,4,NYJ,3.2,3
00-0039075,Puka Nacua,WR,LA,2023,4,IND,22.3,9
00-0039139,Jahmyr Gibbs,RB,DET,2023,4,GB,5.1,4
00-0039144,Luke Musgrave,TE,GB,2023,4,DET,0.1,1
00-0039146,Jayden Reed,WR,GB,2023,4,DET,7.5,3
00-0039150,Bryce Young,QB,CAR,2023,4,MIN,7.16,0
00-0039163,C.J. Stroud,QB,HOU,2023,4,PIT,21.84,0
00-0039164,Anthony Richardson,QB,IND,2023,4,LA,29.6,0
00-0039165,Zach Charbonnet,RB,SEA,2023,4,NYG,4.0,1
00-0026498,Matthew Stafford,QB,LA,2023,5,PHI,16.88,0
00-0027696,Jimmy Graham,TE,NO,2023,5,NE,0.0,0
00-0027973,Andy Dalton,QB,CAR,2023,5,DET,0.1,0
00-0028002,Randall Cobb,WR,NYJ,2023,5,DEN,0.0,0
00-0028118,Tyrod Taylor,QB,NYG,2023,5,MIA,4.84,0
00-0029263,Russell Wilson,QB,DEN,2023,5,NYJ,18.74,0
00-0029293,Marvin Jones,WR,DET,2023,5,CAR,2.2,2
00-0029604,Kirk Cousins,QB,MIN,2023,5,KC,19.86,0
00-0029701,Ryan Tannehill,QB,TEN,2023,5,IND,9.76,0
00-0030035,Adam Thielen,WR,CAR,2023,5,DET,16.7,11
00-0030061,Zach Ertz,TE,ARI,2023,5,CIN,7.0,2
00-0030431,Robert Woods,WR,HOU,2023,5,ATL,3.0,3
00-0030506,Travis Kelce,TE,KC,2023,5,MIN,12.7,10
00-0030513,Latavius Murray,RB,BUF,2023,5,JAX,0.7,1
00-0030564,DeAndre Hopkins,WR,TEN,2023,5,IND,14.0,8
00-0030578,Cordarrelle Patterson,RB,ATL,2023,5,HOU,0.7,1
00-0031235,Odell Beckham,WR,BAL,2023,5,PIT,1.3,2
00-0031236,Brandin Cooks,WR,DAL,2023,5,SF,1.3,1
00-0031237,Teddy Bridgewater,QB,DET,2023,5,CAR,-0.2,0
00-0031260,Logan Thomas,TE,WAS,2023,5,CHI,11.7,9
00-0031280,Derek Carr,QB,NO,2023,5,NE,15.72,0
00-0031345,Jimmy Garoppolo,QB,LV,2023,5,GB,10.72,0
00-0031376,Jerick McKinnon,RB,KC,2023,5,MIN,2.5,2
00-0031381,Davante Adams,WR,LV,2023,5,GB,4.5,4
00-0031428,Allen Robinson,WR,PIT,2023,5,BAL,2.9,5
00-0031503,Jameis Winston,QB,NO,2023,5,NE,-0.4,0
00-0031547,DeVante Parker,WR,NE,2023,5,NO,2.0,2
00-0031549,Nelson Agholor,WR,BAL,2023,5,PIT,6.4,4
00-0031585,MyCole Pruitt,TE,ATL,2023,5,HOU,2.2,1
00-0031588,Stefon Diggs,WR,BUF,2023,5,JAX,16.1,8
00-0031610,Darren Waller,TE,NYG,2023,5,MIA,8.6,8
00-0031687,Raheem Mostert,RB,MIA,2023,5,NYG,13.8,2
00-0031763,DeAndre Carter,WR,LV,2023,5,GB,0.3,0
00-0031941,Jamison Crowder,WR,WAS,2023,5,CHI,2.1,2
00-0032104,Ameer Abdullah,RB,LV,2023,5,GB,1.5,1
00-0032134,C.J. Uzomah,TE,NYJ,2023,5,DEN,1.2,2
00-0032141,Geoff Swaim,TE,ARI,2023,5,CIN,2.2,2
00-0032200,Ty Montgomery,WR,NE,2023,5,NO,0.5,1
00-0032385,Sterling Shepard,WR,NYG,2023,5,MIA,1.3,1
00-0032392,Austin Hooper,TE,LV,2023,5,GB,1.1,2
00-0032464,Kalif Raymond,WR,DET,2023,5,CAR,4.5,3
00-0032764,Derrick Henry,RB,TEN,2023,5,IND,6.2,3
00-0032765,Michael Thomas,WR,NO,2023,5,NE,6.5,4
00-0033009,Tyler Boyd,WR,CIN,2023,5,ARI,3.9,6
00-0033040,Tyreek Hill,WR,MIA,2023,5,NYG,24.1,8
00-0033045,Ezekiel Elliott,RB,NE,2023,5,NO,3.8,4
00-0033077,Dak Prescott,QB,DAL,2023,5,SF,4.32,0
00-0033090,Hunter Henry,TE,NE,2023,5,NO,0.0,0
00-0033106,Jared Goff,QB,DET,2023,5,CAR,27.44,0
00-0033110,Tyler Higbee,TE,LA,2023,5,PHI,2.0,2
00-0033217,Mo Alie-Cox,TE,IND,2023,5,TEN,1.7,1
00-0033246,Johnny Mundt,TE,MIN,2023,5,KC,1.1,1
00-0033251,Zach Pascal,WR,ARI,2023,5,CIN,0.0,0
00-0033280,Christian McCaffrey,RB,SF,2023,5,DAL,11.8,2
00-0033282,Curtis Samuel,WR,WAS,2023,5,CHI,12.5,6
00-0033288,George Kittle,TE,SF,2023,5,DAL,24.7,3
00-0033307,Kendrick Bourne,WR,NE,2023,5,NO,4.3,2
00-0033308,Matt Breida,RB,NYG,2023,5,MIA,2.4,1
00-0033357,Taysom Hill,TE,NO,2023,5,NE,2.0,1
00-0033466,Isaiah McKenzie,WR,IND,2023,5,TEN,0.4,0
00-0033526,Samaje Perine,RB,DEN,2023,5,NYJ,7.5,4
00-0033553,James Conner,RB,ARI,2023,5,CIN,4.6,0
00-0033555,Mack Hollins,WR,ATL,2023,5,HOU,2.9,2
00-0033572,Jamal Agnew,WR,JAX,2023,5,BUF,0.1,0
00-0033662,Cooper Rush,QB,DAL,2023,5,SF,0.12,0
00-0033757,Robert Tonyan,TE,CHI,2023,5,WAS,1.0,2
00-0033857,JuJu Smith-Schuster,WR,NE,2023,5,NO,0.6,3
00-0033858,Jonnu Smith,TE,ATL,2023,5,HOU,4.7,6
00-0033873,Patrick Mahomes,QB,KC,2023,5,MIN,19.24,0
00-0033881,Evan Engram,TE,JAX,2023,5,BUF,2.8,4
00-0033891,Zay Jones,WR,JAX,2023,5,BUF,8.3,3
00-0033893,Dalvin Cook,RB,NYJ,2023,5,DEN,2.3,0
00-0033897,Joe Mixon,RB,CIN,2023,5,ARI,9.4,4
00-0033906,Alvin Kamara,RB,NO,2023,5,NE,15.7,3
00-0033908,Cooper Kupp,WR,LA,2023,5,PHI,11.8,8
00-0033943,Josh Reynolds,WR,DET,2023,5,CAR,13.6,4
00-0033949,Joshua Dobbs,QB,ARI,2023,5,CIN,8.74,0
00-0034184,Gus Edwards,RB,BAL,2023,5,PIT,4.8,0
00-0034270,Tyler Conklin,TE,NYJ,2023,5,DEN,6.7,4
00-0034272,Marquez Valdes-Scantling,WR,KC,2023,5,MIN,1.2,1
00-0034279,Equanimeous St. Brown,WR,CHI,2023,5,WAS,0.0,0
00-0034297,Byron Pringle,WR,WAS,2023,5,CHI,1.0,1
00-0034317,Keith Kirkwood,WR,NO,2023,5,NE,0.1,1
00-0034348,Courtland Sutton,WR,DEN,2023,5,NYJ,1.3,1
00-0034351,Dallas Goedert,TE,PHI,2023,5,LA,17.7,8
00-0034365,Ian Thomas,TE,CAR,2023,5,DET,2.8,1
00-0034383,Dalton Schultz,TE,HOU,2023,5,ATL,12.5,7
00-0034386,Justin Watson,WR,KC,2023,5,MIN,5.6,2
00-0034407,Ray-Ray McCloud,WR,SF,2023,5,DAL,0.1,1
00-0034418,Cedrick Wilson Jr.,WR,MIA,2023,5,NYG,5.2,4
00-0034419,Braxton Berrios,WR,MIA,2023,5,NYG,1.3,2
00-0034487,Trent Sherfield,WR,BUF,2023,5,JAX,0.3,1
00-0034521,Allen Lazard,WR,NYJ,2023,5,DEN,3.3,3
00-0034646,Brandon Powell,WR,MIN,2023,5,KC,5.2,4
00-0034753,Mark Andrews,TE,BAL,2023,5,PIT,6.5,6
00-0034764,Michael Gallup,WR,DAL,2023,5,SF,1.5,2
00-0034775,Christian Kirk,WR,JAX,2023,5,BUF,8.4,6
00-0034777,DJ Chark,WR,CAR,2023,5,DET,10.2,3
00-0034796,Lamar Jackson,QB,BAL,2023,5,PIT,9.94,0
00-0034827,DJ Moore,WR,CHI,2023,5,WAS,41.0,8
00-0034829,Mike Gesicki,TE,NE,2023,5,NO,1.7,2
00-0034830,Hayden Hurst,TE,CAR,2023,5,DET,2.1,3
00-0034837,Calvin Ridley,WR,JAX,2023,5,BUF,13.6,7
00-0034854,KhaDarel Hodge,WR,ATL,2023,5,HOU,1.1,1
00-0034857,Josh Allen,QB,BUF,2023,5,JAX,27.76,0
00-0034869,Sam Darnold,QB,SF,2023,5,DAL,-0.06,0
00-0034960,Jakobi Meyers,WR,LV,2023,5,GB,13.5,7
00-0034972,Alexander Mattison,RB,MIN,2023,5,KC,10.6,2
00-0034975,Justice Hill,RB,BAL,2023,5,PIT,8.5,4
00-0034981,Foster Moreau,TE,NO,2023,5,NE,6.6,1
00-0034983,Hunter Renfrow,WR,LV,2023,5,GB,0.7,1
00-0035215,Deonte Harty,WR,BUF,2023,5,JAX,6.2,2
00-0035229,T.J. Hockenson,TE,MIN,2023,5,KC,5.1,5
00-0035243,Miles Sanders,RB,CAR,2023,5,DET,1.2,0
00-0035249,Josh Oliver,TE,MIN,2023,5,KC,-0.5,1
00-0035250,Devin Singletary,RB,HOU,2023,5,ATL,0.0,0
00-0035259,Trevon Wesco,TE,TEN,2023,5,IND,2.1,1
00-0035261,Tony Pollard,RB,DAL,2023,5,SF,4.4,4
00-0035289,Gardner Minshew,QB,IND,2023,5,TEN,6.3,0
00-0035291,Trayveon Williams,RB,CIN,2023,5,ARI,0.5,0
00-0035298,Scott Miller,WR,ATL,2023,5,HOU,1.0,2
00-0035341,Trenton Irwin,WR,CIN,2023,5,ARI,6.0,8
00-0035535,Darius Slayton,WR,NYG,2023,5,MIA,3.5,2
00-0035567,Craig Reynolds,RB,DET,2023,5,CAR,11.2,0
00-0035639,Parris Campbell,WR,NYG,2023,5,MIA,2.3,2
00-0035657,Damien Harris,RB,BUF,2023,5,JAX,1.3,0
00-0035659,Terry McLaurin,WR,WAS,2023,5,CHI,4.9,4
00-0035662,Marquise Brown,WR,ARI,2023,5,CIN,12.1,4
00-0035676,A.J. Brown,WR,PHI,2023,5,LA,12.7,6
00-0035685,David Montgomery,RB,DET,2023,5,CAR,18.9,2
00-0035689,Dawson Knox,TE,BUF,2023,5,JAX,1.7,3
00-0035700,Josh Jacobs,RB,LV,2023,5,GB,14.9,5
00-0035703,Miles Boykin,WR,PIT,2023,5,BAL,0.0,0
00-0035710,Daniel Jones,QB,NYG,2023,5,MIA,7.16,0
00-0035719,Deebo Samuel Sr.,WR,SF,2023,5,DAL,8.5,3
00-0035973,Patrick Taylor,RB,GB,2023,5,LV,0.7,2
00-0036139,Rico Dowdle,RB,DAL,2023,5,SF,1.5,0
00-0036165,Isaiah Hodgins,WR,NYG,2023,5,MIA,1.9,2
00-0036182,Nick Westbrook-Ikhine,WR,TEN,2023,5,IND,0.9,1
00-0036196,Gabe Davis,WR,BUF,2023,5,JAX,16.0,6
00-0036212,Tua Tagovailoa,QB,MIA,2023,5,NYG,16.92,0
00-0036223,Jonathan Taylor,RB,IND,2023,5,TEN,3.4,1
00-0036251,Zack Moss,RB,IND,2023,5,TEN,31.5,2
00-0036252,Michael Pittman,WR,IND,2023,5,TEN,5.2,5
00-0036259,Jauan Jennings,WR,SF,2023,5,DAL,1.9,1
00-0036261,Brandon Aiyuk,WR,SF,2023,5,DAL,5.8,4
00-0036264,Jordan Love,QB,GB,2023,5,LV,4.98,0
00-0036265,AJ Dillon,RB,GB,2023,5,LV,13.6,0
00-0036268,Laviska Shenault Jr.,WR,CAR,2023,5,DET,2.7,0
00-0036271,Quez Watkins,WR,PHI,2023,5,LA,0.4,2
00-0036275,D'Andre Swift,RB,PHI,2023,5,LA,10.8,6
00-0036290,Cole Kmet,TE,CHI,2023,5,WAS,10.2,5
00-0036309,Darnell Mooney,WR,CHI,2023,5,WAS,0.0,0
00-0036322,Justin Jefferson,WR,MIN,2023,5,KC,2.8,3
00-0036328,Antonio Gibson,RB,WAS,2023,5,CHI,6.4,4
00-0036331,Devin Duvernay,WR,BAL,2023,5,PIT,0.0,0
00-0036332,Josiah Deguara,TE,GB,2023,5,LV,1.9,1
00-0036345,K.J. Osborn,WR,MIN,2023,5,KC,4.9,5
00-0036358,CeeDee Lamb,WR,DAL,2023,5,SF,4.9,4
00-0036360,Clyde Edwards-Helaire,RB,KC,2023,5,MIN,0.4,0
00-0036389,Jalen Hurts,QB,PHI,2023,5,LA,27.32,0
00-0036407,Jerry Jeudy,WR,DEN,2023,5,NYJ,5.0,6
00-0036414,Cam Akers,RB,MIN,2023,5,KC,1.8,2
00-0036422,Adam Trautman,TE,DEN,2023,5,NYJ,8.6,4
00-0036442,Joe Burrow,QB,CIN,2023,5,ARI,23.38,0
00-0036497,Tim Jones,WR,JAX,2023,5,BUF,0.0,0
00-0036550,Rashod Bateman,WR,BAL,2023,5,PIT,0.8,1
00-0036554,Nico Collins,WR,HOU,2023,5,ATL,3.9,3
00-0036555,Chuba Hubbard,RB,CAR,2023,5,DET,3.5,1
00-0036613,Jaylen Waddle,WR,MIA,2023,5,NYG,9.5,5
00-0036626,Dyami Brown,WR,WAS,2023,5,CHI,1.1,1
00-0036628,John Bates,TE,WAS,2023,5,CHI,1.9,2
00-0036637,Noah Gray,TE,KC,2023,5,MIN,2.1,2
00-0036741,Jack Stoll,TE,PHI,2023,5,LA,0.4,1
00-0036754,Brock Wright,TE,DET,2023,5,CAR,1.6,3
00-0036849,Tutu Atwell,WR,LA,2023,5,PHI,6.9,2
00-0036862,Ben Skowronek,WR,LA,2023,5,PHI,0.0,0
00-0036875,Rhamondre Stevenson,RB,NE,2023,5,NO,2.4,0
00-0036876,Kylen Granson,TE,IND,2023,5,TEN,1.5,2
00-0036887,Luke Farrell,TE,JAX,2023,5,BUF,1.6,1
00-0036893,Najee Harris,RB,PIT,2023,5,BAL,4.0,1
00-0036900,Ja'Marr Chase,WR,CIN,2023,5,ARI,37.2,15
00-0036906,Khalil Herbert,RB,CHI,2023,5,WAS,7.6,0
00-0036912,DeVonta Smith,WR,PHI,2023,5,LA,0.6,1
00-0036913,Kadarius Toney,WR,KC,2023,5,MIN,2.7,5
00-0036919,Kenneth Gainwell,RB,PHI,2023,5,LA,2.4,1
00-0036924,Michael Carter,RB,NYJ,2023,5,DEN,2.2,3
00-0036936,Rondale Moore,WR,ARI,2023,5,CIN,7.6,3
00-0036945,Justin Fields,QB,CHI,2023,5,WAS,32.98,0
00-0036970,Kyle Pitts,TE,ATL,2023,5,HOU,8.7,7
00-0036971,Trevor Lawrence,QB,JAX,2023,5,BUF,15.7,0
00-0036972,Mac Jones,QB,NE,2023,5,NO,-1.6,0
00-0036973,Travis Etienne,RB,JAX,2023,5,BUF,32.4,4
00-0037005,Tommy Tremble,TE,CAR,2023,5,DET,6.1,1
00-0037013,Zach Wilson,QB,NYJ,2023,5,DEN,8.56,0
00-0037077,Sam Howell,QB,WAS,2023,5,CHI,25.42,0
00-0037078,Cole Turner,TE,WAS,2023,5,CHI,0.9,1
00-0037157,Bam Knight,RB,DET,2023,5,CAR,0.8,1
00-0037197,Isiah Pacheco,RB,KC,2023,5,MIN,12.4,1
00-0037216,Justyn Ross,WR,KC,2023,5,MIN,2.8,2
00-0037228,Jaylen Warren,RB,PIT,2023,5,BAL,7.9,3
00-0037238,Drake London,WR,ATL,2023,5,HOU,8.68,6
00-0037239,Chris Olave,WR,NO,2023,5,NE,7.2,2
00-0037240,Jameson Williams,WR,DET,2023,5,CAR,0.2,2
00-0037247,George Pickens,WR,PIT,2023,5,BAL,20.6,6
00-0037248,James Cook,RB,BUF,2023,5,JAX,2.1,3
00-0037258,Dameon Pierce,RB,HOU,2023,5,ATL,8.2,1
00-0037261,Khalil Shakir,WR,BUF,2023,5,JAX,1.1,1
00-0037263,Tyler Allgeier,RB,ATL,2023,5,HOU,6.0,0
00-0037273,Kyle Philips,WR,TEN,2023,5,IND,0.0,0
00-0037276,Ty Chandler,RB,MIN,2023,5,KC,1.5,0
00-0037277,Teagan Quitoriano,TE,HOU,2023,5,ATL,2.2,1
00-0037292,Andrew Ogletree,TE,IND,2023,5,TEN,1.6,2
00-0037304,Connor Heyward,TE,PIT,2023,5,BAL,2.3,3
00-0037382,Brandon Johnson,WR,DEN,2023,5,NYJ,0.9,1
00-0037420,Kwamie Lassiter,WR,CIN,2023,5,ARI,0.2,1
00-0037525,Jordan Mason,RB,SF,2023,5,DAL,12.9,0
00-0037545,Rashid Shaheed,WR,NO,2023,5,NE,2.8,2
00-0037557,Ronnie Rivers,RB,LA,2023,5,PHI,0.1,0
00-0037614,John Metchie III,WR,HOU,2023,5,ATL,2.0,2
00-0037664,Alec Pierce,WR,IND,2023,5,TEN,1.0,1
00-0037740,Garrett Wilson,WR,NYJ,2023,5,DEN,5.4,3
00-0037741,Jahan Dotson,WR,WAS,2023,5,CHI,3.0,3
00-0037744,Trey McBride,TE,ARI,2023,5,CIN,1.7,2
00-0037746,Brian Robinson,RB,WAS,2023,5,CHI,4.3,4
00-0037801,KaVontae Turpin,WR,DAL,2023,5,SF,8.6,1
00-0037805,Jeremy Ruckert,TE,NYJ,2023,5,DEN,0.2,1
00-0037809,Chig Okonkwo,TE,TEN,2023,5,IND,3.3,5
00-0037816,Romeo Doubs,WR,GB,2023,5,LV,0.4,1
00-0037827,Tyrion Davis-Price,RB,SF,2023,5,DAL,2.1,0
00-0037834,Brock Purdy,QB,SF,2023,5,DAL,26.08,0
00-0037837,Calvin Austin III,WR,PIT,2023,5,BAL,0.0,0
00-0037840,Kyren Williams,RB,LA,2023,5,PHI,5.7,2
00-0038041,Jake Ferguson,TE,DAL,2023,5,SF,2.8,3
00-0038090,Skyy Moore,WR,KC,2023,5,MIN,1.1,2
00-0038102,Kenny Pickett,QB,PIT,2023,5,BAL,12.36,0
00-0038108,Bailey Zappe,QB,NE,2023,5,NO,0.88,0
00-0038115,Daniel Bellinger,TE,NYG,2023,5,MIA,0.7,1
00-0038117,Wan'Dale Robinson,WR,NYG,2023,5,MIA,1.9,5
00-0038120,Breece Hall,RB,NYJ,2023,5,DEN,25.4,3
00-0038122,Desmond Ridder,QB,ATL,2023,5,HOU,26.16,0
00-0038124,Christian Watson,WR,GB,2023,5,LV,8.6,3
00-0038393,Dontayvion Wicks,WR,GB,2023,5,LV,1.0,1
00-0038396,Eric Gray,RB,NYG,2023,5,MIA,2.6,1
00-0038542,Bijan Robinson,RB,ATL,2023,5,HOU,9.8,2
00-0038547,Luke Schoonmaker,TE,DAL,2023,5,SF,0.0,0
00-0038551,Kendre Miller,RB,NO,2023,5,NE,9.0,4
00-0038555,Tank Bigsby,RB,JAX,2023,5,BUF,0.8,0
00-0038558,Darnell Washington,TE,PIT,2023,5,BAL,0.0,0
00-0038559,Michael Wilson,WR,ARI,2023,5,CIN,1.8,1
00-0038563,Tre Tucker,WR,LV,2023,5,GB,1.6,0
00-0038589,Josh Whyle,TE,TEN,2023,5,IND,0.7,1
00-0038597,Chase Brown,RB,CIN,2023,5,ARI,0.2,1
00-0038619,Andrei Iosivas,WR,CIN,2023,5,ARI,0.9,1
00-0038621,Demario Douglas,WR,NE,2023,5,NO,2.4,1
00-0038622,Deuce Vaughn,RB,DAL,2023,5,SF,0.8,1
00-0038647,Ronnie Bell,WR,SF,2023,5,DAL,0.0,0
00-0038705,Emari Demercado,RB,ARI,2023,5,CIN,11.7,1
00-0038783,Nate Adkins,TE,DEN,2023,5,NYJ,0.0,0
00-0038794,Jaleel McLaughlin,RB,DEN,2023,5,NYJ,14.9,3
00-0038809,Ben Sims,TE,GB,2023,5,LV,1.2,1
00-0038933,Dalton Kincaid,TE,BUF,2023,5,JAX,1.9,2
00-0038935,Brenton Strange,TE,JAX,2023,5,BUF,0.0,0
00-0038976,Marvin Mims Jr.,WR,DEN,2023,5,NYJ,0.4,1
00-0038977,Tank Dell,WR,HOU,2023,5,ATL,5.3,3
00-0038994,Jordan Addison,WR,MIN,2023,5,KC,12.4,6
00-0038997,Josh Downs,WR,IND,2023,5,TEN,9.7,6
00-0039021,Roschon Johnson,RB,CHI,2023,5,WAS,1.9,0
00-0039032,Tyjae Spears,RB,TEN,2023,5,IND,12.9,4
00-0039040,De'Von Achane,RB,MIA,2023,5,NYG,20.5,1
00-0039062,Jonathan Mingo,WR,CAR,2023,5,DET,4.8,5
00-0039064,Zay Flowers,WR,BAL,2023,5,PIT,7.3,5
00-0039065,Sam LaPorta,TE,DET,2023,5,CAR,16.7,3
00-0039066,Michael Mayer,TE,LV,2023,5,GB,3.9,2
00-0039067,Rashee Rice,WR,KC,2023,5,MIN,9.3,4
00-0039075,Puka Nacua,WR,LA,2023,5,PHI,13.1,7
00-0039144,Luke Musgrave,TE,GB,2023,5,LV,3.4,6
00-0039146,Jayden Reed,WR,GB,2023,5,LV,0.7,1
00-0039150,Bryce Young,QB,CAR,2023,5,DET,18.28,0
00-0039163,C.J. Stroud,QB,HOU,2023,5,ATL,14.16,0
00-0039164,Anthony Richardson,QB,IND,2023,5,TEN,4.42,0
00-0026498,Matthew Stafford,QB,LA,2023,6,ARI,13.24,0
00-0026625,Brian Hoyer,QB,LV,2023,6,NE,3.78,0
00-0028002,Randall Cobb,WR,NYJ,2023,6,PHI,2.0,0
00-0028118,Tyrod Taylor,QB,NYG,2023,6,BUF,10.4,0
00-0029263,Russell Wilson,QB,DEN,2023,6,KC,6.9,0
00-0029293,Marvin Jones,WR,DET,2023,6,TB,0.5,1
00-0029604,Kirk Cousins,QB,MIN,2023,6,CHI,8.74,0
00-0029701,Ryan Tannehill,QB,TEN,2023,6,BAL,1.04,0
00-0030035,Adam Thielen,WR,CAR,2023,6,MIA,17.5,11
00-0030061,Zach Ertz,TE,ARI,2023,6,LA,2.2,2
00-0030068,Marquise Goodwin,WR,CLE,2023,6,SF,2.4,1
00-0030279,Keenan Allen,WR,LAC,2023,6,DAL,14.5,7
00-0030431,Robert Woods,WR,HOU,2023,6,NO,6.6,1
00-0030506,Travis Kelce,TE,KC,2023,6,DEN,12.4,9
00-0030513,Latavius Murray,RB,BUF,2023,6,NYG,4.5,0
00-0030564,DeAndre Hopkins,WR,TEN,2023,6,BAL,2.0,1
00-0030565,Geno Smith,QB,SEA,2023,6,CIN,11.04,0
00-0030578,Cordarrelle Patterson,RB,ATL,2023,6,WAS,0.6,1
00-0030874,Damien Williams,RB,ARI,2023,6,LA,4.4,1
00-0031235,Odell Beckham,WR,BAL,2023,6,TEN,3.4,2
00-0031236,Brandin Cooks,WR,DAL,2023,6,LAC,11.0,4
00-0031260,Logan Thomas,TE,WAS,2023,6,ATL,0.2,1
00-0031280,Derek Carr,QB,NO,2023,6,HOU,16.32,0
00-0031345,Jimmy Garoppolo,QB,LV,2023,6,NE,8.88,0
00-0031376,Jerick McKinnon,RB,KC,2023,6,DEN,2.0,3
00-0031381,Davante Adams,WR,LV,2023,6,NE,2.9,2
00-0031408,Mike Evans,WR,TB,2023,6,DET,4.9,4
00-0031484,Chris Manhertz,TE,DEN,2023,6,KC,0.0,0
00-0031544,Amari Cooper,WR,CLE,2023,6,SF,10.8,4
00-0031547,DeVante Parker,WR,NE,2023,6,LV,0.7,1
00-0031549,Nelson Agholor,WR,BAL,2023,6,TEN,4.0,2
00-0031585,MyCole Pruitt,TE,ATL,2023,6,WAS,0.9,1
00-0031588,Stefon Diggs,WR,BUF,2023,6,NYG,10.0,10
00-0031610,Darren Waller,TE,NYG,2023,6,BUF,4.3,5
00-0031687,Raheem Mostert,RB,MIA,2023,6,CAR,31.2,3
00-0031763,DeAndre Carter,WR,LV,2023,6,NE,0.0,0
00-0032104,Ameer Abdullah,RB,LV,2023,6,NE,0.0,0
00-0032134,C.J. Uzomah,TE,NYJ,2023,6,PHI,0.0,0
00-0032200,Ty Montgomery,WR,NE,2023,6,LV,0.9,1
00-0032211,Tyler Lockett,WR,SEA,2023,6,CIN,9.4,6
00-0032392,Austin Hooper,TE,LV,2023,6,NE,1.9,2
00-0032398,Chris Moore,WR,TEN,2023,6,BAL,0.6,1
00-0032464,Kalif Raymond,WR,DET,2023,6,TB,2.6,3
00-0032764,Derrick Henry,RB,TEN,2023,6,BAL,17.3,2
00-0032765,Michael Thomas,WR,NO,2023,6,HOU,4.5,5
00-0033009,Tyler Boyd,WR,CIN,2023,6,SEA,9.8,7
00-0033040,Tyreek Hill,WR,MIA,2023,6,CAR,22.3,6
00-0033045,Ezekiel Elliott,RB,NE,2023,6,LV,10.9,1
00-0033077,Dak Prescott,QB,DAL,2023,6,LAC,24.88,0
00-0033090,Hunter Henry,TE,NE,2023,6,LV,0.7,1
00-0033106,Jared Goff,QB,DET,2023,6,TB,22.42,0
00-0033110,Tyler Higbee,TE,LA,2023,6,ARI,1.8,2
00-0033251,Zach Pascal,WR,ARI,2023,6,LA,0.0,0
00-0033275,P.J. Walker,QB,CLE,2023,6,SF,3.78,0
00-0033280,Christian McCaffrey,RB,SF,2023,6,CLE,11.2,3
00-0033282,Curtis Samuel,WR,WAS,2023,6,ATL,10.2,4
00-0033288,George Kittle,TE,SF,2023,6,CLE,0.1,1
00-0033292,Trent Taylor,WR,CHI,2023,6,MIN,0.0,0
00-0033307,Kendrick Bourne,WR,NE,2023,6,LV,9.3,10
00-0033308,Matt Breida,RB,NYG,2023,6,BUF,1.3,0
00-0033357,Taysom Hill,TE,NO,2023,6,HOU,5.26,7
00-0033439,Pharaoh Brown,TE,NE,2023,6,LV,1.5,1
00-0033466,Isaiah McKenzie,WR,IND,2023,6,JAX,2.3,2
00-0033526,Samaje Perine,RB,DEN,2023,6,KC,-0.4,2
00-0033555,Mack Hollins,WR,ATL,2023,6,WAS,4.1,3
00-0033591,Noah Brown,WR,HOU,2023,6,NO,3.7,2
00-0033699,Austin Ekeler,RB,LAC,2023,6,DAL,6.2,4
00-0033757,Robert Tonyan,TE,CHI,2023,6,MIN,1.1,1
00-0033858,Jonnu Smith,TE,ATL,2023,6,WAS,9.6,4
00-0033873,Patrick Mahomes,QB,KC,2023,6,DEN,17.34,0
00-0033881,Evan Engram,TE,JAX,2023,6,IND,4.1,7
00-0033885,David Njoku,TE,CLE,2023,6,SF,2.4,3
00-0033893,Dalvin Cook,RB,NYJ,2023,6,PHI,1.4,1
00-0033895,Gerald Everett,TE,LAC,2023,6,DAL,7.8,3
00-0033897,Joe Mixon,RB,CIN,2023,6,SEA,6.2,3
00-0033906,Alvin Kamara,RB,NO,2023,6,HOU,10.4,7
00-0033908,Cooper Kupp,WR,LA,2023,6,ARI,20.8,7
00-0033921,Chris Godwin,WR,TB,2023,6,DET,7.7,6
00-0033923,Kareem Hunt,RB,CLE,2023,6,SF,13.1,3
00-0033925,D'Onta Foreman,RB,CHI,2023,6,MIN,6.7,1
00-0033936,C.J. Beathard,QB,JAX,2023,6,IND,-0.2,0
00-0033943,Josh Reynolds,WR,DET,2023,6,TB,5.0,3
00-0033949,Joshua Dobbs,QB,ARI,2023,6,LA,10.1,0
00-0034073,Ross Dwelley,TE,SF,2023,6,CLE,0.0,0
00-0034159,Will Dissly,TE,SEA,2023,6,CIN,0.4,1
00-0034184,Gus Edwards,RB,BAL,2023,6,TEN,5.3,1
00-0034208,Mike Boone,RB,HOU,2023,6,NO,1.1,0
00-0034270,Tyler Conklin,TE,NYJ,2023,6,PHI,2.4,3
00-0034272,Marquez Valdes-Scantling,WR,KC,2023,6,DEN,0.0,0
00-0034348,Courtland Sutton,WR,DEN,2023,6,KC,10.6,4
00-0034351,Dallas Goedert,TE,PHI,2023,6,NYJ,4.2,5
00-0034364,Jordan Akins,TE,CLE,2023,6,SF,0.0,0
00-0034383,Dalton Schultz,TE,HOU,2023,6,NO,12.1,4
00-0034386,Justin Watson,WR,KC,2023,6,DEN,0.0,0
00-0034401,Mike White,QB,MIA,2023,6,CAR,-2.4,0
00-0034407,Ray-Ray McCloud,WR,SF,2023,6,CLE,2.7,1
00-0034414,Boston Scott,RB,PHI,2023,6,NYJ,1.6,1
00-0034419,Braxton Berrios,WR,MIA,2023,6,CAR,2.0,2
00-0034521,Allen Lazard,WR,NYJ,2023,6,PHI,0.8,1
00-0034646,Brandon Powell,WR,MIN,2023,6,CHI,1.9,3
00-0034753,Mark Andrews,TE,BAL,2023,6,TEN,6.9,4
00-0034764,Michael Gallup,WR,DAL,2023,6,LAC,2.4,3
00-0034775,Christian Kirk,WR,JAX,2023,6,IND,10.9,3
00-0034777,DJ Chark,WR,CAR,2023,6,MIA,2.6,3
00-0034796,Lamar Jackson,QB,BAL,2023,6,TEN,17.12,0
00-0034798,Durham Smythe,TE,MIA,2023,6,CAR,0.0,0
00-0034827,DJ Moore,WR,CHI,2023,6,MIN,5.1,5
00-0034829,Mike Gesicki,TE,NE,2023,6,LV,2.8,3
00-0034830,Hayden Hurst,TE,CAR,2023,6,MIA,1.6,1
00-0034837,Calvin Ridley,WR,JAX,2023,6,IND,2.6,4
00-0034844,Saquon Barkley,RB,NYG,2023,6,BUF,9.8,4
00-0034854,KhaDarel Hodge,WR,ATL,2023,6,WAS,0.0,0
00-0034855,Baker Mayfield,QB,TB,2023,6,DET,6.84,0
00-0034857,Josh Allen,QB,BUF,2023,6,NYG,13.86,0
00-0034960,Jakobi Meyers,WR,LV,2023,6,NE,12.1,5
00-0034970,Irv Smith,TE,CIN,2023,6,SEA,0.5,1
00-0034972,Alexander Mattison,RB,MIN,2023,6,CHI,7.2,4
00-0034975,Justice Hill,RB,BAL,2023,6,TEN,3.5,3
00-0034981,Foster Moreau,TE,NO,2023,6,HOU,3.3,4
00-0035140,Mecole Hardman,WR,NYJ,2023,6,PHI,0.0,0
00-0035184,Devine Ozigbo,RB,DET,2023,6,TB,1.3,1
00-0035208,Olamide Zaccheaus,WR,PHI,2023,6,NYJ,0.5,1
00-0035215,Deonte Harty,WR,BUF,2023,6,NYG,6.3,1
00-0035229,T.J. Hockenson,TE,MIN,2023,6,CHI,5.0,6
00-0035250,Devin Singletary,RB,HOU,2023,6,NO,6.2,1
00-0035261,Tony Pollard,RB,DAL,2023,6,LAC,11.0,6
00-0035289,Gardner Minshew,QB,IND,2023,6,JAX,9.56,0
00-0035291,Trayveon Williams,RB,CIN,2023,6,SEA,0.3,2
00-0035298,Scott Miller,WR,ATL,2023,6,WAS,0.4,1
00-0035329,Donald Parham,TE,LAC,2023,6,DAL,1.9,2
00-0035500,Greg Dortch,WR,ARI,2023,6,LA,0.0,0
00-0035535,Darius Slayton,WR,NYG,2023,6,BUF,6.9,4
00-0035567,Craig Reynolds,RB,DET,2023,6,TB,4.3,2
00-0035628,D'Ernest Johnson,RB,JAX,2023,6,IND,1.9,0
00-0035631,Drew Sample,TE,CIN,2023,6,SEA,0.4,1
00-0035640,DK Metcalf,WR,SEA,2023,6,CIN,6.9,4
00-0035644,Noah Fant,TE,SEA,2023,6,CIN,0.9,1
00-0035657,Damien Harris,RB,BUF,2023,6,NYG,0.1,0
00-0035659,Terry McLaurin,WR,WAS,2023,6,ATL,8.1,6
00-0035662,Marquise Brown,WR,ARI,2023,6,LA,3.4,4
00-0035676,A.J. Brown,WR,PHI,2023,6,NYJ,13.1,7
00-0035685,David Montgomery,RB,DET,2023,6,TB,3.3,1
00-0035689,Dawson Knox,TE,BUF,2023,6,NYG,1.7,3
00-0035700,Josh Jacobs,RB,LV,2023,6,NE,9.3,2
00-0035719,Deebo Samuel Sr.,WR,SF,2023,6,CLE,1.1,0
00-0036020,Salvon Ahmed,RB,MIA,2023,6,CAR,9.4,3
00-0036032,Sean McKeon,TE,DAL,2023,6,LAC,0.0,0
00-0036139,Rico Dowdle,RB,DAL,2023,6,LAC,1.2,0
00-0036182,Nick Westbrook-Ikhine,WR,TEN,2023,6,BAL,2.5,3
00-0036196,Gabe Davis,WR,BUF,2023,6,NYG,0.1,3
00-0036212,Tua Tagovailoa,QB,MIA,2023,6,CAR,22.48,0
00-0036223,Jonathan Taylor,RB,IND,2023,6,JAX,6.5,5
00-0036232,Harrison Bryant,TE,CLE,2023,6,SF,0.0,0
00-0036233,Donovan Peoples-Jones,WR,CLE,2023,6,SF,0.0,0
00-0036244,Colby Parkinson,TE,SEA,2023,6,CIN,1.9,3
00-0036251,Zack Moss,RB,IND,2023,6,JAX,11.9,6
00-0036252,Michael Pittman,WR,IND,2023,6,JAX,10.9,9
00-0036259,Jauan Jennings,WR,SF,2023,6,CLE,2.6,2
00-0036261,Brandon Aiyuk,WR,SF,2023,6,CLE,7.6,4
00-0036268,Laviska Shenault Jr.,WR,CAR,2023,6,MIA,1.7,3
00-0036275,D'Andre Swift,RB,PHI,2023,6,NYJ,9.8,8
00-0036290,Cole Kmet,TE,CHI,2023,6,MIN,0.9,2
00-0036297,Darrynton Evans,RB,CHI,2023,6,MIN,3.4,1
00-0036309,Darnell Mooney,WR,CHI,2023,6,MIN,4.8,2
00-0036328,Antonio Gibson,RB,WAS,2023,6,ATL,7.6,1
00-0036345,K.J. Osborn,WR,MIN,2023,6,CHI,4.8,4
00-0036355,Justin Herbert,QB,LAC,2023,6,DAL,18.08,1
00-0036358,CeeDee Lamb,WR,DAL,2023,6,LAC,11.7,7
00-0036360,Clyde Edwards-Helaire,RB,KC,2023,6,DEN,1.6,1
00-0036370,Joshua Kelley,RB,LAC,2023,6,DAL,0.4,1
00-0036389,Jalen Hurts,QB,PHI,2023,6,NYJ,19.9,0
00-0036407,Jerry Jeudy,WR,DEN,2023,6,KC,1.4,3
00-0036410,Tee Higgins,WR,CIN,2023,6,SEA,2.0,2
00-0036414,Cam Akers,RB,MIN,2023,6,CHI,1.5,1
00-0036415,Van Jefferson,WR,ATL,2023,6,WAS,0.0,0
00-0036422,Adam Trautman,TE,DEN,2023,6,KC,0.4,1
00-0036425,DeeJay Dallas,RB,SEA,2023,6,CIN,-0.1,1
00-0036442,Joe Burrow,QB,CIN,2023,6,SEA,13.8,0
00-0036450,Ke'Shawn Vaughn,RB,TB,2023,6,DET,0.9,0
00-0036550,Rashod Bateman,WR,BAL,2023,6,TEN,1.5,2
00-0036554,Nico Collins,WR,HOU,2023,6,NO,8.0,4
00-0036555,Chuba Hubbard,RB,CAR,2023,6,MIA,15.0,1
00-0036556,Brevin Jordan,TE,HOU,2023,6,NO,1.1,1
00-0036567,Elijah Mitchell,RB,SF,2023,6,CLE,-0.3,0
00-0036590,Quintin Morris,TE,BUF,2023,6,NYG,7.5,1
00-0036613,Jaylen Waddle,WR,MIA,2023,6,CAR,11.1,7
00-0036626,Dyami Brown,WR,WAS,2023,6,ATL,0.0,0
00-0036637,Noah Gray,TE,KC,2023,6,DEN,1.5,2
00-0036754,Brock Wright,TE,DET,2023,6,TB,0.7,1
00-0036849,Tutu Atwell,WR,LA,2023,6,ARI,3.0,1
00-0036875,Rhamondre Stevenson,RB,NE,2023,6,LV,13.0,5
00-0036876,Kylen Granson,TE,IND,2023,6,JAX,6.7,3
00-0036900,Ja'Marr Chase,WR,CIN,2023,6,SEA,8.0,6
00-0036912,DeVonta Smith,WR,PHI,2023,6,NYJ,4.4,5
00-0036913,Kadarius Toney,WR,KC,2023,6,DEN,6.4,3
00-0036919,Kenneth Gainwell,RB,PHI,2023,6,NYJ,1.7,1
00-0036924,Michael Carter,RB,NYJ,2023,6,PHI,0.5,0
00-0036936,Rondale Moore,WR,ARI,2023,6,LA,2.6,4
00-0036945,Justin Fields,QB,CHI,2023,6,MIN,4.92,0
00-0036955,Terrace Marshall Jr.,WR,CAR,2023,6,MIA,0.0,0
00-0036963,Amon-Ra St. Brown,WR,DET,2023,6,TB,18.4,12
00-0036970,Kyle Pitts,TE,ATL,2023,6,WAS,10.3,4
00-0036971,Trevor Lawrence,QB,JAX,2023,6,IND,14.74,0
00-0036972,Mac Jones,QB,NE,2023,6,LV,5.9,0
00-0036973,Travis Etienne,RB,JAX,2023,6,IND,20.3,3
00-0036980,Elijah Moore,WR,CLE,2023,6,SF,2.7,4
00-0036984,Trey Sermon,RB,IND,2023,6,JAX,0.0,0
00-0036988,Josh Palmer,WR,LAC,2023,6,DAL,6.0,4
00-0036991,Amari Rodgers,WR,IND,2023,6,JAX,0.0,0
00-0036997,Javonte Williams,RB,DEN,2023,6,KC,7.2,0
00-0037005,Tommy Tremble,TE,CAR,2023,6,MIA,2.5,2
00-0037013,Zach Wilson,QB,NYJ,2023,6,PHI,10.94,0
00-0037077,Sam Howell,QB,WAS,2023,6,ATL,18.34,0
00-0037197,Isiah Pacheco,RB,KC,2023,6,DEN,9.8,6
00-0037238,Drake London,WR,ATL,2023,6,WAS,12.5,9
00-0037239,Chris Olave,WR,NO,2023,6,HOU,9.6,7
00-0037240,Jameson Williams,WR,DET,2023,6,TB,11.3,2
00-0037248,James Cook,RB,BUF,2023,6,NYG,7.1,0
00-0037252,Greg Dulcich,TE,DEN,2023,6,KC,0.3,1
00-0037256,Rachaad White,RB,TB,2023,6,DET,3.8,3
00-0037257,David Bell,WR,CLE,2023,6,SF,0.6,1
00-0037258,Dameon Pierce,RB,HOU,2023,6,NO,3.4,0
00-0037261,Khalil Shakir,WR,BUF,2023,6,NYG,1.3,1
00-0037263,Tyler Allgeier,RB,ATL,2023,6,WAS,5.1,0
00-0037267,Jerome Ford,RB,CLE,2023,6,SF,9.1,2
00-0037273,Kyle Philips,WR,TEN,2023,6,BAL,0.6,1
00-0037292,Andrew Ogletree,TE,IND,2023,6,JAX,0.0,0
00-0037299,Keaontay Ingram,RB,ARI,2023,6,LA,5.1,2
00-0037382,Brandon Johnson,WR,DEN,2023,6,KC,0.0,0
00-0037429,Raheem Blackshear,RB,CAR,2023,6,MIA,2.2,1
00-0037487,Deven Thompkins,WR,TB,2023,6,DET,0.3,2
00-0037525,Jordan Mason,RB,SF,2023,6,CLE,8.7,0
00-0037545,Rashid Shaheed,WR,NO,2023,6,HOU,16.3,2
00-0037557,Ronnie Rivers,RB,LA,2023,6,ARI,1.3,1
00-0037664,Alec Pierce,WR,IND,2023,6,JAX,2.5,3
00-0037740,Garrett Wilson,WR,NYJ,2023,6,PHI,9.0,8
00-0037741,Jahan Dotson,WR,WAS,2023,6,ATL,0.0,0
00-0037744,Trey McBride,TE,ARI,2023,6,LA,6.2,4
00-0037745,Velus Jones Jr.,RB,CHI,2023,6,MIN,2.0,1
00-0037746,Brian Robinson,RB,WAS,2023,6,ATL,11.6,2
00-0037805,Jeremy Ruckert,TE,NYJ,2023,6,PHI,0.8,1
00-0037809,Chig Okonkwo,TE,TEN,2023,6,BAL,1.8,2
00-0037834,Brock Purdy,QB,SF,2023,6,CLE,7.7,0
00-0037840,Kyren Williams,RB,LA,2023,6,ARI,21.8,0
00-0038040,Zamir White,RB,LV,2023,6,NE,0.9,2
00-0038041,Jake Ferguson,TE,DAL,2023,6,LAC,1.5,1
00-0038045,Isaiah Spiller,RB,LAC,2023,6,DAL,0.2,0
00-0038090,Skyy Moore,WR,KC,2023,6,DEN,2.2,2
00-0038104,Tyquan Thornton,WR,NE,2023,6,LV,0.6,1
00-0038117,Wan'Dale Robinson,WR,NYG,2023,6,BUF,6.2,8
00-0038120,Breece Hall,RB,NYJ,2023,6,PHI,15.3,5
00-0038122,Desmond Ridder,QB,ATL,2023,6,WAS,16.08,0
00-0038128,Malik Willis,QB,TEN,2023,6,BAL,4.66,0
00-0038129,Cade Otton,TE,TB,2023,6,DET,1.5,1
00-0038134,Kenneth Walker III,RB,SEA,2023,6,CIN,14.9,3
00-0038394,Will Mallory,TE,IND,2023,6,JAX,0.0,0
00-0038396,Eric Gray,RB,NYG,2023,6,BUF,0.2,0
00-0038416,Tyson Bagent,QB,CHI,2023,6,MIN,5.72,0
00-0038496,Xavier Gipson,WR,NYJ,2023,6,PHI,1.8,0
00-0038542,Bijan Robinson,RB,ATL,2023,6,WAS,8.0,5
00-0038543,Jaxon Smith-Njigba,WR,SEA,2023,6,CIN,4.8,4
00-0038544,Quentin Johnston,WR,LAC,2023,6,DAL,0.0,0
00-0038551,Kendre Miller,RB,NO,2023,6,HOU,1.2,1
00-0038555,Tank Bigsby,RB,JAX,2023,6,IND,0.8,1
00-0038559,Michael Wilson,WR,ARI,2023,6,LA,6.2,3
00-0038563,Tre Tucker,WR,LV,2023,6,NE,6.1,2
00-0038589,Josh Whyle,TE,TEN,2023,6,BAL,1.1,1
00-0038597,Chase Brown,RB,CIN,2023,6,SEA,1.2,1
00-0038611,Chris Rodriguez Jr.,RB,WAS,2023,6,ATL,2.3,0
00-0038618,Xavier Hutchinson,WR,HOU,2023,6,NO,1.5,0
00-0038619,Andrei Iosivas,WR,CIN,2023,6,SEA,6.3,1
00-0038685,Chris Brooks,RB,MIA,2023,6,CAR,2.8,0
00-0038705,Emari Demercado,RB,ARI,2023,6,LA,1.7,1
00-0038752,Jake Bobo,WR,SEA,2023,6,CIN,4.3,2
00-0038794,Jaleel McLaughlin,RB,DEN,2023,6,KC,4.2,2
00-0038911,Malik Cunningham,WR,NE,2023,6,LV,0.0,0
00-0038935,Brenton Strange,TE,JAX,2023,6,IND,8.7,2
00-0038938,Jalin Hyatt,WR,NYG,2023,6,BUF,2.1,3
00-0038941,Tyler Scott,WR,CHI,2023,6,MIN,1.2,2
00-0038994,Jordan Addison,WR,MIN,2023,6,CHI,8.8,3
00-0038997,Josh Downs,WR,IND,2023,6,JAX,8.1,5
00-0039032,Tyjae Spears,RB,TEN,2023,6,BAL,6.3,1
00-0039050,Payne Durham,TE,TB,2023,6,DET,0.8,1
00-0039052,Trey Palmer,WR,TB,2023,6,DET,4.7,2
00-0039062,Jonathan Mingo,WR,CAR,2023,6,MIA,2.1,2
00-0039064,Zay Flowers,WR,BAL,2023,6,TEN,11.1,6
00-0039065,Sam LaPorta,TE,DET,2023,6,TB,3.6,4
00-0039066,Michael Mayer,TE,LV,2023,6,NE,7.5,5
00-0039067,Rashee Rice,WR,KC,2023,6,DEN,7.2,4
00-0039075,Puka Nacua,WR,LA,2023,6,ARI,2.6,4
00-0039136,Zach Evans,RB,LA,2023,6,ARI,1.0,0
00-0039150,Bryce Young,QB,CAR,2023,6,MIA,12.68,0
00-0039163,C.J. Stroud,QB,HOU,2023,6,NO,14.16,0
00-0039165,Zach Charbonnet,RB,SEA,2023,6,CIN,1.9,2
00-0024243,Marcedes Lewis,TE,CHI,2023,7,LV,1.6,1
00-0026498,Matthew Stafford,QB,LA,2023,7,PIT,14.04,0
00-0026625,Brian Hoyer,QB,LV,2023,7,CHI,1.16,0
00-0027944,Julio Jones,WR,PHI,2023,7,MIA,0.3,1
00-0028118,Tyrod Taylor,QB,NYG,2023,7,WAS,21.66,0
00-0029263,Russell Wilson,QB,DEN,2023,7,GB,13.86,0
00-0029604,Kirk Cousins,QB,MIN,2023,7,SF,21.02,0
00-0030061,Zach Ertz,TE,ARI,2023,7,SEA,1.9,3
00-0030068,Marquise Goodwin,WR,CLE,2023,7,IND,2.3,1
00-0030279,Keenan Allen,WR,LAC,2023,7,KC,5.5,4
00-0030506,Travis Kelce,TE,KC,2023,7,LAC,23.9,12
00-0030513,Latavius Murray,RB,BUF,2023,7,NE,2.8,2
00-0030565,Geno Smith,QB,SEA,2023,7,ARI,13.76,0
00-0030578,Cordarrelle Patterson,RB,ATL,2023,7,TB,5.6,0
00-0030874,Damien Williams,RB,ARI,2023,7,SEA,0.2,0
00-0031235,Odell Beckham,WR,BAL,2023,7,DET,4.9,5
00-0031260,Logan Thomas,TE,WAS,2023,7,NYG,5.1,4
00-0031280,Derek Carr,QB,NO,2023,7,JAX,17.44,0
00-0031376,Jerick McKinnon,RB,KC,2023,7,LAC,2.6,2
00-0031381,Davante Adams,WR,LV,2023,7,CHI,5.7,7
00-0031408,Mike Evans,WR,TB,2023,7,ATL,14.2,6
00-0031428,Allen Robinson,WR,PIT,2023,7,LA,0.7,1
00-0031544,Amari Cooper,WR,CLE,2023,7,IND,2.2,2
00-0031547,DeVante Parker,WR,NE,2023,7,BUF,0.8,1
00-0031549,Nelson Agholor,WR,BAL,2023,7,DET,7.2,1
00-0031588,Stefon Diggs,WR,BUF,2023,7,NE,11.8,6
00-0031610,Darren Waller,TE,NYG,2023,7,WAS,15.8,7
00-0031687,Raheem Mostert,RB,MIA,2023,7,PHI,5.1,1
00-0032062,Blake Bell,TE,KC,2023,7,LAC,-1.3,1
00-0032141,Geoff Swaim,TE,ARI,2023,7,SEA,0.8,1
00-0032211,Tyler Lockett,WR,SEA,2023,7,ARI,3.8,4
00-0032385,Sterling Shepard,WR,NYG,2023,7,WAS,0.3,1
00-0032392,Austin Hooper,TE,LV,2023,7,CHI,1.8,2
00-0032464,Kalif Raymond,WR,DET,2023,7,BAL,2.0,2
00-0032765,Michael Thomas,WR,NO,2023,7,JAX,10.2,3
00-0033040,Tyreek Hill,WR,MIA,2023,7,PHI,14.8,11
00-0033045,Ezekiel Elliott,RB,NE,2023,7,BUF,9.1,0
00-0033090,Hunter Henry,TE,NE,2023,7,BUF,2.7,2
00-0033106,Jared Goff,QB,DET,2023,7,BAL,9.36,0
00-0033110,Tyler Higbee,TE,LA,2023,7,PIT,0.7,1
00-0033217,Mo Alie-Cox,TE,IND,2023,7,CLE,-0.6,1
00-0033275,P.J. Walker,QB,CLE,2023,7,IND,5.42,0
00-0033280,Christian McCaffrey,RB,SF,2023,7,MIN,19.6,3
00-0033282,Curtis Samuel,WR,WAS,2023,7,NYG,2.5,4
00-0033288,George Kittle,TE,SF,2023,7,MIN,8.0,5
00-0033293,Aaron Jones,RB,GB,2023,7,DEN,5.7,3
00-0033307,Kendrick Bourne,WR,NE,2023,7,BUF,10.3,6
00-0033308,Matt Breida,RB,NYG,2023,7,WAS,0.9,1
00-0033357,Taysom Hill,TE,NO,2023,7,JAX,12.8,4
00-0033439,Pharaoh Brown,TE,NE,2023,7,BUF,5.1,2
00-0033466,Isaiah McKenzie,WR,IND,2023,7,CLE,0.7,0
00-0033526,Samaje Perine,RB,DEN,2023,7,GB,4.1,3
00-0033537,Deshaun Watson,QB,CLE,2023,7,IND,-1.8,0
00-0033572,Jamal Agnew,WR,JAX,2023,7,NO,3.5,4
00-0033699,Austin Ekeler,RB,LAC,2023,7,KC,4.6,1
00-0033858,Jonnu Smith,TE,ATL,2023,7,TB,2.7,3
00-0033873,Patrick Mahomes,QB,KC,2023,7,LAC,33.86,0
00-0033881,Evan Engram,TE,JAX,2023,7,NO,4.5,5
00-0033885,David Njoku,TE,CLE,2023,7,IND,5.4,5
00-0033895,Gerald Everett,TE,LAC,2023,7,KC,8.6,3
00-0033906,Alvin Kamara,RB,NO,2023,7,JAX,17.3,12
00-0033908,Cooper Kupp,WR,LA,2023,7,PIT,4.9,2
00-0033921,Chris Godwin,WR,TB,2023,7,ATL,6.6,6
00-0033923,Kareem Hunt,RB,CLE,2023,7,IND,15.1,0
00-0033925,D'Onta Foreman,RB,CHI,2023,7,LV,30.0,3
00-0033943,Josh Reynolds,WR,DET,2023,7,BAL,4.3,2
00-0033948,Jamaal Williams,RB,NO,2023,7,JAX,1.4,0
00-0033949,Joshua Dobbs,QB,ARI,2023,7,SEA,16.14,0
00-0033958,Nathan Peterman,QB,CHI,2023,7,LV,-0.4,0
00-0034073,Ross Dwelley,TE,SF,2023,7,MIN,1.2,1
00-0034115,Jeff Wilson,RB,MIA,2023,7,PHI,0.4,1
00-0034184,Gus Edwards,RB,BAL,2023,7,DET,20.4,1
00-0034272,Marquez Valdes-Scantling,WR,KC,2023,7,LAC,14.4,3
00-0034297,Byron Pringle,WR,WAS,2023,7,NYG,1.6,1
00-0034348,Courtland Sutton,WR,DEN,2023,7,GB,13.6,6
00-0034351,Dallas Goedert,TE,PHI,2023,7,MIA,13.7,5
00-0034407,Ray-Ray McCloud,WR,SF,2023,7,MIN,2.0,2
00-0034418,Cedrick Wilson Jr.,WR,MIA,2023,7,PHI,4.8,2
00-0034419,Braxton Berrios,WR,MIA,2023,7,PHI,0.7,1
00-0034487,Trent Sherfield,WR,BUF,2023,7,NE,0.5,1
00-0034646,Brandon Powell,WR,MIN,2023,7,SF,6.9,4
00-0034753,Mark Andrews,TE,BAL,2023,7,DET,18.3,4
00-0034775,Christian Kirk,WR,JAX,2023,7,NO,13.0,6
00-0034796,Lamar Jackson,QB,BAL,2023,7,DET,33.88,0
00-0034827,DJ Moore,WR,CHI,2023,7,LV,5.4,8
00-0034829,Mike Gesicki,TE,NE,2023,7,BUF,6.5,2
00-0034837,Calvin Ridley,WR,JAX,2023,7,NO,0.5,1
00-0034838,Royce Freeman,RB,LA,2023,7,PIT,6.6,0
00-0034844,Saquon Barkley,RB,NYG,2023,7,WAS,15.8,3
00-0034854,KhaDarel Hodge,WR,ATL,2023,7,TB,1.9,1
00-0034855,Baker Mayfield,QB,TB,2023,7,ATL,16.2,0
00-0034857,Josh Allen,QB,BUF,2023,7,NE,24.3,0
00-0034960,Jakobi Meyers,WR,LV,2023,7,CHI,11.0,7
00-0034972,Alexander Mattison,RB,MIN,2023,7,SF,4.2,2
00-0034975,Justice Hill,RB,BAL,2023,7,DET,4.8,1
00-0034981,Foster Moreau,TE,NO,2023,7,JAX,3.3,3
00-0034983,Hunter Renfrow,WR,LV,2023,7,CHI,1.4,2
00-0035140,Mecole Hardman,WR,KC,2023,7,LAC,0.6,1
00-0035208,Olamide Zaccheaus,WR,PHI,2023,7,MIA,0.0,0
00-0035215,Deonte Harty,WR,BUF,2023,7,NE,1.0,1
00-0035216,Diontae Johnson,WR,PIT,2023,7,LA,7.9,5
00-0035229,T.J. Hockenson,TE,MIN,2023,7,SF,8.6,11
00-0035249,Josh Oliver,TE,MIN,2023,7,SF,0.6,2
00-0035289,Gardner Minshew,QB,IND,2023,7,CLE,27.1,0
00-0035298,Scott Miller,WR,ATL,2023,7,TB,4.6,1
00-0035329,Donald Parham,TE,LAC,2023,7,KC,0.9,1
00-0035535,Darius Slayton,WR,NYG,2023,7,WAS,2.2,1
00-0035562,Jesper Horsted,TE,LV,2023,7,CHI,0.4,1
00-0035567,Craig Reynolds,RB,DET,2023,7,BAL,2.5,1
00-0035594,Travis Homer,RB,CHI,2023,7,LV,0.0,0
00-0035644,Noah Fant,TE,SEA,2023,7,ARI,2.5,1
00-0035659,Terry McLaurin,WR,WAS,2023,7,NYG,9.0,6
00-0035662,Marquise Brown,WR,ARI,2023,7,SEA,4.9,3
00-0035664,Darrell Henderson,RB,LA,2023,7,PIT,12.6,1
00-0035676,A.J. Brown,WR,PHI,2023,7,MIA,19.7,10
00-0035689,Dawson Knox,TE,BUF,2023,7,NE,3.0,1
00-0035700,Josh Jacobs,RB,LV,2023,7,CHI,4.1,1
00-0035934,Trishton Jackson,WR,MIN,2023,7,SF,0.7,1
00-0035993,Tyler Huntley,QB,BAL,2023,7,DET,0.0,0
00-0036020,Salvon Ahmed,RB,MIA,2023,7,PHI,0.3,1
00-0036165,Isaiah Hodgins,WR,NYG,2023,7,WAS,1.3,2
00-0036196,Gabe Davis,WR,BUF,2023,7,NE,0.6,1
00-0036212,Tua Tagovailoa,QB,MIA,2023,7,PHI,10.34,0
00-0036223,Jonathan Taylor,RB,IND,2023,7,CLE,18.0,3
00-0036232,Harrison Bryant,TE,CLE,2023,7,IND,0.0,0
00-0036233,Donovan Peoples-Jones,WR,CLE,2023,7,IND,2.2,2
00-0036244,Colby Parkinson,TE,SEA,2023,7,ARI,2.6,2
00-0036251,Zack Moss,RB,IND,2023,7,CLE,6.2,1
00-0036252,Michael Pittman,WR,IND,2023,7,CLE,14.3,2
00-0036259,Jauan Jennings,WR,SF,2023,7,MIN,5.4,5
00-0036261,Brandon Aiyuk,WR,SF,2023,7,MIN,5.7,5
00-0036264,Jordan Love,QB,GB,2023,7,DEN,15.3,0
00-0036265,AJ Dillon,RB,GB,2023,7,DEN,9.5,2
00-0036275,D'Andre Swift,RB,PHI,2023,7,MIA,7.5,3
00-0036297,Darrynton Evans,RB,CHI,2023,7,LV,5.4,1
00-0036309,Darnell Mooney,WR,CHI,2023,7,LV,3.4,4
00-0036328,Antonio Gibson,RB,WAS,2023,7,NYG,3.1,2
00-0036345,K.J. Osborn,WR,MIN,2023,7,SF,4.7,5
00-0036355,Justin Herbert,QB,LAC,2023,7,KC,10.86,0
00-0036360,Clyde Edwards-Helaire,RB,KC,2023,7,LAC,0.5,0
00-0036370,Joshua Kelley,RB,LAC,2023,7,KC,13.5,0
00-0036387,Jalen Reagor,WR,NE,2023,7,BUF,1.1,1
00-0036389,Jalen Hurts,QB,PHI,2023,7,MIA,23.26,0
00-0036407,Jerry Jeudy,WR,DEN,2023,7,GB,6.4,5
00-0036414,Cam Akers,RB,MIN,2023,7,SF,6.1,2
00-0036415,Van Jefferson,WR,ATL,2023,7,TB,0.5,1
00-0036422,Adam Trautman,TE,DEN,2023,7,GB,0.5,1
00-0036424,Brycen Hopkins,TE,LA,2023,7,PIT,0.5,1
00-0036425,DeeJay Dallas,RB,SEA,2023,7,ARI,0.0,1
00-0036450,Ke'Shawn Vaughn,RB,TB,2023,7,ATL,0.7,0
00-0036497,Tim Jones,WR,JAX,2023,7,NO,1.7,2
00-0036550,Rashod Bateman,WR,BAL,2023,7,DET,3.6,2
00-0036567,Elijah Mitchell,RB,SF,2023,7,MIN,-0.1,0
00-0036613,Jaylen Waddle,WR,MIA,2023,7,PHI,6.3,6
00-0036628,John Bates,TE,WAS,2023,7,NYG,0.0,0
00-0036637,Noah Gray,TE,KC,2023,7,LAC,0.8,1
00-0036849,Tutu Atwell,WR,LA,2023,7,PIT,9.1,1
00-0036875,Rhamondre Stevenson,RB,NE,2023,7,BUF,8.5,6
00-0036893,Najee Harris,RB,PIT,2023,7,LA,12.8,3
00-0036912,DeVonta Smith,WR,PHI,2023,7,MIA,4.9,4
00-0036913,Kadarius Toney,WR,KC,2023,7,LAC,1.3,1
00-0036919,Kenneth Gainwell,RB,PHI,2023,7,MIA,7.6,0
00-0036936,Rondale Moore,WR,ARI,2023,7,SEA,2.6,2
00-0036963,Amon-Ra St. Brown,WR,DET,2023,7,BAL,10.2,13
00-0036970,Kyle Pitts,TE,ATL,2023,7,TB,4.7,3
00-0036971,Trevor Lawrence,QB,JAX,2023,7,NO,18.06,0
00-0036972,Mac Jones,QB,NE,2023,7,BUF,19.98,0
00-0036973,Travis Etienne,RB,JAX,2023,7,NO,19.7,3
00-0036980,Elijah Moore,WR,CLE,2023,7,IND,5.9,4
00-0036988,Josh Palmer,WR,LAC,2023,7,KC,13.3,5
00-0036997,Javonte Williams,RB,DEN,2023,7,GB,9.6,3
00-0037077,Sam Howell,QB,WAS,2023,7,NYG,9.46,0
00-0037098,Samori Toure,WR,GB,2023,7,DEN,0.3,1
00-0037197,Isiah Pacheco,RB,KC,2023,7,LAC,12.0,4
00-0037228,Jaylen Warren,RB,PIT,2023,7,LA,9.1,1
00-0037238,Drake London,WR,ATL,2023,7,TB,5.4,6
00-0037239,Chris Olave,WR,NO,2023,7,JAX,5.7,7
00-0037240,Jameson Williams,WR,DET,2023,7,BAL,0.0,0
00-0037247,George Pickens,WR,PIT,2023,7,LA,10.7,5
00-0037248,James Cook,RB,BUF,2023,7,NE,16.2,3
00-0037256,Rachaad White,RB,TB,2023,7,ATL,9.9,6
00-0037261,Khalil Shakir,WR,BUF,2023,7,NE,3.5,4
00-0037263,Tyler Allgeier,RB,ATL,2023,7,TB,11.2,3
00-0037267,Jerome Ford,RB,CLE,2023,7,IND,15.4,2
00-0037276,Ty Chandler,RB,MIN,2023,7,SF,1.2,1
00-0037304,Connor Heyward,TE,PIT,2023,7,LA,2.3,2
00-0037475,Stone Smartt,TE,LAC,2023,7,KC,0.5,1
00-0037487,Deven Thompkins,WR,TB,2023,7,ATL,-0.6,3
00-0037545,Rashid Shaheed,WR,NO,2023,7,JAX,3.2,4
00-0037664,Alec Pierce,WR,IND,2023,7,CLE,5.3,3
00-0037741,Jahan Dotson,WR,WAS,2023,7,NYG,4.3,5
00-0037744,Trey McBride,TE,ARI,2023,7,SEA,2.9,3
00-0037745,Velus Jones Jr.,RB,CHI,2023,7,LV,0.0,1
00-0037746,Brian Robinson,RB,WAS,2023,7,NYG,8.3,0
00-0037816,Romeo Doubs,WR,GB,2023,7,DEN,9.0,2
00-0037834,Brock Purdy,QB,SF,2023,7,MIN,12.78,0
00-0037837,Calvin Austin III,WR,PIT,2023,7,LA,0.1,0
00-0038040,Zamir White,RB,LV,2023,7,CHI,2.8,3
00-0038090,Skyy Moore,WR,KC,2023,7,LAC,1.5,2
00-0038098,Pierre Strong,RB,CLE,2023,7,IND,2.5,0
00-0038102,Kenny Pickett,QB,PIT,2023,7,LA,15.2,0
00-0038104,Tyquan Thornton,WR,NE,2023,7,BUF,0.2,1
00-0038117,Wan'Dale Robinson,WR,NYG,2023,7,WAS,2.2,1
00-0038122,Desmond Ridder,QB,ATL,2023,7,TB,17.8,0
00-0038124,Christian Watson,WR,GB,2023,7,DEN,2.7,3
00-0038129,Cade Otton,TE,TB,2023,7,ATL,4.3,5
00-0038134,Kenneth Walker III,RB,SEA,2023,7,ARI,11.1,2
00-0038393,Dontayvion Wicks,WR,GB,2023,7,DEN,2.36,1
00-0038394,Will Mallory,TE,IND,2023,7,CLE,0.0,0
00-0038416,Tyson Bagent,QB,CHI,2023,7,LV,12.88,0
00-0038454,Keaton Mitchell,RB,BAL,2023,7,DET,0.9,1
00-0038542,Bijan Robinson,RB,ATL,2023,7,TB,0.3,0
00-0038543,Jaxon Smith-Njigba,WR,SEA,2023,7,ARI,12.3,4
00-0038544,Quentin Johnston,WR,LAC,2023,7,KC,2.0,1
00-0038555,Tank Bigsby,RB,JAX,2023,7,NO,0.2,0
00-0038559,Michael Wilson,WR,ARI,2023,7,SEA,2.6,3
00-0038563,Tre Tucker,WR,LV,2023,7,CHI,1.8,2
00-0038573,Derius Davis,WR,LAC,2023,7,KC,2.4,1
00-0038579,Aidan O'Connell,QB,LV,2023,7,CHI,5.0,0
00-0038582,Clayton Tune,QB,ARI,2023,7,SEA,0.16,0
00-0038611,Chris Rodriguez Jr.,RB,WAS,2023,7,NYG,3.1,0
00-0038621,Demario Douglas,WR,NE,2023,7,BUF,7.4,4
00-0038627,Antoine Green,WR,DET,2023,7,BAL,0.0,0
00-0038705,Emari Demercado,RB,ARI,2023,7,SEA,7.5,4
00-0038752,Jake Bobo,WR,SEA,2023,7,ARI,12.1,4
00-0038783,Nate Adkins,TE,DEN,2023,7,GB,0.3,1
00-0038794,Jaleel McLaughlin,RB,DEN,2023,7,GB,4.6,1
00-0038797,Emanuel Wilson,RB,GB,2023,7,DEN,2.7,2
00-0038809,Ben Sims,TE,GB,2023,7,DEN,0.2,1
00-0038821,Rakim Jarrett,WR,TB,2023,7,ATL,0.0,0
00-0038933,Dalton Kincaid,TE,BUF,2023,7,NE,7.5,8
00-0038938,Jalin Hyatt,WR,NYG,2023,7,WAS,7.5,2
00-0038941,Tyler Scott,WR,CHI,2023,7,LV,3.3,2
00-0038976,Marvin Mims Jr.,WR,DEN,2023,7,GB,-1.1,0
00-0038994,Jordan Addison,WR,MIN,2023,7,SF,24.3,7
00-0038997,Josh Downs,WR,IND,2023,7,CLE,18.5,5
00-0039041,Elijah Higgins,TE,ARI,2023,7,SEA,0.0,1
00-0039050,Payne Durham,TE,TB,2023,7,ATL,0.0,0
00-0039052,Trey Palmer,WR,TB,2023,7,ATL,0.5,1
00-0039064,Zay Flowers,WR,BAL,2023,7,DET,7.5,4
00-0039065,Sam LaPorta,TE,DET,2023,7,BAL,5.2,6
00-0039066,Michael Mayer,TE,LV,2023,7,CHI,1.3,2
00-0039067,Rashee Rice,WR,KC,2023,7,LAC,12.0,5
00-0039075,Puka Nacua,WR,LA,2023,7,PIT,15.4,8
00-0039139,Jahmyr Gibbs,RB,DET,2023,7,BAL,18.6,9
00-0039144,Luke Musgrave,TE,GB,2023,7,DEN,3.0,4
00-0039146,Jayden Reed,WR,GB,2023,7,DEN,8.1,3
00-0026498,Matthew Stafford,QB,LA,2023,8,DAL,11.38,0
00-0027944,Julio Jones,WR,PHI,2023,8,WAS,6.8,1
00-0028118,Tyrod Taylor,QB,NYG,2023,8,NYJ,3.62,0
00-0029263,Russell Wilson,QB,DEN,2023,8,KC,17.56,0
00-0029604,Kirk Cousins,QB,MIN,2023,8,GB,19.86,0
00-0030035,Adam Thielen,WR,CAR,2023,8,HOU,7.2,8
00-0030068,Marquise Goodwin,WR,CLE,2023,8,SEA,-0.5,0
00-0030279,Keenan Allen,WR,LAC,2023,8,CHI,6.9,8
00-0030506,Travis Kelce,TE,KC,2023,8,DEN,5.8,6
00-0030513,Latavius Murray,RB,BUF,2023,8,TB,1.1,1
00-0030564,DeAndre Hopkins,WR,TEN,2023,8,ATL,30.8,4
00-0030565,Geno Smith,QB,SEA,2023,8,CLE,13.86,0
00-0030578,Cordarrelle Patterson,RB,ATL,2023,8,TEN,0.7,0
00-0030874,Damien Williams,RB,ARI,2023,8,BAL,0.9,1
00-0031235,Odell Beckham,WR,BAL,2023,8,ARI,0.0,0
00-0031236,Brandin Cooks,WR,DAL,2023,8,LA,11.2,3
00-0031260,Logan Thomas,TE,WAS,2023,8,PHI,10.4,6
00-0031280,Derek Carr,QB,NO,2023,8,IND,18.3,0
00-0031345,Jimmy Garoppolo,QB,LV,2023,8,DET,4.24,0
00-0031376,Jerick McKinnon,RB,KC,2023,8,DEN,0.8,1
00-0031381,Davante Adams,WR,LV,2023,8,DET,1.1,1
00-0031408,Mike Evans,WR,TB,2023,8,BUF,9.9,3
00-0031428,Allen Robinson,WR,PIT,2023,8,JAX,0.0,0
00-0031544,Amari Cooper,WR,CLE,2023,8,SEA,8.9,6
00-0031547,DeVante Parker,WR,NE,2023,8,MIA,1.4,1
00-0031549,Nelson Agholor,WR,BAL,2023,8,ARI,0.0,0
00-0031585,MyCole Pruitt,TE,ATL,2023,8,TEN,0.3,1
00-0031588,Stefon Diggs,WR,BUF,2023,8,TB,7.0,9
00-0031610,Darren Waller,TE,NYG,2023,8,NYJ,0.4,1
00-0031687,Raheem Mostert,RB,MIA,2023,8,NE,10.6,0
00-0031800,Taylor Heinicke,QB,ATL,2023,8,TEN,12.4,0
00-0031941,Jamison Crowder,WR,WAS,2023,8,PHI,15.5,7
00-0032062,Blake Bell,TE,KC,2023,8,DEN,0.0,0
00-0032104,Ameer Abdullah,RB,LV,2023,8,DET,1.9,1
00-0032134,C.J. Uzomah,TE,NYJ,2023,8,NYG,1.9,1
00-0032211,Tyler Lockett,WR,SEA,2023,8,CLE,14.1,8
00-0032392,Austin Hooper,TE,LV,2023,8,DET,1.9,2
00-0032464,Kalif Raymond,WR,DET,2023,8,LV,2.2,2
00-0032764,Derrick Henry,RB,TEN,2023,8,ATL,12.2,4
00-0032765,Michael Thomas,WR,NO,2023,8,IND,6.8,4
00-0033009,Tyler Boyd,WR,CIN,2023,8,SF,10.6,3
00-0033040,Tyreek Hill,WR,MIA,2023,8,NE,17.2,8
00-0033045,Ezekiel Elliott,RB,NE,2023,8,MIA,3.6,0
00-0033077,Dak Prescott,QB,DAL,2023,8,LA,28.06,0
00-0033090,Hunter Henry,TE,NE,2023,8,MIA,2.8,3
00-0033106,Jared Goff,QB,DET,2023,8,LV,12.68,0
00-0033110,Tyler Higbee,TE,LA,2023,8,DAL,4.5,5
00-0033217,Mo Alie-Cox,TE,IND,2023,8,NO,1.1,1
00-0033246,Johnny Mundt,TE,MIN,2023,8,GB,0.8,1
00-0033251,Zach Pascal,WR,ARI,2023,8,BAL,0.0,0
00-0033275,P.J. Walker,QB,CLE,2023,8,SEA,10.62,0
00-0033280,Christian McCaffrey,RB,SF,2023,8,CIN,23.8,6
00-0033282,Curtis Samuel,WR,WAS,2023,8,PHI,2.2,4
00-0033288,George Kittle,TE,SF,2023,8,CIN,14.9,9
00-0033292,Trent Taylor,WR,CHI,2023,8,LAC,-0.2,0
00-0033293,Aaron Jones,RB,GB,2023,8,MIN,4.6,4
00-0033296,Alex Armah,RB,WAS,2023,8,PHI,0.0,1
00-0033307,Kendrick Bourne,WR,NE,2023,8,MIA,9.6,3
00-0033308,Matt Breida,RB,NYG,2023,8,NYJ,1.7,1
00-0033357,Taysom Hill,TE,NO,2023,8,IND,21.46,1
00-0033439,Pharaoh Brown,TE,NE,2023,8,MIA,3.3,2
00-0033526,Samaje Perine,RB,DEN,2023,8,KC,2.1,2
00-0033555,Mack Hollins,WR,ATL,2023,8,TEN,2.7,2
00-0033591,Noah Brown,WR,HOU,2023,8,CAR,5.7,3
00-0033662,Cooper Rush,QB,DAL,2023,8,LA,-0.18,0
00-0033699,Austin Ekeler,RB,LAC,2023,8,CHI,16.3,7
00-0033757,Robert Tonyan,TE,CHI,2023,8,LAC,0.8,1
00-0033857,JuJu Smith-Schuster,WR,NE,2023,8,MIA,6.3,1
00-0033858,Jonnu Smith,TE,ATL,2023,8,TEN,1.3,1
00-0033869,Mitchell Trubisky,QB,PIT,2023,8,JAX,7.32,0
00-0033873,Patrick Mahomes,QB,KC,2023,8,DEN,5.6,0
00-0033881,Evan Engram,TE,JAX,2023,8,PIT,6.8,10
00-0033885,David Njoku,TE,CLE,2023,8,SEA,13.7,4
00-0033893,Dalvin Cook,RB,NYJ,2023,8,NYG,0.5,0
00-0033897,Joe Mixon,RB,CIN,2023,8,SF,17.0,3
00-0033906,Alvin Kamara,RB,NO,2023,8,IND,23.0,4
00-0033908,Cooper Kupp,WR,LA,2023,8,DAL,2.1,4
00-0033921,Chris Godwin,WR,TB,2023,8,BUF,12.8,5
00-0033923,Kareem Hunt,RB,CLE,2023,8,SEA,12.7,1
00-0033925,D'Onta Foreman,RB,CHI,2023,8,LAC,3.6,1
00-0033943,Josh Reynolds,WR,DET,2023,8,LV,-0.7,1
00-0033948,Jamaal Williams,RB,NO,2023,8,IND,3.8,1
00-0033949,Joshua Dobbs,QB,ARI,2023,8,BAL,22.92,0
00-0034115,Jeff Wilson,RB,MIA,2023,8,NE,3.7,2
00-0034184,Gus Edwards,RB,BAL,2023,8,ARI,27.4,2
00-0034208,Mike Boone,RB,HOU,2023,8,CAR,1.6,1
00-0034270,Tyler Conklin,TE,NYJ,2023,8,NYG,0.0,0
00-0034272,Marquez Valdes-Scantling,WR,KC,2023,8,DEN,0.7,2
00-0034297,Byron Pringle,WR,WAS,2023,8,PHI,0.0,0
00-0034348,Courtland Sutton,WR,DEN,2023,8,KC,8.9,2
00-0034351,Dallas Goedert,TE,PHI,2023,8,WAS,3.6,4
00-0034364,Jordan Akins,TE,CLE,2023,8,SEA,0.6,1
00-0034383,Dalton Schultz,TE,HOU,2023,8,CAR,0.5,2
00-0034386,Justin Watson,WR,KC,2023,8,DEN,4.2,2
00-0034407,Ray-Ray McCloud,WR,SF,2023,8,CIN,4.3,2
00-0034414,Boston Scott,RB,PHI,2023,8,WAS,0.4,1
00-0034418,Cedrick Wilson Jr.,WR,MIA,2023,8,NE,6.1,1
00-0034419,Braxton Berrios,WR,MIA,2023,8,NE,0.8,2
00-0034521,Allen Lazard,WR,NYJ,2023,8,NYG,4.5,3
00-0034646,Brandon Powell,WR,MIN,2023,8,GB,1.2,1
00-0034681,Chase Edmonds,RB,TB,2023,8,BUF,2.1,2
00-0034753,Mark Andrews,TE,BAL,2023,8,ARI,10.0,4
00-0034764,Michael Gallup,WR,DAL,2023,8,LA,2.0,2
00-0034775,Christian Kirk,WR,JAX,2023,8,PIT,4.6,4
00-0034777,DJ Chark,WR,CAR,2023,8,HOU,2.3,2
00-0034796,Lamar Jackson,QB,BAL,2023,8,ARI,11.98,0
00-0034798,Durham Smythe,TE,MIA,2023,8,NE,2.8,3
00-0034827,DJ Moore,WR,CHI,2023,8,LAC,5.5,4
00-0034829,Mike Gesicki,TE,NE,2023,8,MIA,1.1,2
00-0034830,Hayden Hurst,TE,CAR,2023,8,HOU,0.0,0
00-0034837,Calvin Ridley,WR,JAX,2023,8,PIT,8.3,6
00-0034838,Royce Freeman,RB,LA,2023,8,DAL,10.4,0
00-0034844,Saquon Barkley,RB,NYG,2023,8,NYJ,12.8,3
00-0034854,KhaDarel Hodge,WR,ATL,2023,8,TEN,7.5,3
00-0034855,Baker Mayfield,QB,TB,2023,8,BUF,21.38,0
00-0034857,Josh Allen,QB,BUF,2023,8,TB,29.06,0
00-0034955,Brett Rypien,QB,LA,2023,8,DAL,1.68,0
00-0034960,Jakobi Meyers,WR,LV,2023,8,DET,1.9,1
00-0034970,Irv Smith,TE,CIN,2023,8,SF,0.5,4
00-0034972,Alexander Mattison,RB,MIN,2023,8,GB,3.3,1
00-0034975,Justice Hill,RB,BAL,2023,8,ARI,5.5,4
00-0034983,Hunter Renfrow,WR,LV,2023,8,DET,1.9,2
00-0035140,Mecole Hardman,WR,KC,2023,8,DEN,1.6,2
00-0035208,Olamide Zaccheaus,WR,PHI,2023,8,WAS,0.5,1
00-0035216,Diontae Johnson,WR,PIT,2023,8,JAX,8.5,8
00-0035229,T.J. Hockenson,TE,MIN,2023,8,GB,14.8,6
00-0035243,Miles Sanders,RB,CAR,2023,8,HOU,0.0,0
00-0035250,Devin Singletary,RB,HOU,2023,8,CAR,4.3,2
00-0035261,Tony Pollard,RB,DAL,2023,8,LA,5.5,1
00-0035289,Gardner Minshew,QB,IND,2023,8,NO,14.82,0
00-0035291,Trayveon Williams,RB,CIN,2023,8,SF,0.6,0
00-0035298,Scott Miller,WR,ATL,2023,8,TEN,7.4,2
00-0035329,Donald Parham,TE,LAC,2023,8,CHI,10.3,4
00-0035341,Trenton Irwin,WR,CIN,2023,8,SF,2.4,2
00-0035535,Darius Slayton,WR,NYG,2023,8,NYJ,-0.1,1
00-0035567,Craig Reynolds,RB,DET,2023,8,LV,6.6,1
00-0035593,Juwann Winfree,WR,IND,2023,8,NO,0.0,0
00-0035628,D'Ernest Johnson,RB,JAX,2023,8,PIT,0.8,0
00-0035631,Drew Sample,TE,CIN,2023,8,SF,0.0,0
00-0035640,DK Metcalf,WR,SEA,2023,8,CLE,6.7,5
00-0035644,Noah Fant,TE,SEA,2023,8,CLE,3.2,2
00-0035659,Terry McLaurin,WR,WAS,2023,8,PHI,12.3,5
00-0035662,Marquise Brown,WR,ARI,2023,8,BAL,9.3,6
00-0035664,Darrell Henderson,RB,LA,2023,8,DAL,8.5,3
00-0035676,A.J. Brown,WR,PHI,2023,8,WAS,25.0,8
00-0035700,Josh Jacobs,RB,LV,2023,8,DET,14.8,2
00-0036020,Salvon Ahmed,RB,MIA,2023,8,NE,1.7,4
00-0036032,Sean McKeon,TE,DAL,2023,8,LA,0.0,0
00-0036040,Juwan Johnson,TE,NO,2023,8,IND,0.5,1
00-0036139,Rico Dowdle,RB,DAL,2023,8,LA,2.5,2
00-0036182,Nick Westbrook-Ikhine,WR,TEN,2023,8,ATL,9.3,1
00-0036196,Gabe Davis,WR,BUF,2023,8,TB,14.7,9
00-0036212,Tua Tagovailoa,QB,MIA,2023,8,NE,21.76,0
00-0036223,Jonathan Taylor,RB,IND,2023,8,NO,9.7,1
00-0036232,Harrison Bryant,TE,CLE,2023,8,SEA,0.0,0
00-0036251,Zack Moss,RB,IND,2023,8,NO,13.4,1
00-0036252,Michael Pittman,WR,IND,2023,8,NO,10.0,8
00-0036261,Brandon Aiyuk,WR,SF,2023,8,CIN,10.9,5
00-0036264,Jordan Love,QB,GB,2023,8,MIN,14.56,0
00-0036265,AJ Dillon,RB,GB,2023,8,MIN,5.2,5
00-0036275,D'Andre Swift,RB,PHI,2023,8,WAS,12.4,2
00-0036290,Cole Kmet,TE,CHI,2023,8,LAC,7.9,10
00-0036297,Darrynton Evans,RB,CHI,2023,8,LAC,10.0,3
00-0036309,Darnell Mooney,WR,CHI,2023,8,LAC,4.4,1
00-0036326,Chase Claypool,WR,MIA,2023,8,NE,1.5,1
00-0036328,Antonio Gibson,RB,WAS,2023,8,PHI,4.2,5
00-0036345,K.J. Osborn,WR,MIN,2023,8,GB,9.9,8
00-0036355,Justin Herbert,QB,LAC,2023,8,CHI,24.02,0
00-0036358,CeeDee Lamb,WR,DAL,2023,8,LA,29.0,12
00-0036360,Clyde Edwards-Helaire,RB,KC,2023,8,DEN,0.4,0
00-0036370,Joshua Kelley,RB,LAC,2023,8,CHI,2.1,0
00-0036387,Jalen Reagor,WR,NE,2023,8,MIA,0.0,0
00-0036389,Jalen Hurts,QB,PHI,2023,8,WAS,27.36,0
00-0036407,Jerry Jeudy,WR,DEN,2023,8,KC,11.0,2
00-0036410,Tee Higgins,WR,CIN,2023,8,SF,6.9,5
00-0036414,Cam Akers,RB,MIN,2023,8,GB,8.5,1
00-0036415,Van Jefferson,WR,ATL,2023,8,TEN,2.4,3
00-0036438,Stephen Sullivan,TE,CAR,2023,8,HOU,1.3,1
00-0036442,Joe Burrow,QB,CIN,2023,8,SF,27.62,0
00-0036450,Ke'Shawn Vaughn,RB,TB,2023,8,BUF,0.1,0
00-0036550,Rashod Bateman,WR,BAL,2023,8,ARI,5.2,2
00-0036554,Nico Collins,WR,HOU,2023,8,CAR,3.0,4
00-0036555,Chuba Hubbard,RB,CAR,2023,8,HOU,5.4,2
00-0036567,Elijah Mitchell,RB,SF,2023,8,CIN,0.2,0
00-0036613,Jaylen Waddle,WR,MIA,2023,8,NE,18.1,7
00-0036620,Dee Eskridge,WR,SEA,2023,8,CLE,-0.5,0
00-0036626,Dyami Brown,WR,WAS,2023,8,PHI,0.0,0
00-0036628,John Bates,TE,WAS,2023,8,PHI,1.7,1
00-0036637,Noah Gray,TE,KC,2023,8,DEN,2.5,2
00-0036646,Simi Fehoko,WR,LAC,2023,8,CHI,6.9,1
00-0036754,Brock Wright,TE,DET,2023,8,LV,0.5,1
00-0036849,Tutu Atwell,WR,LA,2023,8,DAL,4.9,2
00-0036862,Ben Skowronek,WR,LA,2023,8,DAL,8.0,1
00-0036875,Rhamondre Stevenson,RB,NE,2023,8,MIA,5.0,2
00-0036887,Luke Farrell,TE,JAX,2023,8,PIT,0.5,1
00-0036893,Najee Harris,RB,PIT,2023,8,JAX,5.5,5
00-0036900,Ja'Marr Chase,WR,CIN,2023,8,SF,15.2,10
00-0036912,DeVonta Smith,WR,PHI,2023,8,WAS,15.9,7
00-0036913,Kadarius Toney,WR,KC,2023,8,DEN,0.1,1
00-0036919,Kenneth Gainwell,RB,PHI,2023,8,WAS,0.6,5
00-0036924,Michael Carter,RB,NYJ,2023,8,NYG,0.2,0
00-0036936,Rondale Moore,WR,ARI,2023,8,BAL,2.1,2
00-0036955,Terrace Marshall Jr.,WR,CAR,2023,8,HOU,0.9,1
00-0036963,Amon-Ra St. Brown,WR,DET,2023,8,LV,10.8,6
00-0036970,Kyle Pitts,TE,ATL,2023,8,TEN,3.5,3
00-0036971,Trevor Lawrence,QB,JAX,2023,8,PIT,14.68,0
00-0036972,Mac Jones,QB,NE,2023,8,MIA,12.24,0
00-0036973,Travis Etienne,RB,JAX,2023,8,PIT,22.9,3
00-0036980,Elijah Moore,WR,CLE,2023,8,SEA,3.0,2
00-0036988,Josh Palmer,WR,LAC,2023,8,CHI,2.4,3
00-0036997,Javonte Williams,RB,DEN,2023,8,KC,15.8,3
00-0037005,Tommy Tremble,TE,CAR,2023,8,HOU,6.4,2
00-0037013,Zach Wilson,QB,NYJ,2023,8,NYG,12.1,0
00-0037077,Sam Howell,QB,WAS,2023,8,PHI,30.98,0
00-0037197,Isiah Pacheco,RB,KC,2023,8,DEN,3.7,3
00-0037228,Jaylen Warren,RB,PIT,2023,8,JAX,3.8,4
00-0037238,Drake London,WR,ATL,2023,8,TEN,5.5,5
00-0037239,Chris Olave,WR,NO,2023,8,IND,4.6,5
00-0037240,Jameson Williams,WR,DET,2023,8,LV,1.6,2
00-0037247,George Pickens,WR,PIT,2023,8,JAX,8.2,1
00-0037248,James Cook,RB,BUF,2023,8,TB,7.3,1
00-0037256,Rachaad White,RB,TB,2023,8,BUF,10.9,7
00-0037258,Dameon Pierce,RB,HOU,2023,8,CAR,4.6,0
00-0037261,Khalil Shakir,WR,BUF,2023,8,TB,9.2,6
00-0037263,Tyler Allgeier,RB,ATL,2023,8,TEN,3.1,0
00-0037267,Jerome Ford,RB,CLE,2023,8,SEA,3.9,1
00-0037273,Kyle Philips,WR,TEN,2023,8,ATL,2.4,3
00-0037292,Andrew Ogletree,TE,IND,2023,8,NO,9.3,1
00-0037299,Keaontay Ingram,RB,ARI,2023,8,BAL,1.6,1
00-0037304,Connor Heyward,TE,PIT,2023,8,JAX,2.4,5
00-0037429,Raheem Blackshear,RB,CAR,2023,8,HOU,3.1,2
00-0037451,Rod Williams,TE,PIT,2023,8,JAX,0.0,0
00-0037545,Rashid Shaheed,WR,NO,2023,8,IND,21.3,3
00-0037664,Alec Pierce,WR,IND,2023,8,NO,4.1,3
00-0037666,Jalen Tolbert,WR,DAL,2023,8,LA,0.0,0
00-0037740,Garrett Wilson,WR,NYJ,2023,8,NYG,10.6,7
00-0037741,Jahan Dotson,WR,WAS,2023,8,PHI,16.8,8
00-0037742,Treylon Burks,WR,TEN,2023,8,ATL,0.0,0
00-0037744,Trey McBride,TE,ARI,2023,8,BAL,15.5,10
00-0037745,Velus Jones Jr.,RB,CHI,2023,8,LAC,0.4,1
00-0037746,Brian Robinson,RB,WAS,2023,8,PHI,7.9,2
00-0037801,KaVontae Turpin,WR,DAL,2023,8,LA,1.3,1
00-0037805,Jeremy Ruckert,TE,NYJ,2023,8,NYG,0.0,0
00-0037809,Chig Okonkwo,TE,TEN,2023,8,ATL,2.7,4
00-0037816,Romeo Doubs,WR,GB,2023,8,MIN,7.8,4
00-0037834,Brock Purdy,QB,SF,2023,8,CIN,18.3,0
00-0037837,Calvin Austin III,WR,PIT,2023,8,JAX,2.9,2
00-0037838,Isaiah Likely,TE,BAL,2023,8,ARI,1.0,1
00-0038041,Jake Ferguson,TE,DAL,2023,8,LA,10.7,4
00-0038045,Isaiah Spiller,RB,LAC,2023,8,CHI,0.8,1
00-0038090,Skyy Moore,WR,KC,2023,8,DEN,0.8,1
00-0038098,Pierre Strong,RB,CLE,2023,8,SEA,8.2,1
00-0038102,Kenny Pickett,QB,PIT,2023,8,JAX,3.92,0
00-0038115,Daniel Bellinger,TE,NYG,2023,8,NYJ,0.0,0
00-0038117,Wan'Dale Robinson,WR,NYG,2023,8,NYJ,1.7,0
00-0038120,Breece Hall,RB,NYJ,2023,8,NYG,15.3,6
00-0038122,Desmond Ridder,QB,ATL,2023,8,TEN,3.44,0
00-0038124,Christian Watson,WR,GB,2023,8,MIN,3.3,3
00-0038128,Malik Willis,QB,TEN,2023,8,ATL,-1.6,0
00-0038129,Cade Otton,TE,TB,2023,8,BUF,4.7,4
00-0038134,Kenneth Walker III,RB,SEA,2023,8,CLE,7.0,1
00-0038393,Dontayvion Wicks,WR,GB,2023,8,MIN,2.8,2
00-0038394,Will Mallory,TE,IND,2023,8,NO,0.6,1
00-0038416,Tyson Bagent,QB,CHI,2023,8,LAC,11.18,0
00-0038476,Tommy DeVito,QB,NYG,2023,8,NYJ,7.16,0
00-0038496,Xavier Gipson,WR,NYJ,2023,8,NYG,0.3,0
00-0038542,Bijan Robinson,RB,ATL,2023,8,TEN,12.2,0
00-0038543,Jaxon Smith-Njigba,WR,SEA,2023,8,CLE,9.6,3
00-0038544,Quentin Johnston,WR,LAC,2023,8,CHI,5.0,5
00-0038547,Luke Schoonmaker,TE,DAL,2023,8,LA,1.3,1
00-0038551,Kendre Miller,RB,NO,2023,8,IND,1.9,1
00-0038555,Tank Bigsby,RB,JAX,2023,8,PIT,-1.1,0
00-0038559,Michael Wilson,WR,ARI,2023,8,BAL,5.8,4
00-0038573,Derius Davis,WR,LAC,2023,8,CHI,0.4,2
00-0038583,Dorian Thompson-Robinson,QB,CLE,2023,8,SEA,0.36,0
00-0038598,Jaren Hall,QB,MIN,2023,8,GB,-1.18,0
00-0038619,Andrei Iosivas,WR,CIN,2023,8,SF,6.2,1
00-0038621,Demario Douglas,WR,NE,2023,8,MIA,2.9,5
00-0038705,Emari Demercado,RB,ARI,2023,8,BAL,7.9,1
00-0038720,Julian Hill,TE,MIA,2023,8,NE,0.4,1
00-0038752,Jake Bobo,WR,SEA,2023,8,CLE,8.6,2
00-0038794,Jaleel McLaughlin,RB,DEN,2023,8,KC,3.9,2
00-0038821,Rakim Jarrett,WR,TB,2023,8,BUF,0.9,1
00-0038933,Dalton Kincaid,TE,BUF,2023,8,TB,12.5,5
00-0038941,Tyler Scott,WR,CHI,2023,8,LAC,1.1,1
00-0038976,Marvin Mims Jr.,WR,DEN,2023,8,KC,0.0,1
00-0038977,Tank Dell,WR,HOU,2023,8,CAR,3.1,3
00-0038994,Jordan Addison,WR,MIN,2023,8,GB,14.4,7
00-0038997,Josh Downs,WR,IND,2023,8,NO,7.2,7
00-0039021,Roschon Johnson,RB,CHI,2023,8,LAC,3.1,3
00-0039032,Tyjae Spears,RB,TEN,2023,8,ATL,3.6,3
00-0039050,Payne Durham,TE,TB,2023,8,BUF,0.0,0
00-0039052,Trey Palmer,WR,TB,2023,8,BUF,2.2,3
00-0039062,Jonathan Mingo,WR,CAR,2023,8,HOU,6.2,4
00-0039064,Zay Flowers,WR,BAL,2023,8,ARI,1.9,5
00-0039065,Sam LaPorta,TE,DET,2023,8,LV,11.7,8
00-0039066,Michael Mayer,TE,LV,2023,8,DET,1.9,1
00-0039067,Rashee Rice,WR,KC,2023,8,DEN,5.6,4
00-0039075,Puka Nacua,WR,LA,2023,8,DAL,4.3,3
00-0039139,Jahmyr Gibbs,RB,DET,2023,8,LV,24.9,5
00-0039144,Luke Musgrave,TE,GB,2023,8,MIN,0.9,2
00-0039146,Jayden Reed,WR,GB,2023,8,MIN,8.3,4
00-0039150,Bryce Young,QB,CAR,2023,8,HOU,14.5,0
00-0039152,Will Levis,QB,TEN,2023,8,ATL,26.62,0
00-0039163,C.J. Stroud,QB,HOU,2023,8,CAR,12.9,0
00-0039165,Zach Charbonnet,RB,SEA,2023,8,CLE,6.4,2
00-0030035,Adam Thielen,WR,CAR,2023,9,IND,2.9,5
00-0030068,Marquise Goodwin,WR,CLE,2023,9,ARI,0.0,0
00-0030279,Keenan Allen,WR,LAC,2023,9,NYJ,7.7,8
00-0030506,Travis Kelce,TE,KC,2023,9,MIA,1.4,3
00-0030513,Latavius Murray,RB,BUF,2023,9,CIN,1.0,1
00-0030564,DeAndre Hopkins,WR,TEN,2023,9,PIT,6.5,4
00-0030565,Geno Smith,QB,SEA,2023,9,BAL,2.68,0
00-0030578,Cordarrelle Patterson,RB,ATL,2023,9,MIN,0.3,1
00-0031235,Odell Beckham,WR,BAL,2023,9,SEA,9.6,5
00-0031236,Brandin Cooks,WR,DAL,2023,9,PHI,0.7,1
00-0031260,Logan Thomas,TE,WAS,2023,9,NE,3.1,4
00-0031280,Derek Carr,QB,NO,2023,9,CHI,16.74,0
00-0031376,Jerick McKinnon,RB,KC,2023,9,MIA,8.4,2
00-0031381,Davante Adams,WR,LV,2023,9,NYG,3.4,4
00-0031408,Mike Evans,WR,TB,2023,9,HOU,8.7,4
00-0031428,Allen Robinson,WR,PIT,2023,9,TEN,1.0,1
00-0031544,Amari Cooper,WR,CLE,2023,9,ARI,19.9,5
00-0031549,Nelson Agholor,WR,BAL,2023,9,SEA,0.2,1
00-0031588,Stefon Diggs,WR,BUF,2023,9,CIN,16.6,6
00-0031687,Raheem Mostert,RB,MIA,2023,9,KC,14.5,0
00-0031763,DeAndre Carter,WR,LV,2023,9,NYG,1.5,1
00-0031800,Taylor Heinicke,QB,ATL,2023,9,MIN,14.72,0
00-0031868,Damiere Byrd,WR,ATL,2023,9,MIN,0.0,0
00-0031941,Jamison Crowder,WR,WAS,2023,9,NE,2.3,4
00-0032104,Ameer Abdullah,RB,LV,2023,9,NYG,2.5,2
00-0032134,C.J. Uzomah,TE,NYJ,2023,9,LAC,1.1,2
00-0032211,Tyler Lockett,WR,SEA,2023,9,BAL,3.2,3
00-0032392,Austin Hooper,TE,LV,2023,9,NYG,1.0,1
00-0032398,Chris Moore,WR,TEN,2023,9,PIT,2.9,1
00-0032764,Derrick Henry,RB,TEN,2023,9,PIT,16.2,3
00-0032765,Michael Thomas,WR,NO,2023,9,CHI,0.0,0
00-0032775,Demarcus Robinson,WR,LA,2023,9,GB,1.5,1
00-0033009,Tyler Boyd,WR,CIN,2023,9,BUF,5.6,3
00-0033040,Tyreek Hill,WR,MIA,2023,9,KC,4.5,8
00-0033045,Ezekiel Elliott,RB,NE,2023,9,WAS,3.2,3
00-0033077,Dak Prescott,QB,DAL,2023,9,PHI,28.36,0
00-0033090,Hunter Henry,TE,NE,2023,9,WAS,9.9,4
00-0033110,Tyler Higbee,TE,LA,2023,9,GB,0.0,0
00-0033246,Johnny Mundt,TE,MIN,2023,9,ATL,1.8,1
00-0033251,Zach Pascal,WR,ARI,2023,9,CLE,0.0,0
00-0033293,Aaron Jones,RB,GB,2023,9,LA,13.9,4
00-0033308,Matt Breida,RB,NYG,2023,9,LV,1.1,1
00-0033357,Taysom Hill,TE,NO,2023,9,CHI,16.62,4
00-0033466,Isaiah McKenzie,WR,IND,2023,9,CAR,1.2,2
00-0033537,Deshaun Watson,QB,CLE,2023,9,ARI,18.96,0
00-0033555,Mack Hollins,WR,ATL,2023,9,MIN,3.6,3
00-0033591,Noah Brown,WR,HOU,2023,9,TB,21.3,6
00-0033699,Austin Ekeler,RB,LAC,2023,9,NYJ,19.0,2
00-0033757,Robert Tonyan,TE,CHI,2023,9,NO,1.1,1
00-0033857,JuJu Smith-Schuster,WR,NE,2023,9,WAS,5.1,6
00-0033858,Jonnu Smith,TE,ATL,2023,9,MIN,16.0,5
00-0033873,Patrick Mahomes,QB,KC,2023,9,MIA,15.8,0
00-0033885,David Njoku,TE,CLE,2023,9,ARI,8.6,4
00-0033893,Dalvin Cook,RB,NYJ,2023,9,LAC,0.8,1
00-0033895,Gerald Everett,TE,LAC,2023,9,NYJ,1.8,2
00-0033897,Joe Mixon,RB,CIN,2023,9,BUF,12.8,5
00-0033906,Alvin Kamara,RB,NO,2023,9,CHI,7.0,4
00-0033908,Cooper Kupp,WR,LA,2023,9,GB,4.8,2
00-0033921,Chris Godwin,WR,TB,2023,9,HOU,1.6,2
00-0033923,Kareem Hunt,RB,CLE,2023,9,ARI,9.8,0
00-0033925,D'Onta Foreman,RB,CHI,2023,9,NO,8.3,0
00-0033948,Jamaal Williams,RB,NO,2023,9,CHI,1.2,2
00-0033949,Joshua Dobbs,QB,MIN,2023,9,ATL,24.92,0
00-0034115,Jeff Wilson,RB,MIA,2023,9,KC,3.8,3
00-0034159,Will Dissly,TE,SEA,2023,9,BAL,0.0,0
00-0034184,Gus Edwards,RB,BAL,2023,9,SEA,17.2,0
00-0034208,Mike Boone,RB,HOU,2023,9,TB,0.3,0
00-0034270,Tyler Conklin,TE,NYJ,2023,9,LAC,6.6,6
00-0034272,Marquez Valdes-Scantling,WR,KC,2023,9,MIA,2.2,2
00-0034297,Byron Pringle,WR,WAS,2023,9,NE,5.5,3
00-0034351,Dallas Goedert,TE,PHI,2023,9,DAL,5.0,3
00-0034364,Jordan Akins,TE,CLE,2023,9,ARI,1.1,1
00-0034383,Dalton Schultz,TE,HOU,2023,9,TB,17.0,10
00-0034386,Justin Watson,WR,KC,2023,9,MIA,1.5,2
00-0034418,Cedrick Wilson Jr.,WR,MIA,2023,9,KC,9.1,1
00-0034487,Trent Sherfield,WR,BUF,2023,9,CIN,0.9,1
00-0034521,Allen Lazard,WR,NYJ,2023,9,LAC,1.8,2
00-0034613,Tanner Hudson,TE,CIN,2023,9,BUF,4.5,4
00-0034646,Brandon Powell,WR,MIN,2023,9,ATL,7.5,2
00-0034681,Chase Edmonds,RB,TB,2023,9,HOU,-0.6,1
00-0034750,Rashaad Penny,RB,PHI,2023,9,DAL,0.8,0
00-0034753,Mark Andrews,TE,BAL,2023,9,SEA,8.0,9
00-0034764,Michael Gallup,WR,DAL,2023,9,PHI,1.9,2
00-0034777,DJ Chark,WR,CAR,2023,9,IND,6.9,2
00-0034796,Lamar Jackson,QB,BAL,2023,9,SEA,11.48,0
00-0034798,Durham Smythe,TE,MIA,2023,9,KC,1.7,3
00-0034827,DJ Moore,WR,CHI,2023,9,NO,2.4,3
00-0034829,Mike Gesicki,TE,NE,2023,9,WAS,0.0,0
00-0034830,Hayden Hurst,TE,CAR,2023,9,IND,5.4,2
00-0034838,Royce Freeman,RB,LA,2023,9,GB,3.2,0
00-0034844,Saquon Barkley,RB,NYG,2023,9,LV,11.3,3
00-0034854,KhaDarel Hodge,WR,ATL,2023,9,MIN,6.0,3
00-0034855,Baker Mayfield,QB,TB,2023,9,HOU,19.0,0
00-0034857,Josh Allen,QB,BUF,2023,9,CIN,24.72,0
00-0034955,Brett Rypien,QB,LA,2023,9,GB,5.1,0
00-0034960,Jakobi Meyers,WR,LV,2023,9,NYG,11.5,2
00-0034970,Irv Smith,TE,CIN,2023,9,BUF,8.6,3
00-0034972,Alexander Mattison,RB,MIN,2023,9,ATL,15.3,2
00-0034975,Justice Hill,RB,BAL,2023,9,SEA,4.0,0
00-0034981,Foster Moreau,TE,NO,2023,9,CHI,2.3,1
00-0034983,Hunter Renfrow,WR,LV,2023,9,NYG,3.2,2
00-0035140,Mecole Hardman,WR,KC,2023,9,MIA,1.0,3
00-0035208,Olamide Zaccheaus,WR,PHI,2023,9,DAL,0.8,1
00-0035215,Deonte Harty,WR,BUF,2023,9,CIN,0.0,0
00-0035216,Diontae Johnson,WR,PIT,2023,9,TEN,15.0,7
00-0035229,T.J. Hockenson,TE,MIN,2023,9,ATL,6.9,7
00-0035243,Miles Sanders,RB,CAR,2023,9,IND,6.1,3
00-0035249,Josh Oliver,TE,MIN,2023,9,ATL,0.1,2
00-0035250,Devin Singletary,RB,HOU,2023,9,TB,2.6,2
00-0035261,Tony Pollard,RB,DAL,2023,9,PHI,6.3,3
00-0035289,Gardner Minshew,QB,IND,2023,9,CAR,9.58,0
00-0035291,Trayveon Williams,RB,CIN,2023,9,BUF,1.3,0
00-0035329,Donald Parham,TE,LAC,2023,9,NYJ,0.0,0
00-0035414,Jalen Guyton,WR,LAC,2023,9,NYJ,0.0,0
00-0035480,Malik Taylor,WR,NYJ,2023,9,LAC,0.7,1
00-0035500,Greg Dortch,WR,ARI,2023,9,CLE,0.2,1
00-0035535,Darius Slayton,WR,NYG,2023,9,LV,5.9,4
00-0035631,Drew Sample,TE,CIN,2023,9,BUF,9.0,3
00-0035639,Parris Campbell,WR,NYG,2023,9,LV,1.5,2
00-0035640,DK Metcalf,WR,SEA,2023,9,BAL,5.0,1
00-0035644,Noah Fant,TE,SEA,2023,9,BAL,0.0,0
00-0035659,Terry McLaurin,WR,WAS,2023,9,NE,7.3,5
00-0035662,Marquise Brown,WR,ARI,2023,9,CLE,2.4,4
00-0035664,Darrell Henderson,RB,LA,2023,9,GB,3.5,2
00-0035676,A.J. Brown,WR,PHI,2023,9,DAL,12.6,7
00-0035700,Josh Jacobs,RB,LV,2023,9,NYG,21.8,0
00-0035703,Miles Boykin,WR,PIT,2023,9,TEN,0.6,1
00-0035710,Daniel Jones,QB,NYG,2023,9,LV,1.9,0
00-0035860,Tony Jones,RB,ARI,2023,9,CLE,0.7,2
00-0035934,Trishton Jackson,WR,MIN,2023,9,ATL,2.2,1
00-0035993,Tyler Huntley,QB,BAL,2023,9,SEA,6.32,0
00-0036020,Salvon Ahmed,RB,MIA,2023,9,KC,1.2,2
00-0036040,Juwan Johnson,TE,NO,2023,9,CHI,8.9,5
00-0036139,Rico Dowdle,RB,DAL,2023,9,PHI,0.8,0
00-0036165,Isaiah Hodgins,WR,NYG,2023,9,LV,0.0,0
00-0036182,Nick Westbrook-Ikhine,WR,TEN,2023,9,PIT,2.3,1
00-0036196,Gabe Davis,WR,BUF,2023,9,CIN,0.0,0
00-0036212,Tua Tagovailoa,QB,MIA,2023,9,KC,12.42,0
00-0036223,Jonathan Taylor,RB,IND,2023,9,CAR,12.9,5
00-0036244,Colby Parkinson,TE,SEA,2023,9,BAL,0.6,1
00-0036251,Zack Moss,RB,IND,2023,9,CAR,2.6,0
00-0036252,Michael Pittman,WR,IND,2023,9,CAR,6.4,8
00-0036264,Jordan Love,QB,GB,2023,9,LA,13.82,0
00-0036265,AJ Dillon,RB,GB,2023,9,LA,4.3,1
00-0036269,La'Mical Perine,RB,KC,2023,9,MIA,0.1,0
00-0036275,D'Andre Swift,RB,PHI,2023,9,DAL,7.4,2
00-0036290,Cole Kmet,TE,CHI,2023,9,NO,17.5,6
00-0036297,Darrynton Evans,RB,CHI,2023,9,NO,2.1,2
00-0036309,Darnell Mooney,WR,CHI,2023,9,NO,8.2,5
00-0036328,Antonio Gibson,RB,WAS,2023,9,NE,7.6,5
00-0036331,Devin Duvernay,WR,BAL,2023,9,SEA,1.0,2
00-0036332,Josiah Deguara,TE,GB,2023,9,LA,0.7,1
00-0036345,K.J. Osborn,WR,MIN,2023,9,ATL,1.7,2
00-0036355,Justin Herbert,QB,LAC,2023,9,NYJ,7.14,0
00-0036358,CeeDee Lamb,WR,DAL,2023,9,PHI,17.1,11
00-0036370,Joshua Kelley,RB,LAC,2023,9,NYJ,2.2,1
00-0036387,Jalen Reagor,WR,NE,2023,9,WAS,1.1,1
00-0036389,Jalen Hurts,QB,PHI,2023,9,DAL,25.88,0
00-0036410,Tee Higgins,WR,CIN,2023,9,BUF,11.0,8
00-0036414,Cam Akers,RB,MIN,2023,9,ATL,3.8,3
00-0036415,Van Jefferson,WR,ATL,2023,9,MIN,1.4,1
00-0036438,Stephen Sullivan,TE,CAR,2023,9,IND,2.8,4
00-0036442,Joe Burrow,QB,CIN,2023,9,BUF,22.32,0
00-0036450,Ke'Shawn Vaughn,RB,TB,2023,9,HOU,0.8,1
00-0036493,Deon Jackson,RB,NYG,2023,9,LV,0.2,0
00-0036550,Rashod Bateman,WR,BAL,2023,9,SEA,2.8,3
00-0036554,Nico Collins,WR,HOU,2023,9,TB,11.4,3
00-0036555,Chuba Hubbard,RB,CAR,2023,9,IND,6.7,4
00-0036613,Jaylen Waddle,WR,MIA,2023,9,KC,5.4,3
00-0036626,Dyami Brown,WR,WAS,2023,9,NE,3.3,2
00-0036628,John Bates,TE,WAS,2023,9,NE,-0.5,1
00-0036637,Noah Gray,TE,KC,2023,9,MIA,3.4,3
00-0036841,Austin Trammell,WR,LA,2023,9,GB,0.6,1
00-0036849,Tutu Atwell,WR,LA,2023,9,GB,1.3,4
00-0036862,Ben Skowronek,WR,LA,2023,9,GB,-0.2,0
00-0036875,Rhamondre Stevenson,RB,NE,2023,9,WAS,18.9,4
00-0036876,Kylen Granson,TE,IND,2023,9,CAR,0.0,0
00-0036893,Najee Harris,RB,PIT,2023,9,TEN,13.6,2
00-0036900,Ja'Marr Chase,WR,CIN,2023,9,BUF,4.1,4
00-0036912,DeVonta Smith,WR,PHI,2023,9,DAL,11.1,3
00-0036913,Kadarius Toney,WR,KC,2023,9,MIA,1.8,1
00-0036919,Kenneth Gainwell,RB,PHI,2023,9,DAL,8.3,1
00-0036924,Michael Carter,RB,NYJ,2023,9,LAC,2.4,6
00-0036936,Rondale Moore,WR,ARI,2023,9,CLE,0.8,1
00-0036955,Terrace Marshall Jr.,WR,CAR,2023,9,IND,0.0,0
00-0036970,Kyle Pitts,TE,ATL,2023,9,MIN,5.6,4
00-0036972,Mac Jones,QB,NE,2023,9,WAS,11.1,0
00-0036980,Elijah Moore,WR,CLE,2023,9,ARI,1.4,2
00-0037005,Tommy Tremble,TE,CAR,2023,9,IND,1.2,2
00-0037013,Zach Wilson,QB,NYJ,2023,9,LAC,7.22,0
00-0037077,Sam Howell,QB,WAS,2023,9,NE,17.7,0
00-0037197,Isiah Pacheco,RB,KC,2023,9,MIA,6.6,0
00-0037228,Jaylen Warren,RB,PIT,2023,9,TEN,11.3,3
00-0037239,Chris Olave,WR,NO,2023,9,CHI,10.6,6
00-0037247,George Pickens,WR,PIT,2023,9,TEN,-0.1,2
00-0037248,James Cook,RB,BUF,2023,9,CIN,3.9,4
00-0037256,Rachaad White,RB,TB,2023,9,HOU,23.9,4
00-0037261,Khalil Shakir,WR,BUF,2023,9,CIN,5.7,4
00-0037263,Tyler Allgeier,RB,ATL,2023,9,MIN,9.0,2
00-0037267,Jerome Ford,RB,CLE,2023,9,ARI,7.7,5
00-0037273,Kyle Philips,WR,TEN,2023,9,PIT,6.8,4
00-0037292,Andrew Ogletree,TE,IND,2023,9,CAR,1.9,1
00-0037299,Keaontay Ingram,RB,ARI,2023,9,CLE,0.8,0
00-0037304,Connor Heyward,TE,PIT,2023,9,TEN,1.6,2
00-0037429,Raheem Blackshear,RB,CAR,2023,9,IND,0.5,1
00-0037475,Stone Smartt,TE,LAC,2023,9,NYJ,0.0,0
00-0037545,Rashid Shaheed,WR,NO,2023,9,CHI,2.2,3
00-0037614,John Metchie III,WR,HOU,2023,9,TB,1.4,1
00-0037664,Alec Pierce,WR,IND,2023,9,CAR,0.0,0
00-0037666,Jalen Tolbert,WR,DAL,2023,9,PHI,10.9,3
00-0037740,Garrett Wilson,WR,NYJ,2023,9,LAC,6.0,7
00-0037741,Jahan Dotson,WR,WAS,2023,9,NE,12.9,4
00-0037742,Treylon Burks,WR,TEN,2023,9,PIT,2.8,2
00-0037744,Trey McBride,TE,ARI,2023,9,CLE,2.2,3
00-0037745,Velus Jones Jr.,RB,CHI,2023,9,NO,0.0,0
00-0037746,Brian Robinson,RB,WAS,2023,9,NE,10.7,1
00-0037801,KaVontae Turpin,WR,DAL,2023,9,PHI,6.5,1
00-0037805,Jeremy Ruckert,TE,NYJ,2023,9,LAC,0.7,1
00-0037809,Chig Okonkwo,TE,TEN,2023,9,PIT,2.8,3
00-0037816,Romeo Doubs,WR,GB,2023,9,LA,3.6,3
00-0037837,Calvin Austin III,WR,PIT,2023,9,TEN,1.0,0
00-0037838,Isaiah Likely,TE,BAL,2023,9,SEA,4.2,4
00-0038040,Zamir White,RB,LV,2023,9,NYG,-0.2,0
00-0038041,Jake Ferguson,TE,DAL,2023,9,PHI,15.1,7
00-0038090,Skyy Moore,WR,KC,2023,9,MIA,3.3,2
00-0038098,Pierre Strong,RB,CLE,2023,9,ARI,0.2,1
00-0038102,Kenny Pickett,QB,PIT,2023,9,TEN,10.3,0
00-0038104,Tyquan Thornton,WR,NE,2023,9,WAS,0.7,1
00-0038115,Daniel Bellinger,TE,NYG,2023,9,LV,4.3,3
00-0038117,Wan'Dale Robinson,WR,NYG,2023,9,LV,9.5,4
00-0038120,Breece Hall,RB,NYJ,2023,9,LAC,6.0,4
00-0038124,Christian Watson,WR,GB,2023,9,LA,3.7,1
00-0038129,Cade Otton,TE,TB,2023,9,HOU,17.0,6
00-0038134,Kenneth Walker III,RB,SEA,2023,9,BAL,1.7,1
00-0038393,Dontayvion Wicks,WR,GB,2023,9,LA,2.9,4
00-0038416,Tyson Bagent,QB,CHI,2023,9,NO,15.8,0
00-0038454,Keaton Mitchell,RB,BAL,2023,9,SEA,19.4,1
00-0038465,Malik Heath,WR,GB,2023,9,LA,0.0,0
00-0038476,Tommy DeVito,QB,NYG,2023,9,LV,8.7,0
00-0038496,Xavier Gipson,WR,NYJ,2023,9,LAC,3.2,2
00-0038542,Bijan Robinson,RB,ATL,2023,9,MIN,3.9,2
00-0038543,Jaxon Smith-Njigba,WR,SEA,2023,9,BAL,6.3,6
00-0038544,Quentin Johnston,WR,LAC,2023,9,NYJ,1.6,2
00-0038547,Luke Schoonmaker,TE,DAL,2023,9,PHI,0.0,1
00-0038551,Kendre Miller,RB,NO,2023,9,CHI,3.1,1
00-0038558,Darnell Washington,TE,PIT,2023,9,TEN,0.7,1
00-0038563,Tre Tucker,WR,LV,2023,9,NYG,5.6,2
00-0038573,Derius Davis,WR,LAC,2023,9,NYJ,6.0,1
00-0038579,Aidan O'Connell,QB,LV,2023,9,NYG,8.36,0
00-0038582,Clayton Tune,QB,ARI,2023,9,CLE,-0.88,0
00-0038589,Josh Whyle,TE,TEN,2023,9,PIT,0.0,0
00-0038598,Jaren Hall,QB,MIN,2023,9,ATL,4.22,0
00-0038618,Xavier Hutchinson,WR,HOU,2023,9,TB,1.2,0
00-0038619,Andrei Iosivas,WR,CIN,2023,9,BUF,0.9,1
00-0038621,Demario Douglas,WR,NE,2023,9,WAS,5.5,5
00-0038797,Emanuel Wilson,RB,GB,2023,9,LA,4.3,0
00-0038933,Dalton Kincaid,TE,BUF,2023,9,CIN,6.1,10
00-0038938,Jalin Hyatt,WR,NYG,2023,9,LV,1.9,2
00-0038941,Tyler Scott,WR,CHI,2023,9,NO,-0.5,0
00-0038977,Tank Dell,WR,HOU,2023,9,TB,23.6,6
00-0038979,Cedric Tillman,WR,CLE,2023,9,ARI,0.3,1
00-0038994,Jordan Addison,WR,MIN,2023,9,ATL,5.2,5
00-0038997,Josh Downs,WR,IND,2023,9,CAR,1.0,1
00-0039021,Roschon Johnson,RB,CHI,2023,9,NO,1.5,1
00-0039032,Tyjae Spears,RB,TEN,2023,9,PIT,2.2,4
00-0039052,Trey Palmer,WR,TB,2023,9,HOU,5.1,3
00-0039062,Jonathan Mingo,WR,CAR,2023,9,IND,0.5,1
00-0039064,Zay Flowers,WR,BAL,2023,9,SEA,1.1,1
00-0039066,Michael Mayer,TE,LV,2023,9,NYG,1.1,2
00-0039067,Rashee Rice,WR,KC,2023,9,MIA,7.7,2
00-0039075,Puka Nacua,WR,LA,2023,9,GB,3.2,3
00-0039144,Luke Musgrave,TE,GB,2023,9,LA,11.1,3
00-0039146,Jayden Reed,WR,GB,2023,9,LA,4.0,3
00-0039150,Bryce Young,QB,CAR,2023,9,IND,9.02,0
00-0039152,Will Levis,QB,TEN,2023,9,PIT,8.68,0
00-0039163,C.J. Stroud,QB,HOU,2023,9,TB,40.8,0
00-0039165,Zach Charbonnet,RB,SEA,2023,9,BAL,1.3,1
00-0029263,Russell Wilson,QB,DEN,2023,10,BUF,18.72,0
00-0030035,Adam Thielen,WR,CAR,2023,10,CHI,4.2,6
00-0030279,Keenan Allen,WR,LAC,2023,10,DET,29.5,11
00-0030431,Robert Woods,WR,HOU,2023,10,CIN,1.5,1
00-0030513,Latavius Murray,RB,BUF,2023,10,DEN,12.9,2
00-0030564,DeAndre Hopkins,WR,TEN,2023,10,TB,2.7,3
00-0030565,Geno Smith,QB,SEA,2023,10,WAS,24.06,0
00-0030578,Cordarrelle Patterson,RB,ATL,2023,10,ARI,2.0,2
00-0031235,Odell Beckham,WR,BAL,2023,10,CLE,10.0,1
00-0031236,Brandin Cooks,WR,DAL,2023,10,NYG,23.3,9
00-0031260,Logan Thomas,TE,WAS,2023,10,SEA,4.0,5
00-0031280,Derek Carr,QB,NO,2023,10,MIN,5.4,0
00-0031381,Davante Adams,WR,LV,2023,10,NYJ,8.6,6
00-0031408,Mike Evans,WR,TB,2023,10,TEN,20.3,6
00-0031484,Chris Manhertz,TE,DEN,2023,10,BUF,0.6,1
00-0031503,Jameis Winston,QB,NO,2023,10,MIN,8.88,0
00-0031544,Amari Cooper,WR,CLE,2023,10,BAL,9.8,6
00-0031549,Nelson Agholor,WR,BAL,2023,10,CLE,0.0,0
00-0031588,Stefon Diggs,WR,BUF,2023,10,DEN,3.4,3
00-0031763,DeAndre Carter,WR,LV,2023,10,NYJ,1.5,0
00-0031800,Taylor Heinicke,QB,ATL,2023,10,ARI,9.6,0
00-0031941,Jamison Crowder,WR,WAS,2023,10,SEA,0.0,0
00-0032104,Ameer Abdullah,RB,LV,2023,10,NYJ,0.4,1
00-0032134,C.J. Uzomah,TE,NYJ,2023,10,LV,0.6,1
00-0032141,Geoff Swaim,TE,ARI,2023,10,ATL,1.3,2
00-0032211,Tyler Lockett,WR,SEA,2023,10,WAS,15.2,8
00-0032385,Sterling Shepard,WR,NYG,2023,10,DAL,6.2,1
00-0032392,Austin Hooper,TE,LV,2023,10,NYJ,0.7,1
00-0032398,Chris Moore,WR,TEN,2023,10,TB,2.1,2
00-0032464,Kalif Raymond,WR,DET,2023,10,LAC,4.6,2
00-0032764,Derrick Henry,RB,TEN,2023,10,TB,2.0,1
00-0032765,Michael Thomas,WR,NO,2023,10,MIN,0.9,1
00-0033009,Tyler Boyd,WR,CIN,2023,10,HOU,11.7,8
00-0033045,Ezekiel Elliott,RB,NE,2023,10,IND,8.8,2
00-0033077,Dak Prescott,QB,DAL,2023,10,NYG,37.86,0
00-0033090,Hunter Henry,TE,NE,2023,10,IND,2.1,3
00-0033106,Jared Goff,QB,DET,2023,10,LAC,21.12,0
00-0033217,Mo Alie-Cox,TE,IND,2023,10,NE,0.0,0
00-0033246,Johnny Mundt,TE,MIN,2023,10,NO,0.8,2
00-0033251,Zach Pascal,WR,ARI,2023,10,ATL,0.0,0
00-0033275,P.J. Walker,QB,CLE,2023,10,BAL,0.0,0
00-0033280,Christian McCaffrey,RB,SF,2023,10,JAX,14.2,6
00-0033282,Curtis Samuel,WR,WAS,2023,10,SEA,0.6,2
00-0033288,George Kittle,TE,SF,2023,10,JAX,17.6,3
00-0033293,Aaron Jones,RB,GB,2023,10,PIT,5.4,4
00-0033296,Alex Armah,RB,WAS,2023,10,SEA,0.3,1
00-0033308,Matt Breida,RB,NYG,2023,10,DAL,0.3,0
00-0033357,Taysom Hill,TE,NO,2023,10,MIN,2.3,2
00-0033466,Isaiah McKenzie,WR,IND,2023,10,NE,3.1,4
00-0033526,Samaje Perine,RB,DEN,2023,10,BUF,4.3,3
00-0033537,Deshaun Watson,QB,CLE,2023,10,BAL,16.22,0
00-0033553,James Conner,RB,ARI,2023,10,ATL,7.3,0
00-0033591,Noah Brown,WR,HOU,2023,10,CIN,17.2,7
00-0033662,Cooper Rush,QB,DAL,2023,10,NYG,1.22,0
00-0033699,Austin Ekeler,RB,LAC,2023,10,DET,17.5,4
00-0033857,JuJu Smith-Schuster,WR,NE,2023,10,IND,0.9,1
00-0033858,Jonnu Smith,TE,ATL,2023,10,ARI,0.1,1
00-0033881,Evan Engram,TE,JAX,2023,10,SF,1.2,4
00-0033885,David Njoku,TE,CLE,2023,10,BAL,5.8,6
00-0033893,Dalvin Cook,RB,NYJ,2023,10,LV,2.6,0
00-0033895,Gerald Everett,TE,LAC,2023,10,DET,0.0,0
00-0033897,Joe Mixon,RB,CIN,2023,10,HOU,10.5,2
00-0033906,Alvin Kamara,RB,NO,2023,10,MIN,11.5,7
00-0033921,Chris Godwin,WR,TB,2023,10,TEN,5.4,4
00-0033923,Kareem Hunt,RB,CLE,2023,10,BAL,9.2,0
00-0033925,D'Onta Foreman,RB,CHI,2023,10,CAR,15.2,2
00-0033936,C.J. Beathard,QB,JAX,2023,10,SF,0.2,0
00-0033943,Josh Reynolds,WR,DET,2023,10,LAC,1.5,2
00-0033948,Jamaal Williams,RB,NO,2023,10,MIN,1.0,1
00-0033949,Joshua Dobbs,QB,MIN,2023,10,NO,25.12,0
00-0034159,Will Dissly,TE,SEA,2023,10,WAS,2.2,2
00-0034184,Gus Edwards,RB,BAL,2023,10,CLE,8.8,1
00-0034208,Mike Boone,RB,HOU,2023,10,CIN,0.6,2
00-0034270,Tyler Conklin,TE,NYJ,2023,10,LV,7.0,7
00-0034279,Equanimeous St. Brown,WR,CHI,2023,10,CAR,0.4,1
00-0034297,Byron Pringle,WR,WAS,2023,10,SEA,0.7,1
00-0034348,Courtland Sutton,WR,DEN,2023,10,BUF,9.3,8
00-0034364,Jordan Akins,TE,CLE,2023,10,BAL,0.8,1
00-0034383,Dalton Schultz,TE,HOU,2023,10,CIN,7.1,4
00-0034521,Allen Lazard,WR,NYJ,2023,10,LV,1.7,1
00-0034613,Tanner Hudson,TE,CIN,2023,10,HOU,3.3,6
00-0034646,Brandon Powell,WR,MIN,2023,10,NO,3.5,4
00-0034681,Chase Edmonds,RB,TB,2023,10,TEN,0.7,1
00-0034753,Mark Andrews,TE,BAL,2023,10,CLE,4.4,2
00-0034764,Michael Gallup,WR,DAL,2023,10,NYG,13.0,2
00-0034775,Christian Kirk,WR,JAX,2023,10,SF,8.4,6
00-0034796,Lamar Jackson,QB,BAL,2023,10,CLE,13.02,0
00-0034827,DJ Moore,WR,CHI,2023,10,CAR,5.9,5
00-0034829,Mike Gesicki,TE,NE,2023,10,IND,2.2,2
00-0034830,Hayden Hurst,TE,CAR,2023,10,CHI,1.4,2
00-0034837,Calvin Ridley,WR,JAX,2023,10,SF,2.0,2
00-0034844,Saquon Barkley,RB,NYG,2023,10,DAL,6.1,1
00-0034855,Baker Mayfield,QB,TB,2023,10,TEN,18.32,0
00-0034857,Josh Allen,QB,BUF,2023,10,DEN,14.38,0
00-0034869,Sam Darnold,QB,SF,2023,10,JAX,-0.0600000000000001,0
00-0034960,Jakobi Meyers,WR,LV,2023,10,NYJ,2.1,2
00-0034970,Irv Smith,TE,CIN,2023,10,HOU,0.6,1
00-0034972,Alexander Mattison,RB,MIN,2023,10,NO,3.3,1
00-0034975,Justice Hill,RB,BAL,2023,10,CLE,0.7,0
00-0034983,Hunter Renfrow,WR,LV,2023,10,NYJ,0.5,1
00-0035215,Deonte Harty,WR,BUF,2023,10,DEN,0.0,0
00-0035216,Diontae Johnson,WR,PIT,2023,10,GB,1.7,1
00-0035228,Kyler Murray,QB,ARI,2023,10,ATL,17.26,0
00-0035229,T.J. Hockenson,TE,MIN,2023,10,NO,19.4,11
00-0035243,Miles Sanders,RB,CAR,2023,10,CHI,1.0,2
00-0035250,Devin Singletary,RB,HOU,2023,10,CIN,22.1,1
00-0035261,Tony Pollard,RB,DAL,2023,10,NYG,5.5,0
00-0035289,Gardner Minshew,QB,IND,2023,10,NE,5.66,0
00-0035291,Trayveon Williams,RB,CIN,2023,10,HOU,0.2,1
00-0035298,Scott Miller,WR,ATL,2023,10,ARI,6.2,1
00-0035329,Donald Parham,TE,LAC,2023,10,DET,1.8,2
00-0035341,Trenton Irwin,WR,CIN,2023,10,HOU,11.4,2
00-0035406,Lil'Jordan Humphrey,WR,DEN,2023,10,BUF,1.4,1
00-0035414,Jalen Guyton,WR,LAC,2023,10,DET,10.1,4
00-0035480,Malik Taylor,WR,NYJ,2023,10,LV,0.6,1
00-0035535,Darius Slayton,WR,NYG,2023,10,DAL,2.1,3
00-0035537,Ty Johnson,RB,BUF,2023,10,DEN,0.2,0
00-0035628,D'Ernest Johnson,RB,JAX,2023,10,SF,4.0,2
00-0035631,Drew Sample,TE,CIN,2023,10,HOU,1.2,2
00-0035639,Parris Campbell,WR,NYG,2023,10,DAL,0.6,1
00-0035640,DK Metcalf,WR,SEA,2023,10,WAS,9.8,7
00-0035644,Noah Fant,TE,SEA,2023,10,WAS,0.6,2
00-0035659,Terry McLaurin,WR,WAS,2023,10,SEA,3.3,4
00-0035662,Marquise Brown,WR,ARI,2023,10,ATL,2.8,1
00-0035685,David Montgomery,RB,DET,2023,10,LAC,17.6,0
00-0035700,Josh Jacobs,RB,LV,2023,10,NYJ,10.7,2
00-0035719,Deebo Samuel Sr.,WR,SF,2023,10,JAX,11.9,4
00-0035771,Mitchell Wilcox,TE,CIN,2023,10,HOU,0.0,0
00-0035860,Tony Jones,RB,ARI,2023,10,ATL,1.3,0
00-0036040,Juwan Johnson,TE,NO,2023,10,MIN,0.2,1
00-0036133,James Proche,WR,CLE,2023,10,BAL,0.0,0
00-0036139,Rico Dowdle,RB,DAL,2023,10,NYG,13.9,0
00-0036145,Lawrence Cager,TE,NYG,2023,10,DAL,7.0,1
00-0036165,Isaiah Hodgins,WR,NYG,2023,10,DAL,0.0,0
00-0036182,Nick Westbrook-Ikhine,WR,TEN,2023,10,TB,0.9,1
00-0036196,Gabe Davis,WR,BUF,2023,10,DEN,7.6,2
00-0036223,Jonathan Taylor,RB,IND,2023,10,NE,13.5,1
00-0036232,Harrison Bryant,TE,CLE,2023,10,BAL,0.5,1
00-0036244,Colby Parkinson,TE,SEA,2023,10,WAS,0.3,1
00-0036251,Zack Moss,RB,IND,2023,10,NE,0.2,0
00-0036252,Michael Pittman,WR,IND,2023,10,NE,8.4,8
00-0036259,Jauan Jennings,WR,SF,2023,10,JAX,0.8,1
00-0036261,Brandon Aiyuk,WR,SF,2023,10,JAX,11.5,3
00-0036264,Jordan Love,QB,GB,2023,10,PIT,16.66,0
00-0036265,AJ Dillon,RB,GB,2023,10,PIT,8.1,1
00-0036290,Cole Kmet,TE,CHI,2023,10,CAR,4.6,5
00-0036297,Darrynton Evans,RB,CHI,2023,10,CAR,0.5,0
00-0036309,Darnell Mooney,WR,CHI,2023,10,CAR,1.4,2
00-0036328,Antonio Gibson,RB,WAS,2023,10,SEA,11.5,5
00-0036355,Justin Herbert,QB,LAC,2023,10,DET,28.42,0
00-0036358,CeeDee Lamb,WR,DAL,2023,10,NYG,28.5,11
00-0036364,Lynn Bowden,WR,NO,2023,10,MIN,1.2,1
00-0036370,Joshua Kelley,RB,LAC,2023,10,DET,1.6,0
00-0036407,Jerry Jeudy,WR,DEN,2023,10,BUF,3.5,3
00-0036415,Van Jefferson,WR,ATL,2023,10,ARI,0.0,0
00-0036422,Adam Trautman,TE,DEN,2023,10,BUF,1.5,2
00-0036442,Joe Burrow,QB,CIN,2023,10,HOU,19.88,0
00-0036482,Mike Strachan,WR,CAR,2023,10,CHI,4.5,1
00-0036497,Tim Jones,WR,JAX,2023,10,SF,1.7,2
00-0036550,Rashod Bateman,WR,BAL,2023,10,CLE,2.5,2
00-0036555,Chuba Hubbard,RB,CAR,2023,10,CHI,3.9,2
00-0036567,Elijah Mitchell,RB,SF,2023,10,JAX,2.3,0
00-0036626,Dyami Brown,WR,WAS,2023,10,SEA,10.1,2
00-0036628,John Bates,TE,WAS,2023,10,SEA,2.1,3
00-0036635,Ihmir Smith-Marsette,WR,CAR,2023,10,CAR,6.0,0
00-0036754,Brock Wright,TE,DET,2023,10,LAC,8.3,2
00-0036842,Kene Nwangwu,RB,MIN,2023,10,NO,0.9,0
00-0036875,Rhamondre Stevenson,RB,NE,2023,10,IND,10.2,3
00-0036876,Kylen Granson,TE,IND,2023,10,NE,0.5,1
00-0036893,Najee Harris,RB,PIT,2023,10,GB,15.6,3
00-0036900,Ja'Marr Chase,WR,CIN,2023,10,HOU,18.4,5
00-0036924,Michael Carter,RB,NYJ,2023,10,LV,0.0,0
00-0036928,Kyle Trask,QB,TB,2023,10,TEN,-0.1,0
00-0036936,Rondale Moore,WR,ARI,2023,10,ATL,4.3,5
00-0036955,Terrace Marshall Jr.,WR,CAR,2023,10,CHI,1.1,1
00-0036963,Amon-Ra St. Brown,WR,DET,2023,10,LAC,22.5,8
00-0036970,Kyle Pitts,TE,ATL,2023,10,ARI,3.0,3
00-0036971,Trevor Lawrence,QB,JAX,2023,10,SF,2.1,0
00-0036972,Mac Jones,QB,NE,2023,10,IND,7.3,0
00-0036973,Travis Etienne,RB,JAX,2023,10,SF,4.4,2
00-0036980,Elijah Moore,WR,CLE,2023,10,BAL,10.4,5
00-0036997,Javonte Williams,RB,DEN,2023,10,BUF,17.0,4
00-0037005,Tommy Tremble,TE,CAR,2023,10,CHI,1.6,3
00-0037013,Zach Wilson,QB,NYJ,2023,10,LV,13.92,0
00-0037077,Sam Howell,QB,WAS,2023,10,SEA,24.18,0
00-0037228,Jaylen Warren,RB,PIT,2023,10,GB,17.0,2
00-0037238,Drake London,WR,ATL,2023,10,ARI,3.6,3
00-0037239,Chris Olave,WR,NO,2023,10,MIN,15.4,6
00-0037240,Jameson Williams,WR,DET,2023,10,LAC,1.8,2
00-0037247,George Pickens,WR,PIT,2023,10,GB,4.5,3
00-0037248,James Cook,RB,BUF,2023,10,DEN,10.0,2
00-0037256,Rachaad White,RB,TB,2023,10,TEN,15.8,2
00-0037261,Khalil Shakir,WR,BUF,2023,10,DEN,2.4,1
00-0037263,Tyler Allgeier,RB,ATL,2023,10,ARI,3.8,1
00-0037267,Jerome Ford,RB,CLE,2023,10,BAL,10.9,1
00-0037273,Kyle Philips,WR,TEN,2023,10,TB,6.1,3
00-0037276,Ty Chandler,RB,MIN,2023,10,NO,10.5,0
00-0037291,Jalen Nailor,WR,MIN,2023,10,NO,1.6,1
00-0037299,Keaontay Ingram,RB,ARI,2023,10,ATL,0.2,0
00-0037304,Connor Heyward,TE,PIT,2023,10,GB,3.2,3
00-0037410,Jashaun Corbin,RB,NYG,2023,10,DAL,1.3,3
00-0037429,Raheem Blackshear,RB,CAR,2023,10,CHI,1.3,1
00-0037475,Stone Smartt,TE,LAC,2023,10,DET,0.0,0
00-0037487,Deven Thompkins,WR,TB,2023,10,TEN,1.1,1
00-0037539,Lucas Krull,TE,DEN,2023,10,BUF,0.0,0
00-0037545,Rashid Shaheed,WR,NO,2023,10,MIN,2.4,5
00-0037614,John Metchie III,WR,HOU,2023,10,CIN,2.5,2
00-0037664,Alec Pierce,WR,IND,2023,10,NE,2.1,1
00-0037666,Jalen Tolbert,WR,DAL,2023,10,NYG,0.2,2
00-0037740,Garrett Wilson,WR,NYJ,2023,10,LV,9.3,9
00-0037741,Jahan Dotson,WR,WAS,2023,10,SEA,0.0,0
00-0037744,Trey McBride,TE,ARI,2023,10,ATL,13.1,8
00-0037746,Brian Robinson,RB,WAS,2023,10,SEA,21.7,6
00-0037809,Chig Okonkwo,TE,TEN,2023,10,TB,2.7,3
00-0037816,Romeo Doubs,WR,GB,2023,10,PIT,9.1,3
00-0037834,Brock Purdy,QB,SF,2023,10,JAX,23.84,0
00-0037837,Calvin Austin III,WR,PIT,2023,10,GB,0.9,1
00-0037838,Isaiah Likely,TE,BAL,2023,10,CLE,0.5,1
00-0038040,Zamir White,RB,LV,2023,10,NYJ,0.5,0
00-0038041,Jake Ferguson,TE,DAL,2023,10,NYG,8.6,4
00-0038102,Kenny Pickett,QB,PIT,2023,10,GB,6.64,0
00-0038108,Bailey Zappe,QB,NE,2023,10,IND,-1.0,0
00-0038115,Daniel Bellinger,TE,NYG,2023,10,DAL,3.4,2
00-0038117,Wan'Dale Robinson,WR,NYG,2023,10,DAL,0.6,2
00-0038120,Breece Hall,RB,NYJ,2023,10,LV,7.5,3
00-0038122,Desmond Ridder,QB,ATL,2023,10,ARI,8.66,0
00-0038124,Christian Watson,WR,GB,2023,10,PIT,2.3,2
00-0038129,Cade Otton,TE,TB,2023,10,TEN,1.0,2
00-0038134,Kenneth Walker III,RB,SEA,2023,10,WAS,18.7,1
00-0038393,Dontayvion Wicks,WR,GB,2023,10,PIT,5.1,3
00-0038394,Will Mallory,TE,IND,2023,10,NE,0.7,1
00-0038416,Tyson Bagent,QB,CHI,2023,10,CAR,7.68,0
00-0038454,Keaton Mitchell,RB,BAL,2023,10,CLE,12.6,1
00-0038476,Tommy DeVito,QB,NYG,2023,10,DAL,13.54,0
00-0038496,Xavier Gipson,WR,NYJ,2023,10,LV,2.4,1
00-0038542,Bijan Robinson,RB,ATL,2023,10,ARI,16.6,1
00-0038543,Jaxon Smith-Njigba,WR,SEA,2023,10,WAS,5.3,4
00-0038544,Quentin Johnston,WR,LAC,2023,10,DET,9.4,4
00-0038547,Luke Schoonmaker,TE,DAL,2023,10,NYG,0.0,0
00-0038555,Tank Bigsby,RB,JAX,2023,10,SF,0.5,0
00-0038558,Darnell Washington,TE,PIT,2023,10,GB,0.6,1
00-0038559,Michael Wilson,WR,ARI,2023,10,ATL,3.4,3
00-0038563,Tre Tucker,WR,LV,2023,10,NYJ,0.9,0
00-0038573,Derius Davis,WR,LAC,2023,10,DET,0.7,2
00-0038579,Aidan O'Connell,QB,LV,2023,10,NYJ,8.42,0
00-0038582,Clayton Tune,QB,ARI,2023,10,ATL,6.1,0
00-0038589,Josh Whyle,TE,TEN,2023,10,TB,1.6,2
00-0038608,Kayshon Boutte,WR,NE,2023,10,IND,1.1,1
00-0038612,A.T. Perry,WR,NO,2023,10,MIN,9.8,2
00-0038618,Xavier Hutchinson,WR,HOU,2023,10,CIN,1.7,0
00-0038619,Andrei Iosivas,WR,CIN,2023,10,HOU,0.0,0
00-0038621,Demario Douglas,WR,NE,2023,10,IND,8.4,6
00-0038622,Deuce Vaughn,RB,DAL,2023,10,NYG,0.9,1
00-0038640,Jalen Brooks,WR,DAL,2023,10,NYG,3.9,4
00-0038647,Ronnie Bell,WR,SF,2023,10,JAX,2.0,1
00-0038752,Jake Bobo,WR,SEA,2023,10,WAS,1.3,2
00-0038794,Jaleel McLaughlin,RB,DEN,2023,10,BUF,1.2,2
00-0038933,Dalton Kincaid,TE,BUF,2023,10,DEN,11.1,5
00-0038935,Brenton Strange,TE,JAX,2023,10,SF,0.0,0
00-0038938,Jalin Hyatt,WR,NYG,2023,10,DAL,0.0,0
00-0038941,Tyler Scott,WR,CHI,2023,10,CAR,3.1,1
00-0038976,Marvin Mims Jr.,WR,DEN,2023,10,BUF,-0.3,0
00-0038977,Tank Dell,WR,HOU,2023,10,CIN,12.9,6
00-0038979,Cedric Tillman,WR,CLE,2023,10,BAL,0.0,0
00-0038994,Jordan Addison,WR,MIN,2023,10,NO,6.9,4
00-0038996,Tucker Kraft,TE,GB,2023,10,PIT,0.6,1
00-0038997,Josh Downs,WR,IND,2023,10,NE,4.0,2
00-0039021,Roschon Johnson,RB,CHI,2023,10,CAR,3.2,4
00-0039032,Tyjae Spears,RB,TEN,2023,10,TB,6.0,4
00-0039041,Elijah Higgins,TE,ARI,2023,10,ATL,0.0,0
00-0039052,Trey Palmer,WR,TB,2023,10,TEN,2.1,2
00-0039062,Jonathan Mingo,WR,CAR,2023,10,CHI,2.0,3
00-0039064,Zay Flowers,WR,BAL,2023,10,CLE,7.3,5
00-0039065,Sam LaPorta,TE,DET,2023,10,LAC,4.0,4
00-0039066,Michael Mayer,TE,LV,2023,10,NYJ,7.9,3
00-0039139,Jahmyr Gibbs,RB,DET,2023,10,LAC,23.2,3
00-0039144,Luke Musgrave,TE,GB,2023,10,PIT,6.4,2
00-0039146,Jayden Reed,WR,GB,2023,10,PIT,14.4,5
00-0039150,Bryce Young,QB,CAR,2023,10,CHI,9.2,0
00-0039152,Will Levis,QB,TEN,2023,10,TB,5.96,0
00-0039163,C.J. Stroud,QB,HOU,2023,10,CIN,19.04,0
00-0039165,Zach Charbonnet,RB,SEA,2023,10,WAS,6.2,4
00-0024243,Marcedes Lewis,TE,CHI,2023,11,DET,0.0,0
00-0026498,Matthew Stafford,QB,LA,2023,11,SEA,9.7,0
00-0027944,Julio Jones,WR,PHI,2023,11,KC,0.5,2
00-0029263,Russell Wilson,QB,DEN,2023,11,MIN,14.46,0
00-0030035,Adam Thielen,WR,CAR,2023,11,DAL,7.4,8
00-0030279,Keenan Allen,WR,LAC,2023,11,GB,17.6,10
00-0030431,Robert Woods,WR,HOU,2023,11,ARI,4.4,5
00-0030506,Travis Kelce,TE,KC,2023,11,PHI,8.4,7
00-0030513,Latavius Murray,RB,BUF,2023,11,NYJ,3.5,0
00-0030564,DeAndre Hopkins,WR,TEN,2023,11,JAX,11.9,4
00-0030565,Geno Smith,QB,SEA,2023,11,LA,13.22,0
00-0031235,Odell Beckham,WR,BAL,2023,11,CIN,11.6,4
00-0031236,Brandin Cooks,WR,DAL,2023,11,CAR,4.2,3
00-0031260,Logan Thomas,TE,WAS,2023,11,NYG,3.8,5
00-0031376,Jerick McKinnon,RB,KC,2023,11,PHI,1.5,2
00-0031381,Davante Adams,WR,LV,2023,11,MIA,14.2,7
00-0031408,Mike Evans,WR,TB,2023,11,SF,10.3,5
00-0031428,Allen Robinson,WR,PIT,2023,11,CLE,2.0,3
00-0031544,Amari Cooper,WR,CLE,2023,11,PIT,3.4,4
00-0031549,Nelson Agholor,WR,BAL,2023,11,CIN,9.7,1
00-0031588,Stefon Diggs,WR,BUF,2023,11,NYJ,2.7,4
00-0031687,Raheem Mostert,RB,MIA,2023,11,LV,9.3,1
00-0031941,Jamison Crowder,WR,WAS,2023,11,NYG,1.2,2
00-0032104,Ameer Abdullah,RB,LV,2023,11,MIA,0.4,1
00-0032141,Geoff Swaim,TE,ARI,2023,11,HOU,1.5,2
00-0032211,Tyler Lockett,WR,SEA,2023,11,LA,5.1,5
00-0032385,Sterling Shepard,WR,NYG,2023,11,WAS,0.5,1
00-0032392,Austin Hooper,TE,LV,2023,11,MIA,0.0,0
00-0032398,Chris Moore,WR,TEN,2023,11,JAX,8.7,1
00-0032464,Kalif Raymond,WR,DET,2023,11,CHI,0.5,1
00-0032543,Alex Erickson,WR,LAC,2023,11,GB,1.2,1
00-0032688,Robbie Chosen,WR,MIA,2023,11,LV,3.9,2
00-0032764,Derrick Henry,RB,TEN,2023,11,JAX,4.4,1
00-0032775,Demarcus Robinson,WR,LA,2023,11,SEA,2.4,2
00-0033009,Tyler Boyd,WR,CIN,2023,11,BAL,2.2,3
00-0033040,Tyreek Hill,WR,MIA,2023,11,LV,20.6,10
00-0033077,Dak Prescott,QB,DAL,2023,11,CAR,16.16,0
00-0033106,Jared Goff,QB,DET,2023,11,CHI,13.74,0
00-0033110,Tyler Higbee,TE,LA,2023,11,SEA,1.7,1
00-0033280,Christian McCaffrey,RB,SF,2023,11,TB,16.3,5
00-0033282,Curtis Samuel,WR,WAS,2023,11,NYG,0.5,1
00-0033288,George Kittle,TE,SF,2023,11,TB,14.9,8
00-0033293,Aaron Jones,RB,GB,2023,11,LAC,1.7,1
00-0033308,Matt Breida,RB,NYG,2023,11,WAS,-0.1,0
00-0033526,Samaje Perine,RB,DEN,2023,11,MIN,6.7,7
00-0033553,James Conner,RB,ARI,2023,11,HOU,6.3,2
00-0033662,Cooper Rush,QB,DAL,2023,11,CAR,0.3,0
00-0033699,Austin Ekeler,RB,LAC,2023,11,GB,5.0,2
00-0033873,Patrick Mahomes,QB,KC,2023,11,PHI,16.88,0
00-0033881,Evan Engram,TE,JAX,2023,11,TEN,2.9,4
00-0033885,David Njoku,TE,CLE,2023,11,PIT,5.6,7
00-0033891,Zay Jones,WR,JAX,2023,11,TEN,2.0,4
00-0033893,Dalvin Cook,RB,NYJ,2023,11,BUF,1.3,0
00-0033897,Joe Mixon,RB,CIN,2023,11,BAL,16.0,5
00-0033908,Cooper Kupp,WR,LA,2023,11,SEA,1.1,1
00-0033921,Chris Godwin,WR,TB,2023,11,SF,3.9,6
00-0033923,Kareem Hunt,RB,CLE,2023,11,PIT,3.7,3
00-0033925,D'Onta Foreman,RB,CHI,2023,11,DET,7.4,0
00-0033943,Josh Reynolds,WR,DET,2023,11,CHI,1.1,1
00-0033949,Joshua Dobbs,QB,MIN,2023,11,DEN,16.94,0
00-0034159,Will Dissly,TE,SEA,2023,11,LA,0.9,1
00-0034177,Tim Boyle,QB,NYJ,2023,11,BUF,-0.58,0
00-0034184,Gus Edwards,RB,BAL,2023,11,CIN,19.0,2
00-0034208,Mike Boone,RB,HOU,2023,11,ARI,0.5,1
00-0034270,Tyler Conklin,TE,NYJ,2023,11,BUF,1.8,2
00-0034272,Marquez Valdes-Scantling,WR,KC,2023,11,PHI,0.0,0
00-0034279,Equanimeous St. Brown,WR,CHI,2023,11,DET,1.9,2
00-0034297,Byron Pringle,WR,WAS,2023,11,NYG,2.2,3
00-0034348,Courtland Sutton,WR,DEN,2023,11,MIN,12.6,4
00-0034383,Dalton Schultz,TE,HOU,2023,11,ARI,9.2,2
00-0034386,Justin Watson,WR,KC,2023,11,PHI,11.3,5
00-0034414,Boston Scott,RB,PHI,2023,11,KC,0.8,0
00-0034418,Cedrick Wilson Jr.,WR,MIA,2023,11,LV,2.3,3
00-0034521,Allen Lazard,WR,NYJ,2023,11,BUF,0.0,0
00-0034577,Kyle Allen,QB,BUF,2023,11,NYJ,-0.2,0
00-0034613,Tanner Hudson,TE,CIN,2023,11,BAL,4.9,4
00-0034646,Brandon Powell,WR,MIN,2023,11,DEN,3.2,3
00-0034681,Chase Edmonds,RB,TB,2023,11,SF,1.9,1
00-0034753,Mark Andrews,TE,BAL,2023,11,CIN,2.3,2
00-0034764,Michael Gallup,WR,DAL,2023,11,CAR,3.1,3
00-0034775,Christian Kirk,WR,JAX,2023,11,TEN,4.8,3
00-0034796,Lamar Jackson,QB,BAL,2023,11,CIN,23.96,0
00-0034827,DJ Moore,WR,CHI,2023,11,DET,15.6,7
00-0034837,Calvin Ridley,WR,JAX,2023,11,TEN,24.1,7
00-0034838,Royce Freeman,RB,LA,2023,11,SEA,7.3,0
00-0034844,Saquon Barkley,RB,NYG,2023,11,WAS,26.0,4
00-0034855,Baker Mayfield,QB,TB,2023,11,SF,10.34,0
00-0034857,Josh Allen,QB,BUF,2023,11,NYJ,22.5,0
00-0034928,Steven Sims,WR,HOU,2023,11,ARI,2.5,2
00-0034960,Jakobi Meyers,WR,LV,2023,11,MIA,4.9,4
00-0034970,Irv Smith,TE,CIN,2023,11,BAL,0.0,0
00-0034972,Alexander Mattison,RB,MIN,2023,11,DEN,6.0,1
00-0034975,Justice Hill,RB,BAL,2023,11,CIN,0.7,1
00-0034983,Hunter Renfrow,WR,LV,2023,11,MIA,4.2,5
00-0035100,Jake Browning,QB,CIN,2023,11,BAL,10.72,0
00-0035140,Mecole Hardman,WR,KC,2023,11,PHI,1.2,2
00-0035208,Olamide Zaccheaus,WR,PHI,2023,11,KC,0.0,0
00-0035215,Deonte Harty,WR,BUF,2023,11,NYJ,-0.2,0
00-0035216,Diontae Johnson,WR,PIT,2023,11,CLE,1.6,2
00-0035228,Kyler Murray,QB,ARI,2023,11,HOU,21.66,0
00-0035229,T.J. Hockenson,TE,MIN,2023,11,DEN,5.5,4
00-0035243,Miles Sanders,RB,CAR,2023,11,DAL,5.2,1
00-0035249,Josh Oliver,TE,MIN,2023,11,DEN,10.7,4
00-0035250,Devin Singletary,RB,HOU,2023,11,ARI,17.8,2
00-0035261,Tony Pollard,RB,DAL,2023,11,CAR,14.0,4
00-0035291,Trayveon Williams,RB,CIN,2023,11,BAL,2.0,0
00-0035329,Donald Parham,TE,LAC,2023,11,GB,5.7,4
00-0035341,Trenton Irwin,WR,CIN,2023,11,BAL,3.6,3
00-0035406,Lil'Jordan Humphrey,WR,DEN,2023,11,MIN,0.0,0
00-0035500,Greg Dortch,WR,ARI,2023,11,HOU,7.6,6
00-0035535,Darius Slayton,WR,NYG,2023,11,WAS,14.2,4
00-0035537,Ty Johnson,RB,BUF,2023,11,NYJ,11.8,3
00-0035628,D'Ernest Johnson,RB,JAX,2023,11,TEN,5.4,1
00-0035631,Drew Sample,TE,CIN,2023,11,BAL,1.9,2
00-0035640,DK Metcalf,WR,SEA,2023,11,LA,15.4,5
00-0035644,Noah Fant,TE,SEA,2023,11,LA,0.4,1
00-0035659,Terry McLaurin,WR,WAS,2023,11,NYG,4.3,5
00-0035662,Marquise Brown,WR,ARI,2023,11,HOU,1.2,2
00-0035664,Darrell Henderson,RB,LA,2023,11,SEA,8.9,4
00-0035676,A.J. Brown,WR,PHI,2023,11,KC,0.8,1
00-0035685,David Montgomery,RB,DET,2023,11,CHI,15.8,2
00-0035700,Josh Jacobs,RB,LV,2023,11,MIA,5.1,1
00-0035704,Drew Lock,QB,SEA,2023,11,LA,-1.88,0
00-0035715,Derrick Gore,RB,WAS,2023,11,NYG,2.3,0
00-0035719,Deebo Samuel Sr.,WR,SF,2023,11,TB,6.2,3
00-0035860,Tony Jones,RB,ARI,2023,11,HOU,2.1,1
00-0036020,Salvon Ahmed,RB,MIA,2023,11,LV,9.1,3
00-0036139,Rico Dowdle,RB,DAL,2023,11,CAR,2.0,2
00-0036165,Isaiah Hodgins,WR,NYG,2023,11,WAS,2.2,2
00-0036182,Nick Westbrook-Ikhine,WR,TEN,2023,11,JAX,0.7,1
00-0036212,Tua Tagovailoa,QB,MIA,2023,11,LV,17.6,0
00-0036233,Donovan Peoples-Jones,WR,DET,2023,11,CHI,0.0,0
00-0036259,Jauan Jennings,WR,SF,2023,11,TB,0.0,0
00-0036261,Brandon Aiyuk,WR,SF,2023,11,TB,21.6,5
00-0036264,Jordan Love,QB,GB,2023,11,LAC,20.88,0
00-0036265,AJ Dillon,RB,GB,2023,11,LAC,6.1,4
00-0036268,Laviska Shenault Jr.,WR,CAR,2023,11,DAL,0.9,2
00-0036275,D'Andre Swift,RB,PHI,2023,11,KC,16.7,3
00-0036290,Cole Kmet,TE,CHI,2023,11,DET,2.0,3
00-0036309,Darnell Mooney,WR,CHI,2023,11,DET,2.4,1
00-0036345,K.J. Osborn,WR,MIN,2023,11,DEN,0.7,1
00-0036355,Justin Herbert,QB,LAC,2023,11,GB,25.7,0
00-0036358,CeeDee Lamb,WR,DAL,2023,11,CAR,10.5,6
00-0036360,Clyde Edwards-Helaire,RB,KC,2023,11,PHI,2.0,0
00-0036370,Joshua Kelley,RB,LAC,2023,11,GB,1.3,0
00-0036389,Jalen Hurts,QB,PHI,2023,11,KC,18.9,0
00-0036407,Jerry Jeudy,WR,DEN,2023,11,MIN,5.8,5
00-0036422,Adam Trautman,TE,DEN,2023,11,MIN,3.3,2
00-0036425,DeeJay Dallas,RB,SEA,2023,11,LA,1.4,1
00-0036438,Stephen Sullivan,TE,CAR,2023,11,DAL,2.0,1
00-0036442,Joe Burrow,QB,CIN,2023,11,BAL,8.74,0
00-0036550,Rashod Bateman,WR,BAL,2023,11,CIN,7.0,1
00-0036554,Nico Collins,WR,HOU,2023,11,ARI,6.5,7
00-0036555,Chuba Hubbard,RB,CAR,2023,11,DAL,6.5,2
00-0036567,Elijah Mitchell,RB,SF,2023,11,TB,2.4,0
00-0036590,Quintin Morris,TE,BUF,2023,11,NYJ,1.1,1
00-0036613,Jaylen Waddle,WR,MIA,2023,11,LV,5.5,4
00-0036620,Dee Eskridge,WR,SEA,2023,11,LA,0.0,0
00-0036626,Dyami Brown,WR,WAS,2023,11,NYG,0.7,1
00-0036628,John Bates,TE,WAS,2023,11,NYG,1.5,2
00-0036637,Noah Gray,TE,KC,2023,11,PHI,0.0,0
00-0036741,Jack Stoll,TE,PHI,2023,11,KC,0.3,1
00-0036841,Austin Trammell,WR,LA,2023,11,SEA,2.3,3
00-0036849,Tutu Atwell,WR,LA,2023,11,SEA,1.7,1
00-0036887,Luke Farrell,TE,JAX,2023,11,TEN,2.1,2
00-0036893,Najee Harris,RB,PIT,2023,11,CLE,3.6,1
00-0036894,Pat Freiermuth,TE,PIT,2023,11,CLE,0.7,1
00-0036898,Davis Mills,QB,HOU,2023,11,ARI,0.08,0
00-0036900,Ja'Marr Chase,WR,CIN,2023,11,BAL,7.2,2
00-0036906,Khalil Herbert,RB,CHI,2023,11,DET,4.1,2
00-0036912,DeVonta Smith,WR,PHI,2023,11,KC,9.9,6
00-0036913,Kadarius Toney,WR,KC,2023,11,PHI,2.6,2
00-0036919,Kenneth Gainwell,RB,PHI,2023,11,KC,0.5,1
00-0036936,Rondale Moore,WR,ARI,2023,11,HOU,11.4,1
00-0036945,Justin Fields,QB,CHI,2023,11,DET,21.16,0
00-0036963,Amon-Ra St. Brown,WR,DET,2023,11,CHI,13.7,8
00-0036971,Trevor Lawrence,QB,JAX,2023,11,TEN,32.18,0
00-0036973,Travis Etienne,RB,JAX,2023,11,TEN,5.9,3
00-0036980,Elijah Moore,WR,CLE,2023,11,PIT,6.0,6
00-0036997,Javonte Williams,RB,DEN,2023,11,MIN,5.3,2
00-0037005,Tommy Tremble,TE,CAR,2023,11,DAL,6.4,1
00-0037013,Zach Wilson,QB,NYJ,2023,11,BUF,6.74,0
00-0037077,Sam Howell,QB,WAS,2023,11,NYG,17.74,0
00-0037078,Cole Turner,TE,WAS,2023,11,NYG,0.7,1
00-0037197,Isiah Pacheco,RB,KC,2023,11,PHI,9.1,1
00-0037228,Jaylen Warren,RB,PIT,2023,11,CLE,20.5,3
00-0037240,Jameson Williams,WR,DET,2023,11,CHI,10.4,2
00-0037247,George Pickens,WR,PIT,2023,11,CLE,3.7,4
00-0037248,James Cook,RB,BUF,2023,11,NYJ,16.2,3
00-0037256,Rachaad White,RB,TB,2023,11,SF,11.8,6
00-0037261,Khalil Shakir,WR,BUF,2023,11,NYJ,17.5,3
00-0037267,Jerome Ford,RB,CLE,2023,11,PIT,9.9,2
00-0037273,Kyle Philips,WR,TEN,2023,11,JAX,1.0,1
00-0037276,Ty Chandler,RB,MIN,2023,11,DEN,11.0,4
00-0037475,Stone Smartt,TE,LAC,2023,11,GB,11.1,1
00-0037487,Deven Thompkins,WR,TB,2023,11,SF,1.7,0
00-0037614,John Metchie III,WR,HOU,2023,11,ARI,1.2,1
00-0037666,Jalen Tolbert,WR,DAL,2023,11,CAR,1.2,2
00-0037740,Garrett Wilson,WR,NYJ,2023,11,BUF,-1.1,2
00-0037741,Jahan Dotson,WR,WAS,2023,11,NYG,8.3,3
00-0037744,Trey McBride,TE,ARI,2023,11,HOU,4.3,5
00-0037746,Brian Robinson,RB,WAS,2023,11,NYG,13.2,7
00-0037801,KaVontae Turpin,WR,DAL,2023,11,CAR,2.3,2
00-0037805,Jeremy Ruckert,TE,NYJ,2023,11,BUF,2.5,3
00-0037809,Chig Okonkwo,TE,TEN,2023,11,JAX,0.6,1
00-0037816,Romeo Doubs,WR,GB,2023,11,LAC,11.3,5
00-0037834,Brock Purdy,QB,SF,2023,11,TB,26.72,0
00-0037838,Isaiah Likely,TE,BAL,2023,11,CIN,0.0,0
00-0038041,Jake Ferguson,TE,DAL,2023,11,CAR,3.2,3
00-0038046,Charlie Kolar,TE,BAL,2023,11,CIN,1.3,1
00-0038090,Skyy Moore,WR,KC,2023,11,PHI,0.4,1
00-0038098,Pierre Strong,RB,CLE,2023,11,PIT,0.5,1
00-0038102,Kenny Pickett,QB,PIT,2023,11,CLE,5.14,0
00-0038115,Daniel Bellinger,TE,NYG,2023,11,WAS,3.8,3
00-0038117,Wan'Dale Robinson,WR,NYG,2023,11,WAS,3.7,3
00-0038120,Breece Hall,RB,NYJ,2023,11,BUF,13.3,5
00-0038124,Christian Watson,WR,GB,2023,11,LAC,8.2,2
00-0038129,Cade Otton,TE,TB,2023,11,SF,4.9,4
00-0038134,Kenneth Walker III,RB,SEA,2023,11,LA,1.6,1
00-0038389,Israel Abanikanda,RB,NYJ,2023,11,BUF,1.6,1
00-0038393,Dontayvion Wicks,WR,GB,2023,11,LAC,9.1,3
00-0038454,Keaton Mitchell,RB,BAL,2023,11,CIN,4.1,1
00-0038465,Malik Heath,WR,GB,2023,11,LAC,0.7,1
00-0038476,Tommy DeVito,QB,NYG,2023,11,WAS,22.54,0
00-0038496,Xavier Gipson,WR,NYJ,2023,11,BUF,0.7,1
00-0038543,Jaxon Smith-Njigba,WR,SEA,2023,11,LA,4.0,3
00-0038544,Quentin Johnston,WR,LAC,2023,11,GB,2.1,2
00-0038547,Luke Schoonmaker,TE,DAL,2023,11,CAR,8.3,2
00-0038555,Tank Bigsby,RB,JAX,2023,11,TEN,2.1,0
00-0038558,Darnell Washington,TE,PIT,2023,11,CLE,0.8,1
00-0038563,Tre Tucker,WR,LV,2023,11,MIA,3.0,2
00-0038573,Derius Davis,WR,LAC,2023,11,GB,-0.3,1
00-0038579,Aidan O'Connell,QB,LV,2023,11,MIA,9.14,0
00-0038583,Dorian Thompson-Robinson,QB,CLE,2023,11,PIT,6.6,0
00-0038589,Josh Whyle,TE,TEN,2023,11,JAX,0.7,1
00-0038611,Chris Rodriguez Jr.,RB,WAS,2023,11,NYG,2.8,1
00-0038720,Julian Hill,TE,MIA,2023,11,LV,-1.0,1
00-0038752,Jake Bobo,WR,SEA,2023,11,LA,0.8,1
00-0038794,Jaleel McLaughlin,RB,DEN,2023,11,MIN,1.5,5
00-0038797,Emanuel Wilson,RB,GB,2023,11,LAC,2.1,1
00-0038821,Rakim Jarrett,WR,TB,2023,11,SF,4.1,1
00-0038891,Shedrick Jackson,WR,CIN,2023,11,BAL,0.0,0
00-0038933,Dalton Kincaid,TE,BUF,2023,11,NYJ,4.6,6
00-0038938,Jalin Hyatt,WR,NYG,2023,11,WAS,0.7,1
00-0038941,Tyler Scott,WR,CHI,2023,11,DET,-1.6,1
00-0038976,Marvin Mims Jr.,WR,DEN,2023,11,MIN,1.2,2
00-0038977,Tank Dell,WR,HOU,2023,11,ARI,20.9,8
00-0038979,Cedric Tillman,WR,CLE,2023,11,PIT,1.0,1
00-0038994,Jordan Addison,WR,MIN,2023,11,DEN,4.4,3
00-0038996,Tucker Kraft,TE,GB,2023,11,LAC,3.2,2
00-0039021,Roschon Johnson,RB,CHI,2023,11,DET,3.0,0
00-0039032,Tyjae Spears,RB,TEN,2023,11,JAX,2.6,2
00-0039040,De'Von Achane,RB,MIA,2023,11,LV,0.5,1
00-0039041,Elijah Higgins,TE,ARI,2023,11,HOU,0.2,1
00-0039050,Payne Durham,TE,TB,2023,11,SF,1.3,2
00-0039052,Trey Palmer,WR,TB,2023,11,SF,2.8,4
00-0039062,Jonathan Mingo,WR,CAR,2023,11,DAL,0.6,1
00-0039064,Zay Flowers,WR,BAL,2023,11,CIN,5.0,3
00-0039065,Sam LaPorta,TE,DET,2023,11,CHI,3.8,3
00-0039066,Michael Mayer,TE,LV,2023,11,MIA,4.6,4
00-0039067,Rashee Rice,WR,KC,2023,11,PHI,4.2,4
00-0039075,Puka Nacua,WR,LA,2023,11,SEA,13.7,5
00-0039136,Zach Evans,RB,LA,2023,11,SEA,0.0,0
00-0039139,Jahmyr Gibbs,RB,DET,2023,11,CHI,15.5,6
00-0039144,Luke Musgrave,TE,GB,2023,11,LAC,2.8,4
00-0039146,Jayden Reed,WR,GB,2023,11,LAC,15.2,4
00-0039150,Bryce Young,QB,CAR,2023,11,DAL,5.22,0
00-0039152,Will Levis,QB,TEN,2023,11,JAX,12.52,0
00-0039163,C.J. Stroud,QB,HOU,2023,11,ARI,15.34,0
00-0039165,Zach Charbonnet,RB,SEA,2023,11,LA,6.9,6
00-0026498,Matthew Stafford,QB,LA,2023,12,ARI,23.36,0
00-0027944,Julio Jones,WR,PHI,2023,12,BUF,0.0,1
00-0029263,Russell Wilson,QB,DEN,2023,12,CLE,16.76,0
00-0030035,Adam Thielen,WR,CAR,2023,12,TEN,0.2,1
00-0030279,Keenan Allen,WR,LAC,2023,12,BAL,8.6,14
00-0030431,Robert Woods,WR,HOU,2023,12,JAX,4.0,2
00-0030506,Travis Kelce,TE,KC,2023,12,LV,9.1,6
00-0030513,Latavius Murray,RB,BUF,2023,12,PHI,4.8,3
00-0030564,DeAndre Hopkins,WR,TEN,2023,12,CAR,4.9,3
00-0030565,Geno Smith,QB,SEA,2023,12,SF,7.3,0
00-0030578,Cordarrelle Patterson,RB,ATL,2023,12,NO,4.3,0
00-0031235,Odell Beckham,WR,BAL,2023,12,LAC,3.4,3
00-0031236,Brandin Cooks,WR,DAL,2023,12,WAS,13.2,4
00-0031260,Logan Thomas,TE,WAS,2023,12,DAL,1.5,2
00-0031280,Derek Carr,QB,NO,2023,12,ATL,10.86,0
00-0031381,Davante Adams,WR,LV,2023,12,KC,7.3,5
00-0031408,Mike Evans,WR,TB,2023,12,IND,19.0,6
00-0031428,Allen Robinson,WR,PIT,2023,12,CIN,1.1,1
00-0031544,Amari Cooper,WR,CLE,2023,12,DEN,1.6,2
00-0031547,DeVante Parker,WR,NE,2023,12,NYG,4.2,3
00-0031549,Nelson Agholor,WR,BAL,2023,12,LAC,2.1,1
00-0031588,Stefon Diggs,WR,BUF,2023,12,PHI,13.4,6
00-0031687,Raheem Mostert,RB,MIA,2023,12,NYJ,21.4,0
00-0032104,Ameer Abdullah,RB,LV,2023,12,KC,1.3,1
00-0032200,Ty Montgomery,WR,NE,2023,12,NYG,0.0,0
00-0032211,Tyler Lockett,WR,SEA,2023,12,SF,3.0,3
00-0032385,Sterling Shepard,WR,NYG,2023,12,NE,0.6,1
00-0032392,Austin Hooper,TE,LV,2023,12,KC,1.4,1
00-0032398,Chris Moore,WR,TEN,2023,12,CAR,4.2,3
00-0032464,Kalif Raymond,WR,DET,2023,12,GB,9.6,5
00-0032543,Alex Erickson,WR,LAC,2023,12,BAL,1.7,1
00-0032764,Derrick Henry,RB,TEN,2023,12,CAR,19.6,1
00-0032775,Demarcus Robinson,WR,LA,2023,12,ARI,1.3,2
00-0033009,Tyler Boyd,WR,CIN,2023,12,PIT,2.3,3
00-0033040,Tyreek Hill,WR,MIA,2023,12,NYJ,16.4,9
00-0033045,Ezekiel Elliott,RB,NE,2023,12,NYG,5.2,2
00-0033077,Dak Prescott,QB,DAL,2023,12,WAS,32.24,0
00-0033106,Jared Goff,QB,DET,2023,12,GB,18.18,0
00-0033110,Tyler Higbee,TE,LA,2023,12,ARI,14.9,5
00-0033217,Mo Alie-Cox,TE,IND,2023,12,TB,3.0,1
00-0033275,P.J. Walker,QB,CLE,2023,12,DEN,0.14,0
00-0033280,Christian McCaffrey,RB,SF,2023,12,SEA,25.9,5
00-0033282,Curtis Samuel,WR,WAS,2023,12,DAL,10.0,9
00-0033288,George Kittle,TE,SF,2023,12,SEA,1.9,3
00-0033292,Trent Taylor,WR,CHI,2023,12,MIN,0.0,0
00-0033308,Matt Breida,RB,NYG,2023,12,NE,1.6,1
00-0033357,Taysom Hill,TE,NO,2023,12,ATL,6.1,2
00-0033466,Isaiah McKenzie,WR,IND,2023,12,TB,0.3,0
00-0033526,Samaje Perine,RB,DEN,2023,12,CLE,12.6,1
00-0033553,James Conner,RB,ARI,2023,12,LA,3.2,4
00-0033589,David Moore,WR,TB,2023,12,IND,0.0,0
00-0033699,Austin Ekeler,RB,LAC,2023,12,BAL,4.4,5
00-0033757,Robert Tonyan,TE,CHI,2023,12,MIN,0.0,0
00-0033857,JuJu Smith-Schuster,WR,NE,2023,12,NYG,1.0,2
00-0033873,Patrick Mahomes,QB,KC,2023,12,LV,20.82,0
00-0033881,Evan Engram,TE,JAX,2023,12,HOU,4.9,5
00-0033885,David Njoku,TE,CLE,2023,12,DEN,5.9,6
00-0033891,Zay Jones,WR,JAX,2023,12,HOU,1.0,1
00-0033893,Dalvin Cook,RB,NYJ,2023,12,MIA,2.1,2
00-0033895,Gerald Everett,TE,LAC,2023,12,BAL,10.3,4
00-0033897,Joe Mixon,RB,CIN,2023,12,PIT,6.0,2
00-0033906,Alvin Kamara,RB,NO,2023,12,ATL,11.9,4
00-0033908,Cooper Kupp,WR,LA,2023,12,ARI,1.8,3
00-0033921,Chris Godwin,WR,TB,2023,12,IND,4.5,3
00-0033923,Kareem Hunt,RB,CLE,2023,12,DEN,2.2,0
00-0033943,Josh Reynolds,WR,DET,2023,12,GB,7.5,2
00-0033948,Jamaal Williams,RB,NO,2023,12,ATL,1.0,2
00-0033949,Joshua Dobbs,QB,MIN,2023,12,CHI,4.5,0
00-0034115,Jeff Wilson,RB,MIA,2023,12,NYJ,7.3,3
00-0034159,Will Dissly,TE,SEA,2023,12,SF,2.1,1
00-0034177,Tim Boyle,QB,NYJ,2023,12,MIA,7.36,0
00-0034184,Gus Edwards,RB,BAL,2023,12,LAC,3.7,1
00-0034270,Tyler Conklin,TE,NYJ,2023,12,MIA,3.3,4
00-0034272,Marquez Valdes-Scantling,WR,KC,2023,12,LV,-0.1,1
00-0034297,Byron Pringle,WR,WAS,2023,12,DAL,2.7,2
00-0034317,Keith Kirkwood,WR,NO,2023,12,ATL,2.0,2
00-0034348,Courtland Sutton,WR,DEN,2023,12,CLE,6.1,3
00-0034365,Ian Thomas,TE,CAR,2023,12,TEN,0.9,1
00-0034383,Dalton Schultz,TE,HOU,2023,12,JAX,0.2,1
00-0034386,Justin Watson,WR,KC,2023,12,LV,6.3,1
00-0034401,Mike White,QB,MIA,2023,12,NYJ,-0.2,0
00-0034407,Ray-Ray McCloud,WR,SF,2023,12,SEA,2.3,1
00-0034414,Boston Scott,RB,PHI,2023,12,BUF,1.4,0
00-0034419,Braxton Berrios,WR,MIA,2023,12,NYJ,0.0,0
00-0034487,Trent Sherfield,WR,BUF,2023,12,PHI,0.0,0
00-0034613,Tanner Hudson,TE,CIN,2023,12,PIT,1.8,4
00-0034646,Brandon Powell,WR,MIN,2023,12,CHI,4.7,3
00-0034681,Chase Edmonds,RB,TB,2023,12,IND,1.1,0
00-0034764,Michael Gallup,WR,DAL,2023,12,WAS,1.3,1
00-0034775,Christian Kirk,WR,JAX,2023,12,HOU,8.9,4
00-0034777,DJ Chark,WR,CAR,2023,12,TEN,3.4,3
00-0034796,Lamar Jackson,QB,BAL,2023,12,LAC,14.98,0
00-0034798,Durham Smythe,TE,MIA,2023,12,NYJ,1.0,1
00-0034827,DJ Moore,WR,CHI,2023,12,MIN,11.4,11
00-0034829,Mike Gesicki,TE,NE,2023,12,NYG,0.0,0
00-0034837,Calvin Ridley,WR,JAX,2023,12,HOU,16.9,5
00-0034838,Royce Freeman,RB,LA,2023,12,ARI,13.7,0
00-0034844,Saquon Barkley,RB,NYG,2023,12,NE,5.2,1
00-0034855,Baker Mayfield,QB,TB,2023,12,IND,13.36,0
00-0034857,Josh Allen,QB,BUF,2023,12,PHI,39.66,0
00-0034960,Jakobi Meyers,WR,LV,2023,12,KC,14.1,6
00-0034970,Irv Smith,TE,CIN,2023,12,PIT,0.8,2
00-0034972,Alexander Mattison,RB,MIN,2023,12,CHI,6.3,2
00-0034975,Justice Hill,RB,BAL,2023,12,LAC,3.1,0
00-0034983,Hunter Renfrow,WR,LV,2023,12,KC,3.8,4
00-0035100,Jake Browning,QB,CIN,2023,12,PIT,11.98,0
00-0035208,Olamide Zaccheaus,WR,PHI,2023,12,BUF,8.9,1
00-0035216,Diontae Johnson,WR,PIT,2023,12,CIN,5.0,4
00-0035228,Kyler Murray,QB,ARI,2023,12,LA,20.44,0
00-0035229,T.J. Hockenson,TE,MIN,2023,12,CHI,11.0,5
00-0035243,Miles Sanders,RB,CAR,2023,12,TEN,2.8,0
00-0035250,Devin Singletary,RB,HOU,2023,12,JAX,7.2,6
00-0035261,Tony Pollard,RB,DAL,2023,12,WAS,16.3,6
00-0035289,Gardner Minshew,QB,IND,2023,12,TB,14.64,0
00-0035298,Scott Miller,WR,ATL,2023,12,NO,0.4,1
00-0035341,Trenton Irwin,WR,CIN,2023,12,PIT,2.5,1
00-0035406,Lil'Jordan Humphrey,WR,DEN,2023,12,CLE,1.3,1
00-0035414,Jalen Guyton,WR,LAC,2023,12,BAL,0.4,1
00-0035500,Greg Dortch,WR,ARI,2023,12,LA,8.7,3
00-0035535,Darius Slayton,WR,NYG,2023,12,NE,1.6,2
00-0035537,Ty Johnson,RB,BUF,2023,12,PHI,1.9,0
00-0035628,D'Ernest Johnson,RB,JAX,2023,12,HOU,6.1,1
00-0035631,Drew Sample,TE,CIN,2023,12,PIT,7.1,1
00-0035639,Parris Campbell,WR,NYG,2023,12,NE,-0.2,1
00-0035640,DK Metcalf,WR,SEA,2023,12,SF,3.2,3
00-0035644,Noah Fant,TE,SEA,2023,12,SF,2.5,2
00-0035659,Terry McLaurin,WR,WAS,2023,12,DAL,5.0,4
00-0035662,Marquise Brown,WR,ARI,2023,12,LA,8.8,6
00-0035676,A.J. Brown,WR,PHI,2023,12,BUF,9.7,5
00-0035685,David Montgomery,RB,DET,2023,12,GB,15.1,0
00-0035700,Josh Jacobs,RB,LV,2023,12,KC,18.5,4
00-0035719,Deebo Samuel Sr.,WR,SF,2023,12,SEA,15.4,7
00-0035771,Mitchell Wilcox,TE,CIN,2023,12,PIT,0.1,1
00-0035973,Patrick Taylor,RB,GB,2023,12,DET,1.5,1
00-0036040,Juwan Johnson,TE,NO,2023,12,ATL,4.5,4
00-0036139,Rico Dowdle,RB,DAL,2023,12,WAS,8.6,1
00-0036165,Isaiah Hodgins,WR,NYG,2023,12,NE,7.2,1
00-0036182,Nick Westbrook-Ikhine,WR,TEN,2023,12,CAR,4.1,4
00-0036196,Gabe Davis,WR,BUF,2023,12,PHI,16.5,6
00-0036212,Tua Tagovailoa,QB,MIA,2023,12,NYJ,7.82,0
00-0036223,Jonathan Taylor,RB,IND,2023,12,TB,21.1,0
00-0036232,Harrison Bryant,TE,CLE,2023,12,DEN,4.2,1
00-0036244,Colby Parkinson,TE,SEA,2023,12,SF,0.9,1
00-0036251,Zack Moss,RB,IND,2023,12,TB,7.0,2
00-0036252,Michael Pittman,WR,IND,2023,12,TB,10.7,10
00-0036259,Jauan Jennings,WR,SF,2023,12,SEA,0.7,1
00-0036261,Brandon Aiyuk,WR,SF,2023,12,SEA,11.0,2
00-0036264,Jordan Love,QB,GB,2023,12,DET,26.62,0
00-0036265,AJ Dillon,RB,GB,2023,12,DET,8.1,3
00-0036268,Laviska Shenault Jr.,WR,CAR,2023,12,TEN,0.8,1
00-0036275,D'Andre Swift,RB,PHI,2023,12,BUF,8.4,1
00-0036290,Cole Kmet,TE,CHI,2023,12,MIN,4.3,7
00-0036297,Darrynton Evans,RB,MIA,2023,12,NYJ,1.6,0
00-0036309,Darnell Mooney,WR,CHI,2023,12,MIN,0.6,2
00-0036328,Antonio Gibson,RB,WAS,2023,12,DAL,3.7,3
00-0036331,Devin Duvernay,WR,BAL,2023,12,LAC,0.0,0
00-0036345,K.J. Osborn,WR,MIN,2023,12,CHI,3.4,3
00-0036355,Justin Herbert,QB,LAC,2023,12,BAL,13.38,0
00-0036358,CeeDee Lamb,WR,DAL,2023,12,WAS,13.3,4
00-0036360,Clyde Edwards-Helaire,RB,KC,2023,12,LV,0.5,0
00-0036364,Lynn Bowden,WR,NO,2023,12,ATL,4.0,0
00-0036370,Joshua Kelley,RB,LAC,2023,12,BAL,1.4,2
00-0036389,Jalen Hurts,QB,PHI,2023,12,BUF,34.5,0
00-0036407,Jerry Jeudy,WR,DEN,2023,12,CLE,1.1,2
00-0036415,Van Jefferson,WR,ATL,2023,12,NO,1.3,1
00-0036422,Adam Trautman,TE,DEN,2023,12,CLE,6.8,1
00-0036425,DeeJay Dallas,RB,SEA,2023,12,SF,1.5,1
00-0036429,Charlie Woerner,TE,SF,2023,12,SEA,0.9,1
00-0036438,Stephen Sullivan,TE,CAR,2023,12,TEN,1.3,1
00-0036550,Rashod Bateman,WR,BAL,2023,12,LAC,2.1,2
00-0036554,Nico Collins,WR,HOU,2023,12,JAX,16.4,7
00-0036555,Chuba Hubbard,RB,CAR,2023,12,TEN,15.2,5
00-0036556,Brevin Jordan,TE,HOU,2023,12,JAX,0.9,1
00-0036567,Elijah Mitchell,RB,SF,2023,12,SEA,3.6,1
00-0036613,Jaylen Waddle,WR,MIA,2023,12,NYJ,11.4,8
00-0036620,Dee Eskridge,WR,SEA,2023,12,SF,1.0,0
00-0036626,Dyami Brown,WR,WAS,2023,12,DAL,0.0,0
00-0036635,Ihmir Smith-Marsette,WR,CAR,2023,12,TEN,1.4,1
00-0036637,Noah Gray,TE,KC,2023,12,LV,3.0,3
00-0036741,Jack Stoll,TE,PHI,2023,12,BUF,1.4,1
00-0036754,Brock Wright,TE,DET,2023,12,GB,0.9,1
00-0036849,Tutu Atwell,WR,LA,2023,12,ARI,7.6,3
00-0036862,Ben Skowronek,WR,LA,2023,12,ARI,-0.1,1
00-0036875,Rhamondre Stevenson,RB,NE,2023,12,NYG,16.7,5
00-0036876,Kylen Granson,TE,IND,2023,12,TB,0.0,0
00-0036887,Luke Farrell,TE,JAX,2023,12,HOU,5.5,3
00-0036893,Najee Harris,RB,PIT,2023,12,CIN,15.9,0
00-0036894,Pat Freiermuth,TE,PIT,2023,12,CIN,12.0,9
00-0036900,Ja'Marr Chase,WR,CIN,2023,12,PIT,8.1,4
00-0036906,Khalil Herbert,RB,CHI,2023,12,MIN,3.8,2
00-0036912,DeVonta Smith,WR,PHI,2023,12,BUF,16.6,7
00-0036919,Kenneth Gainwell,RB,PHI,2023,12,BUF,3.6,2
00-0036924,Michael Carter,RB,ARI,2023,12,LA,3.4,4
00-0036928,Kyle Trask,QB,TB,2023,12,IND,0.0,0
00-0036936,Rondale Moore,WR,ARI,2023,12,LA,3.5,2
00-0036945,Justin Fields,QB,CHI,2023,12,MIN,10.58,0
00-0036963,Amon-Ra St. Brown,WR,DET,2023,12,GB,9.5,9
00-0036970,Kyle Pitts,TE,ATL,2023,12,NO,2.2,2
00-0036971,Trevor Lawrence,QB,JAX,2023,12,HOU,24.56,0
00-0036972,Mac Jones,QB,NE,2023,12,NYG,-0.44,0
00-0036973,Travis Etienne,RB,JAX,2023,12,HOU,8.6,4
00-0036980,Elijah Moore,WR,CLE,2023,12,DEN,2.4,3
00-0036997,Javonte Williams,RB,DEN,2023,12,CLE,7.1,3
00-0037005,Tommy Tremble,TE,CAR,2023,12,TEN,0.7,1
00-0037077,Sam Howell,QB,WAS,2023,12,DAL,17.3,0
00-0037078,Cole Turner,TE,WAS,2023,12,DAL,2.9,1
00-0037197,Isiah Pacheco,RB,KC,2023,12,LV,20.9,5
00-0037228,Jaylen Warren,RB,PIT,2023,12,CIN,4.2,3
00-0037238,Drake London,WR,ATL,2023,12,NO,9.1,5
00-0037239,Chris Olave,WR,NO,2023,12,ATL,11.4,7
00-0037240,Jameson Williams,WR,DET,2023,12,GB,5.1,2
00-0037247,George Pickens,WR,PIT,2023,12,CIN,5.8,3
00-0037248,James Cook,RB,BUF,2023,12,PHI,10.0,6
00-0037256,Rachaad White,RB,TB,2023,12,IND,11.0,2
00-0037257,David Bell,WR,CLE,2023,12,DEN,0.0,0
00-0037258,Dameon Pierce,RB,HOU,2023,12,JAX,1.8,1
00-0037261,Khalil Shakir,WR,BUF,2023,12,PHI,4.7,3
00-0037263,Tyler Allgeier,RB,ATL,2023,12,NO,6.4,0
00-0037267,Jerome Ford,RB,CLE,2023,12,DEN,7.9,4
00-0037273,Kyle Philips,WR,TEN,2023,12,CAR,-0.3,1
00-0037276,Ty Chandler,RB,MIN,2023,12,CHI,1.1,1
00-0037304,Connor Heyward,TE,PIT,2023,12,CIN,1.1,2
00-0037475,Stone Smartt,TE,LAC,2023,12,BAL,0.0,0
00-0037545,Rashid Shaheed,WR,NO,2023,12,ATL,0.9,2
00-0037614,John Metchie III,WR,HOU,2023,12,JAX,0.6,1
00-0037664,Alec Pierce,WR,IND,2023,12,TB,2.7,4
00-0037666,Jalen Tolbert,WR,DAL,2023,12,WAS,4.9,2
00-0037740,Garrett Wilson,WR,NYJ,2023,12,MIA,10.4,7
00-0037741,Jahan Dotson,WR,WAS,2023,12,DAL,5.2,5
00-0037744,Trey McBride,TE,ARI,2023,12,LA,6.0,7
00-0037746,Brian Robinson,RB,WAS,2023,12,DAL,6.4,2
00-0037801,KaVontae Turpin,WR,DAL,2023,12,WAS,9.4,1
00-0037805,Jeremy Ruckert,TE,NYJ,2023,12,MIA,1.8,2
00-0037809,Chig Okonkwo,TE,TEN,2023,12,CAR,4.5,4
00-0037816,Romeo Doubs,WR,GB,2023,12,DET,3.7,3
00-0037834,Brock Purdy,QB,SF,2023,12,SEA,10.46,0
00-0037837,Calvin Austin III,WR,PIT,2023,12,CIN,0.5,1
00-0037838,Isaiah Likely,TE,BAL,2023,12,LAC,4.0,4
00-0037840,Kyren Williams,RB,LA,2023,12,ARI,32.4,6
00-0038040,Zamir White,RB,LV,2023,12,KC,0.0,0
00-0038041,Jake Ferguson,TE,DAL,2023,12,WAS,3.5,1
00-0038090,Skyy Moore,WR,KC,2023,12,LV,3.4,3
00-0038102,Kenny Pickett,QB,PIT,2023,12,CIN,11.62,0
00-0038104,Tyquan Thornton,WR,NE,2023,12,NYG,2.2,2
00-0038108,Bailey Zappe,QB,NE,2023,12,NYG,0.16,0
00-0038115,Daniel Bellinger,TE,NYG,2023,12,NE,0.8,1
00-0038117,Wan'Dale Robinson,WR,NYG,2023,12,NE,2.6,4
00-0038120,Breece Hall,RB,NYJ,2023,12,MIA,4.9,7
00-0038122,Desmond Ridder,QB,ATL,2023,12,NO,9.72,0
00-0038124,Christian Watson,WR,GB,2023,12,DET,15.4,5
00-0038129,Cade Otton,TE,TB,2023,12,IND,4.5,4
00-0038394,Will Mallory,TE,IND,2023,12,TB,2.9,2
00-0038454,Keaton Mitchell,RB,BAL,2023,12,LAC,8.9,2
00-0038465,Malik Heath,WR,GB,2023,12,DET,4.6,4
00-0038476,Tommy DeVito,QB,NYG,2023,12,NE,10.24,0
00-0038492,Jason Brownlee,WR,NYJ,2023,12,MIA,2.0,2
00-0038496,Xavier Gipson,WR,NYJ,2023,12,MIA,1.5,2
00-0038542,Bijan Robinson,RB,ATL,2023,12,NO,24.3,3
00-0038543,Jaxon Smith-Njigba,WR,SEA,2023,12,SF,4.1,2
00-0038544,Quentin Johnston,WR,LAC,2023,12,BAL,0.7,1
00-0038547,Luke Schoonmaker,TE,DAL,2023,12,WAS,1.2,1
00-0038555,Tank Bigsby,RB,JAX,2023,12,HOU,0.6,0
00-0038558,Darnell Washington,TE,PIT,2023,12,CIN,1.0,1
00-0038563,Tre Tucker,WR,LV,2023,12,KC,0.0,0
00-0038573,Derius Davis,WR,LAC,2023,12,BAL,0.1,1
00-0038579,Aidan O'Connell,QB,LV,2023,12,KC,13.92,0
00-0038582,Clayton Tune,QB,ARI,2023,12,LA,2.0,0
00-0038583,Dorian Thompson-Robinson,QB,CLE,2023,12,DEN,11.46,0
00-0038589,Josh Whyle,TE,TEN,2023,12,CAR,1.1,1
00-0038608,Kayshon Boutte,WR,NE,2023,12,NYG,0.8,1
00-0038611,Chris Rodriguez Jr.,RB,WAS,2023,12,DAL,2.1,0
00-0038612,A.T. Perry,WR,NO,2023,12,ATL,0.7,1
00-0038618,Xavier Hutchinson,WR,HOU,2023,12,JAX,3.4,1
00-0038619,Andrei Iosivas,WR,CIN,2023,12,PIT,1.6,1
00-0038621,Demario Douglas,WR,NE,2023,12,NYG,4.9,6
00-0038640,Jalen Brooks,WR,DAL,2023,12,WAS,2.4,1
00-0038705,Emari Demercado,RB,ARI,2023,12,LA,1.5,0
00-0038752,Jake Bobo,WR,SEA,2023,12,SF,0.6,1
00-0038794,Jaleel McLaughlin,RB,DEN,2023,12,CLE,0.4,0
00-0038809,Ben Sims,TE,GB,2023,12,DET,0.0,0
00-0038933,Dalton Kincaid,TE,BUF,2023,12,PHI,3.8,5
00-0038938,Jalin Hyatt,WR,NYG,2023,12,NE,10.9,5
00-0038976,Marvin Mims Jr.,WR,DEN,2023,12,CLE,3.5,2
00-0038977,Tank Dell,WR,HOU,2023,12,JAX,12.2,5
00-0038979,Cedric Tillman,WR,CLE,2023,12,DEN,5.5,4
00-0038994,Jordan Addison,WR,MIN,2023,12,CHI,3.9,6
00-0038996,Tucker Kraft,TE,GB,2023,12,DET,7.5,2
00-0038997,Josh Downs,WR,IND,2023,12,TB,4.3,5
00-0039021,Roschon Johnson,RB,CHI,2023,12,MIN,7.5,5
00-0039032,Tyjae Spears,RB,TEN,2023,12,CAR,0.7,1
00-0039041,Elijah Higgins,TE,ARI,2023,12,LA,2.6,1
00-0039050,Payne Durham,TE,TB,2023,12,IND,1.2,1
00-0039052,Trey Palmer,WR,TB,2023,12,IND,1.7,4
00-0039062,Jonathan Mingo,WR,CAR,2023,12,TEN,6.0,4
00-0039064,Zay Flowers,WR,BAL,2023,12,LAC,18.2,5
00-0039065,Sam LaPorta,TE,DET,2023,12,GB,12.7,5
00-0039066,Michael Mayer,TE,LV,2023,12,KC,2.7,2
00-0039067,Rashee Rice,WR,KC,2023,12,LV,16.7,8
00-0039074,Davis Allen,TE,LA,2023,12,ARI,0.6,1
00-0039075,Puka Nacua,WR,LA,2023,12,ARI,2.7,4
00-0039136,Zach Evans,RB,LA,2023,12,ARI,0.6,0
00-0039139,Jahmyr Gibbs,RB,DET,2023,12,GB,7.3,4
00-0039146,Jayden Reed,WR,GB,2023,12,DET,11.0,4
00-0039150,Bryce Young,QB,CAR,2023,12,TEN,8.06,0
00-0039152,Will Levis,QB,TEN,2023,12,CAR,7.1,0
00-0039163,C.J. Stroud,QB,HOU,2023,12,JAX,30.86,0
00-0039165,Zach Charbonnet,RB,SEA,2023,12,SF,5.8,4
00-0026158,Joe Flacco,QB,CLE,2023,13,LA,16.16,0
00-0026498,Matthew Stafford,QB,LA,2023,13,CLE,22.96,0
00-0027696,Jimmy Graham,TE,NO,2023,13,DET,6.6,1
00-0029263,Russell Wilson,QB,DEN,2023,13,HOU,15.84,0
00-0030035,Adam Thielen,WR,CAR,2023,13,TB,2.5,3
00-0030279,Keenan Allen,WR,LAC,2023,13,NE,5.8,5
00-0030506,Travis Kelce,TE,KC,2023,13,GB,8.1,4
00-0030564,DeAndre Hopkins,WR,TEN,2023,13,IND,13.9,5
00-0030565,Geno Smith,QB,SEA,2023,13,DAL,29.96,0
00-0030578,Cordarrelle Patterson,RB,ATL,2023,13,NYJ,1.7,1
00-0031236,Brandin Cooks,WR,DAL,2023,13,SEA,12.5,4
00-0031260,Logan Thomas,TE,WAS,2023,13,MIA,2.0,0
00-0031280,Derek Carr,QB,NO,2023,13,DET,8.94,0
00-0031408,Mike Evans,WR,TB,2023,13,CAR,22.2,7
00-0031428,Allen Robinson,WR,PIT,2023,13,ARI,1.9,3
00-0031503,Jameis Winston,QB,NO,2023,13,DET,1.64,0
00-0031544,Amari Cooper,WR,CLE,2023,13,LA,3.4,3
00-0031547,DeVante Parker,WR,NE,2023,13,LAC,6.4,4
00-0031585,MyCole Pruitt,TE,ATL,2023,13,NYJ,8.0,1
00-0031687,Raheem Mostert,RB,MIA,2023,13,WAS,11.1,1
00-0032141,Geoff Swaim,TE,ARI,2023,13,PIT,1.0,2
00-0032156,Trevor Siemian,QB,NYJ,2023,13,ATL,1.44,0
00-0032200,Ty Montgomery,WR,NE,2023,13,LAC,0.2,0
00-0032211,Tyler Lockett,WR,SEA,2023,13,DAL,4.7,5
00-0032268,Marcus Mariota,QB,PHI,2023,13,SF,1.24,0
00-0032398,Chris Moore,WR,TEN,2023,13,IND,1.2,1
00-0032464,Kalif Raymond,WR,DET,2023,13,NO,0.9,0
00-0032543,Alex Erickson,WR,LAC,2023,13,NE,2.3,1
00-0032764,Derrick Henry,RB,TEN,2023,13,IND,24.0,1
00-0032775,Demarcus Robinson,WR,LA,2023,13,CLE,11.5,4
00-0033009,Tyler Boyd,WR,CIN,2023,13,JAX,2.2,5
00-0033040,Tyreek Hill,WR,MIA,2023,13,WAS,27.3,5
00-0033045,Ezekiel Elliott,RB,NE,2023,13,LAC,9.2,4
00-0033077,Dak Prescott,QB,DAL,2023,13,SEA,28.26,0
00-0033090,Hunter Henry,TE,NE,2023,13,LAC,1.5,2
00-0033106,Jared Goff,QB,DET,2023,13,NO,16.32,0
00-0033110,Tyler Higbee,TE,LA,2023,13,CLE,3.5,2
00-0033280,Christian McCaffrey,RB,SF,2023,13,PHI,19.3,3
00-0033282,Curtis Samuel,WR,WAS,2023,13,MIA,6.5,4
00-0033288,George Kittle,TE,SF,2023,13,PHI,6.8,4
00-0033357,Taysom Hill,TE,NO,2023,13,DET,13.4,2
00-0033526,Samaje Perine,RB,DEN,2023,13,HOU,0.6,2
00-0033553,James Conner,RB,ARI,2023,13,PIT,22.5,0
00-0033576,Eric Saubert,TE,HOU,2023,13,DEN,0.5,1
00-0033591,Noah Brown,WR,HOU,2023,13,DEN,0.0,0
00-0033699,Austin Ekeler,RB,LAC,2023,13,NE,2.7,2
00-0033854,Dare Ogunbowale,RB,HOU,2023,13,DEN,1.5,1
00-0033857,JuJu Smith-Schuster,WR,NE,2023,13,LAC,1.1,1
00-0033858,Jonnu Smith,TE,ATL,2023,13,NYJ,1.0,2
00-0033869,Mitchell Trubisky,QB,PIT,2023,13,ARI,7.18,0
00-0033873,Patrick Mahomes,QB,KC,2023,13,GB,13.0,0
00-0033881,Evan Engram,TE,JAX,2023,13,CIN,14.2,9
00-0033885,David Njoku,TE,CLE,2023,13,LA,1.7,2
00-0033891,Zay Jones,WR,JAX,2023,13,CIN,7.8,5
00-0033893,Dalvin Cook,RB,NYJ,2023,13,ATL,2.6,1
00-0033895,Gerald Everett,TE,LAC,2023,13,NE,4.4,4
00-0033897,Joe Mixon,RB,CIN,2023,13,JAX,23.7,6
00-0033906,Alvin Kamara,RB,NO,2023,13,DET,22.9,6
00-0033908,Cooper Kupp,WR,LA,2023,13,CLE,9.9,6
00-0033921,Chris Godwin,WR,TB,2023,13,CAR,7.9,0
00-0033923,Kareem Hunt,RB,CLE,2023,13,LA,4.8,1
00-0033936,C.J. Beathard,QB,JAX,2023,13,CIN,3.22,0
00-0033943,Josh Reynolds,WR,DET,2023,13,NO,1.2,1
00-0033948,Jamaal Williams,RB,NO,2023,13,DET,1.6,1
00-0034054,River Cracraft,WR,MIA,2023,13,WAS,1.6,2
00-0034115,Jeff Wilson,RB,MIA,2023,13,WAS,1.1,0
00-0034159,Will Dissly,TE,SEA,2023,13,DAL,0.0,0
00-0034177,Tim Boyle,QB,NYJ,2023,13,ATL,4.12,0
00-0034270,Tyler Conklin,TE,NYJ,2023,13,ATL,3.5,3
00-0034272,Marquez Valdes-Scantling,WR,KC,2023,13,GB,2.5,2
00-0034286,Richie James,WR,KC,2023,13,GB,1.2,1
00-0034348,Courtland Sutton,WR,DEN,2023,13,HOU,13.7,2
00-0034364,Jordan Akins,TE,CLE,2023,13,LA,0.6,1
00-0034365,Ian Thomas,TE,CAR,2023,13,TB,0.6,1
00-0034401,Mike White,QB,MIA,2023,13,WAS,0.12,0
00-0034414,Boston Scott,RB,PHI,2023,13,SF,2.9,1
00-0034521,Allen Lazard,WR,NYJ,2023,13,ATL,0.0,0
00-0034613,Tanner Hudson,TE,CIN,2023,13,JAX,3.5,4
00-0034681,Chase Edmonds,RB,TB,2023,13,CAR,0.9,1
00-0034764,Michael Gallup,WR,DAL,2023,13,SEA,0.0,0
00-0034775,Christian Kirk,WR,JAX,2023,13,CIN,2.6,1
00-0034777,DJ Chark,WR,CAR,2023,13,TB,5.6,3
00-0034837,Calvin Ridley,WR,JAX,2023,13,CIN,3.3,4
00-0034838,Royce Freeman,RB,LA,2023,13,CLE,0.0,0
00-0034854,KhaDarel Hodge,WR,ATL,2023,13,NYJ,0.0,0
00-0034855,Baker Mayfield,QB,TB,2023,13,CAR,9.88,0
00-0034869,Sam Darnold,QB,SF,2023,13,PHI,-0.1,0
00-0034981,Foster Moreau,TE,NO,2023,13,DET,2.8,2
00-0035100,Jake Browning,QB,CIN,2023,13,JAX,25.66,1
00-0035216,Diontae Johnson,WR,PIT,2023,13,ARI,9.3,4
00-0035228,Kyler Murray,QB,ARI,2023,13,PIT,11.8,0
00-0035243,Miles Sanders,RB,CAR,2023,13,TB,2.9,1
00-0035250,Devin Singletary,RB,HOU,2023,13,DEN,4.0,1
00-0035259,Trevon Wesco,TE,TEN,2023,13,IND,0.0,0
00-0035261,Tony Pollard,RB,DAL,2023,13,SEA,14.3,3
00-0035289,Gardner Minshew,QB,IND,2023,13,TEN,18.68,0
00-0035329,Donald Parham,TE,LAC,2023,13,NE,1.2,2
00-0035341,Trenton Irwin,WR,CIN,2023,13,JAX,2.5,1
00-0035406,Lil'Jordan Humphrey,WR,DEN,2023,13,HOU,1.2,1
00-0035414,Jalen Guyton,WR,LAC,2023,13,NE,0.5,1
00-0035500,Greg Dortch,WR,ARI,2023,13,PIT,1.9,1
00-0035628,D'Ernest Johnson,RB,JAX,2023,13,CIN,0.9,1
00-0035631,Drew Sample,TE,CIN,2023,13,JAX,1.1,1
00-0035640,DK Metcalf,WR,SEA,2023,13,DAL,31.4,6
00-0035644,Noah Fant,TE,SEA,2023,13,DAL,4.3,3
00-0035659,Terry McLaurin,WR,WAS,2023,13,MIA,0.0,0
00-0035662,Marquise Brown,WR,ARI,2023,13,PIT,0.0,0
00-0035676,A.J. Brown,WR,PHI,2023,13,SF,11.4,8
00-0035685,David Montgomery,RB,DET,2023,13,NO,11.5,1
00-0035719,Deebo Samuel Sr.,WR,SF,2023,13,PHI,31.8,4
00-0035771,Mitchell Wilcox,TE,CIN,2023,13,JAX,1.2,1
00-0035831,James Robinson,RB,GB,2023,13,KC,0.0,1
00-0035973,Patrick Taylor,RB,GB,2023,13,KC,2.9,0
00-0036040,Juwan Johnson,TE,NO,2023,13,DET,0.0,0
00-0036139,Rico Dowdle,RB,DAL,2023,13,SEA,2.2,1
00-0036182,Nick Westbrook-Ikhine,WR,TEN,2023,13,IND,2.8,1
00-0036212,Tua Tagovailoa,QB,MIA,2023,13,WAS,19.2,0
00-0036232,Harrison Bryant,TE,CLE,2023,13,LA,10.9,5
00-0036233,Donovan Peoples-Jones,WR,DET,2023,13,NO,0.0,0
00-0036251,Zack Moss,RB,IND,2023,13,TEN,5.7,2
00-0036252,Michael Pittman,WR,IND,2023,13,TEN,16.5,11
00-0036259,Jauan Jennings,WR,SF,2023,13,PHI,10.4,3
00-0036261,Brandon Aiyuk,WR,SF,2023,13,PHI,10.6,5
00-0036264,Jordan Love,QB,GB,2023,13,KC,23.68,0
00-0036265,AJ Dillon,RB,GB,2023,13,KC,8.7,1
00-0036271,Quez Watkins,WR,PHI,2023,13,SF,2.8,3
00-0036275,D'Andre Swift,RB,PHI,2023,13,SF,2.0,2
00-0036328,Antonio Gibson,RB,WAS,2023,13,MIA,7.2,4
00-0036355,Justin Herbert,QB,LAC,2023,13,NE,7.98,0
00-0036358,CeeDee Lamb,WR,DAL,2023,13,SEA,20.6,12
00-0036360,Clyde Edwards-Helaire,RB,KC,2023,13,GB,1.4,1
00-0036364,Lynn Bowden,WR,NO,2023,13,DET,-0.1,1
00-0036370,Joshua Kelley,RB,LAC,2023,13,NE,2.5,2
00-0036387,Jalen Reagor,WR,NE,2023,13,LAC,1.1,1
00-0036389,Jalen Hurts,QB,PHI,2023,13,SF,23.92,0
00-0036407,Jerry Jeudy,WR,DEN,2023,13,HOU,5.1,3
00-0036410,Tee Higgins,WR,CIN,2023,13,JAX,3.6,3
00-0036422,Adam Trautman,TE,DEN,2023,13,HOU,0.6,1
00-0036423,Albert Okwuegbunam,TE,PHI,2023,13,SF,0.0,0
00-0036425,DeeJay Dallas,RB,SEA,2023,13,DAL,0.6,0
00-0036438,Stephen Sullivan,TE,CAR,2023,13,TB,1.6,1
00-0036482,Mike Strachan,WR,CAR,2023,13,TB,0.0,0
00-0036497,Tim Jones,WR,JAX,2023,13,CIN,0.0,0
00-0036554,Nico Collins,WR,HOU,2023,13,DEN,25.1,9
00-0036555,Chuba Hubbard,RB,CAR,2023,13,TB,22.4,0
00-0036556,Brevin Jordan,TE,HOU,2023,13,DEN,6.4,3
00-0036567,Elijah Mitchell,RB,SF,2023,13,PHI,1.3,0
00-0036613,Jaylen Waddle,WR,MIA,2023,13,WAS,5.2,5
00-0036626,Dyami Brown,WR,WAS,2023,13,MIA,0.0,1
00-0036628,John Bates,TE,WAS,2023,13,MIA,0.0,0
00-0036637,Noah Gray,TE,KC,2023,13,GB,6.2,1
00-0036754,Brock Wright,TE,DET,2023,13,NO,0.8,1
00-0036849,Tutu Atwell,WR,LA,2023,13,CLE,0.9,1
00-0036862,Ben Skowronek,WR,LA,2023,13,CLE,1.2,2
00-0036875,Rhamondre Stevenson,RB,NE,2023,13,LAC,1.9,1
00-0036876,Kylen Granson,TE,IND,2023,13,TEN,7.4,3
00-0036887,Luke Farrell,TE,JAX,2023,13,CIN,0.9,1
00-0036893,Najee Harris,RB,PIT,2023,13,ARI,7.7,2
00-0036894,Pat Freiermuth,TE,PIT,2023,13,ARI,2.9,3
00-0036898,Davis Mills,QB,HOU,2023,13,DEN,0.72,0
00-0036900,Ja'Marr Chase,WR,CIN,2023,13,JAX,20.62,11
00-0036912,DeVonta Smith,WR,PHI,2023,13,SF,15.6,9
00-0036913,Kadarius Toney,WR,KC,2023,13,GB,0.6,0
00-0036919,Kenneth Gainwell,RB,PHI,2023,13,SF,4.7,5
00-0036924,Michael Carter,RB,ARI,2023,13,PIT,2.5,0
00-0036936,Rondale Moore,WR,ARI,2023,13,PIT,0.6,1
00-0036963,Amon-Ra St. Brown,WR,DET,2023,13,NO,10.9,2
00-0036970,Kyle Pitts,TE,ATL,2023,13,NYJ,5.1,4
00-0036971,Trevor Lawrence,QB,JAX,2023,13,CIN,25.12,0
00-0036973,Travis Etienne,RB,JAX,2023,13,CIN,13.9,4
00-0036980,Elijah Moore,WR,CLE,2023,13,LA,8.3,4
00-0036984,Trey Sermon,RB,IND,2023,13,TEN,0.0,0
00-0036997,Javonte Williams,RB,DEN,2023,13,HOU,7.0,3
00-0037077,Sam Howell,QB,WAS,2023,13,MIA,19.18,0
00-0037078,Cole Turner,TE,WAS,2023,13,MIA,0.2,1
00-0037120,Tyler Goodson,RB,IND,2023,13,TEN,1.1,2
00-0037197,Isiah Pacheco,RB,KC,2023,13,GB,18.3,3
00-0037228,Jaylen Warren,RB,PIT,2023,13,ARI,5.5,1
00-0037238,Drake London,WR,ATL,2023,13,NYJ,0.8,1
00-0037239,Chris Olave,WR,NO,2023,13,DET,11.9,5
00-0037240,Jameson Williams,WR,DET,2023,13,NO,9.0,1
00-0037247,George Pickens,WR,PIT,2023,13,ARI,8.6,4
00-0037256,Rachaad White,RB,TB,2023,13,CAR,16.6,3
00-0037257,David Bell,WR,CLE,2023,13,LA,1.2,2
00-0037258,Dameon Pierce,RB,HOU,2023,13,DEN,10.1,0
00-0037263,Tyler Allgeier,RB,ATL,2023,13,NYJ,2.6,0
00-0037267,Jerome Ford,RB,CLE,2023,13,LA,11.2,3
00-0037292,Andrew Ogletree,TE,IND,2023,13,TEN,0.0,0
00-0037304,Connor Heyward,TE,PIT,2023,13,ARI,0.0,0
00-0037429,Raheem Blackshear,RB,CAR,2023,13,TB,0.6,0
00-0037475,Stone Smartt,TE,LAC,2023,13,NE,0.0,0
00-0037487,Deven Thompkins,WR,TB,2023,13,CAR,1.1,1
00-0037525,Jordan Mason,RB,SF,2023,13,PHI,1.0,0
00-0037539,Lucas Krull,TE,DEN,2023,13,HOU,0.0,0
00-0037614,John Metchie III,WR,HOU,2023,13,DEN,0.9,1
00-0037664,Alec Pierce,WR,IND,2023,13,TEN,16.0,3
00-0037666,Jalen Tolbert,WR,DAL,2023,13,SEA,1.7,1
00-0037740,Garrett Wilson,WR,NYJ,2023,13,ATL,5.0,3
00-0037741,Jahan Dotson,WR,WAS,2023,13,MIA,2.3,2
00-0037744,Trey McBride,TE,ARI,2023,13,PIT,14.9,8
00-0037746,Brian Robinson,RB,WAS,2023,13,MIA,5.3,0
00-0037801,KaVontae Turpin,WR,DAL,2023,13,SEA,1.0,1
00-0037805,Jeremy Ruckert,TE,NYJ,2023,13,ATL,1.2,1
00-0037809,Chig Okonkwo,TE,TEN,2023,13,IND,6.4,3
00-0037816,Romeo Doubs,WR,GB,2023,13,KC,7.2,4
00-0037834,Brock Purdy,QB,SF,2023,13,PHI,29.46,0
00-0037837,Calvin Austin III,WR,PIT,2023,13,ARI,1.0,1
00-0037840,Kyren Williams,RB,LA,2023,13,CLE,17.2,3
00-0038041,Jake Ferguson,TE,DAL,2023,13,SEA,13.7,6
00-0038090,Skyy Moore,WR,KC,2023,13,GB,0.5,1
00-0038098,Pierre Strong,RB,CLE,2023,13,LA,2.0,0
00-0038102,Kenny Pickett,QB,PIT,2023,13,ARI,3.1,0
00-0038104,Tyquan Thornton,WR,NE,2023,13,LAC,3.9,0
00-0038108,Bailey Zappe,QB,NE,2023,13,LAC,7.24,0
00-0038120,Breece Hall,RB,NYJ,2023,13,ATL,4.5,6
00-0038122,Desmond Ridder,QB,ATL,2023,13,NYJ,8.84,0
00-0038124,Christian Watson,WR,GB,2023,13,KC,20.6,7
00-0038393,Dontayvion Wicks,WR,GB,2023,13,KC,4.3,3
00-0038394,Will Mallory,TE,IND,2023,13,TEN,0.4,2
00-0038465,Malik Heath,WR,GB,2023,13,KC,1.5,1
00-0038496,Xavier Gipson,WR,NYJ,2023,13,ATL,7.8,5
00-0038542,Bijan Robinson,RB,ATL,2023,13,NYJ,7.9,3
00-0038543,Jaxon Smith-Njigba,WR,SEA,2023,13,DAL,6.2,7
00-0038544,Quentin Johnston,WR,LAC,2023,13,NE,5.2,5
00-0038547,Luke Schoonmaker,TE,DAL,2023,13,SEA,1.2,1
00-0038589,Josh Whyle,TE,TEN,2023,13,IND,1.6,1
00-0038597,Chase Brown,RB,CIN,2023,13,JAX,6.1,0
00-0038606,Parker Washington,WR,JAX,2023,13,CIN,12.1,6
00-0038611,Chris Rodriguez Jr.,RB,WAS,2023,13,MIA,2.9,0
00-0038612,A.T. Perry,WR,NO,2023,13,DET,3.0,1
00-0038720,Julian Hill,TE,MIA,2023,13,WAS,2.3,2
00-0038752,Jake Bobo,WR,SEA,2023,13,DAL,0.9,1
00-0038794,Jaleel McLaughlin,RB,DEN,2023,13,HOU,2.1,2
00-0038809,Ben Sims,TE,GB,2023,13,KC,6.1,1
00-0038976,Marvin Mims Jr.,WR,DEN,2023,13,HOU,1.3,1
00-0038979,Cedric Tillman,WR,CLE,2023,13,LA,2.0,2
00-0038996,Tucker Kraft,TE,GB,2023,13,KC,3.7,3
00-0038997,Josh Downs,WR,IND,2023,13,TEN,1.4,3
00-0039032,Tyjae Spears,RB,TEN,2023,13,IND,8.8,4
00-0039040,De'Von Achane,RB,MIA,2023,13,WAS,22.3,3
00-0039041,Elijah Higgins,TE,ARI,2023,13,PIT,2.1,1
00-0039052,Trey Palmer,WR,TB,2023,13,CAR,2.5,2
00-0039062,Jonathan Mingo,WR,CAR,2023,13,TB,6.9,6
00-0039065,Sam LaPorta,TE,DET,2023,13,NO,20.0,9
00-0039067,Rashee Rice,WR,KC,2023,13,GB,6.4,8
00-0039075,Puka Nacua,WR,LA,2023,13,CLE,19.9,4
00-0039139,Jahmyr Gibbs,RB,DET,2023,13,NO,5.4,1
00-0039146,Jayden Reed,WR,GB,2023,13,KC,1.6,4
00-0039150,Bryce Young,QB,CAR,2023,13,TB,7.12,0
00-0039152,Will Levis,QB,TEN,2023,13,IND,11.46,0
00-0039163,C.J. Stroud,QB,HOU,2023,13,DEN,16.06,0
00-0039165,Zach Charbonnet,RB,SEA,2023,13,DAL,15.9,1
00-0024243,Marcedes Lewis,TE,CHI,2023,14,DET,0.4,1
00-0026158,Joe Flacco,QB,CLE,2023,14,JAX,20.34,0
00-0026498,Matthew Stafford,QB,LA,2023,14,BAL,23.66,0
00-0027696,Jimmy Graham,TE,NO,2023,14,CAR,7.6,2
00-0028002,Randall Cobb,WR,NYJ,2023,14,HOU,7.5,1
00-0029263,Russell Wilson,QB,DEN,2023,14,LAC,15.46,0
00-0030035,Adam Thielen,WR,CAR,2023,14,NO,7.4,5
00-0030279,Keenan Allen,WR,LAC,2023,14,DEN,6.8,6
00-0030431,Robert Woods,WR,HOU,2023,14,NYJ,-0.2,1
00-0030506,Travis Kelce,TE,KC,2023,14,BUF,8.3,6
00-0030513,Latavius Murray,RB,BUF,2023,14,KC,3.0,1
00-0030564,DeAndre Hopkins,WR,TEN,2023,14,MIA,18.4,7
00-0030578,Cordarrelle Patterson,RB,ATL,2023,14,TB,0.7,0
00-0031235,Odell Beckham,WR,BAL,2023,14,LA,15.7,4
00-0031236,Brandin Cooks,WR,DAL,2023,14,PHI,3.7,2
00-0031280,Derek Carr,QB,NO,2023,14,CAR,10.76,0
00-0031288,AJ McCarron,QB,CIN,2023,14,IND,-0.04,0
00-0031376,Jerick McKinnon,RB,KC,2023,14,BUF,9.7,3
00-0031381,Davante Adams,WR,LV,2023,14,MIN,5.3,7
00-0031408,Mike Evans,WR,TB,2023,14,ATL,0.8,1
00-0031428,Allen Robinson,WR,PIT,2023,14,NE,2.1,1
00-0031503,Jameis Winston,QB,NO,2023,14,CAR,-0.2,0
00-0031544,Amari Cooper,WR,CLE,2023,14,JAX,5.7,7
00-0031549,Nelson Agholor,WR,BAL,2023,14,LA,3.2,5
00-0031585,MyCole Pruitt,TE,ATL,2023,14,TB,1.5,2
00-0031588,Stefon Diggs,WR,BUF,2023,14,KC,2.4,4
00-0031687,Raheem Mostert,RB,MIA,2023,14,TEN,22.0,1
00-0032104,Ameer Abdullah,RB,LV,2023,14,MIN,1.9,2
00-0032200,Ty Montgomery,WR,NE,2023,14,PIT,1.7,1
00-0032211,Tyler Lockett,WR,SEA,2023,14,SF,8.9,6
00-0032392,Austin Hooper,TE,LV,2023,14,MIN,0.5,1
00-0032398,Chris Moore,WR,TEN,2023,14,MIA,2.2,1
00-0032464,Kalif Raymond,WR,DET,2023,14,CHI,1.5,3
00-0032543,Alex Erickson,WR,LAC,2023,14,DEN,0.9,1
00-0032764,Derrick Henry,RB,TEN,2023,14,MIA,17.1,1
00-0032775,Demarcus Robinson,WR,LA,2023,14,BAL,10.6,3
00-0033009,Tyler Boyd,WR,CIN,2023,14,IND,2.3,2
00-0033040,Tyreek Hill,WR,MIA,2023,14,TEN,6.1,4
00-0033045,Ezekiel Elliott,RB,NE,2023,14,PIT,20.0,7
00-0033077,Dak Prescott,QB,DAL,2023,14,PHI,17.94,0
00-0033090,Hunter Henry,TE,NE,2023,14,PIT,16.0,3
00-0033106,Jared Goff,QB,DET,2023,14,CHI,4.44,0
00-0033217,Mo Alie-Cox,TE,IND,2023,14,CIN,6.2,1
00-0033246,Johnny Mundt,TE,MIN,2023,14,LV,0.4,1
00-0033280,Christian McCaffrey,RB,SF,2023,14,SEA,15.3,1
00-0033288,George Kittle,TE,SF,2023,14,SEA,13.6,3
00-0033308,Matt Breida,RB,NYG,2023,14,GB,1.6,0
00-0033319,Nick Mullens,QB,MIN,2023,14,LV,3.32,0
00-0033439,Pharaoh Brown,TE,NE,2023,14,PIT,0.4,1
00-0033526,Samaje Perine,RB,DEN,2023,14,LAC,4.4,5
00-0033555,Mack Hollins,WR,ATL,2023,14,TB,0.4,1
00-0033589,David Moore,WR,TB,2023,14,ATL,1.1,1
00-0033591,Noah Brown,WR,HOU,2023,14,NYJ,0.0,0
00-0033699,Austin Ekeler,RB,LAC,2023,14,DEN,16.0,5
00-0033854,Dare Ogunbowale,RB,HOU,2023,14,NYJ,1.1,1
00-0033857,JuJu Smith-Schuster,WR,NE,2023,14,PIT,9.0,4
00-0033858,Jonnu Smith,TE,ATL,2023,14,TB,2.7,4
00-0033869,Mitchell Trubisky,QB,PIT,2023,14,NE,20.6,0
00-0033873,Patrick Mahomes,QB,KC,2023,14,BUF,13.64,0
00-0033881,Evan Engram,TE,JAX,2023,14,CLE,21.5,11
00-0033885,David Njoku,TE,CLE,2023,14,JAX,21.1,6
00-0033891,Zay Jones,WR,JAX,2023,14,CLE,2.9,5
00-0033893,Dalvin Cook,RB,NYJ,2023,14,HOU,0.8,1
00-0033895,Gerald Everett,TE,LAC,2023,14,DEN,3.9,5
00-0033897,Joe Mixon,RB,CIN,2023,14,IND,18.5,3
00-0033906,Alvin Kamara,RB,NO,2023,14,CAR,10.5,3
00-0033908,Cooper Kupp,WR,LA,2023,14,BAL,17.5,8
00-0033921,Chris Godwin,WR,TB,2023,14,ATL,5.3,5
00-0033923,Kareem Hunt,RB,CLE,2023,14,JAX,9.0,1
00-0033925,D'Onta Foreman,RB,CHI,2023,14,DET,7.2,2
00-0033943,Josh Reynolds,WR,DET,2023,14,CHI,10.4,3
00-0033948,Jamaal Williams,RB,NO,2023,14,CAR,4.3,0
00-0033949,Joshua Dobbs,QB,MIN,2023,14,LV,4.62,0
00-0034159,Will Dissly,TE,SEA,2023,14,SF,0.3,1
00-0034184,Gus Edwards,RB,BAL,2023,14,LA,1.5,0
00-0034270,Tyler Conklin,TE,NYJ,2023,14,HOU,5.7,4
00-0034272,Marquez Valdes-Scantling,WR,KC,2023,14,BUF,2.2,2
00-0034286,Richie James,WR,KC,2023,14,BUF,0.4,1
00-0034348,Courtland Sutton,WR,DEN,2023,14,LAC,12.2,3
00-0034351,Dallas Goedert,TE,PHI,2023,14,DAL,3.0,4
00-0034364,Jordan Akins,TE,CLE,2023,14,JAX,0.3,1
00-0034386,Justin Watson,WR,KC,2023,14,BUF,1.8,1
00-0034414,Boston Scott,RB,PHI,2023,14,DAL,0.9,0
00-0034418,Cedrick Wilson Jr.,WR,MIA,2023,14,TEN,3.0,2
00-0034419,Braxton Berrios,WR,MIA,2023,14,TEN,1.3,2
00-0034487,Trent Sherfield,WR,BUF,2023,14,KC,0.9,1
00-0034613,Tanner Hudson,TE,CIN,2023,14,IND,8.1,2
00-0034646,Brandon Powell,WR,MIN,2023,14,LV,0.0,0
00-0034681,Chase Edmonds,RB,TB,2023,14,ATL,5.8,2
00-0034764,Michael Gallup,WR,DAL,2023,14,PHI,10.8,3
00-0034777,DJ Chark,WR,CAR,2023,14,NO,2.6,2
00-0034796,Lamar Jackson,QB,BAL,2023,14,LA,31.64,0
00-0034798,Durham Smythe,TE,MIA,2023,14,TEN,1.6,2
00-0034827,DJ Moore,WR,CHI,2023,14,DET,20.8,6
00-0034837,Calvin Ridley,WR,JAX,2023,14,CLE,5.3,4
00-0034838,Royce Freeman,RB,LA,2023,14,BAL,0.9,0
00-0034844,Saquon Barkley,RB,NYG,2023,14,GB,20.1,3
00-0034854,KhaDarel Hodge,WR,ATL,2023,14,TB,1.8,1
00-0034855,Baker Mayfield,QB,TB,2023,14,ATL,20.06,0
00-0034857,Josh Allen,QB,BUF,2023,14,KC,20.52,0
00-0034960,Jakobi Meyers,WR,LV,2023,14,MIN,2.5,5
00-0034972,Alexander Mattison,RB,MIN,2023,14,LV,6.6,0
00-0034975,Justice Hill,RB,BAL,2023,14,LA,1.2,1
00-0034981,Foster Moreau,TE,NO,2023,14,CAR,0.8,2
00-0034983,Hunter Renfrow,WR,LV,2023,14,MIN,2.6,3
00-0035100,Jake Browning,QB,CIN,2023,14,IND,23.7,0
00-0035208,Olamide Zaccheaus,WR,PHI,2023,14,DAL,2.8,1
00-0035215,Deonte Harty,WR,BUF,2023,14,KC,2.5,1
00-0035216,Diontae Johnson,WR,PIT,2023,14,NE,11.7,3
00-0035229,T.J. Hockenson,TE,MIN,2023,14,LV,5.3,5
00-0035243,Miles Sanders,RB,CAR,2023,14,NO,7.4,0
00-0035249,Josh Oliver,TE,MIN,2023,14,LV,0.0,0
00-0035250,Devin Singletary,RB,HOU,2023,14,NYJ,12.5,0
00-0035261,Tony Pollard,RB,DAL,2023,14,PHI,9.6,7
00-0035282,Easton Stick,QB,LAC,2023,14,DEN,5.16,0
00-0035289,Gardner Minshew,QB,IND,2023,14,CIN,14.1,0
00-0035291,Trayveon Williams,RB,CIN,2023,14,IND,-0.1,1
00-0035298,Scott Miller,WR,ATL,2023,14,TB,0.0,0
00-0035329,Donald Parham,TE,LAC,2023,14,DEN,1.1,1
00-0035406,Lil'Jordan Humphrey,WR,DEN,2023,14,LAC,1.2,1
00-0035414,Jalen Guyton,WR,LAC,2023,14,DEN,0.8,1
00-0035535,Darius Slayton,WR,NYG,2023,14,GB,1.4,2
00-0035537,Ty Johnson,RB,BUF,2023,14,KC,2.1,2
00-0035628,D'Ernest Johnson,RB,JAX,2023,14,CLE,2.8,2
00-0035631,Drew Sample,TE,CIN,2023,14,IND,0.4,2
00-0035640,DK Metcalf,WR,SEA,2023,14,SF,11.2,2
00-0035644,Noah Fant,TE,SEA,2023,14,SF,3.5,2
00-0035676,A.J. Brown,WR,PHI,2023,14,DAL,7.4,9
00-0035685,David Montgomery,RB,DET,2023,14,CHI,8.5,3
00-0035689,Dawson Knox,TE,BUF,2023,14,KC,3.6,3
00-0035700,Josh Jacobs,RB,LV,2023,14,MIN,5.0,2
00-0035704,Drew Lock,QB,SEA,2023,14,SF,15.26,0
00-0035719,Deebo Samuel Sr.,WR,SF,2023,14,SEA,27.0,7
00-0035771,Mitchell Wilcox,TE,CIN,2023,14,IND,0.0,1
00-0035973,Patrick Taylor,RB,GB,2023,14,NYG,5.2,2
00-0036040,Juwan Johnson,TE,NO,2023,14,CAR,1.0,2
00-0036139,Rico Dowdle,RB,DAL,2023,14,PHI,11.2,1
00-0036165,Isaiah Hodgins,WR,NYG,2023,14,GB,8.2,2
00-0036182,Nick Westbrook-Ikhine,WR,TEN,2023,14,MIA,4.8,2
00-0036196,Gabe Davis,WR,BUF,2023,14,KC,0.0,0
00-0036212,Tua Tagovailoa,QB,MIA,2023,14,TEN,11.1,0
00-0036233,Donovan Peoples-Jones,WR,DET,2023,14,CHI,1.7,1
00-0036244,Colby Parkinson,TE,SEA,2023,14,SF,8.8,2
00-0036251,Zack Moss,RB,IND,2023,14,CIN,5.6,4
00-0036252,Michael Pittman,WR,IND,2023,14,CIN,11.5,8
00-0036259,Jauan Jennings,WR,SF,2023,14,SEA,0.0,0
00-0036261,Brandon Aiyuk,WR,SF,2023,14,SEA,10.6,6
00-0036264,Jordan Love,QB,GB,2023,14,NYG,8.92,0
00-0036265,AJ Dillon,RB,GB,2023,14,NYG,7.8,2
00-0036275,D'Andre Swift,RB,PHI,2023,14,DAL,3.9,0
00-0036290,Cole Kmet,TE,CHI,2023,14,DET,6.6,5
00-0036309,Darnell Mooney,WR,CHI,2023,14,DET,4.4,2
00-0036322,Justin Jefferson,WR,MIN,2023,14,LV,2.7,2
00-0036345,K.J. Osborn,WR,MIN,2023,14,LV,1.5,4
00-0036355,Justin Herbert,QB,LAC,2023,14,DEN,1.84,0
00-0036358,CeeDee Lamb,WR,DAL,2023,14,PHI,13.1,6
00-0036360,Clyde Edwards-Helaire,RB,KC,2023,14,BUF,6.8,2
00-0036364,Lynn Bowden,WR,NO,2023,14,CAR,2.4,4
00-0036370,Joshua Kelley,RB,LAC,2023,14,DEN,0.6,0
00-0036387,Jalen Reagor,WR,NE,2023,14,PIT,0.0,0
00-0036389,Jalen Hurts,QB,PHI,2023,14,DAL,8.88,0
00-0036407,Jerry Jeudy,WR,DEN,2023,14,LAC,1.6,2
00-0036410,Tee Higgins,WR,CIN,2023,14,IND,7.2,2
00-0036422,Adam Trautman,TE,DEN,2023,14,LAC,7.9,2
00-0036429,Charlie Woerner,TE,SF,2023,14,SEA,0.3,1
00-0036438,Stephen Sullivan,TE,CAR,2023,14,NO,0.0,0
00-0036550,Rashod Bateman,WR,BAL,2023,14,LA,2.4,2
00-0036554,Nico Collins,WR,HOU,2023,14,NYJ,1.3,1
00-0036555,Chuba Hubbard,RB,CAR,2023,14,NO,9.6,2
00-0036556,Brevin Jordan,TE,HOU,2023,14,NYJ,3.5,3
00-0036613,Jaylen Waddle,WR,MIA,2023,14,TEN,7.9,6
00-0036630,Tylan Wallace,WR,BAL,2023,14,BAL,6.0,0
00-0036635,Ihmir Smith-Marsette,WR,CAR,2023,14,NO,1.0,0
00-0036754,Brock Wright,TE,DET,2023,14,CHI,0.6,2
00-0036842,Kene Nwangwu,RB,MIN,2023,14,LV,0.3,0
00-0036849,Tutu Atwell,WR,LA,2023,14,BAL,0.0,0
00-0036876,Kylen Granson,TE,IND,2023,14,CIN,1.7,2
00-0036893,Najee Harris,RB,PIT,2023,14,NE,4.8,3
00-0036894,Pat Freiermuth,TE,PIT,2023,14,NE,3.8,3
00-0036898,Davis Mills,QB,HOU,2023,14,NYJ,0.16,0
00-0036900,Ja'Marr Chase,WR,CIN,2023,14,IND,2.9,3
00-0036906,Khalil Herbert,RB,CHI,2023,14,DET,0.8,0
00-0036912,DeVonta Smith,WR,PHI,2023,14,DAL,5.3,5
00-0036913,Kadarius Toney,WR,KC,2023,14,BUF,4.1,3
00-0036919,Kenneth Gainwell,RB,PHI,2023,14,DAL,2.8,0
00-0036945,Justin Fields,QB,CHI,2023,14,DET,24.72,0
00-0036963,Amon-Ra St. Brown,WR,DET,2023,14,CHI,2.1,3
00-0036970,Kyle Pitts,TE,ATL,2023,14,TB,11.7,3
00-0036971,Trevor Lawrence,QB,JAX,2023,14,CLE,17.38,0
00-0036973,Travis Etienne,RB,JAX,2023,14,CLE,13.2,4
00-0036980,Elijah Moore,WR,CLE,2023,14,JAX,4.2,3
00-0036984,Trey Sermon,RB,IND,2023,14,CIN,1.3,0
00-0036997,Javonte Williams,RB,DEN,2023,14,LAC,15.1,3
00-0037005,Tommy Tremble,TE,CAR,2023,14,NO,0.2,1
00-0037013,Zach Wilson,QB,NYJ,2023,14,HOU,19.24,0
00-0037098,Samori Toure,WR,GB,2023,14,NYG,2.2,2
00-0037120,Tyler Goodson,RB,IND,2023,14,CIN,-0.2,1
00-0037228,Jaylen Warren,RB,PIT,2023,14,NE,4.0,4
00-0037238,Drake London,WR,ATL,2023,14,TB,19.2,10
00-0037239,Chris Olave,WR,NO,2023,14,CAR,8.8,4
00-0037240,Jameson Williams,WR,DET,2023,14,CHI,0.4,0
00-0037247,George Pickens,WR,PIT,2023,14,NE,1.9,5
00-0037248,James Cook,RB,BUF,2023,14,KC,20.1,5
00-0037256,Rachaad White,RB,TB,2023,14,ATL,19.5,2
00-0037257,David Bell,WR,CLE,2023,14,JAX,10.1,1
00-0037258,Dameon Pierce,RB,HOU,2023,14,NYJ,0.7,1
00-0037261,Khalil Shakir,WR,BUF,2023,14,KC,1.2,1
00-0037263,Tyler Allgeier,RB,ATL,2023,14,TB,4.0,0
00-0037267,Jerome Ford,RB,CLE,2023,14,JAX,8.2,5
00-0037276,Ty Chandler,RB,MIN,2023,14,LV,4.2,3
00-0037291,Jalen Nailor,WR,MIN,2023,14,LV,1.3,2
00-0037292,Andrew Ogletree,TE,IND,2023,14,CIN,0.0,0
00-0037304,Connor Heyward,TE,PIT,2023,14,NE,1.5,2
00-0037311,Ko Kieft,TE,TB,2023,14,ATL,0.0,0
00-0037429,Raheem Blackshear,RB,CAR,2023,14,NO,0.8,1
00-0037525,Jordan Mason,RB,SF,2023,14,SEA,8.6,1
00-0037539,Lucas Krull,TE,DEN,2023,14,LAC,3.5,1
00-0037614,John Metchie III,WR,HOU,2023,14,NYJ,0.6,1
00-0037664,Alec Pierce,WR,IND,2023,14,CIN,2.2,2
00-0037666,Jalen Tolbert,WR,DAL,2023,14,PHI,0.0,0
00-0037740,Garrett Wilson,WR,NYJ,2023,14,HOU,11.1,9
00-0037742,Treylon Burks,WR,TEN,2023,14,MIA,0.6,1
00-0037745,Velus Jones Jr.,RB,CHI,2023,14,DET,1.1,1
00-0037801,KaVontae Turpin,WR,DAL,2023,14,PHI,2.2,0
00-0037805,Jeremy Ruckert,TE,NYJ,2023,14,HOU,3.7,3
00-0037809,Chig Okonkwo,TE,TEN,2023,14,MIA,4.6,5
00-0037816,Romeo Doubs,WR,GB,2023,14,NYG,3.2,4
00-0037834,Brock Purdy,QB,SF,2023,14,SEA,21.42,0
00-0037837,Calvin Austin III,WR,PIT,2023,14,NE,1.2,0
00-0037838,Isaiah Likely,TE,BAL,2023,14,LA,14.3,5
00-0037840,Kyren Williams,RB,LA,2023,14,BAL,11.3,3
00-0038040,Zamir White,RB,LV,2023,14,MIN,0.8,0
00-0038041,Jake Ferguson,TE,DAL,2023,14,PHI,7.2,5
00-0038045,Isaiah Spiller,RB,LAC,2023,14,DEN,1.9,0
00-0038090,Skyy Moore,WR,KC,2023,14,BUF,0.0,0
00-0038098,Pierre Strong,RB,CLE,2023,14,JAX,0.0,0
00-0038104,Tyquan Thornton,WR,NE,2023,14,PIT,1.7,3
00-0038108,Bailey Zappe,QB,NE,2023,14,PIT,20.9,0
00-0038115,Daniel Bellinger,TE,NYG,2023,14,GB,1.5,2
00-0038117,Wan'Dale Robinson,WR,NYG,2023,14,GB,11.5,6
00-0038120,Breece Hall,RB,NYJ,2023,14,HOU,18.6,8
00-0038122,Desmond Ridder,QB,ATL,2023,14,TB,25.38,0
00-0038129,Cade Otton,TE,TB,2023,14,ATL,7.6,2
00-0038134,Kenneth Walker III,RB,SEA,2023,14,SF,5.4,4
00-0038389,Israel Abanikanda,RB,NYJ,2023,14,HOU,-0.1,0
00-0038393,Dontayvion Wicks,WR,GB,2023,14,NYG,2.0,2
00-0038394,Will Mallory,TE,IND,2023,14,CIN,4.6,5
00-0038454,Keaton Mitchell,RB,BAL,2023,14,LA,6.2,1
00-0038465,Malik Heath,WR,GB,2023,14,NYG,6.6,1
00-0038476,Tommy DeVito,QB,NYG,2023,14,GB,17.42,0
00-0038496,Xavier Gipson,WR,NYJ,2023,14,HOU,7.2,1
00-0038542,Bijan Robinson,RB,ATL,2023,14,TB,14.8,5
00-0038543,Jaxon Smith-Njigba,WR,SEA,2023,14,SF,2.5,4
00-0038544,Quentin Johnston,WR,LAC,2023,14,DEN,9.1,3
00-0038558,Darnell Washington,TE,PIT,2023,14,NE,1.2,1
00-0038563,Tre Tucker,WR,LV,2023,14,MIN,0.0,0
00-0038579,Aidan O'Connell,QB,LV,2023,14,MIN,5.04,0
00-0038583,Dorian Thompson-Robinson,QB,CLE,2023,14,JAX,0.5,0
00-0038597,Chase Brown,RB,CIN,2023,14,IND,16.5,3
00-0038606,Parker Washington,WR,JAX,2023,14,CLE,6.7,2
00-0038612,A.T. Perry,WR,NO,2023,14,CAR,4.4,1
00-0038618,Xavier Hutchinson,WR,HOU,2023,14,NYJ,1.5,2
00-0038794,Jaleel McLaughlin,RB,DEN,2023,14,LAC,3.2,1
00-0038933,Dalton Kincaid,TE,BUF,2023,14,KC,2.1,5
00-0038938,Jalin Hyatt,WR,NYG,2023,14,GB,1.3,2
00-0038941,Tyler Scott,WR,CHI,2023,14,DET,1.1,1
00-0038976,Marvin Mims Jr.,WR,DEN,2023,14,LAC,1.1,2
00-0038979,Cedric Tillman,WR,CLE,2023,14,JAX,2.3,2
00-0038994,Jordan Addison,WR,MIN,2023,14,LV,2.7,2
00-0038996,Tucker Kraft,TE,GB,2023,14,NYG,6.4,4
00-0038997,Josh Downs,WR,IND,2023,14,CIN,3.2,3
00-0039021,Roschon Johnson,RB,CHI,2023,14,DET,0.6,0
00-0039032,Tyjae Spears,RB,TEN,2023,14,MIA,11.8,6
00-0039040,De'Von Achane,RB,MIA,2023,14,TEN,7.1,5
00-0039052,Trey Palmer,WR,TB,2023,14,ATL,0.8,1
00-0039062,Jonathan Mingo,WR,CAR,2023,14,NO,2.2,2
00-0039064,Zay Flowers,WR,BAL,2023,14,LA,14.0,6
00-0039065,Sam LaPorta,TE,DET,2023,14,CHI,2.7,2
00-0039066,Michael Mayer,TE,LV,2023,14,MIN,1.4,1
00-0039067,Rashee Rice,WR,KC,2023,14,BUF,11.2,7
00-0039074,Davis Allen,TE,LA,2023,14,BAL,11.0,4
00-0039075,Puka Nacua,WR,LA,2023,14,BAL,9.0,5
00-0039139,Jahmyr Gibbs,RB,DET,2023,14,CHI,14.2,3
00-0039146,Jayden Reed,WR,GB,2023,14,NYG,12.5,8
00-0039150,Bryce Young,QB,CAR,2023,14,NO,7.48,0
00-0039152,Will Levis,QB,TEN,2023,14,MIA,16.58,0
00-0039163,C.J. Stroud,QB,HOU,2023,14,NYJ,3.64,0
00-0039165,Zach Charbonnet,RB,SEA,2023,14,SF,4.8,1
00-0026158,Joe Flacco,QB,CLE,2023,15,CHI,16.86,0
00-0026498,Matthew Stafford,QB,LA,2023,15,WAS,18.52,0
00-0027696,Jimmy Graham,TE,NO,2023,15,NYG,6.9,2
00-0027944,Julio Jones,WR,PHI,2023,15,SEA,0.6,1
00-0028002,Randall Cobb,WR,NYJ,2023,15,MIA,0.0,0
00-0028118,Tyrod Taylor,QB,NYG,2023,15,NO,0.52,0
00-0028986,Case Keenum,QB,HOU,2023,15,TEN,11.26,0
00-0029239,Brandon Bolden,RB,LV,2023,15,LAC,8.5,0
00-0029263,Russell Wilson,QB,DEN,2023,15,DET,17.52,0
00-0030035,Adam Thielen,WR,CAR,2023,15,ATL,4.3,4
00-0030068,Marquise Goodwin,WR,CLE,2023,15,CHI,5.7,1
00-0030431,Robert Woods,WR,HOU,2023,15,TEN,3.0,3
00-0030506,Travis Kelce,TE,KC,2023,15,NE,2.8,5
00-0030513,Latavius Murray,RB,BUF,2023,15,DAL,7.1,0
00-0030564,DeAndre Hopkins,WR,TEN,2023,15,HOU,2.1,2
00-0030578,Cordarrelle Patterson,RB,ATL,2023,15,CAR,6.0,1
00-0031235,Odell Beckham,WR,BAL,2023,15,JAX,1.4,1
00-0031236,Brandin Cooks,WR,DAL,2023,15,BUF,1.0,2
00-0031260,Logan Thomas,TE,WAS,2023,15,LA,0.7,1
00-0031280,Derek Carr,QB,NO,2023,15,NYG,20.32,0
00-0031376,Jerick McKinnon,RB,KC,2023,15,NE,13.16,3
00-0031381,Davante Adams,WR,LV,2023,15,LAC,16.1,8
00-0031408,Mike Evans,WR,TB,2023,15,GB,11.7,4
00-0031428,Allen Robinson,WR,PIT,2023,15,IND,1.9,3
00-0031544,Amari Cooper,WR,CLE,2023,15,CHI,16.9,4
00-0031547,DeVante Parker,WR,NE,2023,15,KC,4.4,5
00-0031549,Nelson Agholor,WR,BAL,2023,15,JAX,0.0,0
00-0031588,Stefon Diggs,WR,BUF,2023,15,DAL,4.8,4
00-0031610,Darren Waller,TE,NYG,2023,15,NO,4.0,4
00-0031687,Raheem Mostert,RB,MIA,2023,15,NYJ,16.3,2
00-0032062,Blake Bell,TE,KC,2023,15,NE,0.0,0
00-0032104,Ameer Abdullah,RB,LV,2023,15,LAC,4.5,2
00-0032141,Geoff Swaim,TE,ARI,2023,15,SF,2.6,1
00-0032156,Trevor Siemian,QB,NYJ,2023,15,MIA,-1.6,0
00-0032211,Tyler Lockett,WR,SEA,2023,15,PHI,2.1,3
00-0032392,Austin Hooper,TE,LV,2023,15,LAC,0.0,0
00-0032398,Chris Moore,WR,TEN,2023,15,HOU,3.9,3
00-0032464,Kalif Raymond,WR,DET,2023,15,DEN,1.2,1
00-0032543,Alex Erickson,WR,LAC,2023,15,LV,7.3,1
00-0032764,Derrick Henry,RB,TEN,2023,15,HOU,1.0,4
00-0032775,Demarcus Robinson,WR,LA,2023,15,WAS,12.7,2
00-0032975,Jonathan Williams,RB,WAS,2023,15,LA,-0.2,0
00-0033009,Tyler Boyd,WR,CIN,2023,15,MIN,5.3,2
00-0033045,Ezekiel Elliott,RB,NE,2023,15,KC,4.6,5
00-0033077,Dak Prescott,QB,DAL,2023,15,BUF,6.06,0
00-0033090,Hunter Henry,TE,NE,2023,15,KC,12.6,7
00-0033106,Jared Goff,QB,DET,2023,15,DEN,31.12,0
00-0033110,Tyler Higbee,TE,LA,2023,15,WAS,3.6,4
00-0033118,Kenyan Drake,RB,GB,2023,15,TB,0.0,0
00-0033119,Jacoby Brissett,QB,WAS,2023,15,LA,13.86,0
00-0033217,Mo Alie-Cox,TE,IND,2023,15,PIT,8.1,2
00-0033246,Johnny Mundt,TE,MIN,2023,15,CIN,0.3,1
00-0033251,Zach Pascal,WR,ARI,2023,15,SF,0.0,0
00-0033280,Christian McCaffrey,RB,SF,2023,15,ARI,36.7,5
00-0033282,Curtis Samuel,WR,WAS,2023,15,LA,16.1,5
00-0033288,George Kittle,TE,SF,2023,15,ARI,5.4,2
00-0033293,Aaron Jones,RB,GB,2023,15,TB,6.9,4
00-0033308,Matt Breida,RB,NYG,2023,15,NO,2.1,2
00-0033319,Nick Mullens,QB,MIN,2023,15,CIN,17.12,0
00-0033357,Taysom Hill,TE,NO,2023,15,NYG,0.5,1
00-0033439,Pharaoh Brown,TE,NE,2023,15,KC,0.4,1
00-0033526,Samaje Perine,RB,DEN,2023,15,DET,4.8,1
00-0033553,James Conner,RB,ARI,2023,15,SF,14.9,3
00-0033572,Jamal Agnew,WR,JAX,2023,15,BAL,13.0,2
00-0033589,David Moore,WR,TB,2023,15,GB,12.8,2
00-0033591,Noah Brown,WR,HOU,2023,15,TEN,14.2,8
00-0033699,Austin Ekeler,RB,LAC,2023,15,LV,3.8,4
00-0033757,Robert Tonyan,TE,CHI,2023,15,CLE,0.0,0
00-0033854,Dare Ogunbowale,RB,HOU,2023,15,TEN,1.7,0
00-0033858,Jonnu Smith,TE,ATL,2023,15,CAR,6.1,2
00-0033869,Mitchell Trubisky,QB,PIT,2023,15,IND,12.86,0
00-0033873,Patrick Mahomes,QB,KC,2023,15,NE,15.7,0
00-0033881,Evan Engram,TE,JAX,2023,15,BAL,2.8,4
00-0033885,David Njoku,TE,CLE,2023,15,CHI,16.4,10
00-0033891,Zay Jones,WR,JAX,2023,15,BAL,5.9,5
00-0033893,Dalvin Cook,RB,NYJ,2023,15,MIA,1.0,1
00-0033895,Gerald Everett,TE,LAC,2023,15,LV,4.1,5
00-0033897,Joe Mixon,RB,CIN,2023,15,MIN,12.1,3
00-0033906,Alvin Kamara,RB,NO,2023,15,NYG,11.0,5
00-0033908,Cooper Kupp,WR,LA,2023,15,WAS,17.1,8
00-0033921,Chris Godwin,WR,TB,2023,15,GB,15.5,10
00-0033923,Kareem Hunt,RB,CLE,2023,15,CHI,2.0,1
00-0033925,D'Onta Foreman,RB,CHI,2023,15,CLE,-0.6,0
00-0033943,Josh Reynolds,WR,DET,2023,15,DEN,4.1,2
00-0033948,Jamaal Williams,RB,NO,2023,15,NYG,2.6,1
00-0034115,Jeff Wilson,RB,MIA,2023,15,NYJ,0.6,1
00-0034159,Will Dissly,TE,SEA,2023,15,PHI,0.9,2
00-0034184,Gus Edwards,RB,BAL,2023,15,JAX,12.9,1
00-0034270,Tyler Conklin,TE,NYJ,2023,15,MIA,1.8,4
00-0034272,Marquez Valdes-Scantling,WR,KC,2023,15,NE,1.7,1
00-0034286,Richie James,WR,KC,2023,15,NE,1.7,1
00-0034297,Byron Pringle,WR,WAS,2023,15,LA,0.5,1
00-0034317,Keith Kirkwood,WR,NO,2023,15,NYG,6.7,1
00-0034348,Courtland Sutton,WR,DEN,2023,15,DET,7.1,5
00-0034351,Dallas Goedert,TE,PHI,2023,15,SEA,3.1,4
00-0034364,Jordan Akins,TE,CLE,2023,15,CHI,0.8,1
00-0034383,Dalton Schultz,TE,HOU,2023,15,TEN,5.8,4
00-0034386,Justin Watson,WR,KC,2023,15,NE,3.1,1
00-0034401,Mike White,QB,MIA,2023,15,NYJ,-0.04,0
00-0034418,Cedrick Wilson Jr.,WR,MIA,2023,15,NYJ,0.2,2
00-0034419,Braxton Berrios,WR,MIA,2023,15,NYJ,1.2,1
00-0034521,Allen Lazard,WR,NYJ,2023,15,MIA,2.1,3
00-0034577,Kyle Allen,QB,BUF,2023,15,DAL,-0.2,0
00-0034613,Tanner Hudson,TE,CIN,2023,15,MIN,4.9,5
00-0034681,Chase Edmonds,RB,TB,2023,15,GB,1.3,0
00-0034764,Michael Gallup,WR,DAL,2023,15,BUF,0.9,1
00-0034771,Mason Rudolph,QB,PIT,2023,15,IND,0.12,0
00-0034777,DJ Chark,WR,CAR,2023,15,ATL,1.8,1
00-0034796,Lamar Jackson,QB,BAL,2023,15,JAX,18.54,0
00-0034798,Durham Smythe,TE,MIA,2023,15,NYJ,3.2,4
00-0034827,DJ Moore,WR,CHI,2023,15,CLE,5.2,4
00-0034829,Mike Gesicki,TE,NE,2023,15,KC,0.7,1
00-0034837,Calvin Ridley,WR,JAX,2023,15,BAL,3.9,5
00-0034838,Royce Freeman,RB,LA,2023,15,WAS,1.6,0
00-0034844,Saquon Barkley,RB,NYG,2023,15,NO,3.7,2
00-0034854,KhaDarel Hodge,WR,ATL,2023,15,CAR,1.0,1
00-0034855,Baker Mayfield,QB,TB,2023,15,GB,29.04,0
00-0034857,Josh Allen,QB,BUF,2023,15,DAL,16.16,0
00-0034869,Sam Darnold,QB,SF,2023,15,ARI,0.6,0
00-0034928,Steven Sims,WR,HOU,2023,15,TEN,0.1,1
00-0034960,Jakobi Meyers,WR,LV,2023,15,LAC,13.68,2
00-0034970,Irv Smith,TE,CIN,2023,15,MIN,1.8,2
00-0034975,Justice Hill,RB,BAL,2023,15,JAX,2.3,0
00-0034981,Foster Moreau,TE,NO,2023,15,NYG,1.3,3
00-0034983,Hunter Renfrow,WR,LV,2023,15,LAC,0.0,0
00-0035045,D.J. Montgomery,WR,IND,2023,15,PIT,10.8,2
00-0035100,Jake Browning,QB,CIN,2023,15,MIN,18.96,0
00-0035216,Diontae Johnson,WR,PIT,2023,15,IND,12.2,4
00-0035228,Kyler Murray,QB,ARI,2023,15,SF,13.34,0
00-0035229,T.J. Hockenson,TE,MIN,2023,15,CIN,6.3,6
00-0035243,Miles Sanders,RB,CAR,2023,15,ATL,1.3,2
00-0035249,Josh Oliver,TE,MIN,2023,15,CIN,1.4,2
00-0035250,Devin Singletary,RB,HOU,2023,15,TEN,17.0,4
00-0035261,Tony Pollard,RB,DAL,2023,15,BUF,5.7,2
00-0035282,Easton Stick,QB,LAC,2023,15,LV,17.38,0
00-0035289,Gardner Minshew,QB,IND,2023,15,PIT,20.6,0
00-0035291,Trayveon Williams,RB,CIN,2023,15,MIN,1.2,1
00-0035406,Lil'Jordan Humphrey,WR,DEN,2023,15,DET,7.6,3
00-0035414,Jalen Guyton,WR,LAC,2023,15,LV,1.9,2
00-0035500,Greg Dortch,WR,ARI,2023,15,SF,2.0,2
00-0035535,Darius Slayton,WR,NYG,2023,15,NO,6.3,4
00-0035537,Ty Johnson,RB,BUF,2023,15,DAL,5.8,1
00-0035628,D'Ernest Johnson,RB,JAX,2023,15,BAL,0.5,0
00-0035631,Drew Sample,TE,CIN,2023,15,MIN,0.0,0
00-0035640,DK Metcalf,WR,SEA,2023,15,PHI,7.8,5
00-0035644,Noah Fant,TE,SEA,2023,15,PHI,1.6,3
00-0035659,Terry McLaurin,WR,WAS,2023,15,LA,20.1,6
00-0035676,A.J. Brown,WR,PHI,2023,15,SEA,5.6,5
00-0035685,David Montgomery,RB,DET,2023,15,DEN,8.2,2
00-0035704,Drew Lock,QB,SEA,2023,15,PHI,12.12,0
00-0035719,Deebo Samuel Sr.,WR,SF,2023,15,ARI,17.9,4
00-0035771,Mitchell Wilcox,TE,CIN,2023,15,MIN,2.0,2
00-0035973,Patrick Taylor,RB,GB,2023,15,TB,0.2,2
00-0036040,Juwan Johnson,TE,NO,2023,15,NYG,9.8,2
00-0036139,Rico Dowdle,RB,DAL,2023,15,BUF,1.2,2
00-0036145,Lawrence Cager,TE,NYG,2023,15,NO,0.9,1
00-0036165,Isaiah Hodgins,WR,NYG,2023,15,NO,0.0,0
00-0036182,Nick Westbrook-Ikhine,WR,TEN,2023,15,HOU,3.3,1
00-0036196,Gabe Davis,WR,BUF,2023,15,DAL,0.0,0
00-0036212,Tua Tagovailoa,QB,MIA,2023,15,NYJ,12.96,0
00-0036232,Harrison Bryant,TE,CLE,2023,15,CHI,0.0,0
00-0036233,Donovan Peoples-Jones,WR,DET,2023,15,DEN,0.5,1
00-0036244,Colby Parkinson,TE,SEA,2023,15,PHI,0.6,1
00-0036251,Zack Moss,RB,IND,2023,15,PIT,9.3,3
00-0036252,Michael Pittman,WR,IND,2023,15,PIT,7.8,4
00-0036259,Jauan Jennings,WR,SF,2023,15,ARI,2.5,2
00-0036261,Brandon Aiyuk,WR,SF,2023,15,ARI,3.7,3
00-0036264,Jordan Love,QB,GB,2023,15,TB,17.46,0
00-0036271,Quez Watkins,WR,PHI,2023,15,SEA,0.0,0
00-0036275,D'Andre Swift,RB,PHI,2023,15,SEA,7.5,2
00-0036290,Cole Kmet,TE,CHI,2023,15,CLE,8.3,5
00-0036309,Darnell Mooney,WR,CHI,2023,15,CLE,1.4,2
00-0036322,Justin Jefferson,WR,MIN,2023,15,CIN,8.4,7
00-0036326,Chase Claypool,WR,MIA,2023,15,NYJ,0.8,2
00-0036328,Antonio Gibson,RB,WAS,2023,15,LA,3.5,5
00-0036345,K.J. Osborn,WR,MIN,2023,15,CIN,0.3,1
00-0036358,CeeDee Lamb,WR,DAL,2023,15,BUF,11.6,7
00-0036360,Clyde Edwards-Helaire,RB,KC,2023,15,NE,16.1,4
00-0036364,Lynn Bowden,WR,NO,2023,15,NYG,3.1,3
00-0036370,Joshua Kelley,RB,LAC,2023,15,LV,0.8,1
00-0036387,Jalen Reagor,WR,NE,2023,15,KC,0.0,0
00-0036389,Jalen Hurts,QB,PHI,2023,15,SEA,21.92,0
00-0036407,Jerry Jeudy,WR,DEN,2023,15,DET,7.4,3
00-0036410,Tee Higgins,WR,CIN,2023,15,MIN,18.1,4
00-0036415,Van Jefferson,WR,ATL,2023,15,CAR,0.0,0
00-0036422,Adam Trautman,TE,DEN,2023,15,DET,2.4,1
00-0036438,Stephen Sullivan,TE,CAR,2023,15,ATL,1.4,1
00-0036550,Rashod Bateman,WR,BAL,2023,15,JAX,3.9,3
00-0036555,Chuba Hubbard,RB,CAR,2023,15,ATL,10.3,2
00-0036556,Brevin Jordan,TE,HOU,2023,15,TEN,1.4,1
00-0036613,Jaylen Waddle,WR,MIA,2023,15,NYJ,20.2,8
00-0036626,Dyami Brown,WR,WAS,2023,15,LA,0.0,0
00-0036628,John Bates,TE,WAS,2023,15,LA,0.0,0
00-0036635,Ihmir Smith-Marsette,WR,CAR,2023,15,ATL,3.2,2
00-0036637,Noah Gray,TE,KC,2023,15,NE,3.7,2
00-0036842,Kene Nwangwu,RB,MIN,2023,15,CIN,0.1,0
00-0036876,Kylen Granson,TE,IND,2023,15,PIT,0.6,1
00-0036887,Luke Farrell,TE,JAX,2023,15,BAL,2.8,1
00-0036893,Najee Harris,RB,PIT,2023,15,IND,1.3,0
00-0036894,Pat Freiermuth,TE,PIT,2023,15,IND,1.6,3
00-0036898,Davis Mills,QB,HOU,2023,15,TEN,0.0,0
00-0036900,Ja'Marr Chase,WR,CIN,2023,15,MIN,6.4,4
00-0036906,Khalil Herbert,RB,CHI,2023,15,CLE,1.2,1
00-0036912,DeVonta Smith,WR,PHI,2023,15,SEA,5.0,5
00-0036913,Kadarius Toney,WR,KC,2023,15,NE,0.5,2
00-0036919,Kenneth Gainwell,RB,PHI,2023,15,SEA,2.1,0
00-0036924,Michael Carter,RB,ARI,2023,15,SF,3.7,3
00-0036936,Rondale Moore,WR,ARI,2023,15,SF,0.8,2
00-0036945,Justin Fields,QB,CHI,2023,15,CLE,9.64,0
00-0036963,Amon-Ra St. Brown,WR,DET,2023,15,DEN,17.2,7
00-0036970,Kyle Pitts,TE,ATL,2023,15,CAR,3.7,3
00-0036971,Trevor Lawrence,QB,JAX,2023,15,BAL,14.66,0
00-0036973,Travis Etienne,RB,JAX,2023,15,BAL,5.9,4
00-0036980,Elijah Moore,WR,CLE,2023,15,CHI,1.7,2
00-0036984,Trey Sermon,RB,IND,2023,15,PIT,8.8,0
00-0036988,Josh Palmer,WR,LAC,2023,15,LV,17.3,4
00-0036997,Javonte Williams,RB,DEN,2023,15,DET,2.0,2
00-0037005,Tommy Tremble,TE,CAR,2023,15,ATL,3.2,2
00-0037013,Zach Wilson,QB,NYJ,2023,15,MIA,-0.96,0
00-0037077,Sam Howell,QB,WAS,2023,15,LA,8.28,0
00-0037091,Bo Melton,WR,GB,2023,15,TB,0.7,1
00-0037120,Tyler Goodson,RB,IND,2023,15,PIT,7.9,2
00-0037228,Jaylen Warren,RB,PIT,2023,15,IND,6.8,5
00-0037238,Drake London,WR,ATL,2023,15,CAR,2.4,2
00-0037240,Jameson Williams,WR,DET,2023,15,DEN,4.7,4
00-0037247,George Pickens,WR,PIT,2023,15,IND,4.7,3
00-0037248,James Cook,RB,BUF,2023,15,DAL,34.1,2
00-0037256,Rachaad White,RB,TB,2023,15,GB,19.9,2
00-0037258,Dameon Pierce,RB,HOU,2023,15,TEN,0.3,0
00-0037261,Khalil Shakir,WR,BUF,2023,15,DAL,0.0,0
00-0037263,Tyler Allgeier,RB,ATL,2023,15,CAR,5.1,1
00-0037267,Jerome Ford,RB,CLE,2023,15,CHI,3.1,4
00-0037276,Ty Chandler,RB,MIN,2023,15,CIN,21.7,3
00-0037286,Kevin Harris,RB,NE,2023,15,KC,8.5,0
00-0037292,Andrew Ogletree,TE,IND,2023,15,PIT,0.0,0
00-0037311,Ko Kieft,TE,TB,2023,15,GB,6.2,1
00-0037382,Brandon Johnson,WR,DEN,2023,15,DET,0.0,0
00-0037475,Stone Smartt,TE,LAC,2023,15,LV,1.5,3
00-0037487,Deven Thompkins,WR,TB,2023,15,GB,-0.1,0
00-0037525,Jordan Mason,RB,SF,2023,15,ARI,2.0,0
00-0037539,Lucas Krull,TE,DEN,2023,15,DET,1.8,1
00-0037545,Rashid Shaheed,WR,NO,2023,15,NYG,3.6,3
00-0037569,Peyton Hendershot,TE,DAL,2023,15,BUF,0.5,1
00-0037614,John Metchie III,WR,HOU,2023,15,TEN,0.1,1
00-0037654,Tucker Fisk,TE,ATL,2023,15,CAR,0.9,1
00-0037664,Alec Pierce,WR,IND,2023,15,PIT,1.3,1
00-0037740,Garrett Wilson,WR,NYJ,2023,15,MIA,2.9,3
00-0037741,Jahan Dotson,WR,WAS,2023,15,LA,1.2,1
00-0037742,Treylon Burks,WR,TEN,2023,15,HOU,6.4,3
00-0037744,Trey McBride,TE,ARI,2023,15,SF,10.2,10
00-0037745,Velus Jones Jr.,RB,CHI,2023,15,CLE,2.3,0
00-0037805,Jeremy Ruckert,TE,NYJ,2023,15,MIA,1.6,2
00-0037809,Chig Okonkwo,TE,TEN,2023,15,HOU,3.6,3
00-0037816,Romeo Doubs,WR,GB,2023,15,TB,3.0,3
00-0037834,Brock Purdy,QB,SF,2023,15,ARI,25.68,0
00-0037838,Isaiah Likely,TE,BAL,2023,15,JAX,13.0,5
00-0037840,Kyren Williams,RB,LA,2023,15,WAS,19.5,5
00-0038040,Zamir White,RB,LV,2023,15,LAC,14.5,3
00-0038041,Jake Ferguson,TE,DAL,2023,15,BUF,4.4,6
00-0038045,Isaiah Spiller,RB,LAC,2023,15,LV,5.0,0
00-0038046,Charlie Kolar,TE,BAL,2023,15,JAX,1.5,1
00-0038098,Pierre Strong,RB,CLE,2023,15,CHI,1.1,2
00-0038104,Tyquan Thornton,WR,NE,2023,15,KC,0.5,1
00-0038108,Bailey Zappe,QB,NE,2023,15,KC,9.4,0
00-0038115,Daniel Bellinger,TE,NYG,2023,15,NO,1.3,2
00-0038117,Wan'Dale Robinson,WR,NYG,2023,15,NO,2.5,4
00-0038120,Breece Hall,RB,NYJ,2023,15,MIA,1.8,1
00-0038122,Desmond Ridder,QB,ATL,2023,15,CAR,7.88,0
00-0038129,Cade Otton,TE,TB,2023,15,GB,4.4,2
00-0038134,Kenneth Walker III,RB,SEA,2023,15,PHI,17.2,3
00-0038389,Israel Abanikanda,RB,NYJ,2023,15,MIA,1.9,2
00-0038393,Dontayvion Wicks,WR,GB,2023,15,TB,9.7,6
00-0038396,Eric Gray,RB,NYG,2023,15,NO,0.6,3
00-0038454,Keaton Mitchell,RB,BAL,2023,15,JAX,8.8,2
00-0038465,Malik Heath,WR,GB,2023,15,TB,2.9,3
00-0038476,Tommy DeVito,QB,NYG,2023,15,NO,10.68,0
00-0038496,Xavier Gipson,WR,NYJ,2023,15,MIA,2.9,2
00-0038542,Bijan Robinson,RB,ATL,2023,15,CAR,-0.6,1
00-0038543,Jaxon Smith-Njigba,WR,SEA,2023,15,PHI,10.8,4
00-0038544,Quentin Johnston,WR,LAC,2023,15,LV,8.3,2
00-0038555,Tank Bigsby,RB,JAX,2023,15,BAL,-0.2,0
00-0038559,Michael Wilson,WR,ARI,2023,15,SF,0.0,0
00-0038563,Tre Tucker,WR,LV,2023,15,LAC,17.7,3
00-0038573,Derius Davis,WR,LAC,2023,15,LV,-0.2,1
00-0038576,Charlie Jones,WR,CIN,2023,15,MIN,1.0,2
00-0038579,Aidan O'Connell,QB,LV,2023,15,LAC,25.92,0
00-0038582,Clayton Tune,QB,ARI,2023,15,SF,0.0,0
00-0038583,Dorian Thompson-Robinson,QB,CLE,2023,15,CHI,0.2,0
00-0038597,Chase Brown,RB,CIN,2023,15,MIN,5.1,3
00-0038606,Parker Washington,WR,JAX,2023,15,BAL,1.2,4
00-0038611,Chris Rodriguez Jr.,RB,WAS,2023,15,LA,3.5,0
00-0038612,A.T. Perry,WR,NO,2023,15,NYG,3.4,2
00-0038618,Xavier Hutchinson,WR,HOU,2023,15,TEN,0.5,0
00-0038619,Andrei Iosivas,WR,CIN,2023,15,MIN,0.5,1
00-0038621,Demario Douglas,WR,NE,2023,15,KC,3.3,3
00-0038647,Ronnie Bell,WR,SF,2023,15,ARI,0.0,0
00-0038667,Elijah Cooks,WR,JAX,2023,15,BAL,0.0,0
00-0038705,Emari Demercado,RB,ARI,2023,15,SF,13.0,1
00-0038752,Jake Bobo,WR,SEA,2023,15,PHI,0.4,1
00-0038794,Jaleel McLaughlin,RB,DEN,2023,15,DET,1.8,2
00-0038809,Ben Sims,TE,GB,2023,15,TB,0.0,0
00-0038933,Dalton Kincaid,TE,BUF,2023,15,DAL,0.0,0
00-0038938,Jalin Hyatt,WR,NYG,2023,15,NO,0.0,0
00-0038941,Tyler Scott,WR,CHI,2023,15,CLE,4.6,3
00-0038976,Marvin Mims Jr.,WR,DEN,2023,15,DET,1.1,0
00-0038979,Cedric Tillman,WR,CLE,2023,15,CHI,5.2,4
00-0038994,Jordan Addison,WR,MIN,2023,15,CIN,23.1,6
00-0038996,Tucker Kraft,TE,GB,2023,15,TB,11.7,4
00-0038997,Josh Downs,WR,IND,2023,15,PIT,1.9,3
00-0039021,Roschon Johnson,RB,CHI,2023,15,CLE,6.0,4
00-0039032,Tyjae Spears,RB,TEN,2023,15,HOU,3.7,1
00-0039040,De'Von Achane,RB,MIA,2023,15,NYJ,6.2,3
00-0039041,Elijah Higgins,TE,ARI,2023,15,SF,10.4,4
00-0039052,Trey Palmer,WR,TB,2023,15,GB,0.5,1
00-0039062,Jonathan Mingo,WR,CAR,2023,15,ATL,3.2,4
00-0039064,Zay Flowers,WR,BAL,2023,15,JAX,0.7,1
00-0039065,Sam LaPorta,TE,DET,2023,15,DEN,23.6,5
00-0039066,Michael Mayer,TE,LV,2023,15,LAC,9.9,4
00-0039067,Rashee Rice,WR,KC,2023,15,NE,15.1,9
00-0039074,Davis Allen,TE,LA,2023,15,WAS,1.4,1
00-0039075,Puka Nacua,WR,LA,2023,15,WAS,5.3,5
00-0039139,Jahmyr Gibbs,RB,DET,2023,15,DEN,22.8,2
00-0039146,Jayden Reed,WR,GB,2023,15,TB,11.2,6
00-0039150,Bryce Young,QB,CAR,2023,15,ATL,7.58,0
00-0039152,Will Levis,QB,TEN,2023,15,HOU,14.46,0
00-0039165,Zach Charbonnet,RB,SEA,2023,15,PHI,1.6,0
00-0024243,Marcedes Lewis,TE,CHI,2023,16,ARI,6.1,1
00-0026158,Joe Flacco,QB,CLE,2023,16,HOU,24.82,0
00-0026498,Matthew Stafford,QB,LA,2023,16,NO,20.72,0
00-0027944,Julio Jones,WR,PHI,2023,16,NYG,0.5,1
00-0028118,Tyrod Taylor,QB,NYG,2023,16,PHI,9.42,0
00-0028986,Case Keenum,QB,HOU,2023,16,CLE,-1.52,0
00-0029239,Brandon Bolden,RB,LV,2023,16,KC,2.0,0
00-0029263,Russell Wilson,QB,DEN,2023,16,NE,23.52,0
00-0029701,Ryan Tannehill,QB,TEN,2023,16,SEA,9.78,0
00-0030035,Adam Thielen,WR,CAR,2023,16,GB,9.4,6
00-0030068,Marquise Goodwin,WR,CLE,2023,16,HOU,0.0,0
00-0030431,Robert Woods,WR,HOU,2023,16,CLE,2.1,2
00-0030506,Travis Kelce,TE,KC,2023,16,LV,4.4,5
00-0030564,DeAndre Hopkins,WR,TEN,2023,16,SEA,2.0,2
00-0030565,Geno Smith,QB,SEA,2023,16,TEN,17.28,0
00-0030578,Cordarrelle Patterson,RB,ATL,2023,16,IND,3.3,2
00-0030663,Willie Snead,WR,SF,2023,16,BAL,0.5,1
00-0031235,Odell Beckham,WR,BAL,2023,16,SF,1.3,2
00-0031236,Brandin Cooks,WR,DAL,2023,16,MIA,8.3,2
00-0031260,Logan Thomas,TE,WAS,2023,16,NYJ,9.6,5
00-0031280,Derek Carr,QB,NO,2023,16,LA,24.96,0
00-0031381,Davante Adams,WR,LV,2023,16,KC,0.4,1
00-0031408,Mike Evans,WR,TB,2023,16,JAX,20.6,7
00-0031428,Allen Robinson,WR,PIT,2023,16,CIN,3.6,4
00-0031544,Amari Cooper,WR,CLE,2023,16,HOU,40.5,11
00-0031547,DeVante Parker,WR,NE,2023,16,DEN,6.5,4
00-0031549,Nelson Agholor,WR,BAL,2023,16,SF,7.0,3
00-0031588,Stefon Diggs,WR,BUF,2023,16,LAC,2.9,5
00-0031610,Darren Waller,TE,NYG,2023,16,PHI,3.2,2
00-0031687,Raheem Mostert,RB,MIA,2023,16,DAL,11.0,1
00-0031800,Taylor Heinicke,QB,ATL,2023,16,IND,14.16,0
00-0031941,Jamison Crowder,WR,WAS,2023,16,NYJ,0.0,0
00-0032062,Blake Bell,TE,KC,2023,16,LV,0.4,1
00-0032104,Ameer Abdullah,RB,LV,2023,16,KC,1.2,1
00-0032156,Trevor Siemian,QB,NYJ,2023,16,WAS,10.48,0
00-0032211,Tyler Lockett,WR,SEA,2023,16,TEN,8.1,8
00-0032392,Austin Hooper,TE,LV,2023,16,KC,1.3,2
00-0032398,Chris Moore,WR,TEN,2023,16,SEA,0.9,1
00-0032464,Kalif Raymond,WR,DET,2023,16,MIN,3.7,2
00-0032543,Alex Erickson,WR,LAC,2023,16,BUF,3.1,2
00-0032688,Robbie Chosen,WR,MIA,2023,16,DAL,1.9,1
00-0032764,Derrick Henry,RB,TEN,2023,16,SEA,20.38,1
00-0032775,Demarcus Robinson,WR,LA,2023,16,NO,14.2,6
00-0033009,Tyler Boyd,WR,CIN,2023,16,PIT,5.9,5
00-0033040,Tyreek Hill,WR,MIA,2023,16,DAL,9.9,9
00-0033045,Ezekiel Elliott,RB,NE,2023,16,DEN,12.0,9
00-0033077,Dak Prescott,QB,DAL,2023,16,MIA,18.62,0
00-0033106,Jared Goff,QB,DET,2023,16,MIN,14.28,0
00-0033110,Tyler Higbee,TE,LA,2023,16,NO,3.0,3
00-0033119,Jacoby Brissett,QB,WAS,2023,16,NYJ,9.0,0
00-0033217,Mo Alie-Cox,TE,IND,2023,16,ATL,0.0,0
00-0033246,Johnny Mundt,TE,MIN,2023,16,DET,2.3,1
00-0033280,Christian McCaffrey,RB,SF,2023,16,BAL,19.1,6
00-0033282,Curtis Samuel,WR,WAS,2023,16,NYJ,2.0,1
00-0033288,George Kittle,TE,SF,2023,16,BAL,12.6,7
00-0033293,Aaron Jones,RB,GB,2023,16,CAR,13.5,1
00-0033308,Matt Breida,RB,NYG,2023,16,PHI,0.3,1
00-0033319,Nick Mullens,QB,MIN,2023,16,DET,16.54,0
00-0033357,Taysom Hill,TE,NO,2023,16,LA,0.2,0
00-0033439,Pharaoh Brown,TE,NE,2023,16,DEN,2.5,2
00-0033526,Samaje Perine,RB,DEN,2023,16,NE,2.9,4
00-0033553,James Conner,RB,ARI,2023,16,CHI,17.2,5
00-0033572,Jamal Agnew,WR,JAX,2023,16,TB,1.2,1
00-0033589,David Moore,WR,TB,2023,16,JAX,0.7,1
00-0033591,Noah Brown,WR,HOU,2023,16,CLE,3.8,3
00-0033699,Austin Ekeler,RB,LAC,2023,16,BUF,8.6,3
00-0033757,Robert Tonyan,TE,CHI,2023,16,ARI,1.4,1
00-0033854,Dare Ogunbowale,RB,HOU,2023,16,CLE,0.6,0
00-0033856,Leonard Fournette,RB,BUF,2023,16,LAC,2.0,0
00-0033858,Jonnu Smith,TE,ATL,2023,16,IND,3.2,4
00-0033873,Patrick Mahomes,QB,KC,2023,16,LV,16.7,0
00-0033881,Evan Engram,TE,JAX,2023,16,TB,7.5,10
00-0033885,David Njoku,TE,CLE,2023,16,HOU,10.4,6
00-0033895,Gerald Everett,TE,LAC,2023,16,BUF,4.2,7
00-0033897,Joe Mixon,RB,CIN,2023,16,PIT,7.0,2
00-0033906,Alvin Kamara,RB,NO,2023,16,LA,3.5,5
00-0033908,Cooper Kupp,WR,LA,2023,16,NO,4.9,6
00-0033921,Chris Godwin,WR,TB,2023,16,JAX,7.9,6
00-0033923,Kareem Hunt,RB,CLE,2023,16,HOU,7.6,2
00-0033936,C.J. Beathard,QB,JAX,2023,16,TB,8.36,0
00-0033943,Josh Reynolds,WR,DET,2023,16,MIN,1.6,1
00-0033948,Jamaal Williams,RB,NO,2023,16,LA,1.3,1
00-0034115,Jeff Wilson,RB,MIA,2023,16,DAL,2.5,1
00-0034159,Will Dissly,TE,SEA,2023,16,TEN,0.6,1
00-0034184,Gus Edwards,RB,BAL,2023,16,SF,13.0,1
00-0034270,Tyler Conklin,TE,NYJ,2023,16,WAS,3.6,4
00-0034272,Marquez Valdes-Scantling,WR,KC,2023,16,LV,0.0,0
00-0034286,Richie James,WR,KC,2023,16,LV,5.4,3
00-0034297,Byron Pringle,WR,WAS,2023,16,NYJ,0.0,0
00-0034317,Keith Kirkwood,WR,NO,2023,16,LA,0.9,1
00-0034348,Courtland Sutton,WR,DEN,2023,16,NE,0.0,0
00-0034351,Dallas Goedert,TE,PHI,2023,16,NYG,7.1,7
00-0034364,Jordan Akins,TE,CLE,2023,16,HOU,1.8,2
00-0034383,Dalton Schultz,TE,HOU,2023,16,CLE,6.1,8
00-0034386,Justin Watson,WR,KC,2023,16,LV,9.8,4
00-0034414,Boston Scott,RB,PHI,2023,16,NYG,0.3,0
00-0034418,Cedrick Wilson Jr.,WR,MIA,2023,16,DAL,4.2,3
00-0034521,Allen Lazard,WR,NYJ,2023,16,WAS,0.0,0
00-0034613,Tanner Hudson,TE,CIN,2023,16,PIT,0.5,1
00-0034646,Brandon Powell,WR,MIN,2023,16,DET,5.3,3
00-0034681,Chase Edmonds,RB,TB,2023,16,JAX,2.5,0
00-0034764,Michael Gallup,WR,DAL,2023,16,MIA,0.4,2
00-0034771,Mason Rudolph,QB,PIT,2023,16,CIN,20.0,0
00-0034777,DJ Chark,WR,CAR,2023,16,GB,21.8,6
00-0034796,Lamar Jackson,QB,BAL,2023,16,SF,22.58,0
00-0034798,Durham Smythe,TE,MIA,2023,16,DAL,5.6,5
00-0034827,DJ Moore,WR,CHI,2023,16,ARI,1.8,3
00-0034829,Mike Gesicki,TE,NE,2023,16,DEN,7.5,2
00-0034837,Calvin Ridley,WR,JAX,2023,16,TB,19.8,6
00-0034844,Saquon Barkley,RB,NYG,2023,16,PHI,16.4,3
00-0034854,KhaDarel Hodge,WR,ATL,2023,16,IND,0.5,1
00-0034855,Baker Mayfield,QB,TB,2023,16,JAX,19.82,0
00-0034857,Josh Allen,QB,BUF,2023,16,LAC,24.98,0
00-0034869,Sam Darnold,QB,SF,2023,16,BAL,6.14,0
00-0034960,Jakobi Meyers,WR,LV,2023,16,KC,4.2,3
00-0034972,Alexander Mattison,RB,MIN,2023,16,DET,-0.1,0
00-0034975,Justice Hill,RB,BAL,2023,16,SF,5.7,3
00-0034981,Foster Moreau,TE,NO,2023,16,LA,1.3,1
00-0034983,Hunter Renfrow,WR,LV,2023,16,KC,0.0,0
00-0035045,D.J. Montgomery,WR,IND,2023,16,ATL,0.8,1
00-0035100,Jake Browning,QB,CIN,2023,16,PIT,13.4,0
00-0035208,Olamide Zaccheaus,WR,PHI,2023,16,NYG,0.0,0
00-0035216,Diontae Johnson,WR,PIT,2023,16,CIN,1.5,2
00-0035228,Kyler Murray,QB,ARI,2023,16,CHI,20.4,0
00-0035229,T.J. Hockenson,TE,MIN,2023,16,DET,5.8,4
00-0035243,Miles Sanders,RB,CAR,2023,16,GB,0.8,1
00-0035249,Josh Oliver,TE,MIN,2023,16,DET,3.3,1
00-0035250,Devin Singletary,RB,HOU,2023,16,CLE,6.3,3
00-0035261,Tony Pollard,RB,DAL,2023,16,MIA,4.3,1
00-0035282,Easton Stick,QB,LAC,2023,16,BUF,17.1,0
00-0035289,Gardner Minshew,QB,IND,2023,16,ATL,9.14,0
00-0035298,Scott Miller,WR,ATL,2023,16,IND,1.5,1
00-0035341,Trenton Irwin,WR,CIN,2023,16,PIT,3.7,4
00-0035414,Jalen Guyton,WR,LAC,2023,16,BUF,1.2,1
00-0035500,Greg Dortch,WR,ARI,2023,16,CHI,10.5,2
00-0035535,Darius Slayton,WR,NYG,2023,16,PHI,15.0,3
00-0035628,D'Ernest Johnson,RB,JAX,2023,16,TB,0.2,0
00-0035631,Drew Sample,TE,CIN,2023,16,PIT,3.8,3
00-0035640,DK Metcalf,WR,SEA,2023,16,TEN,11.6,4
00-0035659,Terry McLaurin,WR,WAS,2023,16,NYJ,5.0,3
00-0035676,A.J. Brown,WR,PHI,2023,16,NYG,8.0,6
00-0035685,David Montgomery,RB,DET,2023,16,MIN,12.9,2
00-0035689,Dawson Knox,TE,BUF,2023,16,LAC,2.6,2
00-0035703,Miles Boykin,WR,PIT,2023,16,CIN,0.6,1
00-0035719,Deebo Samuel Sr.,WR,SF,2023,16,BAL,5.4,4
00-0035771,Mitchell Wilcox,TE,CIN,2023,16,PIT,0.6,1
00-0035973,Patrick Taylor,RB,GB,2023,16,CAR,0.3,1
00-0036040,Juwan Johnson,TE,NO,2023,16,LA,10.8,4
00-0036139,Rico Dowdle,RB,DAL,2023,16,MIA,0.4,0
00-0036176,Mason Kinsey,WR,TEN,2023,16,SEA,0.6,1
00-0036196,Gabe Davis,WR,BUF,2023,16,LAC,19.0,4
00-0036212,Tua Tagovailoa,QB,MIA,2023,16,DAL,15.52,0
00-0036223,Jonathan Taylor,RB,IND,2023,16,ATL,10.3,0
00-0036232,Harrison Bryant,TE,CLE,2023,16,HOU,0.6,1
00-0036233,Donovan Peoples-Jones,WR,DET,2023,16,MIN,1.1,1
00-0036244,Colby Parkinson,TE,SEA,2023,16,TEN,7.7,3
00-0036261,Brandon Aiyuk,WR,SF,2023,16,BAL,11.3,6
00-0036264,Jordan Love,QB,GB,2023,16,CAR,23.96,0
00-0036265,AJ Dillon,RB,GB,2023,16,CAR,7.2,0
00-0036275,D'Andre Swift,RB,PHI,2023,16,NYG,15.2,0
00-0036290,Cole Kmet,TE,CHI,2023,16,ARI,10.7,4
00-0036309,Darnell Mooney,WR,CHI,2023,16,ARI,0.5,2
00-0036322,Justin Jefferson,WR,MIN,2023,16,DET,20.1,6
00-0036328,Antonio Gibson,RB,WAS,2023,16,NYJ,9.2,1
00-0036345,K.J. Osborn,WR,MIN,2023,16,DET,15.5,5
00-0036358,CeeDee Lamb,WR,DAL,2023,16,MIA,19.2,6
00-0036360,Clyde Edwards-Helaire,RB,KC,2023,16,LV,4.8,3
00-0036370,Joshua Kelley,RB,LAC,2023,16,BUF,-0.2,0
00-0036387,Jalen Reagor,WR,NE,2023,16,DEN,3.3,2
00-0036389,Jalen Hurts,QB,PHI,2023,16,NYG,23.44,0
00-0036407,Jerry Jeudy,WR,DEN,2023,16,NE,4.4,3
00-0036410,Tee Higgins,WR,CIN,2023,16,PIT,20.0,5
00-0036415,Van Jefferson,WR,ATL,2023,16,IND,1.3,1
00-0036422,Adam Trautman,TE,DEN,2023,16,NE,0.0,0
00-0036425,DeeJay Dallas,RB,SEA,2023,16,TEN,0.2,0
00-0036438,Stephen Sullivan,TE,CAR,2023,16,GB,2.1,3
00-0036497,Tim Jones,WR,JAX,2023,16,TB,3.2,3
00-0036510,Kenny Yeboah,TE,NYJ,2023,16,WAS,0.0,0
00-0036550,Rashod Bateman,WR,BAL,2023,16,SF,1.4,1
00-0036554,Nico Collins,WR,HOU,2023,16,CLE,9.8,4
00-0036555,Chuba Hubbard,RB,CAR,2023,16,GB,11.1,1
00-0036556,Brevin Jordan,TE,HOU,2023,16,CLE,2.7,2
00-0036613,Jaylen Waddle,WR,MIA,2023,16,DAL,5.2,1
00-0036628,John Bates,TE,WAS,2023,16,NYJ,1.4,3
00-0036635,Ihmir Smith-Marsette,WR,CAR,2023,16,GB,11.1,1
00-0036637,Noah Gray,TE,KC,2023,16,LV,0.5,1
00-0036876,Kylen Granson,TE,IND,2023,16,ATL,6.2,5
00-0036893,Najee Harris,RB,PIT,2023,16,CIN,13.8,0
00-0036898,Davis Mills,QB,HOU,2023,16,CLE,16.86,0
00-0036906,Khalil Herbert,RB,CHI,2023,16,ARI,18.1,1
00-0036912,DeVonta Smith,WR,PHI,2023,16,NYG,13.9,4
00-0036919,Kenneth Gainwell,RB,PHI,2023,16,NYG,7.9,3
00-0036924,Michael Carter,RB,ARI,2023,16,CHI,0.0,0
00-0036936,Rondale Moore,WR,ARI,2023,16,CHI,3.6,2
00-0036945,Justin Fields,QB,CHI,2023,16,ARI,24.5,0
00-0036963,Amon-Ra St. Brown,WR,DET,2023,16,MIN,16.6,12
00-0036970,Kyle Pitts,TE,ATL,2023,16,IND,10.9,3
00-0036971,Trevor Lawrence,QB,JAX,2023,16,TB,9.34,0
00-0036973,Travis Etienne,RB,JAX,2023,16,TB,3.1,3
00-0036980,Elijah Moore,WR,CLE,2023,16,HOU,1.9,2
00-0036984,Trey Sermon,RB,IND,2023,16,ATL,0.3,0
00-0036988,Josh Palmer,WR,LAC,2023,16,BUF,4.7,5
00-0036997,Javonte Williams,RB,DEN,2023,16,NE,7.9,3
00-0037005,Tommy Tremble,TE,CAR,2023,16,GB,5.9,4
00-0037077,Sam Howell,QB,WAS,2023,16,NYJ,-1.76,0
00-0037086,Grant Calcaterra,TE,PHI,2023,16,NYG,2.1,2
00-0037091,Bo Melton,WR,GB,2023,16,CAR,5.1,4
00-0037098,Samori Toure,WR,GB,2023,16,CAR,0.0,0
00-0037120,Tyler Goodson,RB,IND,2023,16,ATL,3.0,1
00-0037132,Britain Covey,WR,PHI,2023,16,NYG,0.7,1
00-0037197,Isiah Pacheco,RB,KC,2023,16,LV,6.6,4
00-0037216,Justyn Ross,WR,KC,2023,16,LV,0.2,1
00-0037228,Jaylen Warren,RB,PIT,2023,16,CIN,5.4,5
00-0037238,Drake London,WR,ATL,2023,16,IND,3.9,3
00-0037239,Chris Olave,WR,NO,2023,16,LA,14.3,9
00-0037240,Jameson Williams,WR,DET,2023,16,MIN,4.3,5
00-0037247,George Pickens,WR,PIT,2023,16,CIN,31.5,4
00-0037248,James Cook,RB,BUF,2023,16,LAC,5.0,0
00-0037256,Rachaad White,RB,TB,2023,16,JAX,13.7,6
00-0037257,David Bell,WR,CLE,2023,16,HOU,0.6,1
00-0037258,Dameon Pierce,RB,HOU,2023,16,CLE,7.6,1
00-0037261,Khalil Shakir,WR,BUF,2023,16,LAC,4.5,3
00-0037263,Tyler Allgeier,RB,ATL,2023,16,IND,14.8,1
00-0037267,Jerome Ford,RB,CLE,2023,16,HOU,8.3,1
00-0037276,Ty Chandler,RB,MIN,2023,16,DET,7.7,0
00-0037286,Kevin Harris,RB,NE,2023,16,DEN,2.1,0
00-0037382,Brandon Johnson,WR,DEN,2023,16,NE,12.7,3
00-0037429,Raheem Blackshear,RB,CAR,2023,16,GB,2.0,0
00-0037475,Stone Smartt,TE,LAC,2023,16,BUF,2.3,1
00-0037506,Cole Fotheringham,TE,LV,2023,16,KC,0.6,1
00-0037539,Lucas Krull,TE,DEN,2023,16,NE,8.8,4
00-0037545,Rashid Shaheed,WR,NO,2023,16,LA,13.4,5
00-0037557,Ronnie Rivers,RB,LA,2023,16,NO,2.0,0
00-0037569,Peyton Hendershot,TE,DAL,2023,16,MIA,0.0,0
00-0037614,John Metchie III,WR,HOU,2023,16,CLE,0.0,0
00-0037664,Alec Pierce,WR,IND,2023,16,ATL,3.0,3
00-0037666,Jalen Tolbert,WR,DAL,2023,16,MIA,5.1,2
00-0037740,Garrett Wilson,WR,NYJ,2023,16,WAS,6.8,9
00-0037741,Jahan Dotson,WR,WAS,2023,16,NYJ,3.1,2
00-0037742,Treylon Burks,WR,TEN,2023,16,SEA,2.2,2
00-0037744,Trey McBride,TE,ARI,2023,16,CHI,3.1,6
00-0037745,Velus Jones Jr.,RB,CHI,2023,16,ARI,0.4,0
00-0037801,KaVontae Turpin,WR,DAL,2023,16,MIA,0.8,1
00-0037809,Chig Okonkwo,TE,TEN,2023,16,SEA,12.3,6
00-0037816,Romeo Doubs,WR,GB,2023,16,CAR,13.9,4
00-0037834,Brock Purdy,QB,SF,2023,16,BAL,2.4,0
00-0037837,Calvin Austin III,WR,PIT,2023,16,CIN,6.7,0
00-0037838,Isaiah Likely,TE,BAL,2023,16,SF,5.6,3
00-0037840,Kyren Williams,RB,LA,2023,16,NO,16.4,0
00-0038040,Zamir White,RB,LV,2023,16,KC,14.5,0
00-0038041,Jake Ferguson,TE,DAL,2023,16,MIA,4.5,4
00-0038045,Isaiah Spiller,RB,LAC,2023,16,BUF,0.5,1
00-0038046,Charlie Kolar,TE,BAL,2023,16,SF,1.7,1
00-0038098,Pierre Strong,RB,CLE,2023,16,HOU,2.2,0
00-0038104,Tyquan Thornton,WR,NE,2023,16,DEN,2.0,1
00-0038108,Bailey Zappe,QB,NE,2023,16,DEN,16.44,0
00-0038115,Daniel Bellinger,TE,NYG,2023,16,PHI,4.3,4
00-0038117,Wan'Dale Robinson,WR,NYG,2023,16,PHI,1.6,3
00-0038120,Breece Hall,RB,NYJ,2023,16,WAS,31.1,12
00-0038129,Cade Otton,TE,TB,2023,16,JAX,0.7,1
00-0038134,Kenneth Walker III,RB,SEA,2023,16,TEN,5.6,1
00-0038389,Israel Abanikanda,RB,NYJ,2023,16,WAS,4.3,0
00-0038393,Dontayvion Wicks,WR,GB,2023,16,CAR,8.9,2
00-0038394,Will Mallory,TE,IND,2023,16,ATL,4.7,4
00-0038465,Malik Heath,WR,GB,2023,16,CAR,0.0,1
00-0038476,Tommy DeVito,QB,NYG,2023,16,PHI,2.7,0
00-0038492,Jason Brownlee,WR,NYJ,2023,16,WAS,6.8,1
00-0038496,Xavier Gipson,WR,NYJ,2023,16,WAS,1.7,1
00-0038542,Bijan Robinson,RB,ATL,2023,16,IND,12.2,7
00-0038543,Jaxon Smith-Njigba,WR,SEA,2023,16,TEN,6.1,6
00-0038544,Quentin Johnston,WR,LAC,2023,16,BUF,3.0,2
00-0038547,Luke Schoonmaker,TE,DAL,2023,16,MIA,0.4,1
00-0038558,Darnell Washington,TE,PIT,2023,16,CIN,0.8,1
00-0038559,Michael Wilson,WR,ARI,2023,16,CHI,0.0,0
00-0038563,Tre Tucker,WR,LV,2023,16,KC,0.1,1
00-0038573,Derius Davis,WR,LAC,2023,16,BUF,1.4,1
00-0038576,Charlie Jones,WR,CIN,2023,16,PIT,-0.1,1
00-0038579,Aidan O'Connell,QB,LV,2023,16,KC,2.08,0
00-0038583,Dorian Thompson-Robinson,QB,CLE,2023,16,HOU,1.74,0
00-0038597,Chase Brown,RB,CIN,2023,16,PIT,2.4,2
00-0038606,Parker Washington,WR,JAX,2023,16,TB,1.9,2
00-0038611,Chris Rodriguez Jr.,RB,WAS,2023,16,NYJ,18.5,1
00-0038612,A.T. Perry,WR,NO,2023,16,LA,9.5,1
00-0038618,Xavier Hutchinson,WR,HOU,2023,16,CLE,1.8,1
00-0038619,Andrei Iosivas,WR,CIN,2023,16,PIT,3.6,4
00-0038621,Demario Douglas,WR,NE,2023,16,DEN,7.4,5
00-0038632,Colton Dowell,WR,TEN,2023,16,SEA,0.3,1
00-0038647,Ronnie Bell,WR,SF,2023,16,BAL,7.2,1
00-0038667,Elijah Cooks,WR,JAX,2023,16,TB,3.8,3
00-0038705,Emari Demercado,RB,ARI,2023,16,CHI,5.0,7
00-0038752,Jake Bobo,WR,SEA,2023,16,TEN,0.8,1
00-0038794,Jaleel McLaughlin,RB,DEN,2023,16,NE,6.7,4
00-0038933,Dalton Kincaid,TE,BUF,2023,16,LAC,0.7,1
00-0038976,Marvin Mims Jr.,WR,DEN,2023,16,NE,6.3,3
00-0038979,Cedric Tillman,WR,CLE,2023,16,HOU,1.3,2
00-0038994,Jordan Addison,WR,MIN,2023,16,DET,0.2,1
00-0038996,Tucker Kraft,TE,GB,2023,16,CAR,6.0,4
00-0038997,Josh Downs,WR,IND,2023,16,ATL,3.9,6
00-0039021,Roschon Johnson,RB,CHI,2023,16,ARI,5.3,3
00-0039032,Tyjae Spears,RB,TEN,2023,16,SEA,6.7,5
00-0039040,De'Von Achane,RB,MIA,2023,16,DAL,3.1,1
00-0039041,Elijah Higgins,TE,ARI,2023,16,CHI,1.7,2
00-0039050,Payne Durham,TE,TB,2023,16,JAX,2.5,1
00-0039052,Trey Palmer,WR,TB,2023,16,JAX,4.2,4
00-0039062,Jonathan Mingo,WR,CAR,2023,16,GB,0.9,1
00-0039064,Zay Flowers,WR,BAL,2023,16,SF,13.2,9
00-0039065,Sam LaPorta,TE,DET,2023,16,MIN,1.8,3
00-0039067,Rashee Rice,WR,KC,2023,16,LV,5.7,6
00-0039075,Puka Nacua,WR,LA,2023,16,NO,24.0,9
00-0039139,Jahmyr Gibbs,RB,DET,2023,16,MIN,20.0,4
00-0039150,Bryce Young,QB,CAR,2023,16,GB,22.18,0
00-0039165,Zach Charbonnet,RB,SEA,2023,16,TEN,-0.4,1
00-0026158,Joe Flacco,QB,CLE,2023,17,NYJ,22.66,0
00-0026498,Matthew Stafford,QB,LA,2023,17,NYG,12.58,0
00-0027944,Julio Jones,WR,PHI,2023,17,ARI,15.4,2
00-0028118,Tyrod Taylor,QB,NYG,2023,17,LA,18.76,0
00-0029239,Brandon Bolden,RB,LV,2023,17,IND,0.6,0
00-0029701,Ryan Tannehill,QB,TEN,2023,17,HOU,6.72,0
00-0030035,Adam Thielen,WR,CAR,2023,17,JAX,3.8,6
00-0030431,Robert Woods,WR,HOU,2023,17,TEN,5.8,4
00-0030506,Travis Kelce,TE,KC,2023,17,CIN,1.6,3
00-0030513,Latavius Murray,RB,BUF,2023,17,NE,0.0,0
00-0030533,Matt Barkley,QB,JAX,2023,17,CAR,-0.3,0
00-0030564,DeAndre Hopkins,WR,TEN,2023,17,HOU,7.2,7
00-0030565,Geno Smith,QB,SEA,2023,17,PIT,16.9,0
00-0031235,Odell Beckham,WR,BAL,2023,17,MIA,3.3,1
00-0031236,Brandin Cooks,WR,DAL,2023,17,DET,12.0,5
00-0031260,Logan Thomas,TE,WAS,2023,17,SF,2.0,3
00-0031280,Derek Carr,QB,NO,2023,17,TB,15.58,0
00-0031381,Davante Adams,WR,LV,2023,17,IND,24.6,13
00-0031408,Mike Evans,WR,TB,2023,17,NO,7.0,3
00-0031547,DeVante Parker,WR,NE,2023,17,BUF,1.5,1
00-0031549,Nelson Agholor,WR,BAL,2023,17,MIA,1.8,2
00-0031585,MyCole Pruitt,TE,ATL,2023,17,CHI,1.4,1
00-0031588,Stefon Diggs,WR,BUF,2023,17,NE,3.1,4
00-0031610,Darren Waller,TE,NYG,2023,17,LA,5.1,5
00-0031800,Taylor Heinicke,QB,ATL,2023,17,CHI,15.12,0
00-0032104,Ameer Abdullah,RB,LV,2023,17,IND,2.2,1
00-0032144,Melvin Gordon,RB,BAL,2023,17,MIA,7.0,0
00-0032156,Trevor Siemian,QB,NYJ,2023,17,CLE,13.74,0
00-0032208,Phillip Dorsett,WR,DEN,2023,17,LAC,0.0,0
00-0032211,Tyler Lockett,WR,SEA,2023,17,PIT,1.0,1
00-0032385,Sterling Shepard,WR,NYG,2023,17,LA,0.0,0
00-0032392,Austin Hooper,TE,LV,2023,17,IND,2.8,3
00-0032398,Chris Moore,WR,TEN,2023,17,HOU,3.2,1
00-0032464,Kalif Raymond,WR,DET,2023,17,DAL,1.1,1
00-0032543,Alex Erickson,WR,LAC,2023,17,DEN,9.8,7
00-0032688,Robbie Chosen,WR,MIA,2023,17,BAL,0.0,0
00-0032764,Derrick Henry,RB,TEN,2023,17,HOU,4.2,0
00-0032775,Demarcus Robinson,WR,LA,2023,17,NYG,7.2,6
00-0033009,Tyler Boyd,WR,CIN,2023,17,KC,2.9,2
00-0033040,Tyreek Hill,WR,MIA,2023,17,BAL,7.6,6
00-0033045,Ezekiel Elliott,RB,NE,2023,17,BUF,10.5,1
00-0033077,Dak Prescott,QB,DAL,2023,17,DET,20.3,0
00-0033106,Jared Goff,QB,DET,2023,17,DAL,10.84,0
00-0033110,Tyler Higbee,TE,LA,2023,17,NYG,6.2,6
00-0033217,Mo Alie-Cox,TE,IND,2023,17,LV,1.8,2
00-0033246,Johnny Mundt,TE,MIN,2023,17,GB,9.9,4
00-0033280,Christian McCaffrey,RB,SF,2023,17,WAS,9.1,4
00-0033282,Curtis Samuel,WR,WAS,2023,17,SF,3.3,3
00-0033288,George Kittle,TE,SF,2023,17,WAS,2.9,3
00-0033293,Aaron Jones,RB,GB,2023,17,MIN,13.0,1
00-0033319,Nick Mullens,QB,MIN,2023,17,GB,9.12,0
00-0033357,Taysom Hill,TE,NO,2023,17,TB,9.54,2
00-0033439,Pharaoh Brown,TE,NE,2023,17,BUF,-1.5,1
00-0033526,Samaje Perine,RB,DEN,2023,17,LAC,2.6,2
00-0033553,James Conner,RB,ARI,2023,17,PHI,25.3,1
00-0033572,Jamal Agnew,WR,JAX,2023,17,CAR,5.3,2
00-0033576,Eric Saubert,TE,HOU,2023,17,TEN,0.2,1
00-0033589,David Moore,WR,TB,2023,17,NO,0.0,0
00-0033591,Noah Brown,WR,HOU,2023,17,TEN,0.8,1
00-0033699,Austin Ekeler,RB,LAC,2023,17,DEN,3.0,1
00-0033757,Robert Tonyan,TE,CHI,2023,17,ATL,4.0,3
00-0033854,Dare Ogunbowale,RB,HOU,2023,17,TEN,0.0,0
00-0033858,Jonnu Smith,TE,ATL,2023,17,CHI,0.0,0
00-0033873,Patrick Mahomes,QB,KC,2023,17,CIN,12.0,0
00-0033881,Evan Engram,TE,JAX,2023,17,CAR,6.0,6
00-0033885,David Njoku,TE,CLE,2023,17,NYJ,11.4,6
00-0033895,Gerald Everett,TE,LAC,2023,17,DEN,3.7,4
00-0033897,Joe Mixon,RB,CIN,2023,17,KC,14.7,4
00-0033906,Alvin Kamara,RB,NO,2023,17,TB,4.9,2
00-0033908,Cooper Kupp,WR,LA,2023,17,NYG,8.7,4
00-0033921,Chris Godwin,WR,TB,2023,17,NO,14.1,3
00-0033923,Kareem Hunt,RB,CLE,2023,17,NYJ,9.1,0
00-0033936,C.J. Beathard,QB,JAX,2023,17,CAR,9.52,0
00-0033943,Josh Reynolds,WR,DET,2023,17,DAL,1.3,1
00-0033948,Jamaal Williams,RB,NO,2023,17,TB,7.1,4
00-0034054,River Cracraft,WR,MIA,2023,17,BAL,0.0,0
00-0034115,Jeff Wilson,RB,MIA,2023,17,BAL,3.4,3
00-0034184,Gus Edwards,RB,BAL,2023,17,MIA,10.8,0
00-0034193,Kevin Rader,TE,TEN,2023,17,HOU,0.6,1
00-0034270,Tyler Conklin,TE,NYJ,2023,17,CLE,4.5,5
00-0034272,Marquez Valdes-Scantling,WR,KC,2023,17,CIN,0.3,1
00-0034286,Richie James,WR,KC,2023,17,CIN,0.6,1
00-0034297,Byron Pringle,WR,WAS,2023,17,SF,0.0,0
00-0034351,Dallas Goedert,TE,PHI,2023,17,ARI,10.7,5
00-0034364,Jordan Akins,TE,CLE,2023,17,NYJ,2.8,1
00-0034365,Ian Thomas,TE,CAR,2023,17,JAX,0.0,0
00-0034383,Dalton Schultz,TE,HOU,2023,17,TEN,1.9,2
00-0034386,Justin Watson,WR,KC,2023,17,CIN,4.1,1
00-0034401,Mike White,QB,MIA,2023,17,BAL,-2.0,0
00-0034418,Cedrick Wilson Jr.,WR,MIA,2023,17,BAL,8.7,2
00-0034419,Braxton Berrios,WR,MIA,2023,17,BAL,1.0,2
00-0034487,Trent Sherfield,WR,BUF,2023,17,NE,0.0,0
00-0034577,Kyle Allen,QB,BUF,2023,17,NE,-0.2,0
00-0034613,Tanner Hudson,TE,CIN,2023,17,KC,3.8,3
00-0034646,Brandon Powell,WR,MIN,2023,17,GB,0.0,0
00-0034681,Chase Edmonds,RB,TB,2023,17,NO,5.6,5
00-0034771,Mason Rudolph,QB,PIT,2023,17,SEA,11.46,0
00-0034777,DJ Chark,WR,CAR,2023,17,JAX,1.8,1
00-0034796,Lamar Jackson,QB,BAL,2023,17,MIA,36.34,0
00-0034798,Durham Smythe,TE,MIA,2023,17,BAL,5.4,3
00-0034827,DJ Moore,WR,CHI,2023,17,ATL,21.9,9
00-0034829,Mike Gesicki,TE,NE,2023,17,BUF,3.5,4
00-0034837,Calvin Ridley,WR,JAX,2023,17,CAR,3.9,4
00-0034844,Saquon Barkley,RB,NYG,2023,17,LA,5.8,3
00-0034854,KhaDarel Hodge,WR,ATL,2023,17,CHI,0.0,0
00-0034855,Baker Mayfield,QB,TB,2023,17,NO,16.26,0
00-0034857,Josh Allen,QB,BUF,2023,17,NE,21.16,0
00-0034869,Sam Darnold,QB,SF,2023,17,WAS,-0.2,0
00-0034960,Jakobi Meyers,WR,LV,2023,17,IND,5.6,6
00-0034972,Alexander Mattison,RB,MIN,2023,17,GB,3.0,2
00-0034975,Justice Hill,RB,BAL,2023,17,MIA,17.2,5
00-0034981,Foster Moreau,TE,NO,2023,17,TB,1.3,1
00-0035100,Jake Browning,QB,CIN,2023,17,KC,21.08,0
00-0035120,Keelan Doss,WR,LAC,2023,17,DEN,2.5,5
00-0035216,Diontae Johnson,WR,PIT,2023,17,SEA,7.6,4
00-0035228,Kyler Murray,QB,ARI,2023,17,PHI,23.68,0
00-0035243,Miles Sanders,RB,CAR,2023,17,JAX,2.2,2
00-0035249,Josh Oliver,TE,MIN,2023,17,GB,1.7,1
00-0035250,Devin Singletary,RB,HOU,2023,17,TEN,8.6,3
00-0035261,Tony Pollard,RB,DAL,2023,17,DET,4.9,1
00-0035264,Jarrett Stidham,QB,DEN,2023,17,LAC,13.56,0
00-0035282,Easton Stick,QB,LAC,2023,17,DEN,11.9,0
00-0035289,Gardner Minshew,QB,IND,2023,17,LV,13.26,0
00-0035291,Trayveon Williams,RB,CIN,2023,17,KC,0.2,0
00-0035341,Trenton Irwin,WR,CIN,2023,17,KC,0.4,1
00-0035406,Lil'Jordan Humphrey,WR,DEN,2023,17,LAC,12.9,2
00-0035500,Greg Dortch,WR,ARI,2023,17,PHI,8.2,7
00-0035535,Darius Slayton,WR,NYG,2023,17,LA,16.6,4
00-0035537,Ty Johnson,RB,BUF,2023,17,NE,2.2,0
00-0035628,D'Ernest Johnson,RB,JAX,2023,17,CAR,0.0,0
00-0035631,Drew Sample,TE,CIN,2023,17,KC,2.1,3
00-0035640,DK Metcalf,WR,SEA,2023,17,PIT,10.6,5
00-0035644,Noah Fant,TE,SEA,2023,17,PIT,5.9,5
00-0035645,Gunner Olszewski,WR,NYG,2023,17,NYG,6.0,0
00-0035659,Terry McLaurin,WR,WAS,2023,17,SF,12.1,4
00-0035676,A.J. Brown,WR,PHI,2023,17,ARI,5.3,4
00-0035685,David Montgomery,RB,DET,2023,17,DAL,12.5,0
00-0035719,Deebo Samuel Sr.,WR,SF,2023,17,WAS,13.2,5
00-0035771,Mitchell Wilcox,TE,CIN,2023,17,KC,0.0,0
00-0035924,Jonathan Ward,RB,TEN,2023,17,HOU,1.1,0
00-0035973,Patrick Taylor,RB,GB,2023,17,MIN,3.0,0
00-0035993,Tyler Huntley,QB,BAL,2023,17,MIA,4.66,0
00-0036040,Juwan Johnson,TE,NO,2023,17,TB,15.0,8
00-0036165,Isaiah Hodgins,WR,NYG,2023,17,LA,1.8,1
00-0036196,Gabe Davis,WR,BUF,2023,17,NE,2.1,2
00-0036212,Tua Tagovailoa,QB,MIA,2023,17,BAL,14.88,0
00-0036223,Jonathan Taylor,RB,IND,2023,17,LV,16.4,1
00-0036232,Harrison Bryant,TE,CLE,2023,17,NYJ,1.4,2
00-0036244,Colby Parkinson,TE,SEA,2023,17,PIT,3.8,2
00-0036252,Michael Pittman,WR,IND,2023,17,LV,4.6,5
00-0036254,Collin Johnson,WR,CHI,2023,17,ATL,1.1,1
00-0036261,Brandon Aiyuk,WR,SF,2023,17,WAS,17.4,7
00-0036264,Jordan Love,QB,GB,2023,17,MIN,28.44,0
00-0036265,AJ Dillon,RB,GB,2023,17,MIN,2.7,0
00-0036275,D'Andre Swift,RB,PHI,2023,17,ARI,6.6,1
00-0036322,Justin Jefferson,WR,MIN,2023,17,GB,5.9,5
00-0036326,Chase Claypool,WR,MIA,2023,17,BAL,0.0,0
00-0036328,Antonio Gibson,RB,WAS,2023,17,SF,3.6,2
00-0036358,CeeDee Lamb,WR,DAL,2023,17,DET,29.2,13
00-0036364,Lynn Bowden,WR,NO,2023,17,TB,0.6,1
00-0036370,Joshua Kelley,RB,LAC,2023,17,DEN,0.2,0
00-0036387,Jalen Reagor,WR,NE,2023,17,BUF,9.9,1
00-0036389,Jalen Hurts,QB,PHI,2023,17,ARI,19.18,0
00-0036407,Jerry Jeudy,WR,DEN,2023,17,LAC,5.4,3
00-0036410,Tee Higgins,WR,CIN,2023,17,KC,1.9,1
00-0036415,Van Jefferson,WR,ATL,2023,17,CHI,1.9,3
00-0036422,Adam Trautman,TE,DEN,2023,17,LAC,0.9,1
00-0036438,Stephen Sullivan,TE,CAR,2023,17,JAX,0.0,0
00-0036497,Tim Jones,WR,JAX,2023,17,CAR,0.0,0
00-0036510,Kenny Yeboah,TE,NYJ,2023,17,CLE,2.8,2
00-0036550,Rashod Bateman,WR,BAL,2023,17,MIA,5.4,4
00-0036554,Nico Collins,WR,HOU,2023,17,TEN,8.7,7
00-0036555,Chuba Hubbard,RB,CAR,2023,17,JAX,7.1,4
00-0036556,Brevin Jordan,TE,HOU,2023,17,TEN,7.9,2
00-0036567,Elijah Mitchell,RB,SF,2023,17,WAS,14.0,0
00-0036628,John Bates,TE,WAS,2023,17,SF,0.6,1
00-0036635,Ihmir Smith-Marsette,WR,CAR,2023,17,JAX,1.2,3
00-0036637,Noah Gray,TE,KC,2023,17,CIN,1.7,3
00-0036876,Kylen Granson,TE,IND,2023,17,LV,1.3,1
00-0036887,Luke Farrell,TE,JAX,2023,17,CAR,0.7,1
00-0036893,Najee Harris,RB,PIT,2023,17,SEA,24.2,0
00-0036894,Pat Freiermuth,TE,PIT,2023,17,SEA,4.4,3
00-0036900,Ja'Marr Chase,WR,CIN,2023,17,KC,4.1,3
00-0036906,Khalil Herbert,RB,CHI,2023,17,ATL,18.9,2
00-0036912,DeVonta Smith,WR,PHI,2023,17,ARI,3.0,3
00-0036919,Kenneth Gainwell,RB,PHI,2023,17,ARI,2.68,4
00-0036924,Michael Carter,RB,ARI,2023,17,PHI,12.7,1
00-0036936,Rondale Moore,WR,ARI,2023,17,PHI,3.4,3
00-0036945,Justin Fields,QB,CHI,2023,17,ATL,25.22,0
00-0036963,Amon-Ra St. Brown,WR,DET,2023,17,DAL,16.1,6
00-0036970,Kyle Pitts,TE,ATL,2023,17,CHI,0.5,1
00-0036973,Travis Etienne,RB,JAX,2023,17,CAR,23.8,2
00-0036980,Elijah Moore,WR,CLE,2023,17,NYJ,12.1,5
00-0036984,Trey Sermon,RB,IND,2023,17,LV,4.1,2
00-0036997,Javonte Williams,RB,DEN,2023,17,LAC,5.8,3
00-0037005,Tommy Tremble,TE,CAR,2023,17,JAX,0.6,1
00-0037077,Sam Howell,QB,WAS,2023,17,SF,6.66,0
00-0037091,Bo Melton,WR,GB,2023,17,MIN,16.5,6
00-0037098,Samori Toure,WR,GB,2023,17,MIN,-0.6,1
00-0037120,Tyler Goodson,RB,IND,2023,17,LV,0.3,0
00-0037197,Isiah Pacheco,RB,KC,2023,17,CIN,22.5,7
00-0037228,Jaylen Warren,RB,PIT,2023,17,SEA,15.8,4
00-0037238,Drake London,WR,ATL,2023,17,CHI,5.6,4
00-0037239,Chris Olave,WR,NO,2023,17,TB,2.6,3
00-0037240,Jameson Williams,WR,DET,2023,17,DAL,7.5,2
00-0037247,George Pickens,WR,PIT,2023,17,SEA,13.1,7
00-0037248,James Cook,RB,BUF,2023,17,NE,4.4,1
00-0037256,Rachaad White,RB,TB,2023,17,NO,4.6,4
00-0037257,David Bell,WR,CLE,2023,17,NYJ,0.7,2
00-0037258,Dameon Pierce,RB,HOU,2023,17,TEN,2.1,1
00-0037261,Khalil Shakir,WR,BUF,2023,17,NE,4.9,4
00-0037263,Tyler Allgeier,RB,ATL,2023,17,CHI,14.8,1
00-0037267,Jerome Ford,RB,CLE,2023,17,NYJ,24.1,2
00-0037276,Ty Chandler,RB,MIN,2023,17,GB,6.4,3
00-0037282,James Mitchell,TE,DET,2023,17,DAL,0.4,1
00-0037286,Kevin Harris,RB,NE,2023,17,BUF,6.9,2
00-0037382,Brandon Johnson,WR,DEN,2023,17,LAC,2.7,4
00-0037475,Stone Smartt,TE,LAC,2023,17,DEN,2.3,2
00-0037487,Deven Thompkins,WR,TB,2023,17,NO,0.0,1
00-0037525,Jordan Mason,RB,SF,2023,17,WAS,0.3,0
00-0037539,Lucas Krull,TE,DEN,2023,17,LAC,1.4,2
00-0037545,Rashid Shaheed,WR,NO,2023,17,TB,1.4,2
00-0037557,Ronnie Rivers,RB,LA,2023,17,NYG,0.4,1
00-0037569,Peyton Hendershot,TE,DAL,2023,17,DET,0.6,1
00-0037614,John Metchie III,WR,HOU,2023,17,TEN,1.2,1
00-0037664,Alec Pierce,WR,IND,2023,17,LV,11.8,1
00-0037666,Jalen Tolbert,WR,DAL,2023,17,DET,0.9,1
00-0037740,Garrett Wilson,WR,NYJ,2023,17,CLE,4.9,5
00-0037741,Jahan Dotson,WR,WAS,2023,17,SF,0.0,0
00-0037742,Treylon Burks,WR,TEN,2023,17,HOU,1.1,2
00-0037744,Trey McBride,TE,ARI,2023,17,PHI,4.8,6
00-0037745,Velus Jones Jr.,RB,CHI,2023,17,ATL,0.2,0
00-0037746,Brian Robinson,RB,WAS,2023,17,SF,7.6,4
00-0037809,Chig Okonkwo,TE,TEN,2023,17,HOU,3.4,3
00-0037816,Romeo Doubs,WR,GB,2023,17,MIN,2.8,3
00-0037834,Brock Purdy,QB,SF,2023,17,WAS,17.6,0
00-0037838,Isaiah Likely,TE,BAL,2023,17,MIA,16.2,2
00-0037840,Kyren Williams,RB,LA,2023,17,NYG,28.1,2
00-0038040,Zamir White,RB,LV,2023,17,IND,10.6,5
00-0038041,Jake Ferguson,TE,DAL,2023,17,DET,3.3,4
00-0038045,Isaiah Spiller,RB,LAC,2023,17,DEN,0.9,2
00-0038046,Charlie Kolar,TE,BAL,2023,17,MIA,7.9,1
00-0038098,Pierre Strong,RB,CLE,2023,17,NYJ,0.9,0
00-0038104,Tyquan Thornton,WR,NE,2023,17,BUF,2.4,3
00-0038108,Bailey Zappe,QB,NE,2023,17,BUF,12.06,0
00-0038115,Daniel Bellinger,TE,NYG,2023,17,LA,3.9,4
00-0038117,Wan'Dale Robinson,WR,NYG,2023,17,LA,13.9,6
00-0038120,Breece Hall,RB,NYJ,2023,17,CLE,18.6,9
00-0038122,Desmond Ridder,QB,ATL,2023,17,CHI,-1.32,0
00-0038129,Cade Otton,TE,TB,2023,17,NO,1.0,2
00-0038134,Kenneth Walker III,RB,SEA,2023,17,PIT,13.5,3
00-0038389,Israel Abanikanda,RB,NYJ,2023,17,CLE,3.0,4
00-0038391,Sean Clifford,QB,GB,2023,17,MIN,1.28,0
00-0038394,Will Mallory,TE,IND,2023,17,LV,1.9,1
00-0038396,Eric Gray,RB,NYG,2023,17,LA,0.8,1
00-0038465,Malik Heath,WR,GB,2023,17,MIN,1.3,1
00-0038492,Jason Brownlee,WR,NYJ,2023,17,CLE,2.8,2
00-0038496,Xavier Gipson,WR,NYJ,2023,17,CLE,4.1,4
00-0038542,Bijan Robinson,RB,ATL,2023,17,CHI,8.6,3
00-0038543,Jaxon Smith-Njigba,WR,SEA,2023,17,PIT,7.2,1
00-0038544,Quentin Johnston,WR,LAC,2023,17,DEN,2.9,3
00-0038555,Tank Bigsby,RB,JAX,2023,17,CAR,3.2,0
00-0038559,Michael Wilson,WR,ARI,2023,17,PHI,11.5,4
00-0038563,Tre Tucker,WR,LV,2023,17,IND,3.6,2
00-0038573,Derius Davis,WR,LAC,2023,17,DEN,0.2,0
00-0038579,Aidan O'Connell,QB,LV,2023,17,IND,20.26,0
00-0038597,Chase Brown,RB,CIN,2023,17,KC,2.8,2
00-0038598,Jaren Hall,QB,MIN,2023,17,GB,-0.92,0
00-0038606,Parker Washington,WR,JAX,2023,17,CAR,0.2,1
00-0038612,A.T. Perry,WR,NO,2023,17,TB,0.5,1
00-0038618,Xavier Hutchinson,WR,HOU,2023,17,TEN,0.8,2
00-0038621,Demario Douglas,WR,NE,2023,17,BUF,4.3,3
00-0038622,Deuce Vaughn,RB,DAL,2023,17,DET,1.2,1
00-0038647,Ronnie Bell,WR,SF,2023,17,WAS,0.0,0
00-0038685,Chris Brooks,RB,MIA,2023,17,BAL,1.2,0
00-0038705,Emari Demercado,RB,ARI,2023,17,PHI,0.9,1
00-0038720,Julian Hill,TE,MIA,2023,17,BAL,0.9,1
00-0038752,Jake Bobo,WR,SEA,2023,17,PIT,0.4,1
00-0038794,Jaleel McLaughlin,RB,DEN,2023,17,LAC,6.2,3
00-0038809,Ben Sims,TE,GB,2023,17,MIN,0.6,1
00-0038933,Dalton Kincaid,TE,BUF,2023,17,NE,8.7,4
00-0038935,Brenton Strange,TE,JAX,2023,17,CAR,0.1,1
00-0038938,Jalin Hyatt,WR,NYG,2023,17,LA,2.5,3
00-0038941,Tyler Scott,WR,CHI,2023,17,ATL,1.5,2
00-0038979,Cedric Tillman,WR,CLE,2023,17,NYJ,0.8,1
00-0038994,Jordan Addison,WR,MIN,2023,17,GB,2.8,3
00-0038996,Tucker Kraft,TE,GB,2023,17,MIN,4.8,6
00-0038997,Josh Downs,WR,IND,2023,17,LV,5.3,2
00-0039021,Roschon Johnson,RB,CHI,2023,17,ATL,11.9,3
00-0039032,Tyjae Spears,RB,TEN,2023,17,HOU,2.9,4
00-0039040,De'Von Achane,RB,MIA,2023,17,BAL,19.7,4
00-0039041,Elijah Higgins,TE,ARI,2023,17,PHI,2.1,2
00-0039052,Trey Palmer,WR,TB,2023,17,NO,12.4,4
00-0039062,Jonathan Mingo,WR,CAR,2023,17,JAX,0.0,2
00-0039064,Zay Flowers,WR,BAL,2023,17,MIA,16.6,3
00-0039065,Sam LaPorta,TE,DET,2023,17,DAL,8.4,7
00-0039067,Rashee Rice,WR,KC,2023,17,CIN,12.7,5
00-0039075,Puka Nacua,WR,LA,2023,17,NYG,13.7,5
00-0039139,Jahmyr Gibbs,RB,DET,2023,17,DAL,4.3,1
00-0039146,Jayden Reed,WR,GB,2023,17,MIN,20.9,6
00-0039150,Bryce Young,QB,CAR,2023,17,JAX,2.68,0
00-0039152,Will Levis,QB,TEN,2023,17,HOU,-1.36,0
00-0039163,C.J. Stroud,QB,HOU,2023,17,TEN,12.92,0
00-0039165,Zach Charbonnet,RB,SEA,2023,17,PIT,4.1,5
00-0027944,Julio Jones,WR,PHI,2023,18,NYG,1.3,2
00-0027948,Blaine Gabbert,QB,KC,2023,18,LAC,8.76,0
00-0028002,Randall Cobb,WR,NYJ,2023,18,NE,0.4,1
00-0028118,Tyrod Taylor,QB,NYG,2023,18,PHI,17.68,0
00-0029701,Ryan Tannehill,QB,TEN,2023,18,JAX,12.42,0
00-0030035,Adam Thielen,WR,CAR,2023,18,TB,1.2,2
00-0030564,DeAndre Hopkins,WR,TEN,2023,18,JAX,10.6,7
00-0030565,Geno Smith,QB,SEA,2023,18,ARI,20.36,0
00-0030578,Cordarrelle Patterson,RB,ATL,2023,18,NO,2.0,0
00-0031236,Brandin Cooks,WR,DAL,2023,18,WAS,10.2,6
00-0031260,Logan Thomas,TE,WAS,2023,18,DAL,0.9,1
00-0031280,Derek Carr,QB,NO,2023,18,ATL,27.16,0
00-0031288,AJ McCarron,QB,CIN,2023,18,CLE,0.8,0
00-0031345,Jimmy Garoppolo,QB,LV,2023,18,DEN,0.0,0
00-0031381,Davante Adams,WR,LV,2023,18,DEN,10.6,5
00-0031408,Mike Evans,WR,TB,2023,18,CAR,2.2,3
00-0031428,Allen Robinson,WR,PIT,2023,18,BAL,0.0,0
00-0031547,DeVante Parker,WR,NE,2023,18,NYJ,0.6,1
00-0031549,Nelson Agholor,WR,BAL,2023,18,PIT,3.9,5
00-0031585,MyCole Pruitt,TE,ATL,2023,18,NO,1.7,1
00-0031588,Stefon Diggs,WR,BUF,2023,18,MIA,8.7,7
00-0031610,Darren Waller,TE,NYG,2023,18,PHI,4.5,5
00-0031763,DeAndre Carter,WR,LV,2023,18,DEN,0.3,1
00-0031941,Jamison Crowder,WR,WAS,2023,18,DAL,0.8,1
00-0032062,Blake Bell,TE,KC,2023,18,LAC,0.3,1
00-0032104,Ameer Abdullah,RB,LV,2023,18,DEN,0.7,1
00-0032128,Chris Conley,WR,SF,2023,18,LA,6.9,3
00-0032144,Melvin Gordon,RB,BAL,2023,18,PIT,-0.2,0
00-0032156,Trevor Siemian,QB,NYJ,2023,18,NE,2.9,0
00-0032211,Tyler Lockett,WR,SEA,2023,18,ARI,15.1,2
00-0032268,Marcus Mariota,QB,PHI,2023,18,NYG,10.52,0
00-0032385,Sterling Shepard,WR,NYG,2023,18,PHI,2.4,3
00-0032392,Austin Hooper,TE,LV,2023,18,DEN,3.9,4
00-0032394,Nick Vannett,TE,LAC,2023,18,KC,0.3,1
00-0032398,Chris Moore,WR,TEN,2023,18,JAX,3.0,3
00-0032436,Jeff Driskel,QB,CLE,2023,18,CIN,13.94,0
00-0032464,Kalif Raymond,WR,DET,2023,18,MIN,5.0,2
00-0032543,Alex Erickson,WR,LAC,2023,18,KC,2.9,2
00-0032764,Derrick Henry,RB,TEN,2023,18,JAX,21.3,0
00-0032950,Carson Wentz,QB,LA,2023,18,SF,26.12,0
00-0032951,Laquon Treadwell,WR,BAL,2023,18,PIT,1.6,1
00-0033009,Tyler Boyd,WR,CIN,2023,18,CLE,0.4,1
00-0033040,Tyreek Hill,WR,MIA,2023,18,BUF,14.2,7
00-0033045,Ezekiel Elliott,RB,NE,2023,18,NYJ,8.1,5
00-0033077,Dak Prescott,QB,DAL,2023,18,WAS,25.16,0
00-0033106,Jared Goff,QB,DET,2023,18,MIN,20.8,0
00-0033217,Mo Alie-Cox,TE,IND,2023,18,HOU,3.8,2
00-0033246,Johnny Mundt,TE,MIN,2023,18,DET,5.8,5
00-0033282,Curtis Samuel,WR,WAS,2023,18,DAL,3.0,2
00-0033293,Aaron Jones,RB,GB,2023,18,CHI,14.1,5
00-0033296,Alex Armah,RB,WAS,2023,18,DAL,1.0,1
00-0033319,Nick Mullens,QB,MIN,2023,18,DET,20.64,0
00-0033357,Taysom Hill,TE,NO,2023,18,ATL,7.9,4
00-0033439,Pharaoh Brown,TE,NE,2023,18,NYJ,0.0,1
00-0033526,Samaje Perine,RB,DEN,2023,18,LV,3.0,3
00-0033553,James Conner,RB,ARI,2023,18,SEA,26.4,4
00-0033576,Eric Saubert,TE,HOU,2023,18,IND,0.5,1
00-0033589,David Moore,WR,TB,2023,18,CAR,0.8,1
00-0033662,Cooper Rush,QB,DAL,2023,18,WAS,1.2,0
00-0033699,Austin Ekeler,RB,LAC,2023,18,KC,4.9,7
00-0033757,Robert Tonyan,TE,CHI,2023,18,GB,0.0,0
00-0033856,Leonard Fournette,RB,BUF,2023,18,MIA,2.0,0
00-0033858,Jonnu Smith,TE,ATL,2023,18,NO,8.9,3
00-0033881,Evan Engram,TE,JAX,2023,18,TEN,13.9,10
00-0033891,Zay Jones,WR,JAX,2023,18,TEN,4.7,6
00-0033895,Gerald Everett,TE,LAC,2023,18,KC,0.4,1
00-0033897,Joe Mixon,RB,CIN,2023,18,CLE,23.7,1
00-0033921,Chris Godwin,WR,TB,2023,18,CAR,5.5,6
00-0033923,Kareem Hunt,RB,CLE,2023,18,CIN,0.5,1
00-0033943,Josh Reynolds,WR,DET,2023,18,MIN,4.4,5
00-0033948,Jamaal Williams,RB,NO,2023,18,ATL,9.4,3
00-0034054,River Cracraft,WR,MIA,2023,18,BUF,1.8,1
00-0034115,Jeff Wilson,RB,MIA,2023,18,BUF,4.5,0
00-0034159,Will Dissly,TE,SEA,2023,18,ARI,10.6,3
00-0034184,Gus Edwards,RB,BAL,2023,18,PIT,2.8,0
00-0034193,Kevin Rader,TE,TEN,2023,18,JAX,0.0,0
00-0034270,Tyler Conklin,TE,NYJ,2023,18,NE,1.6,2
00-0034279,Equanimeous St. Brown,WR,CHI,2023,18,GB,1.8,1
00-0034286,Richie James,WR,KC,2023,18,LAC,1.5,2
00-0034348,Courtland Sutton,WR,DEN,2023,18,LV,0.2,1
00-0034351,Dallas Goedert,TE,PHI,2023,18,NYG,0.4,1
00-0034364,Jordan Akins,TE,CLE,2023,18,CIN,2.4,3
00-0034365,Ian Thomas,TE,CAR,2023,18,TB,0.5,1
00-0034383,Dalton Schultz,TE,HOU,2023,18,IND,4.2,5
00-0034386,Justin Watson,WR,KC,2023,18,LAC,0.0,0
00-0034407,Ray-Ray McCloud,WR,SF,2023,18,LA,2.9,3
00-0034414,Boston Scott,RB,PHI,2023,18,NYG,0.5,0
00-0034418,Cedrick Wilson Jr.,WR,MIA,2023,18,BUF,2.4,1
00-0034419,Braxton Berrios,WR,MIA,2023,18,BUF,0.9,2
00-0034438,Logan Woodside,QB,ATL,2023,18,NO,-0.32,0
00-0034487,Trent Sherfield,WR,BUF,2023,18,MIA,8.4,3
00-0034613,Tanner Hudson,TE,CIN,2023,18,CLE,1.1,2
00-0034646,Brandon Powell,WR,MIN,2023,18,DET,0.2,1
00-0034681,Chase Edmonds,RB,TB,2023,18,CAR,2.4,1
00-0034750,Rashaad Penny,RB,PHI,2023,18,NYG,1.6,0
00-0034764,Michael Gallup,WR,DAL,2023,18,WAS,0.0,0
00-0034771,Mason Rudolph,QB,PIT,2023,18,BAL,7.98,0
00-0034777,DJ Chark,WR,CAR,2023,18,TB,2.6,2
00-0034798,Durham Smythe,TE,MIA,2023,18,BUF,3.0,3
00-0034827,DJ Moore,WR,CHI,2023,18,GB,6.4,4
00-0034829,Mike Gesicki,TE,NE,2023,18,NYJ,0.5,1
00-0034837,Calvin Ridley,WR,JAX,2023,18,TEN,16.6,6
00-0034838,Royce Freeman,RB,LA,2023,18,SF,1.5,1
00-0034844,Saquon Barkley,RB,NYG,2023,18,PHI,21.7,2
00-0034854,KhaDarel Hodge,WR,ATL,2023,18,NO,0.0,0
00-0034855,Baker Mayfield,QB,TB,2023,18,CAR,6.18,0
00-0034857,Josh Allen,QB,BUF,2023,18,MIA,23.06,0
00-0034869,Sam Darnold,QB,SF,2023,18,LA,17.46,0
00-0034960,Jakobi Meyers,WR,LV,2023,18,DEN,18.6,3
00-0034972,Alexander Mattison,RB,MIN,2023,18,DET,2.9,1
00-0034975,Justice Hill,RB,BAL,2023,18,PIT,2.6,3
00-0034981,Foster Moreau,TE,NO,2023,18,ATL,0.3,1
00-0035100,Jake Browning,QB,CIN,2023,18,CLE,18.04,0
00-0035120,Keelan Doss,WR,LAC,2023,18,KC,0.8,1
00-0035140,Mecole Hardman,WR,KC,2023,18,LAC,7.7,6
00-0035208,Olamide Zaccheaus,WR,PHI,2023,18,NYG,2.0,2
00-0035215,Deonte Harty,WR,BUF,2023,18,MIA,7.2,1
00-0035216,Diontae Johnson,WR,PIT,2023,18,BAL,14.9,4
00-0035228,Kyler Murray,QB,ARI,2023,18,SEA,17.78,0
00-0035243,Miles Sanders,RB,CAR,2023,18,TB,1.8,0
00-0035249,Josh Oliver,TE,MIN,2023,18,DET,3.1,2
00-0035250,Devin Singletary,RB,HOU,2023,18,IND,12.5,1
00-0035261,Tony Pollard,RB,DAL,2023,18,WAS,14.6,2
00-0035264,Jarrett Stidham,QB,DEN,2023,18,LV,13.08,0
00-0035282,Easton Stick,QB,LAC,2023,18,KC,16.02,0
00-0035289,Gardner Minshew,QB,IND,2023,18,HOU,8.54,0
00-0035291,Trayveon Williams,RB,CIN,2023,18,CLE,-0.2,0
00-0035298,Scott Miller,WR,ATL,2023,18,NO,6.6,2
00-0035329,Donald Parham,TE,LAC,2023,18,KC,8.3,5
00-0035341,Trenton Irwin,WR,CIN,2023,18,CLE,3.4,2
00-0035406,Lil'Jordan Humphrey,WR,DEN,2023,18,LV,0.0,0
00-0035500,Greg Dortch,WR,ARI,2023,18,SEA,1.4,2
00-0035535,Darius Slayton,WR,NYG,2023,18,PHI,12.2,5
00-0035537,Ty Johnson,RB,BUF,2023,18,MIA,1.4,1
00-0035628,D'Ernest Johnson,RB,JAX,2023,18,TEN,-0.1,0
00-0035631,Drew Sample,TE,CIN,2023,18,CLE,0.7,2
00-0035640,DK Metcalf,WR,SEA,2023,18,ARI,1.0,1
00-0035659,Terry McLaurin,WR,WAS,2023,18,DAL,5.6,6
00-0035676,A.J. Brown,WR,PHI,2023,18,NYG,-1.1,1
00-0035685,David Montgomery,RB,DET,2023,18,MIN,10.0,0
00-0035689,Dawson Knox,TE,BUF,2023,18,MIA,8.2,2
00-0035715,Derrick Gore,RB,WAS,2023,18,DAL,0.3,0
00-0035719,Deebo Samuel Sr.,WR,SF,2023,18,LA,3.2,2
00-0035993,Tyler Huntley,QB,BAL,2023,18,PIT,13.84,0
00-0036040,Juwan Johnson,TE,NO,2023,18,ATL,4.0,3
00-0036133,James Proche,WR,CLE,2023,18,CIN,0.0,0
00-0036139,Rico Dowdle,RB,DAL,2023,18,WAS,10.0,3
00-0036165,Isaiah Hodgins,WR,NYG,2023,18,PHI,3.6,3
00-0036196,Gabe Davis,WR,BUF,2023,18,MIA,0.0,0
00-0036212,Tua Tagovailoa,QB,MIA,2023,18,BUF,7.62,0
00-0036223,Jonathan Taylor,RB,IND,2023,18,HOU,25.6,2
00-0036233,Donovan Peoples-Jones,WR,DET,2023,18,MIN,2.5,2
00-0036244,Colby Parkinson,TE,SEA,2023,18,ARI,0.8,3
00-0036251,Zack Moss,RB,IND,2023,18,HOU,3.0,0
00-0036252,Michael Pittman,WR,IND,2023,18,HOU,4.4,5
00-0036261,Brandon Aiyuk,WR,SF,2023,18,LA,2.5,3
00-0036264,Jordan Love,QB,GB,2023,18,CHI,18.54,0
00-0036269,La'Mical Perine,RB,KC,2023,18,LAC,10.9,3
00-0036271,Quez Watkins,WR,PHI,2023,18,NYG,15.3,8
00-0036290,Cole Kmet,TE,CHI,2023,18,GB,4.1,3
00-0036322,Justin Jefferson,WR,MIN,2023,18,DET,24.0,12
00-0036326,Chase Claypool,WR,MIA,2023,18,BUF,0.3,1
00-0036328,Antonio Gibson,RB,WAS,2023,18,DAL,3.6,3
00-0036345,K.J. Osborn,WR,MIN,2023,18,DET,0.9,2
00-0036358,CeeDee Lamb,WR,DAL,2023,18,WAS,22.5,13
00-0036360,Clyde Edwards-Helaire,RB,KC,2023,18,LAC,1.0,1
00-0036364,Lynn Bowden,WR,NO,2023,18,ATL,0.3,1
00-0036370,Joshua Kelley,RB,LAC,2023,18,KC,0.1,0
00-0036387,Jalen Reagor,WR,NE,2023,18,NYJ,5.0,1
00-0036389,Jalen Hurts,QB,PHI,2023,18,NYG,0.6,0
00-0036407,Jerry Jeudy,WR,DEN,2023,18,LV,13.9,3
00-0036415,Van Jefferson,WR,ATL,2023,18,NO,1.3,2
00-0036422,Adam Trautman,TE,DEN,2023,18,LV,2.1,1
00-0036424,Brycen Hopkins,TE,LA,2023,18,SF,4.7,2
00-0036427,Tyler Johnson,WR,LA,2023,18,SF,6.8,2
00-0036429,Charlie Woerner,TE,SF,2023,18,LA,2.0,1
00-0036438,Stephen Sullivan,TE,CAR,2023,18,TB,0.0,0
00-0036497,Tim Jones,WR,JAX,2023,18,TEN,0.7,1
00-0036554,Nico Collins,WR,HOU,2023,18,IND,25.5,9
00-0036555,Chuba Hubbard,RB,CAR,2023,18,TB,9.2,2
00-0036567,Elijah Mitchell,RB,SF,2023,18,LA,12.7,2
00-0036626,Dyami Brown,WR,WAS,2023,18,DAL,0.16,0
00-0036628,John Bates,TE,WAS,2023,18,DAL,0.0,0
00-0036630,Tylan Wallace,WR,BAL,2023,18,PIT,1.1,1
00-0036635,Ihmir Smith-Marsette,WR,CAR,2023,18,TB,0.6,1
00-0036637,Noah Gray,TE,KC,2023,18,LAC,0.0,0
00-0036741,Jack Stoll,TE,PHI,2023,18,NYG,1.1,1
00-0036849,Tutu Atwell,WR,LA,2023,18,SF,2.3,2
00-0036862,Ben Skowronek,WR,LA,2023,18,SF,2.2,2
00-0036876,Kylen Granson,TE,IND,2023,18,HOU,2.3,1
00-0036893,Najee Harris,RB,PIT,2023,18,BAL,19.3,5
00-0036894,Pat Freiermuth,TE,PIT,2023,18,BAL,2.1,2
00-0036900,Ja'Marr Chase,WR,CIN,2023,18,CLE,1.9,4
00-0036906,Khalil Herbert,RB,CHI,2023,18,GB,4.1,2
00-0036919,Kenneth Gainwell,RB,PHI,2023,18,NYG,6.2,0
00-0036924,Michael Carter,RB,ARI,2023,18,SEA,1.9,1
00-0036936,Rondale Moore,WR,ARI,2023,18,SEA,3.6,4
00-0036945,Justin Fields,QB,CHI,2023,18,GB,8.62,0
00-0036955,Terrace Marshall Jr.,WR,CAR,2023,18,TB,0.5,1
00-0036963,Amon-Ra St. Brown,WR,DET,2023,18,MIN,20.4,7
00-0036970,Kyle Pitts,TE,ATL,2023,18,NO,2.7,2
00-0036971,Trevor Lawrence,QB,JAX,2023,18,TEN,16.2,0
00-0036973,Travis Etienne,RB,JAX,2023,18,TEN,8.7,5
00-0036988,Josh Palmer,WR,LAC,2023,18,KC,5.0,6
00-0036997,Javonte Williams,RB,DEN,2023,18,LV,13.5,7
00-0037005,Tommy Tremble,TE,CAR,2023,18,TB,1.1,2
00-0037077,Sam Howell,QB,WAS,2023,18,DAL,6.42,1
00-0037086,Grant Calcaterra,TE,PHI,2023,18,NYG,1.8,2
00-0037091,Bo Melton,WR,GB,2023,18,CHI,7.6,5
00-0037120,Tyler Goodson,RB,IND,2023,18,HOU,0.0,0
00-0037132,Britain Covey,WR,PHI,2023,18,NYG,3.5,3
00-0037156,Irvin Charles,WR,NYJ,2023,18,NE,0.0,0
00-0037216,Justyn Ross,WR,KC,2023,18,LAC,1.7,2
00-0037228,Jaylen Warren,RB,PIT,2023,18,BAL,3.0,5
00-0037238,Drake London,WR,ATL,2023,18,NO,4.1,4
00-0037239,Chris Olave,WR,NO,2023,18,ATL,11.6,3
00-0037247,George Pickens,WR,PIT,2023,18,BAL,0.3,0
00-0037248,James Cook,RB,BUF,2023,18,MIA,5.2,3
00-0037256,Rachaad White,RB,TB,2023,18,CAR,9.3,4
00-0037257,David Bell,WR,CLE,2023,18,CIN,18.8,4
00-0037261,Khalil Shakir,WR,BUF,2023,18,MIA,10.5,6
00-0037263,Tyler Allgeier,RB,ATL,2023,18,NO,3.4,3
00-0037267,Jerome Ford,RB,CLE,2023,18,CIN,3.2,2
00-0037273,Kyle Philips,WR,TEN,2023,18,JAX,1.5,2
00-0037276,Ty Chandler,RB,MIN,2023,18,DET,8.9,2
00-0037282,James Mitchell,TE,DET,2023,18,MIN,2.4,1
00-0037286,Kevin Harris,RB,NE,2023,18,NYJ,0.8,1
00-0037304,Connor Heyward,TE,PIT,2023,18,BAL,0.4,2
00-0037306,John FitzPatrick,TE,ATL,2023,18,NO,1.2,1
00-0037317,Nick Muse,TE,MIN,2023,18,DET,2.2,1
00-0037382,Brandon Johnson,WR,DEN,2023,18,LV,8.8,4
00-0037429,Raheem Blackshear,RB,CAR,2023,18,TB,0.6,0
00-0037475,Stone Smartt,TE,LAC,2023,18,KC,1.4,2
00-0037487,Deven Thompkins,WR,TB,2023,18,CAR,0.1,1
00-0037525,Jordan Mason,RB,SF,2023,18,LA,4.8,1
00-0037539,Lucas Krull,TE,DEN,2023,18,LV,0.0,0
00-0037545,Rashid Shaheed,WR,NO,2023,18,ATL,12.5,3
00-0037557,Ronnie Rivers,RB,LA,2023,18,SF,5.2,0
00-0037569,Peyton Hendershot,TE,DAL,2023,18,WAS,2.4,1
00-0037614,John Metchie III,WR,HOU,2023,18,IND,0.5,1
00-0037664,Alec Pierce,WR,IND,2023,18,HOU,0.0,0
00-0037666,Jalen Tolbert,WR,DAL,2023,18,WAS,6.8,2
00-0037740,Garrett Wilson,WR,NYJ,2023,18,NE,3.4,2
00-0037741,Jahan Dotson,WR,WAS,2023,18,DAL,1.7,2
00-0037744,Trey McBride,TE,ARI,2023,18,SEA,9.4,3
00-0037746,Brian Robinson,RB,WAS,2023,18,DAL,7.5,3
00-0037801,KaVontae Turpin,WR,DAL,2023,18,WAS,0.5,0
00-0037809,Chig Okonkwo,TE,TEN,2023,18,JAX,3.6,2
00-0037816,Romeo Doubs,WR,GB,2023,18,CHI,0.0,0
00-0037837,Calvin Austin III,WR,PIT,2023,18,BAL,0.8,0
00-0037838,Isaiah Likely,TE,BAL,2023,18,PIT,9.1,2
00-0038040,Zamir White,RB,LV,2023,18,DEN,12.1,1
00-0038041,Jake Ferguson,TE,DAL,2023,18,WAS,6.9,6
00-0038046,Charlie Kolar,TE,BAL,2023,18,PIT,2.3,3
00-0038098,Pierre Strong,RB,CLE,2023,18,CIN,6.5,0
00-0038108,Bailey Zappe,QB,NE,2023,18,NYJ,0.82,0
00-0038117,Wan'Dale Robinson,WR,NYG,2023,18,PHI,8.5,5
00-0038120,Breece Hall,RB,NYJ,2023,18,NE,27.0,2
00-0038122,Desmond Ridder,QB,ATL,2023,18,NO,15.64,0
00-0038129,Cade Otton,TE,TB,2023,18,CAR,3.0,2
00-0038134,Kenneth Walker III,RB,SEA,2023,18,ARI,8.1,1
00-0038389,Israel Abanikanda,RB,NYJ,2023,18,NE,0.6,0
00-0038393,Dontayvion Wicks,WR,GB,2023,18,CHI,18.1,6
00-0038394,Will Mallory,TE,IND,2023,18,HOU,0.0,0
00-0038396,Eric Gray,RB,NYG,2023,18,PHI,2.8,1
00-0038465,Malik Heath,WR,GB,2023,18,CHI,0.9,3
00-0038476,Tommy DeVito,QB,NYG,2023,18,PHI,0.56,0
00-0038492,Jason Brownlee,WR,NYJ,2023,18,NE,0.0,0
00-0038496,Xavier Gipson,WR,NYJ,2023,18,NE,0.4,1
00-0038542,Bijan Robinson,RB,ATL,2023,18,NO,19.1,7
00-0038543,Jaxon Smith-Njigba,WR,SEA,2023,18,ARI,1.4,3
00-0038544,Quentin Johnston,WR,LAC,2023,18,KC,2.3,2
00-0038551,Kendre Miller,RB,NO,2023,18,ATL,13.9,1
00-0038555,Tank Bigsby,RB,JAX,2023,18,TEN,1.6,0
00-0038559,Michael Wilson,WR,ARI,2023,18,SEA,9.5,6
00-0038563,Tre Tucker,WR,LV,2023,18,DEN,9.0,5
00-0038573,Derius Davis,WR,LAC,2023,18,KC,3.5,1
00-0038576,Charlie Jones,WR,CIN,2023,18,CLE,6.2,3
00-0038579,Aidan O'Connell,QB,LV,2023,18,DEN,17.86,0
00-0038582,Clayton Tune,QB,ARI,2023,18,SEA,0.1,0
00-0038597,Chase Brown,RB,CIN,2023,18,CLE,5.3,1
00-0038606,Parker Washington,WR,JAX,2023,18,TEN,1.1,1
00-0038612,A.T. Perry,WR,NO,2023,18,ATL,17.3,3
00-0038618,Xavier Hutchinson,WR,HOU,2023,18,IND,0.6,1
00-0038619,Andrei Iosivas,WR,CIN,2023,18,CLE,15.6,5
00-0038621,Demario Douglas,WR,NE,2023,18,NYJ,1.3,2
00-0038640,Jalen Brooks,WR,DAL,2023,18,WAS,0.1,1
00-0038647,Ronnie Bell,WR,SF,2023,18,LA,6.5,1
00-0038678,Jordan Mims,RB,NO,2023,18,ATL,0.0,0
00-0038720,Julian Hill,TE,MIA,2023,18,BUF,0.2,1
00-0038752,Jake Bobo,WR,SEA,2023,18,ARI,0.9,1
00-0038794,Jaleel McLaughlin,RB,DEN,2023,18,LV,0.6,0
00-0038933,Dalton Kincaid,TE,BUF,2023,18,MIA,8.4,7
00-0038938,Jalin Hyatt,WR,NYG,2023,18,PHI,0.5,1
00-0038941,Tyler Scott,WR,CHI,2023,18,GB,1.2,1
00-0038976,Marvin Mims Jr.,WR,DEN,2023,18,LV,1.7,1
00-0038979,Cedric Tillman,WR,CLE,2023,18,CIN,4.3,3
00-0038994,Jordan Addison,WR,MIN,2023,18,DET,11.7,4
00-0038996,Tucker Kraft,TE,GB,2023,18,CHI,3.1,3
00-0038997,Josh Downs,WR,IND,2023,18,HOU,4.8,3
00-0039021,Roschon Johnson,RB,CHI,2023,18,GB,2.0,0
00-0039032,Tyjae Spears,RB,TEN,2023,18,JAX,18.6,3
00-0039040,De'Von Achane,RB,MIA,2023,18,BUF,12.1,1
00-0039041,Elijah Higgins,TE,ARI,2023,18,SEA,3.2,2
00-0039052,Trey Palmer,WR,TB,2023,18,CAR,1.0,2
00-0039065,Sam LaPorta,TE,DET,2023,18,MIN,8.9,5
00-0039074,Davis Allen,TE,LA,2023,18,SF,2.5,4
00-0039075,Puka Nacua,WR,LA,2023,18,SF,10.1,4
00-0039136,Zach Evans,RB,LA,2023,18,SF,0.3,0
00-0039139,Jahmyr Gibbs,RB,DET,2023,18,MIN,9.0,0
00-0039144,Luke Musgrave,TE,GB,2023,18,CHI,1.1,1
00-0039146,Jayden Reed,WR,GB,2023,18,CHI,11.2,4
00-0039150,Bryce Young,QB,CAR,2023,18,TB,4.16,0
00-0039163,C.J. Stroud,QB,HOU,2023,18,IND,20.56,0
00-0039165,Zach Charbonnet,RB,SEA,2023,18,ARI,6.0,2
