player_id,name,position,team,season,week,opponent,standard_points,receptions
00-0023459,Aaron Rodgers,QB,NYJ,2024,1,SF,8.58,0
00-0026498,Matthew Stafford,QB,LA,2024,1,DET,14.68,0
00-0027973,Andy Dalton,QB,CAR,2024,1,NO,0.0,0
00-0028118,Tyrod Taylor,QB,NYJ,2024,1,SF,6.14,0
00-0029604,Kirk Cousins,QB,ATL,2024,1,PIT,6.2,0
00-0030035,Adam Thielen,WR,CAR,2024,1,NO,4.9,3
00-0030061,Zach Ertz,TE,WAS,2024,1,TB,2.8,3
00-0030279,Keenan Allen,WR,CHI,2024,1,TEN,2.9,4
00-0030506,Travis Kelce,TE,KC,2024,1,BAL,3.4,3
00-0030564,DeAndre Hopkins,WR,TEN,2024,1,CHI,0.8,1
00-0030565,Geno Smith,QB,SEA,2024,1,DEN,17.84,0
00-0030578,Cordarrelle Patterson,RB,PIT,2024,1,ATL,1.3,0
00-0031236,Brandin Cooks,WR,DAL,2024,1,CLE,10.5,4
00-0031280,Derek Carr,QB,NO,2024,1,CAR,21.3,0
00-0031299,Jordan Matthews,TE,CAR,2024,1,NO,0.0,0
00-0031381,Davante Adams,WR,LV,2024,1,LAC,5.9,5
00-0031408,Mike Evans,WR,TB,2024,1,WAS,18.1,5
00-0031544,Amari Cooper,WR,CLE,2024,1,DAL,1.6,2
00-0031549,Nelson Agholor,WR,BAL,2024,1,KC,0.6,1
00-0031585,MyCole Pruitt,TE,PIT,2024,1,ATL,0.9,1
00-0031588,Stefon Diggs,WR,HOU,2024,1,IND,15.9,6
00-0031687,Raheem Mostert,RB,MIA,2024,1,JAX,1.9,2
00-0031763,DeAndre Carter,WR,CHI,2024,1,TEN,0.6,1
00-0031941,Jamison Crowder,WR,WAS,2024,1,TB,0.5,1
00-0032211,Tyler Lockett,WR,SEA,2024,1,DEN,7.7,6
00-0032392,Austin Hooper,TE,NE,2024,1,CIN,3.1,2
00-0032394,Nick Vannett,TE,TEN,2024,1,CHI,1.1,2
00-0032434,Brandon Allen,QB,SF,2024,1,NYJ,-0.1,0
00-0032464,Kalif Raymond,WR,DET,2024,1,LA,1.2,0
00-0032764,Derrick Henry,RB,BAL,2024,1,KC,10.6,0
00-0032775,Demarcus Robinson,WR,LA,2024,1,DET,4.2,4
00-0033009,Tyler Boyd,WR,TEN,2024,1,CHI,1.8,3
00-0033040,Tyreek Hill,WR,MIA,2024,1,JAX,19.0,7
00-0033045,Ezekiel Elliott,RB,DAL,2024,1,CLE,10.9,2
00-0033077,Dak Prescott,QB,DAL,2024,1,CLE,11.46,0
00-0033090,Hunter Henry,TE,NE,2024,1,CIN,1.8,2
00-0033106,Jared Goff,QB,DET,2024,1,LA,11.38,0
00-0033119,Jacoby Brissett,QB,NE,2024,1,CIN,8.04,0
00-0033217,Mo Alie-Cox,TE,IND,2024,1,HOU,0.0,0
00-0033246,Johnny Mundt,TE,MIN,2024,1,NYG,1.5,2
00-0033282,Curtis Samuel,WR,BUF,2024,1,ARI,1.5,2
00-0033288,George Kittle,TE,SF,2024,1,NYJ,4.0,4
00-0033293,Aaron Jones,RB,MIN,2024,1,NYG,16.9,2
00-0033357,Taysom Hill,TE,NO,2024,1,CAR,3.6,1
00-0033526,Samaje Perine,RB,KC,2024,1,BAL,1.0,1
00-0033537,Deshaun Watson,QB,CLE,2024,1,DAL,10.66,0
00-0033553,James Conner,RB,ARI,2024,1,BUF,16.3,3
00-0033555,Mack Hollins,WR,BUF,2024,1,ARI,8.5,2
00-0033576,Eric Saubert,TE,SF,2024,1,NYJ,0.0,0
00-0033589,David Moore,WR,CAR,2024,1,NO,1.4,1
00-0033662,Cooper Rush,QB,DAL,2024,1,CLE,-0.1,0
00-0033699,Austin Ekeler,RB,WAS,2024,1,TB,6.2,4
00-0033854,Dare Ogunbowale,RB,HOU,2024,1,IND,0.3,1
00-0033857,JuJu Smith-Schuster,WR,KC,2024,1,BAL,0.0,0
00-0033858,Jonnu Smith,TE,MIA,2024,1,JAX,0.7,1
00-0033873,Patrick Mahomes,QB,KC,2024,1,BAL,14.14,1
00-0033881,Evan Engram,TE,JAX,2024,1,MIA,0.5,1
00-0033885,David Njoku,TE,CLE,2024,1,DAL,4.4,4
00-0033895,Gerald Everett,TE,CHI,2024,1,TEN,-0.1,1
00-0033897,Joe Mixon,RB,HOU,2024,1,IND,23.8,3
00-0033906,Alvin Kamara,RB,NO,2024,1,CAR,17.0,5
00-0033908,Cooper Kupp,WR,LA,2024,1,DET,18.0,14
00-0033921,Chris Godwin,WR,TB,2024,1,WAS,14.3,8
00-0033943,Josh Reynolds,WR,DEN,2024,1,SEA,4.5,5
00-0033948,Jamaal Williams,RB,NO,2024,1,CAR,11.1,1
00-0034115,Jeffery Wilson,RB,MIA,2024,1,JAX,2.6,0
00-0034159,Will Dissly,TE,LAC,2024,1,LV,1.3,1
00-0034184,Gus Edwards,RB,LAC,2024,1,LV,2.8,1
00-0034208,Mike Boone,RB,CAR,2024,1,NO,0.7,0
00-0034270,Tyler Conklin,TE,NYJ,2024,1,SF,0.6,1
00-0034272,Marquez Valdes-Scantling,WR,BUF,2024,1,ARI,1.9,1
00-0034348,Courtland Sutton,WR,DEN,2024,1,SEA,3.8,4
00-0034351,Dallas Goedert,TE,PHI,2024,1,GB,3.1,4
00-0034364,Jordan Akins,TE,CLE,2024,1,DAL,2.7,3
00-0034383,Dalton Schultz,TE,HOU,2024,1,IND,1.6,3
00-0034386,Justin Watson,WR,KC,2024,1,BAL,2.5,1
00-0034407,Ray-Ray McCloud,WR,ATL,2024,1,PIT,5.2,4
00-0034419,Braxton Berrios,WR,MIA,2024,1,JAX,0.0,0
00-0034521,Allen Lazard,WR,NYJ,2024,1,SF,20.9,6
00-0034613,Tanner Hudson,TE,CIN,2024,1,NE,-0.2,2
00-0034753,Mark Andrews,TE,BAL,2024,1,KC,1.4,2
00-0034775,Christian Kirk,WR,JAX,2024,1,MIA,3.0,1
00-0034796,Lamar Jackson,QB,BAL,2024,1,KC,25.12,0
00-0034798,Durham Smythe,TE,MIA,2024,1,JAX,0.0,0
00-0034827,D.J. Moore,WR,CHI,2024,1,TEN,5.0,5
00-0034829,Mike Gesicki,TE,CIN,2024,1,NE,1.8,3
00-0034830,Hayden Hurst,TE,LAC,2024,1,LV,3.3,2
00-0034837,Calvin Ridley,WR,TEN,2024,1,CHI,5.0,3
00-0034844,Saquon Barkley,RB,PHI,2024,1,GB,31.2,2
00-0034855,Baker Mayfield,QB,TB,2024,1,WAS,29.66,0
00-0034857,Josh Allen,QB,BUF,2024,1,ARI,31.18,0
00-0034869,Sam Darnold,QB,MIN,2024,1,NYG,14.62,0
00-0034960,Jakobi Meyers,WR,LV,2024,1,LAC,6.4,3
00-0034972,Alexander Mattison,RB,LV,2024,1,LAC,12.2,4
00-0034975,Justice Hill,RB,BAL,2024,1,KC,5.5,6
00-0034981,Foster Moreau,TE,NO,2024,1,CAR,10.3,4
00-0035021,Ashton Dulin,WR,IND,2024,1,HOU,11.4,1
00-0035208,Olamide Zaccheaus,WR,WAS,2024,1,TB,1.5,1
00-0035216,Diontae Johnson,WR,CAR,2024,1,NO,1.9,2
00-0035228,Kyler Murray,QB,ARI,2024,1,BUF,14.18,0
00-0035243,Miles Sanders,RB,CAR,2024,1,NO,2.2,0
00-0035249,Josh Oliver,TE,MIN,2024,1,NYG,2.7,2
00-0035250,Devin Singletary,RB,NYG,2024,1,MIN,5.2,4
00-0035261,Tony Pollard,RB,TEN,2024,1,CHI,15.4,3
00-0035289,Gardner Minshew,QB,LV,2024,1,LAC,10.78,0
00-0035311,Myles Gaskin,RB,MIN,2024,1,NYG,-0.3,0
00-0035341,Trenton Irwin,WR,CIN,2024,1,NE,0.6,1
00-0035406,Lil'Jordan Humphrey,WR,DEN,2024,1,SEA,0.0,0
00-0035500,Greg Dortch,WR,ARI,2024,1,BUF,5.1,6
00-0035535,Darius Slayton,WR,NYG,2024,1,MIN,2.6,3
00-0035537,Ty Johnson,RB,BUF,2024,1,ARI,0.7,0
00-0035594,Travis Homer,RB,CHI,2024,1,TEN,1.0,0
00-0035640,DK Metcalf,WR,SEA,2024,1,DEN,2.9,3
00-0035644,Noah Fant,TE,SEA,2024,1,DEN,1.1,2
00-0035659,Terry McLaurin,WR,WAS,2024,1,TB,1.7,2
00-0035676,A.J. Brown,WR,PHI,2024,1,GB,17.9,5
00-0035685,David Montgomery,RB,DET,2024,1,LA,15.3,1
00-0035689,Dawson Knox,TE,BUF,2024,1,ARI,2.3,1
00-0035700,Josh Jacobs,RB,GB,2024,1,PHI,10.4,2
00-0035710,Daniel Jones,QB,NYG,2024,1,MIN,4.94,0
00-0035719,Deebo Samuel,WR,SF,2024,1,NYJ,13.7,5
00-0036040,Juwan Johnson,TE,NO,2024,1,CAR,8.6,2
00-0036139,Rico Dowdle,RB,DAL,2024,1,CLE,3.2,1
00-0036158,J.K. Dobbins,RB,LAC,2024,1,LV,19.9,3
00-0036196,Gabe Davis,WR,JAX,2024,1,MIA,6.2,3
00-0036212,Tua Tagovailoa,QB,MIA,2024,1,JAX,18.62,0
00-0036223,Jonathan Taylor,RB,IND,2024,1,HOU,10.8,0
00-0036244,Colby Parkinson,TE,LA,2024,1,DET,4.7,4
00-0036251,Zack Moss,RB,CIN,2024,1,NE,12.1,2
00-0036252,Michael Pittman,WR,IND,2024,1,HOU,3.1,4
00-0036259,Jauan Jennings,WR,SF,2024,1,NYJ,6.4,5
00-0036261,Brandon Aiyuk,WR,SF,2024,1,NYJ,2.8,2
00-0036264,Jordan Love,QB,GB,2024,1,PHI,16.4,0
00-0036268,Laviska Shenault Jr.,WR,SEA,2024,1,DEN,0.1,1
00-0036275,D'Andre Swift,RB,CHI,2024,1,TEN,5.0,0
00-0036290,Cole Kmet,TE,CHI,2024,1,TEN,0.4,1
00-0036309,Darnell Mooney,WR,ATL,2024,1,PIT,1.5,1
00-0036322,Justin Jefferson,WR,MIN,2024,1,NYG,11.9,4
00-0036328,Antonio Gibson,RB,NE,2024,1,CIN,1.8,0
00-0036331,Devin Duvernay,WR,JAX,2024,1,MIA,0.3,0
00-0036345,K.J. Osborn,WR,NE,2024,1,CIN,2.1,3
00-0036355,Justin Herbert,QB,LAC,2024,1,LV,10.36,0
00-0036358,CeeDee Lamb,WR,DAL,2024,1,CLE,8.6,5
00-0036389,Jalen Hurts,QB,PHI,2024,1,GB,16.42,0
00-0036407,Jerry Jeudy,WR,CLE,2024,1,DAL,8.5,3
00-0036415,Van Jefferson,WR,PIT,2024,1,ATL,0.1,1
00-0036422,Adam Trautman,TE,DEN,2024,1,SEA,0.0,0
00-0036425,DeeJay Dallas,RB,ARI,2024,1,BUF,6.0,0
00-0036427,Tyler Johnson,WR,LA,2024,1,DET,7.9,5
00-0036429,Charlie Woerner,TE,ATL,2024,1,PIT,0.4,1
00-0036442,Joe Burrow,QB,CIN,2024,1,NE,8.06,0
00-0036527,D.J. Turner,WR,LV,2024,1,LAC,0.9,1
00-0036550,Rashod Bateman,WR,BAL,2024,1,KC,5.3,2
00-0036554,Nico Collins,WR,HOU,2024,1,IND,11.7,6
00-0036555,Chuba Hubbard,RB,CAR,2024,1,NO,1.4,0
00-0036556,Brevin Jordan,TE,HOU,2024,1,IND,0.3,1
00-0036613,Jaylen Waddle,WR,MIA,2024,1,JAX,11.2,5
00-0036628,John Bates,TE,WAS,2024,1,TB,0.0,0
00-0036637,Noah Gray,TE,KC,2024,1,BAL,3.7,3
00-0036754,Brock Wright,TE,DET,2024,1,LA,0.2,1
00-0036875,Rhamondre Stevenson,RB,NE,2024,1,CIN,18.6,3
00-0036876,Kylen Granson,TE,IND,2024,1,HOU,0.0,0
00-0036893,Najee Harris,RB,PIT,2024,1,ATL,7.9,1
00-0036894,Pat Freiermuth,TE,PIT,2024,1,ATL,2.7,4
00-0036900,Ja'Marr Chase,WR,CIN,2024,1,NE,6.2,6
00-0036906,Khalil Herbert,RB,CHI,2024,1,TEN,0.4,0
00-0036912,DeVonta Smith,WR,PHI,2024,1,GB,8.4,7
00-0036919,Kenneth Gainwell,RB,PHI,2024,1,GB,1.2,1
00-0036928,Kyle Trask,QB,TB,2024,1,WAS,-0.2,0
00-0036945,Justin Fields,QB,PIT,2024,1,ATL,11.94,0
00-0036963,Amon-Ra St. Brown,WR,DET,2024,1,LA,1.3,3
00-0036970,Kyle Pitts,TE,ATL,2024,1,PIT,8.6,3
00-0036971,Trevor Lawrence,QB,JAX,2024,1,MIA,11.28,0
00-0036973,Travis Etienne,RB,JAX,2024,1,MIA,9.9,2
00-0036980,Elijah Moore,WR,CLE,2024,1,DAL,0.9,3
00-0036988,Josh Palmer,WR,LAC,2024,1,LV,1.5,2
00-0036997,Javonte Williams,RB,DEN,2024,1,SEA,2.3,1
00-0037086,Grant Calcaterra,TE,PHI,2024,1,GB,1.1,1
00-0037093,Dareke Young,WR,SEA,2024,1,DEN,0.0,0
00-0037197,Isiah Pacheco,RB,KC,2024,1,BAL,13.8,2
00-0037228,Jaylen Warren,RB,PIT,2024,1,ATL,2.0,2
00-0037238,Drake London,WR,ATL,2024,1,PIT,1.5,2
00-0037239,Chris Olave,WR,NO,2024,1,CAR,1.1,2
00-0037240,Jameson Williams,WR,DET,2024,1,LA,19.4,5
00-0037247,George Pickens,WR,PIT,2024,1,ATL,7.5,6
00-0037248,James Cook,RB,BUF,2024,1,ARI,10.3,3
00-0037252,Greg Dulcich,TE,DEN,2024,1,SEA,1.2,2
00-0037256,Rachaad White,RB,TB,2024,1,WAS,10.6,6
00-0037258,Dameon Pierce,RB,HOU,2024,1,IND,1.6,0
00-0037261,Khalil Shakir,WR,BUF,2024,1,ARI,10.2,3
00-0037263,Tyler Allgeier,RB,ATL,2024,1,PIT,2.1,0
00-0037267,Jerome Ford,RB,CLE,2024,1,DAL,12.9,6
00-0037276,Ty Chandler,RB,MIN,2024,1,NYG,4.2,3
00-0037291,Jalen Nailor,WR,MIN,2024,1,NYG,8.1,1
00-0037525,Jordan Mason,RB,SF,2024,1,NYJ,21.2,1
00-0037545,Rashid Shaheed,WR,NO,2024,1,CAR,13.3,3
00-0037557,Ronnie Rivers,RB,LA,2024,1,DET,1.6,0
00-0037664,Alec Pierce,WR,IND,2024,1,HOU,18.5,3
00-0037666,Jalen Tolbert,WR,DAL,2024,1,CLE,1.2,1
00-0037740,Garrett Wilson,WR,NYJ,2024,1,SF,6.0,6
00-0037741,Jahan Dotson,WR,PHI,2024,1,GB,0.0,0
00-0037742,Treylon Burks,WR,TEN,2024,1,CHI,0.3,1
00-0037744,Trey McBride,TE,ARI,2024,1,BUF,3.0,5
00-0037745,Velus Jones,RB,CHI,2024,1,TEN,1.9,1
00-0037746,Brian Robinson,RB,WAS,2024,1,TB,14.9,3
00-0037801,Kavontae Turpin,WR,DAL,2024,1,CLE,6.0,0
00-0037809,Chigoziem Okonkwo,TE,TEN,2024,1,CHI,7.5,2
00-0037816,Romeo Doubs,WR,GB,2024,1,PHI,5.0,4
00-0037834,Brock Purdy,QB,SF,2024,1,NYJ,10.34,0
00-0037837,Calvin Austin,WR,PIT,2024,1,ATL,0.7,1
00-0037838,Isaiah Likely,TE,BAL,2024,1,KC,17.1,9
00-0037840,Kyren Williams,RB,LA,2024,1,DET,11.4,3
00-0038040,Zamir White,RB,LV,2024,1,LAC,2.6,2
00-0038041,Jake Ferguson,TE,DAL,2024,1,CLE,1.5,3
00-0038098,Pierre Strong,RB,CLE,2024,1,DAL,3.0,2
00-0038104,Tyquan Thornton,WR,NE,2024,1,CIN,2.7,2
00-0038115,Daniel Bellinger,TE,NYG,2024,1,MIN,0.3,1
00-0038117,Wan'Dale Robinson,WR,NYG,2024,1,MIN,5.8,6
00-0038120,Breece Hall,RB,NYJ,2024,1,SF,13.3,5
00-0038124,Christian Watson,WR,GB,2024,1,PHI,7.3,3
00-0038128,Malik Willis,QB,GB,2024,1,PHI,0.0,0
00-0038129,Cade Otton,TE,TB,2024,1,WAS,0.5,1
00-0038134,Kenneth Walker,RB,SEA,2024,1,DEN,16.9,2
00-0038393,Dontayvion Wicks,WR,GB,2024,1,PHI,0.0,0
00-0038396,Eric Gray,RB,NYG,2024,1,MIN,1.5,1
00-0038542,Bijan Robinson,RB,ATL,2024,1,PIT,11.1,5
00-0038543,Jaxon Smith-Njigba,WR,SEA,2024,1,DEN,1.9,2
00-0038544,Quentin Johnston,WR,LAC,2024,1,LV,3.8,3
00-0038555,Tank Bigsby,RB,JAX,2024,1,MIA,7.3,0
00-0038558,Darnell Washington,TE,PIT,2024,1,ATL,0.5,1
00-0038559,Michael Wilson,WR,ARI,2024,1,BUF,6.5,1
00-0038563,Tre Tucker,WR,LV,2024,1,LAC,2.2,2
00-0038573,Derius Davis,WR,LAC,2024,1,LV,0.9,0
00-0038576,Charlie Jones,WR,CIN,2024,1,NE,0.5,1
00-0038597,Chase Brown,RB,CIN,2024,1,NE,2.3,3
00-0038606,Parker Washington,WR,JAX,2024,1,MIA,0.3,1
00-0038618,Xavier Hutchinson,WR,HOU,2024,1,IND,0.3,1
00-0038619,Andrei Iosivas,WR,CIN,2024,1,NE,2.6,3
00-0038621,Demario Douglas,WR,NE,2024,1,CIN,1.2,2
00-0038622,Deuce Vaughn,RB,DAL,2024,1,CLE,0.4,0
00-0038640,Jalen Brooks,WR,DAL,2024,1,CLE,1.8,1
00-0038678,Jordan Mims,RB,NO,2024,1,CAR,1.1,0
00-0038705,Emari Demercado,RB,ARI,2024,1,BUF,2.6,2
00-0038720,Julian Hill,TE,MIA,2024,1,JAX,0.6,1
00-0038794,Jaleel McLaughlin,RB,DEN,2024,1,SEA,0.8,5
00-0038797,Emanuel Wilson,RB,GB,2024,1,PHI,4.8,2
00-0038933,Dalton Kincaid,TE,BUF,2024,1,ARI,1.1,1
00-0038938,Jalin Hyatt,WR,NYG,2024,1,MIN,0.0,0
00-0038976,Marvin Mims,WR,DEN,2024,1,SEA,0.0,0
00-0038977,Tank Dell,WR,HOU,2024,1,IND,5.9,3
00-0038979,Cedric Tillman,WR,CLE,2024,1,DAL,0.3,1
00-0038994,Jordan Addison,WR,MIN,2024,1,NYG,3.5,3
00-0038996,Tucker Kraft,TE,GB,2024,1,PHI,3.7,2
00-0038998,Jake Haener,QB,NO,2024,1,CAR,0.0,0
00-0039032,Tyjae Spears,RB,TEN,2024,1,CHI,3.2,4
00-0039040,Devon Achane,RB,MIA,2024,1,JAX,16.0,7
00-0039041,Elijah Higgins,TE,ARI,2024,1,BUF,1.2,2
00-0039052,Trey Palmer,WR,TB,2024,1,WAS,1.9,1
00-0039062,Jonathan Mingo,WR,CAR,2024,1,NO,2.3,2
00-0039064,Zay Flowers,WR,BAL,2024,1,KC,5.1,6
00-0039065,Sam LaPorta,TE,DET,2024,1,LA,4.5,4
00-0039066,Michael Mayer,TE,LV,2024,1,LAC,0.3,2
00-0039067,Rashee Rice,WR,KC,2024,1,BAL,10.3,7
00-0039074,Davis Allen,TE,LA,2024,1,DET,0.0,0
00-0039075,Puka Nacua,WR,LA,2024,1,DET,4.2,4
00-0039139,Jahmyr Gibbs,RB,DET,2024,1,LA,13.4,4
00-0039144,Luke Musgrave,TE,GB,2024,1,PHI,0.0,0
00-0039146,Jayden Reed,WR,GB,2024,1,PHI,29.1,4
00-0039150,Bryce Young,QB,CAR,2024,1,NO,9.64,0
00-0039152,Will Levis,QB,TEN,2024,1,CHI,6.68,0
00-0039163,C.J. Stroud,QB,HOU,2024,1,IND,18.66,0
00-0039164,Anthony Richardson,QB,IND,2024,1,HOU,26.08,0
00-0039165,Zach Charbonnet,RB,SEA,2024,1,DEN,10.1,2
00-0039236,Johnny Wilson,WR,PHI,2024,1,GB,0.0,0
00-0039325,Carson Steele,RB,KC,2024,1,BAL,0.3,0
00-0039337,Malik Nabers,WR,NYG,2024,1,MIN,6.6,5
00-0039338,Brock Bowers,TE,LV,2024,1,LAC,5.8,6
00-0039342,Xavier Legette,WR,CAR,2024,1,NO,3.5,4
00-0039355,Luke McCaffrey,WR,WAS,2024,1,TB,1.8,3
00-0039356,Ja'Tavion Sanders,TE,CAR,2024,1,NO,0.4,1
00-0039361,Bucky Irving,RB,TB,2024,1,WAS,7.6,2
00-0039373,Audric Estime,RB,DEN,2024,1,SEA,1.4,0
00-0039384,Tyrone Tracy,RB,NYG,2024,1,MIN,0.7,1
00-0039386,Bub Means,WR,NO,2024,1,CAR,0.0,0
00-0039424,Devaughn Vele,WR,DEN,2024,1,SEA,3.9,8
00-0039589,Kameron Johnson,WR,TB,2024,1,WAS,0.0,0
00-0039623,Mason Tipton,WR,NO,2024,1,CAR,0.6,1
00-0039732,Bo Nix,QB,DEN,2024,1,SEA,11.02,0
00-0039794,Braelon Allen,RB,NYJ,2024,1,SF,1.7,1
00-0039847,Theo Johnson,TE,NYG,2024,1,MIN,1.8,1
00-0039849,Marvin Harrison,WR,ARI,2024,1,BUF,0.4,1
00-0039855,Jalen McMillan,WR,TB,2024,1,WAS,9.2,1
00-0039875,Ray Davis,RB,BUF,2024,1,ARI,2.7,1
00-0039890,Adonai Mitchell,WR,IND,2024,1,HOU,0.2,1
00-0039893,Brian Thomas,WR,JAX,2024,1,MIA,10.7,4
00-0039894,Xavier Worthy,WR,KC,2024,1,BAL,18.8,2
00-0039901,Keon Coleman,WR,BUF,2024,1,ARI,5.1,4
00-0039907,Ja'Lynn Polk,WR,NE,2024,1,CIN,0.6,1
00-0039910,Jayden Daniels,QB,WAS,2024,1,TB,28.16,0
00-0039915,Ladd McConkey,WR,LAC,2024,1,LV,9.9,5
00-0039918,Caleb Williams,QB,CHI,2024,1,TEN,7.22,0
00-0039919,Rome Odunze,WR,CHI,2024,1,TEN,1.1,1
00-0039921,Trey Benson,RB,ARI,2024,1,BUF,1.8,1
00-0023459,Aaron Rodgers,QB,NYJ,2024,2,TEN,15.14,0
00-0026498,Matthew Stafford,QB,LA,2024,2,ARI,6.64,0
00-0029604,Kirk Cousins,QB,ATL,2024,2,PHI,17.54,0
00-0030035,Adam Thielen,WR,CAR,2024,2,LAC,2.0,2
00-0030061,Zach Ertz,TE,WAS,2024,2,NYG,6.2,4
00-0030506,Travis Kelce,TE,KC,2024,2,CIN,0.6,1
00-0030564,DeAndre Hopkins,WR,TEN,2024,2,NYJ,0.9,1
00-0030565,Geno Smith,QB,SEA,2024,2,NE,17.88,0
00-0030578,Cordarrelle Patterson,RB,PIT,2024,2,DEN,0.3,0
00-0031236,Brandin Cooks,WR,DAL,2024,2,NO,1.6,2
00-0031280,Derek Carr,QB,NO,2024,2,DAL,21.82,0
00-0031381,Davante Adams,WR,LV,2024,2,BAL,17.0,9
00-0031408,Mike Evans,WR,TB,2024,2,DET,4.2,3
00-0031503,Jameis Winston,QB,CLE,2024,2,JAX,0.4,0
00-0031544,Amari Cooper,WR,CLE,2024,2,JAX,1.1,3
00-0031549,Nelson Agholor,WR,BAL,2024,2,LV,1.3,1
00-0031588,Stefon Diggs,WR,HOU,2024,2,CHI,3.7,4
00-0031690,Eric Tomlinson,TE,LAC,2024,2,CAR,0.0,0
00-0031763,DeAndre Carter,WR,CHI,2024,2,HOU,3.2,3
00-0032104,Ameer Abdullah,RB,LV,2024,2,BAL,0.2,2
00-0032128,Chris Conley,WR,SF,2024,2,MIN,0.4,1
00-0032211,Tyler Lockett,WR,SEA,2024,2,NE,1.5,2
00-0032392,Austin Hooper,TE,NE,2024,2,SEA,0.5,1
00-0032464,Kalif Raymond,WR,DET,2024,2,TB,2.7,3
00-0032688,Robbie Chosen,WR,MIA,2024,2,BUF,0.5,1
00-0032764,Derrick Henry,RB,BAL,2024,2,LV,15.6,1
00-0032775,Demarcus Robinson,WR,LA,2024,2,ARI,5.0,2
00-0033009,Tyler Boyd,WR,TEN,2024,2,NYJ,2.6,2
00-0033040,Tyreek Hill,WR,MIA,2024,2,BUF,3.6,3
00-0033045,Ezekiel Elliott,RB,DAL,2024,2,NO,3.2,2
00-0033077,Dak Prescott,QB,DAL,2024,2,NO,12.92,0
00-0033090,Hunter Henry,TE,NE,2024,2,SEA,10.9,8
00-0033106,Jared Goff,QB,DET,2024,2,TB,8.78,0
00-0033119,Jacoby Brissett,QB,NE,2024,2,SEA,10.56,0
00-0033217,Mo Alie-Cox,TE,IND,2024,2,GB,2.2,1
00-0033246,Johnny Mundt,TE,MIN,2024,2,SF,1.2,2
00-0033282,Curtis Samuel,WR,BUF,2024,2,MIA,0.3,1
00-0033288,George Kittle,TE,SF,2024,2,MIN,13.6,7
00-0033293,Aaron Jones,RB,MIN,2024,2,SF,4.8,5
00-0033357,Taysom Hill,TE,NO,2024,2,DAL,1.9,1
00-0033375,Tim Patrick,WR,DET,2024,2,TB,1.2,2
00-0033526,Samaje Perine,RB,KC,2024,2,CIN,0.3,1
00-0033536,Mike Williams,WR,NYJ,2024,2,TEN,1.9,1
00-0033537,Deshaun Watson,QB,CLE,2024,2,JAX,15.44,0
00-0033553,James Conner,RB,ARI,2024,2,LA,18.4,1
00-0033555,Mack Hollins,WR,BUF,2024,2,MIA,0.0,0
00-0033576,Eric Saubert,TE,SF,2024,2,MIN,2.6,2
00-0033589,David Moore,WR,CAR,2024,2,LAC,0.0,0
00-0033591,Noah Brown,WR,WAS,2024,2,NYG,5.6,3
00-0033662,Cooper Rush,QB,DAL,2024,2,NO,0.24,0
00-0033699,Austin Ekeler,RB,WAS,2024,2,NYG,8.5,3
00-0033854,Dare Ogunbowale,RB,HOU,2024,2,CHI,2.3,2
00-0033858,Jonnu Smith,TE,MIA,2024,2,BUF,5.3,6
00-0033869,Mitchell Trubisky,QB,BUF,2024,2,MIA,-0.2,0
00-0033873,Patrick Mahomes,QB,KC,2024,2,CIN,12.94,0
00-0033895,Gerald Everett,TE,CHI,2024,2,HOU,0.1,2
00-0033897,Joe Mixon,RB,HOU,2024,2,CHI,5.0,3
00-0033906,Alvin Kamara,RB,NO,2024,2,DAL,42.0,2
00-0033908,Cooper Kupp,WR,LA,2024,2,ARI,3.7,4
00-0033921,Chris Godwin,WR,TB,2024,2,DET,17.7,7
00-0033925,D'Onta Foreman,RB,CLE,2024,2,JAX,5.1,1
00-0033943,Josh Reynolds,WR,DEN,2024,2,PIT,9.3,4
00-0033948,Jamaal Williams,RB,NO,2024,2,DAL,3.9,0
00-0034115,Jeffery Wilson,RB,MIA,2024,2,BUF,1.2,2
00-0034159,Will Dissly,TE,LAC,2024,2,CAR,2.9,3
00-0034184,Gus Edwards,RB,LAC,2024,2,CAR,5.9,0
00-0034270,Tyler Conklin,TE,NYJ,2024,2,TEN,1.0,1
00-0034272,Marquez Valdes-Scantling,WR,BUF,2024,2,MIA,0.0,0
00-0034348,Courtland Sutton,WR,DEN,2024,2,PIT,2.6,1
00-0034351,Dallas Goedert,TE,PHI,2024,2,ATL,3.8,3
00-0034364,Jordan Akins,TE,CLE,2024,2,JAX,1.0,1
00-0034383,Dalton Schultz,TE,HOU,2024,2,CHI,2.1,2
00-0034386,Justin Watson,WR,KC,2024,2,CIN,2.2,2
00-0034407,Ray-Ray McCloud,WR,ATL,2024,2,PHI,4.5,3
00-0034419,Braxton Berrios,WR,MIA,2024,2,BUF,0.0,0
00-0034487,Trent Sherfield,WR,MIN,2024,2,SF,1.7,1
00-0034521,Allen Lazard,WR,NYJ,2024,2,TEN,1.1,2
00-0034646,Brandon Powell,WR,MIN,2024,2,SF,1.6,2
00-0034753,Mark Andrews,TE,BAL,2024,2,LV,5.1,4
00-0034775,Christian Kirk,WR,JAX,2024,2,CLE,-0.1,1
00-0034796,Lamar Jackson,QB,BAL,2024,2,LV,16.38,0
00-0034798,Durham Smythe,TE,MIA,2024,2,BUF,0.8,1
00-0034827,D.J. Moore,WR,CHI,2024,2,HOU,5.3,6
00-0034829,Mike Gesicki,TE,CIN,2024,2,KC,9.1,7
00-0034830,Hayden Hurst,TE,LAC,2024,2,CAR,0.5,1
00-0034837,Calvin Ridley,WR,TEN,2024,2,NYJ,20.7,4
00-0034844,Saquon Barkley,RB,PHI,2024,2,ATL,13.6,4
00-0034855,Baker Mayfield,QB,TB,2024,2,DET,18.8,0
00-0034857,Josh Allen,QB,BUF,2024,2,MIA,9.76,0
00-0034869,Sam Darnold,QB,MIN,2024,2,SF,19.92,0
00-0034960,Jakobi Meyers,WR,LV,2024,2,BAL,2.9,4
00-0034972,Alexander Mattison,RB,LV,2024,2,BAL,6.1,0
00-0034975,Justice Hill,RB,BAL,2024,2,LV,3.2,2
00-0035021,Ashton Dulin,WR,IND,2024,2,GB,1.3,1
00-0035208,Olamide Zaccheaus,WR,WAS,2024,2,NYG,1.4,3
00-0035216,Diontae Johnson,WR,CAR,2024,2,LAC,1.5,3
00-0035228,Kyler Murray,QB,ARI,2024,2,LA,28.54,0
00-0035243,Miles Sanders,RB,CAR,2024,2,LAC,2.5,3
00-0035250,Devin Singletary,RB,NYG,2024,2,WAS,13.5,1
00-0035261,Tony Pollard,RB,TEN,2024,2,NYJ,10.2,5
00-0035289,Gardner Minshew,QB,LV,2024,2,BAL,12.94,0
00-0035341,Trenton Irwin,WR,CIN,2024,2,KC,0.5,1
00-0035406,Lil'Jordan Humphrey,WR,DEN,2024,2,PIT,5.0,4
00-0035500,Greg Dortch,WR,ARI,2024,2,LA,1.1,2
00-0035535,Darius Slayton,WR,NYG,2024,2,WAS,3.3,3
00-0035537,Ty Johnson,RB,BUF,2024,2,MIA,3.2,1
00-0035544,Tom Kennedy,WR,DET,2024,2,TB,0.0,0
00-0035594,Travis Homer,RB,CHI,2024,2,HOU,0.6,0
00-0035628,D'Ernest Johnson,RB,JAX,2024,2,CLE,2.6,0
00-0035631,Drew Sample,TE,CIN,2024,2,KC,2.8,3
00-0035640,DK Metcalf,WR,SEA,2024,2,NE,18.9,10
00-0035644,Noah Fant,TE,SEA,2024,2,NE,1.4,1
00-0035659,Terry McLaurin,WR,WAS,2024,2,NYG,2.2,6
00-0035685,David Montgomery,RB,DET,2024,2,TB,13.0,4
00-0035700,Josh Jacobs,RB,GB,2024,2,IND,13.1,0
00-0035710,Daniel Jones,QB,NYG,2024,2,WAS,18.32,0
00-0035719,Deebo Samuel,WR,SF,2024,2,MIN,10.0,8
00-0035806,Jamycal Hasty,RB,NE,2024,2,SEA,0.2,0
00-0036139,Rico Dowdle,RB,DAL,2024,2,NO,5.9,4
00-0036158,J.K. Dobbins,RB,LAC,2024,2,CAR,19.1,1
00-0036196,Gabe Davis,WR,JAX,2024,2,CLE,4.3,3
00-0036212,Tua Tagovailoa,QB,MIA,2024,2,BUF,5.5,0
00-0036223,Jonathan Taylor,RB,IND,2024,2,GB,13.5,2
00-0036232,Harrison Bryant,TE,LV,2024,2,BAL,0.0,0
00-0036244,Colby Parkinson,TE,LA,2024,2,ARI,1.2,1
00-0036251,Zack Moss,RB,CIN,2024,2,KC,4.7,1
00-0036252,Michael Pittman,WR,IND,2024,2,GB,2.1,3
00-0036259,Jauan Jennings,WR,SF,2024,2,MIN,3.7,2
00-0036261,Brandon Aiyuk,WR,SF,2024,2,MIN,4.3,4
00-0036268,Laviska Shenault Jr.,WR,SEA,2024,2,NE,0.6,1
00-0036275,D'Andre Swift,RB,CHI,2024,2,HOU,4.2,4
00-0036290,Cole Kmet,TE,CHI,2024,2,HOU,2.7,4
00-0036309,Darnell Mooney,WR,ATL,2024,2,PHI,14.8,3
00-0036322,Justin Jefferson,WR,MIN,2024,2,SF,19.3,4
00-0036328,Antonio Gibson,RB,NE,2024,2,SEA,10.3,1
00-0036331,Devin Duvernay,WR,JAX,2024,2,CLE,0.4,0
00-0036345,K.J. Osborn,WR,NE,2024,2,SEA,0.7,1
00-0036355,Justin Herbert,QB,LAC,2024,2,CAR,11.0,0
00-0036358,CeeDee Lamb,WR,DAL,2024,2,NO,15.0,4
00-0036389,Jalen Hurts,QB,PHI,2024,2,ATL,23.82,0
00-0036407,Jerry Jeudy,WR,CLE,2024,2,JAX,7.3,5
00-0036414,Cam Akers,RB,HOU,2024,2,CHI,1.5,1
00-0036415,Van Jefferson,WR,PIT,2024,2,DEN,1.4,2
00-0036427,Tyler Johnson,WR,LA,2024,2,ARI,2.0,2
00-0036442,Joe Burrow,QB,CIN,2024,2,KC,17.22,0
00-0036527,D.J. Turner,WR,LV,2024,2,BAL,0.2,0
00-0036550,Rashod Bateman,WR,BAL,2024,2,LV,4.0,3
00-0036554,Nico Collins,WR,HOU,2024,2,CHI,19.5,8
00-0036555,Chuba Hubbard,RB,CAR,2024,2,LAC,7.6,4
00-0036556,Brevin Jordan,TE,HOU,2024,2,CHI,0.4,1
00-0036613,Jaylen Waddle,WR,MIA,2024,2,BUF,4.5,4
00-0036626,Dyami Brown,WR,WAS,2024,2,NYG,1.7,2
00-0036628,John Bates,TE,WAS,2024,2,NYG,0.5,1
00-0036849,Tutu Atwell,WR,LA,2024,2,ARI,4.8,3
00-0036875,Rhamondre Stevenson,RB,NE,2024,2,SEA,15.0,2
00-0036876,Kylen Granson,TE,IND,2024,2,GB,0.9,1
00-0036887,Luke Farrell,TE,JAX,2024,2,CLE,1.3,2
00-0036893,Najee Harris,RB,PIT,2024,2,DEN,7.4,1
00-0036894,Pat Freiermuth,TE,PIT,2024,2,DEN,3.9,4
00-0036900,Ja'Marr Chase,WR,CIN,2024,2,KC,3.5,4
00-0036906,Khalil Herbert,RB,CHI,2024,2,HOU,6.7,2
00-0036912,DeVonta Smith,WR,PHI,2024,2,ATL,13.6,7
00-0036919,Kenneth Gainwell,RB,PHI,2024,2,ATL,0.6,0
00-0036945,Justin Fields,QB,PIT,2024,2,DEN,11.38,0
00-0036963,Amon-Ra St. Brown,WR,DET,2024,2,TB,11.9,11
00-0036970,Kyle Pitts,TE,ATL,2024,2,PHI,2.0,3
00-0036971,Trevor Lawrence,QB,JAX,2024,2,CLE,13.3,0
00-0036973,Travis Etienne,RB,JAX,2024,2,CLE,11.8,3
00-0036980,Elijah Moore,WR,CLE,2024,2,JAX,4.4,6
00-0036984,Trey Sermon,RB,IND,2024,2,GB,0.7,1
00-0036988,Josh Palmer,WR,LAC,2024,2,CAR,1.9,2
00-0036997,Javonte Williams,RB,DEN,2024,2,PIT,6.5,5
00-0037005,Tommy Tremble,TE,CAR,2024,2,LAC,2.3,3
00-0037085,Tyler Badie,RB,DEN,2024,2,PIT,1.8,1
00-0037086,Grant Calcaterra,TE,PHI,2024,2,ATL,1.9,2
00-0037091,Bo Melton,WR,GB,2024,2,IND,0.8,0
00-0037120,Tyler Goodson,RB,IND,2024,2,GB,0.2,1
00-0037132,Britain Covey,WR,PHI,2024,2,ATL,2.3,6
00-0037197,Isiah Pacheco,RB,KC,2024,2,CIN,11.1,5
00-0037228,Jaylen Warren,RB,PIT,2024,2,DEN,6.1,2
00-0037238,Drake London,WR,ATL,2024,2,PHI,11.4,6
00-0037239,Chris Olave,WR,NO,2024,2,DAL,8.8,4
00-0037240,Jameson Williams,WR,DET,2024,2,TB,9.4,5
00-0037247,George Pickens,WR,PIT,2024,2,DEN,2.9,2
00-0037248,James Cook,RB,BUF,2024,2,MIA,27.5,1
00-0037252,Greg Dulcich,TE,DEN,2024,2,PIT,1.6,3
00-0037256,Rachaad White,RB,TB,2024,2,DET,2.3,1
00-0037257,David Bell,WR,CLE,2024,2,JAX,2.7,3
00-0037261,Khalil Shakir,WR,BUF,2024,2,MIA,5.6,5
00-0037263,Tyler Allgeier,RB,ATL,2024,2,PHI,6.5,1
00-0037267,Jerome Ford,RB,CLE,2024,2,JAX,6.4,1
00-0037276,Ty Chandler,RB,MIN,2024,2,SF,8.2,0
00-0037291,Jalen Nailor,WR,MIN,2024,2,SF,11.4,3
00-0037292,Andrew Ogletree,TE,IND,2024,2,GB,1.2,1
00-0037327,Skylar Thompson,QB,MIA,2024,2,BUF,3.6,0
00-0037525,Jordan Mason,RB,SF,2024,2,MIN,16.4,1
00-0037545,Rashid Shaheed,WR,NO,2024,2,DAL,16.9,4
00-0037557,Ronnie Rivers,RB,LA,2024,2,ARI,0.0,1
00-0037617,Hassan Haskins,RB,LAC,2024,2,CAR,1.1,0
00-0037664,Alec Pierce,WR,IND,2024,2,GB,11.6,5
00-0037666,Jalen Tolbert,WR,DAL,2024,2,NO,8.2,6
00-0037740,Garrett Wilson,WR,NYJ,2024,2,TEN,6.2,4
00-0037741,Jahan Dotson,WR,PHI,2024,2,ATL,0.6,1
00-0037742,Treylon Burks,WR,TEN,2024,2,NYJ,0.0,0
00-0037744,Trey McBride,TE,ARI,2024,2,LA,6.7,6
00-0037746,Brian Robinson,RB,WAS,2024,2,NYG,13.6,1
00-0037801,Kavontae Turpin,WR,DAL,2024,2,NO,0.6,2
00-0037805,Jeremy Ruckert,TE,NYJ,2024,2,TEN,0.0,0
00-0037809,Chigoziem Okonkwo,TE,TEN,2024,2,NYJ,1.6,3
00-0037816,Romeo Doubs,WR,GB,2024,2,IND,6.2,3
00-0037834,Brock Purdy,QB,SF,2024,2,MIN,13.96,0
00-0037837,Calvin Austin,WR,PIT,2024,2,DEN,0.6,1
00-0037838,Isaiah Likely,TE,BAL,2024,2,LV,2.6,2
00-0037840,Kyren Williams,RB,LA,2024,2,ARI,11.2,4
00-0038040,Zamir White,RB,LV,2024,2,BAL,3.8,3
00-0038046,Charlie Kolar,TE,BAL,2024,2,LV,0.4,1
00-0038098,Pierre Strong,RB,CLE,2024,2,JAX,0.5,1
00-0038117,Wan'Dale Robinson,WR,NYG,2024,2,WAS,7.8,2
00-0038120,Breece Hall,RB,NYJ,2024,2,TEN,17.4,7
00-0038128,Malik Willis,QB,GB,2024,2,IND,12.98,0
00-0038129,Cade Otton,TE,TB,2024,2,DET,-0.4,0
00-0038393,Dontayvion Wicks,WR,GB,2024,2,IND,8.6,3
00-0038507,Grant DuBose,WR,MIA,2024,2,BUF,1.3,1
00-0038542,Bijan Robinson,RB,ATL,2024,2,PHI,12.2,4
00-0038543,Jaxon Smith-Njigba,WR,SEA,2024,2,NE,11.7,12
00-0038544,Quentin Johnston,WR,LAC,2024,2,CAR,17.1,5
00-0038547,Luke Schoonmaker,TE,DAL,2024,2,NO,4.3,6
00-0038558,Darnell Washington,TE,PIT,2024,2,DEN,6.5,1
00-0038559,Michael Wilson,WR,ARI,2024,2,LA,3.1,2
00-0038563,Tre Tucker,WR,LV,2024,2,BAL,1.3,2
00-0038582,Clayton Tune,QB,ARI,2024,2,LA,-2.6,0
00-0038589,Josh Whyle,TE,TEN,2024,2,NYJ,1.3,2
00-0038597,Chase Brown,RB,CIN,2024,2,KC,3.1,0
00-0038606,Parker Washington,WR,JAX,2024,2,CLE,0.0,0
00-0038618,Xavier Hutchinson,WR,HOU,2024,2,CHI,0.0,0
00-0038619,Andrei Iosivas,WR,CIN,2024,2,KC,12.7,2
00-0038622,Deuce Vaughn,RB,DAL,2024,2,NO,1.7,1
00-0038640,Jalen Brooks,WR,DAL,2024,2,NO,1.0,1
00-0038705,Emari Demercado,RB,ARI,2024,2,LA,4.6,0
00-0038720,Julian Hill,TE,MIA,2024,2,BUF,0.0,0
00-0038752,Jake Bobo,WR,SEA,2024,2,NE,1.5,2
00-0038783,Nate Adkins,TE,DEN,2024,2,PIT,0.0,0
00-0038794,Jaleel McLaughlin,RB,DEN,2024,2,PIT,0.6,0
00-0038797,Emanuel Wilson,RB,GB,2024,2,IND,0.9,0
00-0038933,Dalton Kincaid,TE,BUF,2024,2,MIA,3.3,4
00-0038935,Brenton Strange,TE,JAX,2024,2,CLE,6.5,3
00-0038976,Marvin Mims,WR,DEN,2024,2,PIT,1.0,1
00-0038977,Tank Dell,WR,HOU,2024,2,CHI,1.3,1
00-0038979,Cedric Tillman,WR,CLE,2024,2,JAX,0.2,1
00-0038996,Tucker Kraft,TE,GB,2024,2,IND,1.6,2
00-0038998,Jake Haener,QB,NO,2024,2,DAL,-0.3,0
00-0039032,Tyjae Spears,RB,TEN,2024,2,NYJ,3.1,2
00-0039040,Devon Achane,RB,MIA,2024,2,BUF,22.5,7
00-0039041,Elijah Higgins,TE,ARI,2024,2,LA,7.8,1
00-0039062,Jonathan Mingo,WR,CAR,2024,2,LAC,0.1,1
00-0039064,Zay Flowers,WR,BAL,2024,2,LV,15.1,7
00-0039065,Sam LaPorta,TE,DET,2024,2,TB,1.3,2
00-0039066,Michael Mayer,TE,LV,2024,2,BAL,1.1,1
00-0039067,Rashee Rice,WR,KC,2024,2,CIN,13.5,5
00-0039139,Jahmyr Gibbs,RB,DET,2024,2,TB,10.6,7
00-0039144,Luke Musgrave,TE,GB,2024,2,IND,0.6,1
00-0039146,Jayden Reed,WR,GB,2024,2,IND,4.6,2
00-0039150,Bryce Young,QB,CAR,2024,2,LAC,1.96,0
00-0039152,Will Levis,QB,TEN,2024,2,NYJ,11.48,0
00-0039163,C.J. Stroud,QB,HOU,2024,2,CHI,14.3,0
00-0039164,Anthony Richardson,QB,IND,2024,2,GB,9.86,0
00-0039165,Zach Charbonnet,RB,SEA,2024,2,NE,12.9,5
00-0039236,Johnny Wilson,WR,PHI,2024,2,ATL,0.0,0
00-0039325,Carson Steele,RB,KC,2024,2,CIN,0.4,0
00-0039337,Malik Nabers,WR,NYG,2024,2,WAS,18.7,10
00-0039338,Brock Bowers,TE,LV,2024,2,BAL,9.8,9
00-0039356,Ja'Tavion Sanders,TE,CAR,2024,2,LAC,0.8,2
00-0039359,Cade Stover,TE,HOU,2024,2,CHI,1.8,1
00-0039361,Bucky Irving,RB,TB,2024,2,DET,2.2,0
00-0039363,Isaac Guerendo,RB,SF,2024,2,MIN,0.0,0
00-0039364,Sione Vaki,RB,DET,2024,2,TB,1.7,1
00-0039384,Tyrone Tracy,RB,NYG,2024,2,WAS,0.2,0
00-0039530,Brevyn Spann-Ford,TE,DAL,2024,2,NO,0.0,0
00-0039732,Bo Nix,QB,DEN,2024,2,PIT,8.34,0
00-0039738,Blake Corum,RB,LA,2024,2,ARI,2.8,0
00-0039751,Jordan Whittington,WR,LA,2024,2,ARI,2.2,2
00-0039794,Braelon Allen,RB,NYJ,2024,2,TEN,17.6,2
00-0039810,Jermaine Burton,WR,CIN,2024,2,KC,4.7,1
00-0039811,MarShawn Lloyd,RB,GB,2024,2,IND,1.8,1
00-0039814,Erick All,TE,CIN,2024,2,KC,3.2,4
00-0039824,Jared Wiley,TE,KC,2024,2,CIN,0.7,1
00-0039849,Marvin Harrison,WR,ARI,2024,2,LA,25.0,4
00-0039855,Jalen McMillan,WR,TB,2024,2,DET,2.1,1
00-0039868,Troy Franklin,WR,DEN,2024,2,PIT,0.0,0
00-0039874,Jaylen Wright,RB,MIA,2024,2,BUF,0.4,0
00-0039875,Ray Davis,RB,BUF,2024,2,MIA,2.8,1
00-0039890,Adonai Mitchell,WR,IND,2024,2,GB,3.0,1
00-0039893,Brian Thomas,WR,JAX,2024,2,CLE,9.4,2
00-0039894,Xavier Worthy,WR,KC,2024,2,CIN,2.2,2
00-0039901,Keon Coleman,WR,BUF,2024,2,MIA,0.0,0
00-0039907,Ja'Lynn Polk,WR,NE,2024,2,SEA,7.2,2
00-0039910,Jayden Daniels,QB,WAS,2024,2,NYG,13.44,0
00-0039915,Ladd McConkey,WR,LAC,2024,2,CAR,2.6,2
00-0039918,Caleb Williams,QB,CHI,2024,2,HOU,7.36,0
00-0039919,Rome Odunze,WR,CHI,2024,2,HOU,3.3,2
00-0039920,Malachi Corley,WR,NYJ,2024,2,TEN,0.4,1
00-0039921,Trey Benson,RB,ARI,2024,2,LA,1.7,1
00-0023459,Aaron Rodgers,QB,NYJ,2024,3,NE,21.04,0
00-0026498,Matthew Stafford,QB,LA,2024,3,SF,12.84,0
00-0027973,Andy Dalton,QB,CAR,2024,3,LV,24.56,0
00-0029604,Kirk Cousins,QB,ATL,2024,3,KC,11.1,0
00-0030035,Adam Thielen,WR,CAR,2024,3,LV,10.0,3
00-0030061,Zach Ertz,TE,WAS,2024,3,CIN,3.8,5
00-0030431,Robert Woods,WR,HOU,2024,3,MIN,1.8,2
00-0030506,Travis Kelce,TE,KC,2024,3,ATL,3.0,4
00-0030564,DeAndre Hopkins,WR,TEN,2024,3,GB,13.3,6
00-0030565,Geno Smith,QB,SEA,2024,3,MIA,11.36,0
00-0030578,Cordarrelle Patterson,RB,PIT,2024,3,LAC,4.8,3
00-0031236,Brandin Cooks,WR,DAL,2024,3,BAL,1.6,2
00-0031280,Derek Carr,QB,NO,2024,3,PHI,7.98,0
00-0031381,Davante Adams,WR,LV,2024,3,CAR,4.0,4
00-0031408,Mike Evans,WR,TB,2024,3,DEN,1.7,2
00-0031503,Jameis Winston,QB,CLE,2024,3,NYG,0.1,0
00-0031544,Amari Cooper,WR,CLE,2024,3,NYG,20.6,7
00-0031549,Nelson Agholor,WR,BAL,2024,3,DAL,5.6,1
00-0031588,Stefon Diggs,WR,HOU,2024,3,MIN,9.92,10
00-0031763,DeAndre Carter,WR,CHI,2024,3,IND,2.2,3
00-0031800,Taylor Heinicke,QB,LAC,2024,3,PIT,0.96,0
00-0032104,Ameer Abdullah,RB,LV,2024,3,CAR,1.3,2
00-0032211,Tyler Lockett,WR,SEA,2024,3,MIA,4.6,5
00-0032392,Austin Hooper,TE,NE,2024,3,NYJ,1.9,1
00-0032394,Nick Vannett,TE,TEN,2024,3,GB,6.9,2
00-0032764,Derrick Henry,RB,BAL,2024,3,DAL,29.4,1
00-0032775,Demarcus Robinson,WR,LA,2024,3,SF,3.2,1
00-0033009,Tyler Boyd,WR,TEN,2024,3,GB,3.3,3
00-0033040,Tyreek Hill,WR,MIA,2024,3,SEA,4.0,3
00-0033045,Ezekiel Elliott,RB,DAL,2024,3,BAL,1.2,1
00-0033077,Dak Prescott,QB,DAL,2024,3,BAL,29.86,0
00-0033090,Hunter Henry,TE,NE,2024,3,NYJ,0.9,2
00-0033106,Jared Goff,QB,DET,2024,3,ARI,14.56,0
00-0033119,Jacoby Brissett,QB,NE,2024,3,NYJ,3.92,0
00-0033217,Mo Alie-Cox,TE,IND,2024,3,CHI,0.0,0
00-0033246,Johnny Mundt,TE,MIN,2024,3,HOU,6.2,1
00-0033282,Curtis Samuel,WR,BUF,2024,3,JAX,2.2,3
00-0033293,Aaron Jones,RB,MIN,2024,3,HOU,20.8,5
00-0033319,Nick Mullens,QB,MIN,2024,3,HOU,0.0,0
00-0033375,Tim Patrick,WR,DET,2024,3,ARI,0.8,1
00-0033439,Pharaoh Brown,TE,SEA,2024,3,MIA,0.9,1
00-0033526,Samaje Perine,RB,KC,2024,3,ATL,4.0,3
00-0033536,Mike Williams,WR,NYJ,2024,3,NE,3.4,3
00-0033537,Deshaun Watson,QB,CLE,2024,3,NYG,16.44,0
00-0033553,James Conner,RB,ARI,2024,3,DET,2.5,1
00-0033555,Mack Hollins,WR,BUF,2024,3,JAX,1.6,1
00-0033576,Eric Saubert,TE,SF,2024,3,LA,4.1,2
00-0033591,Noah Brown,WR,WAS,2024,3,CIN,2.9,3
00-0033699,Austin Ekeler,RB,WAS,2024,3,CIN,11.7,2
00-0033854,Dare Ogunbowale,RB,HOU,2024,3,MIN,2.8,2
00-0033857,JuJu Smith-Schuster,WR,KC,2024,3,ATL,7.7,2
00-0033858,Jonnu Smith,TE,MIA,2024,3,SEA,1.8,2
00-0033869,Mitchell Trubisky,QB,BUF,2024,3,JAX,0.02,0
00-0033873,Patrick Mahomes,QB,KC,2024,3,ATL,16.38,0
00-0033895,Gerald Everett,TE,CHI,2024,3,IND,0.0,0
00-0033906,Alvin Kamara,RB,NO,2024,3,PHI,12.7,3
00-0033921,Chris Godwin,WR,TB,2024,3,DEN,11.3,6
00-0033925,D'Onta Foreman,RB,CLE,2024,3,NYG,0.5,0
00-0033943,Josh Reynolds,WR,DEN,2024,3,TB,3.6,2
00-0033948,Jamaal Williams,RB,NO,2024,3,PHI,-0.1,1
00-0033955,Jeremy McNichols,RB,WAS,2024,3,CIN,0.1,0
00-0034115,Jeffery Wilson,RB,MIA,2024,3,SEA,1.4,0
00-0034159,Will Dissly,TE,LAC,2024,3,PIT,1.9,3
00-0034177,Tim Boyle,QB,MIA,2024,3,SEA,3.76,0
00-0034184,Gus Edwards,RB,LAC,2024,3,PIT,0.9,0
00-0034270,Tyler Conklin,TE,NYJ,2024,3,NE,9.3,5
00-0034272,Marquez Valdes-Scantling,WR,BUF,2024,3,JAX,0.7,1
00-0034348,Courtland Sutton,WR,DEN,2024,3,TB,6.8,7
00-0034351,Dallas Goedert,TE,PHI,2024,3,NO,17.0,10
00-0034364,Jordan Akins,TE,CLE,2024,3,NYG,2.9,4
00-0034383,Dalton Schultz,TE,HOU,2024,3,MIN,1.1,2
00-0034386,Justin Watson,WR,KC,2024,3,ATL,1.3,1
00-0034407,Ray-Ray McCloud,WR,ATL,2024,3,KC,3.7,2
00-0034418,Cedrick Wilson,WR,NO,2024,3,PHI,0.3,1
00-0034419,Braxton Berrios,WR,MIA,2024,3,SEA,0.0,0
00-0034487,Trent Sherfield,WR,MIN,2024,3,HOU,0.8,1
00-0034521,Allen Lazard,WR,NYJ,2024,3,NE,10.8,3
00-0034646,Brandon Powell,WR,MIN,2024,3,HOU,1.3,1
00-0034753,Mark Andrews,TE,BAL,2024,3,DAL,0.0,0
00-0034775,Christian Kirk,WR,JAX,2024,3,BUF,7.9,8
00-0034796,Lamar Jackson,QB,BAL,2024,3,DAL,25.98,0
00-0034798,Durham Smythe,TE,MIA,2024,3,SEA,0.3,1
00-0034827,D.J. Moore,WR,CHI,2024,3,IND,7.2,8
00-0034829,Mike Gesicki,TE,CIN,2024,3,WAS,4.7,4
00-0034830,Hayden Hurst,TE,LAC,2024,3,PIT,1.5,2
00-0034837,Calvin Ridley,WR,TEN,2024,3,GB,0.9,1
00-0034844,Saquon Barkley,RB,PHI,2024,3,NO,29.6,4
00-0034855,Baker Mayfield,QB,TB,2024,3,DEN,8.52,0
00-0034857,Josh Allen,QB,BUF,2024,3,JAX,30.92,0
00-0034869,Sam Darnold,QB,MIN,2024,3,HOU,23.24,0
00-0034960,Jakobi Meyers,WR,LV,2024,3,CAR,14.2,7
00-0034972,Alexander Mattison,RB,LV,2024,3,CAR,10.4,3
00-0034975,Justice Hill,RB,BAL,2024,3,DAL,5.4,2
00-0034981,Foster Moreau,TE,NO,2024,3,PHI,0.2,1
00-0035021,Ashton Dulin,WR,IND,2024,3,CHI,0.0,0
00-0035216,Diontae Johnson,WR,CAR,2024,3,LV,18.2,8
00-0035228,Kyler Murray,QB,ARI,2024,3,DET,14.78,0
00-0035243,Miles Sanders,RB,CAR,2024,3,LV,9.0,2
00-0035249,Josh Oliver,TE,MIN,2024,3,HOU,0.0,0
00-0035250,Devin Singletary,RB,NYG,2024,3,CLE,14.8,4
00-0035261,Tony Pollard,RB,TEN,2024,3,GB,2.9,3
00-0035289,Gardner Minshew,QB,LV,2024,3,CAR,13.96,0
00-0035298,Scott Miller,WR,PIT,2024,3,LAC,3.1,2
00-0035406,Lil'Jordan Humphrey,WR,DEN,2024,3,TB,3.7,6
00-0035500,Greg Dortch,WR,ARI,2024,3,DET,3.5,3
00-0035535,Darius Slayton,WR,NYG,2024,3,CLE,0.7,1
00-0035537,Ty Johnson,RB,BUF,2024,3,JAX,10.6,3
00-0035628,D'Ernest Johnson,RB,JAX,2024,3,BUF,1.2,0
00-0035639,Parris Campbell,WR,PHI,2024,3,NO,1.3,2
00-0035640,DK Metcalf,WR,SEA,2024,3,MIA,16.4,4
00-0035644,Noah Fant,TE,SEA,2024,3,MIA,6.0,6
00-0035659,Terry McLaurin,WR,WAS,2024,3,CIN,16.0,4
00-0035685,David Montgomery,RB,DET,2024,3,ARI,18.2,3
00-0035689,Dawson Knox,TE,BUF,2024,3,JAX,0.7,1
00-0035700,Josh Jacobs,RB,GB,2024,3,TEN,4.8,1
00-0035710,Daniel Jones,QB,NYG,2024,3,CLE,19.44,0
00-0035806,Jamycal Hasty,RB,NE,2024,3,NYJ,0.5,0
00-0036096,J.J. Taylor,RB,HOU,2024,3,MIN,0.3,2
00-0036139,Rico Dowdle,RB,DAL,2024,3,BAL,5.6,3
00-0036158,J.K. Dobbins,RB,LAC,2024,3,PIT,5.4,3
00-0036196,Gabe Davis,WR,JAX,2024,3,BUF,1.8,2
00-0036223,Jonathan Taylor,RB,IND,2024,3,CHI,25.5,1
00-0036244,Colby Parkinson,TE,LA,2024,3,SF,2.1,3
00-0036251,Zack Moss,RB,CIN,2024,3,WAS,15.7,5
00-0036252,Michael Pittman,WR,IND,2024,3,CHI,3.6,4
00-0036259,Jauan Jennings,WR,SF,2024,3,LA,35.5,11
00-0036261,Brandon Aiyuk,WR,SF,2024,3,LA,4.8,5
00-0036268,Laviska Shenault Jr.,WR,SEA,2024,3,MIA,0.2,1
00-0036275,D'Andre Swift,RB,CHI,2024,3,IND,4.2,2
00-0036290,Cole Kmet,TE,CHI,2024,3,IND,15.7,10
00-0036309,Darnell Mooney,WR,ATL,2024,3,KC,6.6,8
00-0036322,Justin Jefferson,WR,MIN,2024,3,HOU,14.1,6
00-0036328,Antonio Gibson,RB,NE,2024,3,NYJ,3.7,3
00-0036331,Devin Duvernay,WR,JAX,2024,3,BUF,-0.1,1
00-0036332,Josiah Deguara,TE,JAX,2024,3,BUF,0.8,1
00-0036355,Justin Herbert,QB,LAC,2024,3,PIT,9.0,0
00-0036358,CeeDee Lamb,WR,DAL,2024,3,BAL,4.7,4
00-0036389,Jalen Hurts,QB,PHI,2024,3,NO,10.94,0
00-0036407,Jerry Jeudy,WR,CLE,2024,3,NYG,4.7,4
00-0036410,Tee Higgins,WR,CIN,2024,3,WAS,3.9,3
00-0036414,Cam Akers,RB,HOU,2024,3,MIN,8.9,1
00-0036422,Adam Trautman,TE,DEN,2024,3,TB,1.3,1
00-0036427,Tyler Johnson,WR,LA,2024,3,SF,2.0,3
00-0036442,Joe Burrow,QB,CIN,2024,3,WAS,25.36,0
00-0036550,Rashod Bateman,WR,BAL,2024,3,DAL,8.8,3
00-0036554,Nico Collins,WR,HOU,2024,3,MIN,8.6,4
00-0036555,Chuba Hubbard,RB,CAR,2024,3,LV,22.9,5
00-0036613,Jaylen Waddle,WR,MIA,2024,3,SEA,2.6,4
00-0036620,D'Wayne Eskridge,WR,MIA,2024,3,SEA,3.0,1
00-0036626,Dyami Brown,WR,WAS,2024,3,CIN,1.6,2
00-0036637,Noah Gray,TE,KC,2024,3,ATL,1.3,1
00-0036646,Simi Fehoko,WR,LAC,2024,3,PIT,1.7,1
00-0036754,Brock Wright,TE,DET,2024,3,ARI,3.4,4
00-0036849,Tutu Atwell,WR,LA,2024,3,SF,9.3,4
00-0036875,Rhamondre Stevenson,RB,NE,2024,3,NYJ,0.3,0
00-0036876,Kylen Granson,TE,IND,2024,3,CHI,4.0,1
00-0036887,Luke Farrell,TE,JAX,2024,3,BUF,0.1,1
00-0036893,Najee Harris,RB,PIT,2024,3,LAC,8.6,5
00-0036894,Pat Freiermuth,TE,PIT,2024,3,LAC,3.3,4
00-0036898,Davis Mills,QB,HOU,2024,3,MIN,3.16,0
00-0036900,Ja'Marr Chase,WR,CIN,2024,3,WAS,23.8,6
00-0036906,Khalil Herbert,RB,CHI,2024,3,IND,0.9,0
00-0036912,DeVonta Smith,WR,PHI,2024,3,NO,7.9,7
00-0036919,Kenneth Gainwell,RB,PHI,2024,3,NO,1.2,2
00-0036945,Justin Fields,QB,PIT,2024,3,LAC,18.4,0
00-0036963,Amon-Ra St. Brown,WR,DET,2024,3,ARI,13.5,7
00-0036970,Kyle Pitts,TE,ATL,2024,3,KC,5.9,2
00-0036971,Trevor Lawrence,QB,JAX,2024,3,BUF,9.42,0
00-0036972,Mac Jones,QB,JAX,2024,3,BUF,-1.12,0
00-0036973,Travis Etienne,RB,JAX,2024,3,BUF,8.5,4
00-0036980,Elijah Moore,WR,CLE,2024,3,NYG,1.7,2
00-0036984,Trey Sermon,RB,IND,2024,3,CHI,7.6,0
00-0036997,Javonte Williams,RB,DEN,2024,3,TB,2.1,4
00-0037005,Tommy Tremble,TE,CAR,2024,3,LV,2.9,3
00-0037085,Tyler Badie,RB,DEN,2024,3,TB,7.0,0
00-0037132,Britain Covey,WR,PHI,2024,3,NO,1.1,1
00-0037228,Jaylen Warren,RB,PIT,2024,3,LAC,0.1,1
00-0037238,Drake London,WR,ATL,2024,3,KC,12.7,6
00-0037239,Chris Olave,WR,NO,2024,3,PHI,14.6,6
00-0037240,Jameson Williams,WR,DET,2024,3,ARI,0.2,1
00-0037247,George Pickens,WR,PIT,2024,3,LAC,5.7,5
00-0037248,James Cook,RB,BUF,2024,3,JAX,14.7,4
00-0037256,Rachaad White,RB,TB,2024,3,DEN,3.5,5
00-0037261,Khalil Shakir,WR,BUF,2024,3,JAX,13.2,6
00-0037263,Tyler Allgeier,RB,ATL,2024,3,KC,3.2,0
00-0037267,Jerome Ford,RB,CLE,2024,3,NYG,7.0,3
00-0037276,Ty Chandler,RB,MIN,2024,3,HOU,1.3,0
00-0037291,Jalen Nailor,WR,MIN,2024,3,HOU,9.4,3
00-0037304,Connor Heyward,TE,PIT,2024,3,LAC,0.2,1
00-0037327,Skylar Thompson,QB,MIA,2024,3,SEA,4.28,0
00-0037348,Tanner Conner,WR,MIA,2024,3,SEA,0.1,1
00-0037525,Jordan Mason,RB,SF,2024,3,LA,8.8,2
00-0037545,Rashid Shaheed,WR,NO,2024,3,PHI,0.0,0
00-0037557,Ronnie Rivers,RB,LA,2024,3,SF,0.9,0
00-0037664,Alec Pierce,WR,IND,2024,3,CHI,4.4,1
00-0037666,Jalen Tolbert,WR,DAL,2024,3,BAL,10.2,3
00-0037740,Garrett Wilson,WR,NYJ,2024,3,NE,9.3,5
00-0037741,Jahan Dotson,WR,PHI,2024,3,NO,0.8,2
00-0037742,Treylon Burks,WR,TEN,2024,3,GB,0.9,1
00-0037744,Trey McBride,TE,ARI,2024,3,DET,2.5,3
00-0037746,Brian Robinson,RB,WAS,2024,3,CIN,9.7,1
00-0037801,Kavontae Turpin,WR,DAL,2024,3,BAL,11.2,3
00-0037805,Jeremy Ruckert,TE,NYJ,2024,3,NE,1.5,2
00-0037809,Chigoziem Okonkwo,TE,TEN,2024,3,GB,1.5,2
00-0037816,Romeo Doubs,WR,GB,2024,3,TEN,1.8,1
00-0037834,Brock Purdy,QB,SF,2024,3,LA,25.78,0
00-0037837,Calvin Austin,WR,PIT,2024,3,LAC,15.5,4
00-0037838,Isaiah Likely,TE,BAL,2024,3,DAL,0.4,1
00-0037840,Kyren Williams,RB,LA,2024,3,SF,29.6,2
00-0038040,Zamir White,RB,LV,2024,3,CAR,3.4,0
00-0038041,Jake Ferguson,TE,DAL,2024,3,BAL,9.5,6
00-0038046,Charlie Kolar,TE,BAL,2024,3,DAL,3.0,1
00-0038092,Erik Ezukanma,WR,MIA,2024,3,SEA,0.0,0
00-0038104,Tyquan Thornton,WR,NE,2024,3,NYJ,0.0,0
00-0038115,Daniel Bellinger,TE,NYG,2024,3,CLE,1.7,1
00-0038117,Wan'Dale Robinson,WR,NYG,2024,3,CLE,6.1,7
00-0038120,Breece Hall,RB,NYJ,2024,3,NE,14.3,4
00-0038124,Christian Watson,WR,GB,2024,3,TEN,6.7,2
00-0038128,Malik Willis,QB,GB,2024,3,TEN,25.38,0
00-0038129,Cade Otton,TE,TB,2024,3,DEN,2.7,7
00-0038393,Dontayvion Wicks,WR,GB,2024,3,TEN,0.0,0
00-0038396,Eric Gray,RB,NYG,2024,3,CLE,0.0,0
00-0038496,Xavier Gipson,WR,NYJ,2024,3,NE,1.6,2
00-0038542,Bijan Robinson,RB,ATL,2024,3,KC,11.2,2
00-0038543,Jaxon Smith-Njigba,WR,SEA,2024,3,MIA,3.9,3
00-0038544,Quentin Johnston,WR,LAC,2024,3,PIT,10.4,2
00-0038547,Luke Schoonmaker,TE,DAL,2024,3,BAL,0.5,1
00-0038555,Tank Bigsby,RB,JAX,2024,3,BUF,0.9,0
00-0038559,Michael Wilson,WR,ARI,2024,3,DET,6.4,8
00-0038563,Tre Tucker,WR,LV,2024,3,CAR,15.6,7
00-0038573,Derius Davis,WR,LAC,2024,3,PIT,0.8,0
00-0038579,Aidan O'Connell,QB,LV,2024,3,CAR,7.28,0
00-0038589,Josh Whyle,TE,TEN,2024,3,GB,4.3,4
00-0038597,Chase Brown,RB,CIN,2024,3,WAS,6.9,2
00-0038606,Parker Washington,WR,JAX,2024,3,BUF,1.8,2
00-0038608,Kayshon Boutte,WR,NE,2024,3,NYJ,0.2,1
00-0038618,Xavier Hutchinson,WR,HOU,2024,3,MIN,0.0,0
00-0038619,Andrei Iosivas,WR,CIN,2024,3,WAS,11.2,5
00-0038621,Demario Douglas,WR,NE,2024,3,NYJ,7.8,7
00-0038622,Deuce Vaughn,RB,DAL,2024,3,BAL,1.3,1
00-0038636,Kenny McIntosh,RB,SEA,2024,3,MIA,1.1,0
00-0038640,Jalen Brooks,WR,DAL,2024,3,BAL,2.4,1
00-0038647,Ronnie Bell,WR,SF,2024,3,LA,1.2,1
00-0038685,Christopher Brooks,RB,GB,2024,3,TEN,0.3,0
00-0038705,Emari Demercado,RB,ARI,2024,3,DET,0.7,0
00-0038720,Julian Hill,TE,MIA,2024,3,SEA,2.4,2
00-0038783,Nate Adkins,TE,DEN,2024,3,TB,0.6,1
00-0038794,Jaleel McLaughlin,RB,DEN,2024,3,TB,7.4,1
00-0038797,Emanuel Wilson,RB,GB,2024,3,TEN,14.5,2
00-0038933,Dalton Kincaid,TE,BUF,2024,3,JAX,10.1,3
00-0038935,Brenton Strange,TE,JAX,2024,3,BUF,7.2,2
00-0038938,Jalin Hyatt,WR,NYG,2024,3,CLE,0.0,0
00-0038951,Sean Tucker,RB,TB,2024,3,DEN,0.4,0
00-0038976,Marvin Mims,WR,DEN,2024,3,TB,0.9,1
00-0038977,Tank Dell,WR,HOU,2024,3,MIN,6.2,5
00-0038979,Cedric Tillman,WR,CLE,2024,3,NYG,0.4,1
00-0038996,Tucker Kraft,TE,GB,2024,3,TEN,2.4,2
00-0038997,Josh Downs,WR,IND,2024,3,CHI,2.2,3
00-0039021,Roschon Johnson,RB,CHI,2024,3,IND,6.2,4
00-0039032,Tyjae Spears,RB,TEN,2024,3,GB,6.1,4
00-0039040,Devon Achane,RB,MIA,2024,3,SEA,5.8,3
00-0039041,Elijah Higgins,TE,ARI,2024,3,DET,1.1,1
00-0039050,Payne Durham,TE,TB,2024,3,DEN,0.8,1
00-0039052,Trey Palmer,WR,TB,2024,3,DEN,0.0,0
00-0039062,Jonathan Mingo,WR,CAR,2024,3,LV,2.0,3
00-0039064,Zay Flowers,WR,BAL,2024,3,DAL,2.3,3
00-0039065,Sam LaPorta,TE,DET,2024,3,ARI,3.6,2
00-0039066,Michael Mayer,TE,LV,2024,3,CAR,0.7,1
00-0039067,Rashee Rice,WR,KC,2024,3,ATL,17.1,12
00-0039139,Jahmyr Gibbs,RB,DET,2024,3,ARI,8.3,0
00-0039144,Luke Musgrave,TE,GB,2024,3,TEN,0.3,1
00-0039146,Jayden Reed,WR,GB,2024,3,TEN,6.9,4
00-0039152,Will Levis,QB,TEN,2024,3,GB,13.6,0
00-0039163,C.J. Stroud,QB,HOU,2024,3,MIN,9.8,0
00-0039164,Anthony Richardson,QB,IND,2024,3,CHI,5.08,0
00-0039165,Zach Charbonnet,RB,SEA,2024,3,MIA,22.7,3
00-0039236,Johnny Wilson,WR,PHI,2024,3,NO,0.9,1
00-0039325,Carson Steele,RB,KC,2024,3,ATL,7.4,1
00-0039337,Malik Nabers,WR,NYG,2024,3,CLE,20.2,8
00-0039338,Brock Bowers,TE,LV,2024,3,CAR,4.1,3
00-0039342,Xavier Legette,WR,CAR,2024,3,LV,4.2,2
00-0039355,Luke McCaffrey,WR,WAS,2024,3,CIN,4.4,3
00-0039356,Ja'Tavion Sanders,TE,CAR,2024,3,LV,0.0,0
00-0039361,Bucky Irving,RB,TB,2024,3,DEN,8.4,3
00-0039363,Isaac Guerendo,RB,SF,2024,3,LA,1.9,0
00-0039384,Tyrone Tracy,RB,NYG,2024,3,CLE,4.0,2
00-0039603,British Brooks,RB,HOU,2024,3,MIN,0.2,0
00-0039623,Mason Tipton,WR,NO,2024,3,PHI,1.1,2
00-0039732,Bo Nix,QB,DEN,2024,3,TB,19.34,0
00-0039751,Jordan Whittington,WR,LA,2024,3,SF,2.8,3
00-0039793,A.J. Barner,TE,SEA,2024,3,MIA,1.3,3
00-0039794,Braelon Allen,RB,NYJ,2024,3,NE,6.8,3
00-0039798,Isaiah Davis,RB,NYJ,2024,3,NE,0.6,0
00-0039814,Erick All,TE,CIN,2024,3,WAS,2.2,4
00-0039847,Theo Johnson,TE,NYG,2024,3,CLE,1.3,1
00-0039849,Marvin Harrison,WR,ARI,2024,3,DET,12.4,5
00-0039851,Drake Maye,QB,NE,2024,3,NYJ,2.08,0
00-0039855,Jalen McMillan,WR,TB,2024,3,DEN,0.6,1
00-0039868,Troy Franklin,WR,DEN,2024,3,TB,1.1,2
00-0039874,Jaylen Wright,RB,MIA,2024,3,SEA,1.7,0
00-0039875,Ray Davis,RB,BUF,2024,3,JAX,8.3,1
00-0039890,Adonai Mitchell,WR,IND,2024,3,CHI,0.0,0
00-0039893,Brian Thomas,WR,JAX,2024,3,BUF,4.8,5
00-0039894,Xavier Worthy,WR,KC,2024,3,ATL,3.0,2
00-0039901,Keon Coleman,WR,BUF,2024,3,JAX,8.4,1
00-0039907,Ja'Lynn Polk,WR,NE,2024,3,NYJ,1.3,2
00-0039910,Jayden Daniels,QB,WAS,2024,3,CIN,28.06,0
00-0039915,Ladd McConkey,WR,LAC,2024,3,PIT,4.4,3
00-0039918,Caleb Williams,QB,CHI,2024,3,IND,17.32,0
00-0039919,Rome Odunze,WR,CHI,2024,3,IND,17.4,6
00-0039921,Trey Benson,RB,ARI,2024,3,DET,0.8,0
00-0023459,Aaron Rodgers,QB,NYJ,2024,4,DEN,11.6,0
00-0026158,Joe Flacco,QB,IND,2024,4,PIT,15.02,0
00-0026300,Josh Johnson,QB,BAL,2024,4,BUF,0.04,0
00-0026498,Matthew Stafford,QB,LA,2024,4,CHI,4.86,0
00-0027973,Andy Dalton,QB,CAR,2024,4,CIN,15.7,0
00-0029604,Kirk Cousins,QB,ATL,2024,4,NO,7.52,0
00-0030061,Zach Ertz,TE,WAS,2024,4,ARI,4.2,3
00-0030279,Keenan Allen,WR,CHI,2024,4,LA,1.9,3
00-0030431,Robert Woods,WR,HOU,2024,4,JAX,1.0,1
00-0030506,Travis Kelce,TE,KC,2024,4,LAC,8.9,7
00-0030564,DeAndre Hopkins,WR,TEN,2024,4,MIA,3.1,2
00-0030565,Geno Smith,QB,SEA,2024,4,DET,21.6,0
00-0030578,Cordarrelle Patterson,RB,PIT,2024,4,IND,6.2,2
00-0031236,Brandin Cooks,WR,DAL,2024,4,NYG,1.6,1
00-0031280,Derek Carr,QB,NO,2024,4,ATL,8.06,0
00-0031408,Mike Evans,WR,TB,2024,4,PHI,15.4,8
00-0031544,Amari Cooper,WR,CLE,2024,4,LV,3.5,4
00-0031549,Nelson Agholor,WR,BAL,2024,4,BUF,1.0,2
00-0031588,Stefon Diggs,WR,HOU,2024,4,JAX,13.5,5
00-0032128,Chris Conley,WR,SF,2024,4,NE,0.0,0
00-0032211,Tyler Lockett,WR,SEA,2024,4,DET,6.1,5
00-0032385,Sterling Shepard,WR,TB,2024,4,PHI,5.1,3
00-0032392,Austin Hooper,TE,NE,2024,4,SF,7.3,2
00-0032464,Kalif Raymond,WR,DET,2024,4,SEA,0.9,1
00-0032764,Derrick Henry,RB,BAL,2024,4,BUF,32.9,3
00-0032775,Demarcus Robinson,WR,LA,2024,4,CHI,3.7,2
00-0033009,Tyler Boyd,WR,TEN,2024,4,MIA,3.1,2
00-0033040,Tyreek Hill,WR,MIA,2024,4,TEN,4.2,4
00-0033045,Ezekiel Elliott,RB,DAL,2024,4,NYG,2.4,1
00-0033077,Dak Prescott,QB,DAL,2024,4,NYG,16.74,0
00-0033090,Hunter Henry,TE,NE,2024,4,SF,1.2,2
00-0033106,Jared Goff,QB,DET,2024,4,SEA,26.18,1
00-0033119,Jacoby Brissett,QB,NE,2024,4,SF,7.02,0
00-0033246,Johnny Mundt,TE,MIN,2024,4,GB,1.5,2
00-0033282,Curtis Samuel,WR,BUF,2024,4,BAL,1.5,2
00-0033288,George Kittle,TE,SF,2024,4,NE,10.5,4
00-0033293,Aaron Jones,RB,MIN,2024,4,GB,13.9,4
00-0033357,Taysom Hill,TE,NO,2024,4,ATL,14.4,0
00-0033375,Tim Patrick,WR,DET,2024,4,SEA,5.2,2
00-0033439,Pharaoh Brown,TE,SEA,2024,4,DET,0.3,1
00-0033460,John Ross,WR,PHI,2024,4,TB,0.6,1
00-0033526,Samaje Perine,RB,KC,2024,4,LAC,7.4,0
00-0033536,Mike Williams,WR,NYJ,2024,4,DEN,6.7,4
00-0033537,Deshaun Watson,QB,CLE,2024,4,LV,12.24,0
00-0033553,James Conner,RB,ARI,2024,4,WAS,17.3,1
00-0033555,Mack Hollins,WR,BUF,2024,4,BAL,0.5,1
00-0033591,Noah Brown,WR,WAS,2024,4,ARI,2.6,3
00-0033854,Dare Ogunbowale,RB,HOU,2024,4,JAX,11.4,4
00-0033858,Jonnu Smith,TE,MIA,2024,4,TEN,0.0,0
00-0033869,Mitchell Trubisky,QB,BUF,2024,4,BAL,0.08,0
00-0033873,Patrick Mahomes,QB,KC,2024,4,LAC,13.0,0
00-0033906,Alvin Kamara,RB,NO,2024,4,ATL,17.9,7
00-0033921,Chris Godwin,WR,TB,2024,4,PHI,6.9,6
00-0033923,Kareem Hunt,RB,KC,2024,4,LAC,8.5,2
00-0033925,D'Onta Foreman,RB,CLE,2024,4,LV,0.7,1
00-0033943,Josh Reynolds,WR,DEN,2024,4,NYJ,0.0,0
00-0033948,Jamaal Williams,RB,NO,2024,4,ATL,1.9,2
00-0033955,Jeremy McNichols,RB,WAS,2024,4,ARI,19.4,1
00-0034159,Will Dissly,TE,LAC,2024,4,KC,2.4,2
00-0034184,Gus Edwards,RB,LAC,2024,4,KC,1.9,0
00-0034270,Tyler Conklin,TE,NYJ,2024,4,DEN,1.7,4
00-0034272,Marquez Valdes-Scantling,WR,BUF,2024,4,BAL,0.0,0
00-0034348,Courtland Sutton,WR,DEN,2024,4,NYJ,12.0,3
00-0034351,Dallas Goedert,TE,PHI,2024,4,TB,6.2,7
00-0034364,Jordan Akins,TE,CLE,2024,4,LV,1.0,1
00-0034383,Dalton Schultz,TE,HOU,2024,4,JAX,3.4,3
00-0034386,Justin Watson,WR,KC,2024,4,LAC,2.7,2
00-0034407,Ray-Ray McCloud,WR,ATL,2024,4,NO,5.2,6
00-0034487,Trent Sherfield,WR,MIN,2024,4,GB,0.8,1
00-0034521,Allen Lazard,WR,NYJ,2024,4,DEN,5.8,5
00-0034646,Brandon Powell,WR,MIN,2024,4,GB,0.0,0
00-0034753,Mark Andrews,TE,BAL,2024,4,BUF,0.0,0
00-0034771,Mason Rudolph,QB,TEN,2024,4,MIA,3.4,0
00-0034775,Christian Kirk,WR,JAX,2024,4,HOU,12.1,7
00-0034796,Lamar Jackson,QB,BAL,2024,4,BUF,23.64,0
00-0034827,D.J. Moore,WR,CHI,2024,4,LA,8.2,3
00-0034829,Mike Gesicki,TE,CIN,2024,4,CAR,-0.9,1
00-0034830,Hayden Hurst,TE,LAC,2024,4,KC,0.6,1
00-0034837,Calvin Ridley,WR,TEN,2024,4,MIA,1.5,1
00-0034844,Saquon Barkley,RB,PHI,2024,4,TB,11.6,2
00-0034854,KhaDarel Hodge,WR,ATL,2024,4,NO,6.0,0
00-0034855,Baker Mayfield,QB,TB,2024,4,PHI,28.88,0
00-0034857,Josh Allen,QB,BUF,2024,4,BAL,7.3,0
00-0034869,Sam Darnold,QB,MIN,2024,4,GB,20.5,0
00-0034928,Steven Sims,WR,HOU,2024,4,JAX,0.0,0
00-0034960,Jakobi Meyers,WR,LV,2024,4,CLE,4.9,5
00-0034972,Alexander Mattison,RB,LV,2024,4,CLE,6.0,0
00-0034975,Justice Hill,RB,BAL,2024,4,BUF,15.6,6
00-0035208,Olamide Zaccheaus,WR,WAS,2024,4,ARI,8.5,6
00-0035216,Diontae Johnson,WR,CAR,2024,4,CIN,14.3,7
00-0035228,Kyler Murray,QB,ARI,2024,4,WAS,9.98,0
00-0035243,Miles Sanders,RB,CAR,2024,4,CIN,4.6,3
00-0035249,Josh Oliver,TE,MIN,2024,4,GB,7.0,2
00-0035250,Devin Singletary,RB,NYG,2024,4,DAL,3.8,1
00-0035261,Tony Pollard,RB,TEN,2024,4,MIA,16.8,2
00-0035289,Gardner Minshew,QB,LV,2024,4,CLE,5.0,0
00-0035406,Lil'Jordan Humphrey,WR,DEN,2024,4,NYJ,0.0,0
00-0035500,Greg Dortch,WR,ARI,2024,4,WAS,3.8,4
00-0035535,Darius Slayton,WR,NYG,2024,4,DAL,5.6,3
00-0035537,Ty Johnson,RB,BUF,2024,4,BAL,6.3,0
00-0035628,D'Ernest Johnson,RB,JAX,2024,4,HOU,0.0,0
00-0035631,Drew Sample,TE,CIN,2024,4,CAR,0.0,1
00-0035639,Parris Campbell,WR,PHI,2024,4,TB,7.7,4
00-0035640,DK Metcalf,WR,SEA,2024,4,DET,8.4,7
00-0035644,Noah Fant,TE,SEA,2024,4,DET,2.6,2
00-0035659,Terry McLaurin,WR,WAS,2024,4,ARI,11.2,7
00-0035685,David Montgomery,RB,DET,2024,4,SEA,14.0,1
00-0035689,Dawson Knox,TE,BUF,2024,4,BAL,0.0,1
00-0035700,Josh Jacobs,RB,GB,2024,4,MIN,7.8,4
00-0035710,Daniel Jones,QB,NYG,2024,4,DAL,9.54,0
00-0035719,Deebo Samuel,WR,SF,2024,4,NE,7.2,3
00-0035806,Jamycal Hasty,RB,NE,2024,4,SF,1.5,0
00-0035993,Tyler Huntley,QB,MIA,2024,4,TEN,11.84,0
00-0036040,Juwan Johnson,TE,NO,2024,4,ATL,1.3,2
00-0036096,J.J. Taylor,RB,HOU,2024,4,JAX,1.8,0
00-0036133,James Proche,WR,CLE,2024,4,LV,0.3,1
00-0036139,Rico Dowdle,RB,DAL,2024,4,NYG,12.1,1
00-0036158,J.K. Dobbins,RB,LAC,2024,4,KC,6.2,3
00-0036196,Gabe Davis,WR,JAX,2024,4,HOU,-0.2,1
00-0036223,Jonathan Taylor,RB,IND,2024,4,PIT,16.8,3
00-0036232,Harrison Bryant,TE,LV,2024,4,CLE,2.1,2
00-0036244,Colby Parkinson,TE,LA,2024,4,CHI,3.3,4
00-0036251,Zack Moss,RB,CIN,2024,4,CAR,13.8,4
00-0036252,Michael Pittman,WR,IND,2024,4,PIT,11.3,6
00-0036259,Jauan Jennings,WR,SF,2024,4,NE,8.8,3
00-0036261,Brandon Aiyuk,WR,SF,2024,4,NE,4.8,2
00-0036264,Jordan Love,QB,GB,2024,4,MIN,28.16,0
00-0036268,Laviska Shenault Jr.,WR,SEA,2024,4,DET,1.8,1
00-0036275,D'Andre Swift,RB,CHI,2024,4,LA,22.5,7
00-0036290,Cole Kmet,TE,CHI,2024,4,LA,3.4,3
00-0036309,Darnell Mooney,WR,ATL,2024,4,NO,5.6,3
00-0036322,Justin Jefferson,WR,MIN,2024,4,GB,14.5,6
00-0036328,Antonio Gibson,RB,NE,2024,4,SF,7.9,3
00-0036345,K.J. Osborn,WR,NE,2024,4,SF,0.3,1
00-0036355,Justin Herbert,QB,LAC,2024,4,KC,11.16,0
00-0036358,CeeDee Lamb,WR,DAL,2024,4,NYG,16.6,7
00-0036389,Jalen Hurts,QB,PHI,2024,4,TB,16.32,0
00-0036407,Jerry Jeudy,WR,CLE,2024,4,LV,7.2,6
00-0036410,Tee Higgins,WR,CIN,2024,4,CAR,6.0,6
00-0036414,Cam Akers,RB,HOU,2024,4,JAX,5.3,0
00-0036415,Van Jefferson,WR,PIT,2024,4,IND,2.1,2
00-0036427,Tyler Johnson,WR,LA,2024,4,CHI,0.0,0
00-0036442,Joe Burrow,QB,CIN,2024,4,CAR,16.28,0
00-0036527,D.J. Turner,WR,LV,2024,4,CLE,7.8,0
00-0036550,Rashod Bateman,WR,BAL,2024,4,BUF,2.3,1
00-0036554,Nico Collins,WR,HOU,2024,4,JAX,21.1,12
00-0036555,Chuba Hubbard,RB,CAR,2024,4,CIN,18.1,4
00-0036613,Jaylen Waddle,WR,MIA,2024,4,TEN,3.6,4
00-0036626,Dyami Brown,WR,WAS,2024,4,ARI,0.4,1
00-0036628,John Bates,TE,WAS,2024,4,ARI,0.9,1
00-0036637,Noah Gray,TE,KC,2024,4,LAC,4.0,4
00-0036741,Jack Stoll,TE,PHI,2024,4,TB,0.4,1
00-0036754,Brock Wright,TE,DET,2024,4,SEA,1.3,2
00-0036825,Feleipe Franks,TE,CAR,2024,4,CIN,0.0,0
00-0036849,Tutu Atwell,WR,LA,2024,4,CHI,8.2,4
00-0036875,Rhamondre Stevenson,RB,NE,2024,4,SF,4.2,4
00-0036887,Luke Farrell,TE,JAX,2024,4,HOU,0.0,0
00-0036893,Najee Harris,RB,PIT,2024,4,IND,7.3,3
00-0036894,Pat Freiermuth,TE,PIT,2024,4,IND,11.7,5
00-0036900,Ja'Marr Chase,WR,CIN,2024,4,CAR,14.5,3
00-0036919,Kenneth Gainwell,RB,PHI,2024,4,TB,0.9,0
00-0036945,Justin Fields,QB,PIT,2024,4,IND,31.98,0
00-0036963,Amon-Ra St. Brown,WR,DET,2024,4,SEA,14.78,6
00-0036970,Kyle Pitts,TE,ATL,2024,4,NO,0.0,0
00-0036971,Trevor Lawrence,QB,JAX,2024,4,HOU,15.26,0
00-0036973,Travis Etienne,RB,JAX,2024,4,HOU,6.0,1
00-0036980,Elijah Moore,WR,CLE,2024,4,LV,1.1,1
00-0036984,Trey Sermon,RB,IND,2024,4,PIT,0.8,0
00-0036988,Josh Palmer,WR,LAC,2024,4,KC,3.6,3
00-0036997,Javonte Williams,RB,DEN,2024,4,NYJ,8.0,2
00-0037085,Tyler Badie,RB,DEN,2024,4,NYJ,-2.4,2
00-0037086,Grant Calcaterra,TE,PHI,2024,4,TB,2.6,1
00-0037091,Bo Melton,WR,GB,2024,4,MIN,2.8,1
00-0037238,Drake London,WR,ATL,2024,4,NO,6.4,6
00-0037239,Chris Olave,WR,NO,2024,4,ATL,8.7,8
00-0037240,Jameson Williams,WR,DET,2024,4,SEA,14.0,2
00-0037247,George Pickens,WR,PIT,2024,4,IND,9.3,7
00-0037248,James Cook,RB,BUF,2024,4,BAL,4.8,1
00-0037252,Greg Dulcich,TE,DEN,2024,4,NYJ,0.0,0
00-0037256,Rachaad White,RB,TB,2024,4,PHI,8.4,2
00-0037261,Khalil Shakir,WR,BUF,2024,4,BAL,6.2,4
00-0037263,Tyler Allgeier,RB,ATL,2024,4,NO,8.0,2
00-0037267,Jerome Ford,RB,CLE,2024,4,LV,8.5,7
00-0037276,Ty Chandler,RB,MIN,2024,4,GB,1.3,1
00-0037291,Jalen Nailor,WR,MIN,2024,4,GB,3.1,1
00-0037292,Andrew Ogletree,TE,IND,2024,4,PIT,7.5,1
00-0037348,Tanner Conner,WR,MIA,2024,4,TEN,1.5,2
00-0037450,Tyreik McAllister,RB,LV,2024,4,CLE,1.1,0
00-0037525,Jordan Mason,RB,SF,2024,4,NE,22.0,2
00-0037545,Rashid Shaheed,WR,NO,2024,4,ATL,9.7,8
00-0037557,Ronnie Rivers,RB,LA,2024,4,CHI,2.6,0
00-0037609,Aaron Shampklin,RB,PIT,2024,4,IND,0.5,0
00-0037614,John Metchie,WR,HOU,2024,4,JAX,0.7,1
00-0037664,Alec Pierce,WR,IND,2024,4,PIT,0.9,1
00-0037666,Jalen Tolbert,WR,DAL,2024,4,NYG,2.4,3
00-0037740,Garrett Wilson,WR,NYJ,2024,4,DEN,2.1,5
00-0037741,Jahan Dotson,WR,PHI,2024,4,TB,1.1,2
00-0037742,Treylon Burks,WR,TEN,2024,4,MIA,1.3,1
00-0037746,Brian Robinson,RB,WAS,2024,4,ARI,17.3,3
00-0037805,Jeremy Ruckert,TE,NYJ,2024,4,DEN,1.0,2
00-0037809,Chigoziem Okonkwo,TE,TEN,2024,4,MIA,0.5,1
00-0037816,Romeo Doubs,WR,GB,2024,4,MIN,3.9,4
00-0037834,Brock Purdy,QB,SF,2024,4,NE,14.62,0
00-0037837,Calvin Austin,WR,PIT,2024,4,IND,1.7,1
00-0037838,Isaiah Likely,TE,BAL,2024,4,BUF,2.6,1
00-0037840,Kyren Williams,RB,LA,2024,4,CHI,16.4,4
00-0038040,Zamir White,RB,LV,2024,4,CLE,3.0,0
00-0038041,Jake Ferguson,TE,DAL,2024,4,NYG,4.9,7
00-0038090,Skyy Moore,WR,KC,2024,4,LAC,0.0,0
00-0038104,Tyquan Thornton,WR,NE,2024,4,SF,0.0,0
00-0038117,Wan'Dale Robinson,WR,NYG,2024,4,DAL,7.1,11
00-0038120,Breece Hall,RB,NYJ,2024,4,DEN,1.8,2
00-0038124,Christian Watson,WR,GB,2024,4,MIN,0.0,0
00-0038129,Cade Otton,TE,TB,2024,4,PHI,5.2,6
00-0038134,Kenneth Walker,RB,SEA,2024,4,DET,29.6,4
00-0038393,Dontayvion Wicks,WR,GB,2024,4,MIN,19.8,5
00-0038396,Eric Gray,RB,NYG,2024,4,DAL,0.1,0
00-0038465,Malik Heath,WR,GB,2024,4,MIN,1.2,2
00-0038496,Xavier Gipson,WR,NYJ,2024,4,DEN,0.6,1
00-0038542,Bijan Robinson,RB,ATL,2024,4,NO,7.4,4
00-0038543,Jaxon Smith-Njigba,WR,SEA,2024,4,DET,5.1,8
00-0038544,Quentin Johnston,WR,LAC,2024,4,KC,1.3,1
00-0038555,Tank Bigsby,RB,JAX,2024,4,HOU,9.0,0
00-0038558,Darnell Washington,TE,PIT,2024,4,IND,3.1,2
00-0038559,Michael Wilson,WR,ARI,2024,4,WAS,1.8,3
00-0038563,Tre Tucker,WR,LV,2024,4,CLE,10.4,5
00-0038589,Josh Whyle,TE,TEN,2024,4,MIA,0.5,1
00-0038597,Chase Brown,RB,CIN,2024,4,CAR,21.2,2
00-0038608,Kayshon Boutte,WR,NE,2024,4,SF,1.1,1
00-0038619,Andrei Iosivas,WR,CIN,2024,4,CAR,2.9,1
00-0038621,Demario Douglas,WR,NE,2024,4,SF,1.3,3
00-0038705,Emari Demercado,RB,ARI,2024,4,WAS,2.4,1
00-0038710,Blake Whiteheart,TE,CLE,2024,4,LV,7.3,3
00-0038752,Jake Bobo,WR,SEA,2024,4,DET,3.0,3
00-0038783,Nate Adkins,TE,DEN,2024,4,NYJ,0.0,1
00-0038794,Jaleel McLaughlin,RB,DEN,2024,4,NYJ,4.6,1
00-0038797,Emanuel Wilson,RB,GB,2024,4,MIN,2.7,0
00-0038933,Dalton Kincaid,TE,BUF,2024,4,BAL,4.7,5
00-0038935,Brenton Strange,TE,JAX,2024,4,HOU,1.9,3
00-0038938,Jalin Hyatt,WR,NYG,2024,4,DAL,0.0,0
00-0038951,Sean Tucker,RB,TB,2024,4,PHI,1.7,1
00-0038994,Jordan Addison,WR,MIN,2024,4,GB,19.9,3
00-0038996,Tucker Kraft,TE,GB,2024,4,MIN,11.3,6
00-0038997,Josh Downs,WR,IND,2024,4,PIT,14.2,8
00-0039021,Roschon Johnson,RB,CHI,2024,4,LA,8.6,0
00-0039032,Tyjae Spears,RB,TEN,2024,4,MIA,9.9,2
00-0039040,Devon Achane,RB,MIA,2024,4,TEN,2.9,3
00-0039041,Elijah Higgins,TE,ARI,2024,4,WAS,1.2,2
00-0039052,Trey Palmer,WR,TB,2024,4,PHI,8.6,3
00-0039062,Jonathan Mingo,WR,CAR,2024,4,CIN,2.4,3
00-0039064,Zay Flowers,WR,BAL,2024,4,BUF,1.0,1
00-0039065,Sam LaPorta,TE,DET,2024,4,SEA,5.3,4
00-0039139,Jahmyr Gibbs,RB,DET,2024,4,SEA,19.8,0
00-0039144,Luke Musgrave,TE,GB,2024,4,MIN,1.3,3
00-0039146,Jayden Reed,WR,GB,2024,4,MIN,20.1,7
00-0039152,Will Levis,QB,TEN,2024,4,MIA,-0.5,0
00-0039163,C.J. Stroud,QB,HOU,2024,4,JAX,23.5,0
00-0039164,Anthony Richardson,QB,IND,2024,4,PIT,5.24,0
00-0039165,Zach Charbonnet,RB,SEA,2024,4,DET,5.4,5
00-0039236,Johnny Wilson,WR,PHI,2024,4,TB,0.0,0
00-0039325,Carson Steele,RB,KC,2024,4,LAC,-1.4,1
00-0039337,Malik Nabers,WR,NYG,2024,4,DAL,11.1,12
00-0039338,Brock Bowers,TE,LV,2024,4,CLE,3.1,2
00-0039342,Xavier Legette,WR,CAR,2024,4,CIN,13.6,6
00-0039355,Luke McCaffrey,WR,WAS,2024,4,ARI,1.7,1
00-0039356,Ja'Tavion Sanders,TE,CAR,2024,4,CIN,1.6,2
00-0039359,Cade Stover,TE,HOU,2024,4,JAX,2.7,1
00-0039361,Bucky Irving,RB,TB,2024,4,PHI,11.5,1
00-0039363,Isaac Guerendo,RB,SF,2024,4,NE,0.0,0
00-0039384,Tyrone Tracy,RB,NYG,2024,4,DAL,2.1,1
00-0039491,Jalen Coker,WR,CAR,2024,4,CIN,0.0,0
00-0039589,Kameron Johnson,WR,TB,2024,4,PHI,0.0,0
00-0039623,Mason Tipton,WR,NO,2024,4,ATL,0.6,1
00-0039732,Bo Nix,QB,DEN,2024,4,NYJ,6.7,0
00-0039751,Jordan Whittington,WR,LA,2024,4,CHI,6.2,6
00-0039793,A.J. Barner,TE,SEA,2024,4,DET,8.7,2
00-0039794,Braelon Allen,RB,NYJ,2024,4,DEN,4.6,1
00-0039814,Erick All,TE,CIN,2024,4,CAR,2.8,4
00-0039847,Theo Johnson,TE,NYG,2024,4,DAL,0.6,1
00-0039849,Marvin Harrison,WR,ARI,2024,4,WAS,10.5,5
00-0039868,Troy Franklin,WR,DEN,2024,4,NYJ,-0.2,2
00-0039874,Jaylen Wright,RB,MIA,2024,4,TEN,3.2,0
00-0039875,Ray Davis,RB,BUF,2024,4,BAL,1.1,0
00-0039880,Malik Washington,WR,MIA,2024,4,TEN,0.8,1
00-0039890,Adonai Mitchell,WR,IND,2024,4,PIT,1.0,0
00-0039893,Brian Thomas,WR,JAX,2024,4,HOU,15.9,6
00-0039894,Xavier Worthy,WR,KC,2024,4,LAC,13.3,3
00-0039901,Keon Coleman,WR,BUF,2024,4,BAL,5.1,3
00-0039907,Ja'Lynn Polk,WR,NE,2024,4,SF,3.0,3
00-0039910,Jayden Daniels,QB,WAS,2024,4,ARI,24.02,0
00-0039915,Ladd McConkey,WR,LAC,2024,4,KC,12.7,5
00-0039918,Caleb Williams,QB,CHI,2024,4,LA,11.48,0
00-0039919,Rome Odunze,WR,CHI,2024,4,LA,1.0,1
00-0039921,Trey Benson,RB,ARI,2024,4,WAS,5.0,0
00-0023459,Aaron Rodgers,QB,NYJ,2024,5,MIN,11.76,0
00-0026158,Joe Flacco,QB,IND,2024,5,JAX,26.56,0
00-0026498,Matthew Stafford,QB,LA,2024,5,GB,12.4,0
00-0027973,Andy Dalton,QB,CAR,2024,5,CHI,3.74,0
00-0029604,Kirk Cousins,QB,ATL,2024,5,TB,34.36,0
00-0030061,Zach Ertz,TE,WAS,2024,5,CLE,1.0,2
00-0030279,Keenan Allen,WR,CHI,2024,5,CAR,3.3,3
00-0030506,Travis Kelce,TE,KC,2024,5,NO,7.0,9
00-0030565,Geno Smith,QB,SEA,2024,5,NYG,22.56,0
00-0031235,Odell Beckham,WR,MIA,2024,5,NE,0.0,0
00-0031280,Derek Carr,QB,NO,2024,5,KC,12.6,0
00-0031408,Mike Evans,WR,TB,2024,5,ATL,18.2,5
00-0031503,Jameis Winston,QB,CLE,2024,5,WAS,0.34,0
00-0031544,Amari Cooper,WR,CLE,2024,5,WAS,6.0,4
00-0031549,Nelson Agholor,WR,BAL,2024,5,CIN,0.4,1
00-0031588,Stefon Diggs,WR,HOU,2024,5,BUF,8.2,6
00-0031687,Raheem Mostert,RB,MIA,2024,5,NE,9.8,2
00-0032104,Ameer Abdullah,RB,LV,2024,5,DEN,11.1,3
00-0032211,Tyler Lockett,WR,SEA,2024,5,NYG,7.5,4
00-0032268,Marcus Mariota,QB,WAS,2024,5,CLE,0.12,0
00-0032385,Sterling Shepard,WR,TB,2024,5,ATL,6.4,1
00-0032392,Austin Hooper,TE,NE,2024,5,MIA,0.9,1
00-0032764,Derrick Henry,RB,BAL,2024,5,CIN,15.6,1
00-0032775,Demarcus Robinson,WR,LA,2024,5,GB,8.8,3
00-0033040,Tyreek Hill,WR,MIA,2024,5,NE,6.9,6
00-0033045,Ezekiel Elliott,RB,DAL,2024,5,PIT,1.7,0
00-0033077,Dak Prescott,QB,DAL,2024,5,PIT,16.38,0
00-0033090,Hunter Henry,TE,NE,2024,5,MIA,3.2,2
00-0033119,Jacoby Brissett,QB,NE,2024,5,MIA,7.4,0
00-0033217,Mo Alie-Cox,TE,IND,2024,5,JAX,9.7,2
00-0033246,Johnny Mundt,TE,MIN,2024,5,NYJ,3.1,2
00-0033282,Curtis Samuel,WR,BUF,2024,5,HOU,-0.1,1
00-0033288,George Kittle,TE,SF,2024,5,ARI,12.4,8
00-0033293,Aaron Jones,RB,MIN,2024,5,NYJ,5.3,1
00-0033307,Kendrick Bourne,WR,NE,2024,5,MIA,0.6,1
00-0033319,Nick Mullens,QB,MIN,2024,5,NYJ,0.96,0
00-0033439,Pharaoh Brown,TE,SEA,2024,5,NYG,0.7,1
00-0033526,Samaje Perine,RB,KC,2024,5,NO,2.4,1
00-0033536,Mike Williams,WR,NYJ,2024,5,MIN,2.5,2
00-0033537,Deshaun Watson,QB,CLE,2024,5,WAS,8.4,0
00-0033553,James Conner,RB,ARI,2024,5,SF,12.0,2
00-0033555,Mack Hollins,WR,BUF,2024,5,HOU,2.7,2
00-0033589,David Moore,WR,CAR,2024,5,CHI,1.3,2
00-0033699,Austin Ekeler,RB,WAS,2024,5,CLE,9.7,2
00-0033854,Dare Ogunbowale,RB,HOU,2024,5,BUF,8.7,6
00-0033857,JuJu Smith-Schuster,WR,KC,2024,5,NO,13.0,7
00-0033858,Jonnu Smith,TE,MIA,2024,5,NE,6.1,5
00-0033873,Patrick Mahomes,QB,KC,2024,5,NO,13.44,0
00-0033885,David Njoku,TE,CLE,2024,5,WAS,1.4,1
00-0033895,Gerald Everett,TE,CHI,2024,5,CAR,2.2,2
00-0033906,Alvin Kamara,RB,NO,2024,5,KC,6.6,6
00-0033921,Chris Godwin,WR,TB,2024,5,ATL,6.6,5
00-0033923,Kareem Hunt,RB,KC,2024,5,NO,17.7,1
00-0033925,D'Onta Foreman,RB,CLE,2024,5,WAS,6.0,1
00-0033943,Josh Reynolds,WR,DEN,2024,5,LV,6.9,1
00-0033948,Jamaal Williams,RB,NO,2024,5,KC,0.9,0
00-0033955,Jeremy McNichols,RB,WAS,2024,5,CLE,10.4,0
00-0034270,Tyler Conklin,TE,NYJ,2024,5,MIN,5.5,6
00-0034272,Marquez Valdes-Scantling,WR,BUF,2024,5,HOU,0.0,0
00-0034348,Courtland Sutton,WR,DEN,2024,5,LV,3.2,2
00-0034364,Jordan Akins,TE,CLE,2024,5,WAS,8.2,3
00-0034383,Dalton Schultz,TE,HOU,2024,5,BUF,3.4,4
00-0034407,Ray-Ray McCloud,WR,ATL,2024,5,TB,6.6,6
00-0034521,Allen Lazard,WR,NYJ,2024,5,MIN,9.4,4
00-0034577,Kyle Allen,QB,PIT,2024,5,DAL,0.76,0
00-0034753,Mark Andrews,TE,BAL,2024,5,CIN,5.5,4
00-0034775,Christian Kirk,WR,JAX,2024,5,IND,8.8,4
00-0034796,Lamar Jackson,QB,BAL,2024,5,CIN,33.42,0
00-0034798,Durham Smythe,TE,MIA,2024,5,NE,0.0,0
00-0034827,D.J. Moore,WR,CHI,2024,5,CAR,22.5,5
00-0034829,Mike Gesicki,TE,CIN,2024,5,BAL,3.1,2
00-0034854,KhaDarel Hodge,WR,ATL,2024,5,TB,12.7,2
00-0034855,Baker Mayfield,QB,TB,2024,5,ATL,23.4,0
00-0034857,Josh Allen,QB,BUF,2024,5,HOU,14.64,0
00-0034869,Sam Darnold,QB,MIN,2024,5,NYJ,4.26,0
00-0034960,Jakobi Meyers,WR,LV,2024,5,DEN,7.2,6
00-0034972,Alexander Mattison,RB,LV,2024,5,DEN,8.1,2
00-0034975,Justice Hill,RB,BAL,2024,5,CIN,2.5,1
00-0034981,Foster Moreau,TE,NO,2024,5,KC,7.3,2
00-0035021,Ashton Dulin,WR,IND,2024,5,JAX,0.9,0
00-0035140,Mecole Hardman,WR,KC,2024,5,NO,3.3,4
00-0035208,Olamide Zaccheaus,WR,WAS,2024,5,CLE,1.0,1
00-0035216,Diontae Johnson,WR,CAR,2024,5,CHI,2.9,3
00-0035228,Kyler Murray,QB,ARI,2024,5,SF,24.1,0
00-0035243,Miles Sanders,RB,CAR,2024,5,CHI,3.3,2
00-0035289,Gardner Minshew,QB,LV,2024,5,DEN,7.68,0
00-0035311,Myles Gaskin,RB,MIN,2024,5,NYJ,1.3,1
00-0035406,Lil'Jordan Humphrey,WR,DEN,2024,5,LV,4.8,2
00-0035500,Greg Dortch,WR,ARI,2024,5,SF,0.7,1
00-0035535,Darius Slayton,WR,NYG,2024,5,SEA,18.2,8
00-0035537,Ty Johnson,RB,BUF,2024,5,HOU,1.5,0
00-0035547,Joseph Fortson,TE,KC,2024,5,NO,0.5,1
00-0035628,D'Ernest Johnson,RB,JAX,2024,5,IND,1.0,2
00-0035640,DK Metcalf,WR,SEA,2024,5,NYG,3.5,4
00-0035644,Noah Fant,TE,SEA,2024,5,NYG,2.4,3
00-0035659,Terry McLaurin,WR,WAS,2024,5,CLE,9.4,4
00-0035700,Josh Jacobs,RB,GB,2024,5,LA,15.4,1
00-0035710,Daniel Jones,QB,NYG,2024,5,SEA,22.08,0
00-0035719,Deebo Samuel,WR,SF,2024,5,ARI,2.0,1
00-0035924,Jonathan Ward,RB,PIT,2024,5,DAL,0.9,0
00-0035993,Tyler Huntley,QB,MIA,2024,5,NE,6.46,0
00-0036040,Juwan Johnson,TE,NO,2024,5,KC,3.1,5
00-0036139,Rico Dowdle,RB,DAL,2024,5,PIT,17.4,2
00-0036196,Gabe Davis,WR,JAX,2024,5,IND,1.8,3
00-0036244,Colby Parkinson,TE,LA,2024,5,GB,5.2,7
00-0036251,Zack Moss,RB,CIN,2024,5,BAL,5.2,3
00-0036252,Michael Pittman,WR,IND,2024,5,JAX,9.7,5
00-0036259,Jauan Jennings,WR,SF,2024,5,ARI,1.3,1
00-0036261,Brandon Aiyuk,WR,SF,2024,5,ARI,14.7,8
00-0036264,Jordan Love,QB,GB,2024,5,LA,15.96,0
00-0036275,D'Andre Swift,RB,CHI,2024,5,CAR,18.0,2
00-0036290,Cole Kmet,TE,CHI,2024,5,CAR,5.7,3
00-0036309,Darnell Mooney,WR,ATL,2024,5,TB,22.5,9
00-0036322,Justin Jefferson,WR,MIN,2024,5,NYJ,9.2,6
00-0036328,Antonio Gibson,RB,NE,2024,5,MIA,5.6,1
00-0036331,Devin Duvernay,WR,JAX,2024,5,IND,0.3,0
00-0036332,Josiah Deguara,TE,JAX,2024,5,IND,0.2,1
00-0036358,CeeDee Lamb,WR,DAL,2024,5,PIT,6.4,5
00-0036407,Jerry Jeudy,WR,CLE,2024,5,WAS,1.6,1
00-0036410,Tee Higgins,WR,CIN,2024,5,BAL,20.3,9
00-0036414,Cam Akers,RB,HOU,2024,5,BUF,10.7,2
00-0036415,Van Jefferson,WR,PIT,2024,5,DAL,2.6,3
00-0036422,Adam Trautman,TE,DEN,2024,5,LV,1.9,1
00-0036442,Joe Burrow,QB,CIN,2024,5,BAL,33.78,0
00-0036527,D.J. Turner,WR,LV,2024,5,DEN,1.7,1
00-0036550,Rashod Bateman,WR,BAL,2024,5,CIN,11.8,4
00-0036554,Nico Collins,WR,HOU,2024,5,BUF,13.8,2
00-0036555,Chuba Hubbard,RB,CAR,2024,5,CHI,13.5,4
00-0036613,Jaylen Waddle,WR,MIA,2024,5,NE,4.6,4
00-0036626,Dyami Brown,WR,WAS,2024,5,CLE,11.7,2
00-0036630,Tylan Wallace,WR,BAL,2024,5,CIN,3.1,2
00-0036637,Noah Gray,TE,KC,2024,5,NO,2.9,2
00-0036849,Tutu Atwell,WR,LA,2024,5,GB,6.5,6
00-0036875,Rhamondre Stevenson,RB,NE,2024,5,MIA,15.2,4
00-0036887,Luke Farrell,TE,JAX,2024,5,IND,1.7,2
00-0036893,Najee Harris,RB,PIT,2024,5,DAL,7.7,2
00-0036894,Pat Freiermuth,TE,PIT,2024,5,DAL,6.2,3
00-0036900,Ja'Marr Chase,WR,CIN,2024,5,BAL,31.3,10
00-0036945,Justin Fields,QB,PIT,2024,5,DAL,15.94,0
00-0036970,Kyle Pitts,TE,ATL,2024,5,TB,8.8,7
00-0036971,Trevor Lawrence,QB,JAX,2024,5,IND,21.24,0
00-0036973,Travis Etienne,RB,JAX,2024,5,IND,6.0,6
00-0036980,Elijah Moore,WR,CLE,2024,5,WAS,1.1,3
00-0036984,Trey Sermon,RB,IND,2024,5,JAX,12.3,6
00-0036997,Javonte Williams,RB,DEN,2024,5,LV,11.1,5
00-0037004,Hunter Long,TE,LA,2024,5,GB,1.6,2
00-0037005,Tommy Tremble,TE,CAR,2024,5,CHI,-1.3,1
00-0037091,Bo Melton,WR,GB,2024,5,LA,1.2,1
00-0037120,Tyler Goodson,RB,IND,2024,5,JAX,5.7,3
00-0037238,Drake London,WR,ATL,2024,5,TB,21.4,12
00-0037239,Chris Olave,WR,NO,2024,5,KC,1.0,2
00-0037247,George Pickens,WR,PIT,2024,5,DAL,2.6,3
00-0037248,James Cook,RB,BUF,2024,5,HOU,15.9,2
00-0037256,Rachaad White,RB,TB,2024,5,ATL,6.6,3
00-0037263,Tyler Allgeier,RB,ATL,2024,5,TB,2.5,3
00-0037267,Jerome Ford,RB,CLE,2024,5,WAS,4.9,3
00-0037276,Ty Chandler,RB,MIN,2024,5,NYJ,3.9,2
00-0037292,Andrew Ogletree,TE,IND,2024,5,JAX,0.5,1
00-0037304,Connor Heyward,TE,PIT,2024,5,DAL,8.3,2
00-0037382,Brandon Johnson,WR,PIT,2024,5,DAL,0.9,1
00-0037525,Jordan Mason,RB,SF,2024,5,ARI,7.8,1
00-0037539,Lucas Krull,TE,DEN,2024,5,LV,0.5,1
00-0037545,Rashid Shaheed,WR,NO,2024,5,KC,14.6,4
00-0037609,Aaron Shampklin,RB,PIT,2024,5,DAL,1.4,0
00-0037664,Alec Pierce,WR,IND,2024,5,JAX,19.4,3
00-0037666,Jalen Tolbert,WR,DAL,2024,5,PIT,14.7,7
00-0037740,Garrett Wilson,WR,NYJ,2024,5,MIN,16.1,13
00-0037744,Trey McBride,TE,ARI,2024,5,SF,5.3,6
00-0037746,Brian Robinson,RB,WAS,2024,5,CLE,13.8,0
00-0037801,Kavontae Turpin,WR,DAL,2024,5,PIT,4.4,4
00-0037834,Brock Purdy,QB,SF,2024,5,ARI,13.06,0
00-0037837,Calvin Austin,WR,PIT,2024,5,DAL,0.6,1
00-0037838,Isaiah Likely,TE,BAL,2024,5,CIN,13.3,3
00-0037840,Kyren Williams,RB,LA,2024,5,GB,14.5,1
00-0038041,Jake Ferguson,TE,DAL,2024,5,PIT,7.0,6
00-0038046,Charlie Kolar,TE,BAL,2024,5,CIN,12.6,3
00-0038098,Pierre Strong,RB,CLE,2024,5,WAS,0.2,0
00-0038117,Wan'Dale Robinson,WR,NYG,2024,5,SEA,10.0,6
00-0038120,Breece Hall,RB,NYJ,2024,5,MIN,3.7,3
00-0038129,Cade Otton,TE,TB,2024,5,ATL,4.4,3
00-0038134,Kenneth Walker,RB,SEA,2024,5,NYG,7.6,7
00-0038359,Xavier Smith,WR,LA,2024,5,GB,0.6,2
00-0038393,Dontayvion Wicks,WR,GB,2024,5,LA,2.0,2
00-0038394,Will Mallory,TE,IND,2024,5,JAX,0.7,1
00-0038396,Eric Gray,RB,NYG,2024,5,SEA,3.4,3
00-0038416,Tyson Bagent,QB,CHI,2024,5,CAR,-0.4,0
00-0038465,Malik Heath,WR,GB,2024,5,LA,1.4,2
00-0038477,Bryce Ford-Wheaton,WR,NYG,2024,5,NYG,6.0,0
00-0038542,Bijan Robinson,RB,ATL,2024,5,TB,7.7,3
00-0038543,Jaxon Smith-Njigba,WR,SEA,2024,5,NYG,9.1,4
00-0038547,Luke Schoonmaker,TE,DAL,2024,5,PIT,0.8,1
00-0038555,Tank Bigsby,RB,JAX,2024,5,IND,24.9,1
00-0038558,Darnell Washington,TE,PIT,2024,5,DAL,0.5,1
00-0038559,Michael Wilson,WR,ARI,2024,5,SF,7.8,5
00-0038563,Tre Tucker,WR,LV,2024,5,DEN,2.6,2
00-0038579,Aidan O'Connell,QB,LV,2024,5,DEN,1.76,0
00-0038597,Chase Brown,RB,CIN,2024,5,BAL,13.4,3
00-0038608,Kayshon Boutte,WR,NE,2024,5,MIA,3.4,2
00-0038618,Xavier Hutchinson,WR,HOU,2024,5,BUF,3.1,2
00-0038619,Andrei Iosivas,WR,CIN,2024,5,BAL,3.9,1
00-0038621,Demario Douglas,WR,NE,2024,5,MIA,5.9,6
00-0038640,Jalen Brooks,WR,DAL,2024,5,PIT,1.0,1
00-0038705,Emari Demercado,RB,ARI,2024,5,SF,0.0,1
00-0038752,Jake Bobo,WR,SEA,2024,5,NYG,0.3,1
00-0038783,Nate Adkins,TE,DEN,2024,5,LV,0.8,1
00-0038794,Jaleel McLaughlin,RB,DEN,2024,5,LV,8.5,3
00-0038797,Emanuel Wilson,RB,GB,2024,5,LA,1.5,1
00-0038840,Brycen Tremayne,WR,WAS,2024,5,CLE,-0.2,1
00-0038933,Dalton Kincaid,TE,BUF,2024,5,HOU,3.4,2
00-0038935,Brenton Strange,TE,JAX,2024,5,IND,8.4,4
00-0038976,Marvin Mims,WR,DEN,2024,5,LV,2.4,1
00-0038977,Tank Dell,WR,HOU,2024,5,BUF,3.3,4
00-0038994,Jordan Addison,WR,MIN,2024,5,NYJ,3.6,3
00-0038996,Tucker Kraft,TE,GB,2024,5,LA,20.8,4
00-0038997,Josh Downs,WR,IND,2024,5,JAX,6.9,9
00-0038998,Jake Haener,QB,NO,2024,5,KC,1.78,0
00-0039021,Roschon Johnson,RB,CHI,2024,5,CAR,14.5,0
00-0039040,Devon Achane,RB,MIA,2024,5,NE,1.7,1
00-0039041,Elijah Higgins,TE,ARI,2024,5,SF,6.2,1
00-0039062,Jonathan Mingo,WR,CAR,2024,5,CHI,3.7,2
00-0039064,Zay Flowers,WR,BAL,2024,5,CIN,12.0,7
00-0039074,Davis Allen,TE,LA,2024,5,GB,0.0,0
00-0039146,Jayden Reed,WR,GB,2024,5,LA,9.7,4
00-0039150,Bryce Young,QB,CAR,2024,5,CHI,3.12,0
00-0039163,C.J. Stroud,QB,HOU,2024,5,BUF,15.94,0
00-0039165,Zach Charbonnet,RB,SEA,2024,5,NYG,3.0,3
00-0039325,Carson Steele,RB,KC,2024,5,NO,1.2,0
00-0039338,Brock Bowers,TE,LV,2024,5,DEN,15.7,8
00-0039342,Xavier Legette,WR,CAR,2024,5,CHI,0.8,1
00-0039355,Luke McCaffrey,WR,WAS,2024,5,CLE,1.9,3
00-0039356,Ja'Tavion Sanders,TE,CAR,2024,5,CHI,1.3,3
00-0039359,Cade Stover,TE,HOU,2024,5,BUF,0.6,2
00-0039361,Bucky Irving,RB,TB,2024,5,ATL,3.6,2
00-0039363,Isaac Guerendo,RB,SF,2024,5,ARI,2.2,0
00-0039384,Tyrone Tracy,RB,NYG,2024,5,SEA,13.0,1
00-0039491,Jalen Coker,WR,CAR,2024,5,CHI,6.8,4
00-0039530,Brevyn Spann-Ford,TE,DAL,2024,5,PIT,2.0,2
00-0039623,Mason Tipton,WR,NO,2024,5,KC,0.2,1
00-0039732,Bo Nix,QB,DEN,2024,5,LV,23.14,0
00-0039737,Tip Reiman,TE,ARI,2024,5,SF,0.5,1
00-0039738,Blake Corum,RB,LA,2024,5,GB,3.3,1
00-0039751,Jordan Whittington,WR,LA,2024,5,GB,8.9,7
00-0039793,A.J. Barner,TE,SEA,2024,5,NYG,1.3,1
00-0039794,Braelon Allen,RB,NYJ,2024,5,MIN,2.8,1
00-0039814,Erick All,TE,CIN,2024,5,BAL,1.0,2
00-0039847,Theo Johnson,TE,NYG,2024,5,SEA,4.8,5
00-0039849,Marvin Harrison,WR,ARI,2024,5,SF,3.6,2
00-0039868,Troy Franklin,WR,DEN,2024,5,LV,2.0,1
00-0039874,Jaylen Wright,RB,MIA,2024,5,NE,8.6,0
00-0039875,Ray Davis,RB,BUF,2024,5,HOU,0.4,1
00-0039890,Adonai Mitchell,WR,IND,2024,5,JAX,5.16,4
00-0039893,Brian Thomas,WR,JAX,2024,5,IND,18.2,5
00-0039894,Xavier Worthy,WR,KC,2024,5,NO,8.8,3
00-0039901,Keon Coleman,WR,BUF,2024,5,HOU,10.9,1
00-0039907,Ja'Lynn Polk,WR,NE,2024,5,MIA,1.3,1
00-0039910,Jayden Daniels,QB,WAS,2024,5,CLE,19.72,0
00-0039918,Caleb Williams,QB,CHI,2024,5,CAR,23.56,0
00-0039919,Rome Odunze,WR,CHI,2024,5,CAR,4.0,5
00-0023459,Aaron Rodgers,QB,NYJ,2024,6,BUF,17.76,0
00-0024243,Marcedes Lewis,TE,CHI,2024,6,JAX,0.2,1
00-0026158,Joe Flacco,QB,IND,2024,6,TEN,13.66,0
00-0027973,Andy Dalton,QB,CAR,2024,6,ATL,14.94,0
00-0029604,Kirk Cousins,QB,ATL,2024,6,CAR,12.5,0
00-0030061,Zach Ertz,TE,WAS,2024,6,BAL,6.8,4
00-0030279,Keenan Allen,WR,CHI,2024,6,JAX,16.1,5
00-0030564,DeAndre Hopkins,WR,TEN,2024,6,IND,5.4,4
00-0030565,Geno Smith,QB,SEA,2024,6,SF,12.48,0
00-0031408,Mike Evans,WR,TB,2024,6,NO,3.4,2
00-0031428,Allen Robinson,WR,DET,2024,6,DAL,0.0,0
00-0031544,Amari Cooper,WR,CLE,2024,6,PHI,4.2,4
00-0031549,Nelson Agholor,WR,BAL,2024,6,WAS,2.5,1
00-0031588,Stefon Diggs,WR,HOU,2024,6,NE,13.7,6
00-0032104,Ameer Abdullah,RB,LV,2024,6,PIT,1.8,3
00-0032211,Tyler Lockett,WR,SEA,2024,6,SF,12.5,4
00-0032385,Sterling Shepard,WR,TB,2024,6,NO,5.4,3
00-0032392,Austin Hooper,TE,NE,2024,6,HOU,-1.5,1
00-0032464,Kalif Raymond,WR,DET,2024,6,DAL,7.3,4
00-0032764,Derrick Henry,RB,BAL,2024,6,WAS,25.2,0
00-0033009,Tyler Boyd,WR,TEN,2024,6,IND,1.9,3
00-0033045,Ezekiel Elliott,RB,DAL,2024,6,DET,1.7,0
00-0033077,Dak Prescott,QB,DAL,2024,6,DET,3.22,0
00-0033090,Hunter Henry,TE,NE,2024,6,HOU,10.1,3
00-0033106,Jared Goff,QB,DET,2024,6,DAL,25.1,0
00-0033217,Mo Alie-Cox,TE,IND,2024,6,TEN,4.1,4
00-0033282,Curtis Samuel,WR,BUF,2024,6,NYJ,4.4,3
00-0033288,George Kittle,TE,SF,2024,6,SEA,17.8,5
00-0033307,Kendrick Bourne,WR,NE,2024,6,HOU,0.9,2
00-0033375,Tim Patrick,WR,DET,2024,6,DAL,6.8,3
00-0033536,Mike Williams,WR,NYJ,2024,6,BUF,0.0,0
00-0033537,Deshaun Watson,QB,CLE,2024,6,PHI,8.42,0
00-0033553,James Conner,RB,ARI,2024,6,GB,2.6,4
00-0033555,Mack Hollins,WR,BUF,2024,6,NYJ,6.8,1
00-0033589,David Moore,WR,CAR,2024,6,ATL,1.7,2
00-0033591,Noah Brown,WR,WAS,2024,6,BAL,5.8,4
00-0033662,Cooper Rush,QB,DAL,2024,6,DET,0.0400000000000001,0
00-0033699,Austin Ekeler,RB,WAS,2024,6,BAL,6.8,4
00-0033854,Dare Ogunbowale,RB,HOU,2024,6,NE,0.8,0
00-0033881,Evan Engram,TE,JAX,2024,6,CHI,8.2,10
00-0033885,David Njoku,TE,CLE,2024,6,PHI,3.1,5
00-0033895,Gerald Everett,TE,CHI,2024,6,JAX,0.0,0
00-0033897,Joe Mixon,RB,HOU,2024,6,NE,25.2,2
00-0033906,Alvin Kamara,RB,NO,2024,6,TB,12.4,5
00-0033921,Chris Godwin,WR,TB,2024,6,NO,24.5,11
00-0033925,D'Onta Foreman,RB,CLE,2024,6,PHI,4.7,2
00-0033948,Jamaal Williams,RB,NO,2024,6,TB,0.7,0
00-0033955,Jeremy McNichols,RB,WAS,2024,6,BAL,0.9,0
00-0034159,Will Dissly,TE,LAC,2024,6,DEN,2.6,4
00-0034270,Tyler Conklin,TE,NYJ,2024,6,BUF,1.0,2
00-0034348,Courtland Sutton,WR,DEN,2024,6,LAC,11.3,4
00-0034351,Dallas Goedert,TE,PHI,2024,6,CLE,0.0,0
00-0034365,Ian Thomas,TE,CAR,2024,6,ATL,0.0,0
00-0034383,Dalton Schultz,TE,HOU,2024,6,NE,2.7,4
00-0034407,Ray-Ray McCloud,WR,ATL,2024,6,CAR,1.3,3
00-0034418,Cedrick Wilson,WR,NO,2024,6,TB,2.8,2
00-0034521,Allen Lazard,WR,NYJ,2024,6,BUF,17.4,6
00-0034753,Mark Andrews,TE,BAL,2024,6,WAS,12.6,3
00-0034775,Christian Kirk,WR,JAX,2024,6,CHI,3.9,3
00-0034796,Lamar Jackson,QB,BAL,2024,6,WAS,18.92,0
00-0034827,D.J. Moore,WR,CHI,2024,6,JAX,2.0,4
00-0034837,Calvin Ridley,WR,TEN,2024,6,IND,0.9,0
00-0034844,Saquon Barkley,RB,PHI,2024,6,CLE,5.4,2
00-0034855,Baker Mayfield,QB,TB,2024,6,NO,25.9,0
00-0034857,Josh Allen,QB,BUF,2024,6,NYJ,24.4,0
00-0034972,Alexander Mattison,RB,LV,2024,6,PIT,12.5,5
00-0034975,Justice Hill,RB,BAL,2024,6,WAS,0.4,1
00-0034981,Foster Moreau,TE,NO,2024,6,TB,5.4,2
00-0035021,Ashton Dulin,WR,IND,2024,6,TEN,0.0,0
00-0035208,Olamide Zaccheaus,WR,WAS,2024,6,BAL,2.7,4
00-0035216,Diontae Johnson,WR,CAR,2024,6,ATL,13.8,6
00-0035228,Kyler Murray,QB,ARI,2024,6,GB,11.96,0
00-0035243,Miles Sanders,RB,CAR,2024,6,ATL,1.3,1
00-0035261,Tony Pollard,RB,TEN,2024,6,IND,14.8,3
00-0035406,Lil'Jordan Humphrey,WR,DEN,2024,6,LAC,0.8,1
00-0035500,Greg Dortch,WR,ARI,2024,6,GB,1.6,3
00-0035535,Darius Slayton,WR,NYG,2024,6,CIN,5.7,6
00-0035537,Ty Johnson,RB,BUF,2024,6,NYJ,3.4,0
00-0035567,Craig Reynolds,RB,DET,2024,6,DAL,2.1,0
00-0035602,Alex Bachman,WR,LV,2024,6,PIT,3.1,3
00-0035628,D'Ernest Johnson,RB,JAX,2024,6,CHI,4.4,2
00-0035640,DK Metcalf,WR,SEA,2024,6,SF,4.8,3
00-0035644,Noah Fant,TE,SEA,2024,6,SF,6.3,6
00-0035659,Terry McLaurin,WR,WAS,2024,6,BAL,17.3,6
00-0035676,A.J. Brown,WR,PHI,2024,6,CLE,17.6,6
00-0035685,David Montgomery,RB,DET,2024,6,DAL,20.0,1
00-0035689,Dawson Knox,TE,BUF,2024,6,NYJ,7.2,1
00-0035700,Josh Jacobs,RB,GB,2024,6,ARI,9.0,3
00-0035710,Daniel Jones,QB,NYG,2024,6,CIN,11.8,0
00-0035719,Deebo Samuel,WR,SF,2024,6,SEA,17.7,3
00-0035806,Jamycal Hasty,RB,NE,2024,6,HOU,2.1,1
00-0035924,Jonathan Ward,RB,PIT,2024,6,LV,1.3,0
00-0035973,Patrick Taylor,RB,SF,2024,6,SEA,2.8,1
00-0036040,Juwan Johnson,TE,NO,2024,6,TB,4.8,3
00-0036139,Rico Dowdle,RB,DAL,2024,6,DET,5.5,5
00-0036158,J.K. Dobbins,RB,LAC,2024,6,DEN,16.2,2
00-0036165,Isaiah Hodgins,WR,NYG,2024,6,CIN,0.5,1
00-0036182,Nick Westbrook-Ikhine,WR,TEN,2024,6,IND,6.9,1
00-0036183,Kristian Wilkerson,WR,LV,2024,6,PIT,7.8,2
00-0036196,Gabe Davis,WR,JAX,2024,6,CHI,16.5,5
00-0036232,Harrison Bryant,TE,LV,2024,6,PIT,2.4,3
00-0036251,Zack Moss,RB,CIN,2024,6,NYG,-0.5,1
00-0036252,Michael Pittman,WR,IND,2024,6,TEN,9.5,3
00-0036259,Jauan Jennings,WR,SF,2024,6,SEA,2.7,3
00-0036261,Brandon Aiyuk,WR,SF,2024,6,SEA,3.7,2
00-0036264,Jordan Love,QB,GB,2024,6,ARI,25.62,0
00-0036268,Laviska Shenault Jr.,WR,SEA,2024,6,SF,6.0,0
00-0036275,D'Andre Swift,RB,CHI,2024,6,JAX,17.9,4
00-0036290,Cole Kmet,TE,CHI,2024,6,JAX,19.0,5
00-0036309,Darnell Mooney,WR,ATL,2024,6,CAR,3.8,3
00-0036328,Antonio Gibson,RB,NE,2024,6,HOU,4.3,3
00-0036355,Justin Herbert,QB,LAC,2024,6,DEN,13.68,0
00-0036358,CeeDee Lamb,WR,DAL,2024,6,DET,9.1,7
00-0036389,Jalen Hurts,QB,PHI,2024,6,CLE,21.86,0
00-0036407,Jerry Jeudy,WR,CLE,2024,6,PHI,3.5,1
00-0036410,Tee Higgins,WR,CIN,2024,6,NYG,7.7,7
00-0036414,Cam Akers,RB,HOU,2024,6,NE,-0.1,0
00-0036442,Joe Burrow,QB,CIN,2024,6,NYG,19.82,0
00-0036527,D.J. Turner,WR,LV,2024,6,PIT,3.7,2
00-0036550,Rashod Bateman,WR,BAL,2024,6,WAS,7.1,4
00-0036555,Chuba Hubbard,RB,CAR,2024,6,ATL,10.3,5
00-0036626,Dyami Brown,WR,WAS,2024,6,BAL,1.1,1
00-0036646,Simi Fehoko,WR,LAC,2024,6,DEN,4.4,2
00-0036754,Brock Wright,TE,DET,2024,6,DAL,0.0,0
00-0036876,Kylen Granson,TE,IND,2024,6,TEN,0.0,0
00-0036877,Jaelon Darden,WR,CLE,2024,6,PHI,0.6,1
00-0036893,Najee Harris,RB,PIT,2024,6,LV,18.2,2
00-0036894,Pat Freiermuth,TE,PIT,2024,6,LV,1.6,2
00-0036898,Davis Mills,QB,HOU,2024,6,NE,0.0,0
00-0036900,Ja'Marr Chase,WR,CIN,2024,6,NYG,7.2,5
00-0036912,DeVonta Smith,WR,PHI,2024,6,CLE,12.4,3
00-0036919,Kenneth Gainwell,RB,PHI,2024,6,CLE,2.3,0
00-0036945,Justin Fields,QB,PIT,2024,6,LV,23.7,0
00-0036963,Amon-Ra St. Brown,WR,DET,2024,6,DAL,9.7,4
00-0036970,Kyle Pitts,TE,ATL,2024,6,CAR,7.0,3
00-0036971,Trevor Lawrence,QB,JAX,2024,6,CHI,17.06,0
00-0036972,Mac Jones,QB,JAX,2024,6,CHI,0.24,0
00-0036973,Travis Etienne,RB,JAX,2024,6,CHI,-0.1,0
00-0036980,Elijah Moore,WR,CLE,2024,6,PHI,0.3,1
00-0036984,Trey Sermon,RB,IND,2024,6,TEN,2.9,0
00-0036988,Josh Palmer,WR,LAC,2024,6,DEN,3.8,2
00-0036997,Javonte Williams,RB,DEN,2024,6,LAC,1.6,3
00-0037086,Grant Calcaterra,TE,PHI,2024,6,CLE,6.7,4
00-0037091,Bo Melton,WR,GB,2024,6,ARI,3.3,1
00-0037120,Tyler Goodson,RB,IND,2024,6,TEN,6.5,4
00-0037228,Jaylen Warren,RB,PIT,2024,6,LV,1.8,3
00-0037238,Drake London,WR,ATL,2024,6,CAR,13.4,6
00-0037239,Chris Olave,WR,NO,2024,6,TB,-1.5,1
00-0037240,Jameson Williams,WR,DET,2024,6,DAL,14.7,3
00-0037247,George Pickens,WR,PIT,2024,6,LV,5.3,3
00-0037258,Dameon Pierce,RB,HOU,2024,6,NE,13.7,1
00-0037261,Khalil Shakir,WR,BUF,2024,6,NYJ,1.9,2
00-0037263,Tyler Allgeier,RB,ATL,2024,6,CAR,18.8,1
00-0037267,Jerome Ford,RB,CLE,2024,6,PHI,1.4,0
00-0037292,Andrew Ogletree,TE,IND,2024,6,TEN,2.4,2
00-0037304,Connor Heyward,TE,PIT,2024,6,LV,0.4,1
00-0037475,Stone Smartt,TE,LAC,2024,6,DEN,1.0,1
00-0037525,Jordan Mason,RB,SF,2024,6,SEA,8.2,1
00-0037539,Lucas Krull,TE,DEN,2024,6,LAC,1.1,2
00-0037545,Rashid Shaheed,WR,NO,2024,6,TB,7.3,1
00-0037594,Julius Chestnut,RB,TEN,2024,6,IND,0.2,0
00-0037609,Aaron Shampklin,RB,PIT,2024,6,LV,-0.2,0
00-0037617,Hassan Haskins,RB,LAC,2024,6,DEN,0.5,0
00-0037664,Alec Pierce,WR,IND,2024,6,TEN,0.0,0
00-0037666,Jalen Tolbert,WR,DAL,2024,6,DET,4.3,4
00-0037740,Garrett Wilson,WR,NYJ,2024,6,BUF,16.7,8
00-0037741,Jahan Dotson,WR,PHI,2024,6,CLE,2.3,1
00-0037742,Treylon Burks,WR,TEN,2024,6,IND,1.0,1
00-0037744,Trey McBride,TE,ARI,2024,6,GB,9.6,8
00-0037801,Kavontae Turpin,WR,DAL,2024,6,DET,1.0,4
00-0037805,Jeremy Ruckert,TE,NYJ,2024,6,BUF,0.7,2
00-0037809,Chigoziem Okonkwo,TE,TEN,2024,6,IND,0.6,3
00-0037816,Romeo Doubs,WR,GB,2024,6,ARI,16.9,3
00-0037834,Brock Purdy,QB,SF,2024,6,SEA,24.1,0
00-0037837,Calvin Austin,WR,PIT,2024,6,LV,3.6,2
00-0037838,Isaiah Likely,TE,BAL,2024,6,WAS,2.7,2
00-0038041,Jake Ferguson,TE,DAL,2024,6,DET,1.1,3
00-0038098,Pierre Strong,RB,CLE,2024,6,PHI,7.8,2
00-0038117,Wan'Dale Robinson,WR,NYG,2024,6,CIN,5.0,5
00-0038120,Breece Hall,RB,NYJ,2024,6,BUF,16.9,5
00-0038124,Christian Watson,WR,GB,2024,6,ARI,12.8,3
00-0038129,Cade Otton,TE,TB,2024,6,NO,7.5,2
00-0038134,Kenneth Walker,RB,SEA,2024,6,SF,12.9,8
00-0038393,Dontayvion Wicks,WR,GB,2024,6,ARI,0.9,1
00-0038394,Will Mallory,TE,IND,2024,6,TEN,0.0,0
00-0038396,Eric Gray,RB,NYG,2024,6,CIN,1.3,0
00-0038416,Tyson Bagent,QB,CHI,2024,6,JAX,-0.3,0
00-0038542,Bijan Robinson,RB,ATL,2024,6,CAR,22.5,3
00-0038543,Jaxon Smith-Njigba,WR,SEA,2024,6,SF,5.3,5
00-0038544,Quentin Johnston,WR,LAC,2024,6,DEN,2.2,3
00-0038550,Hendon Hooker,QB,DET,2024,6,DAL,0.66,0
00-0038555,Tank Bigsby,RB,JAX,2024,6,CHI,2.4,0
00-0038558,Darnell Washington,TE,PIT,2024,6,LV,0.9,1
00-0038559,Michael Wilson,WR,ARI,2024,6,GB,8.1,2
00-0038563,Tre Tucker,WR,LV,2024,6,PIT,0.0,0
00-0038573,Derius Davis,WR,LAC,2024,6,DEN,2.2,1
00-0038579,Aidan O'Connell,QB,LV,2024,6,PIT,11.08,0
00-0038589,Josh Whyle,TE,TEN,2024,6,IND,0.2,1
00-0038597,Chase Brown,RB,CIN,2024,6,NYG,12.4,2
00-0038608,Kayshon Boutte,WR,NE,2024,6,HOU,11.9,3
00-0038618,Xavier Hutchinson,WR,HOU,2024,6,NE,0.0,0
00-0038619,Andrei Iosivas,WR,CIN,2024,6,NYG,3.6,2
00-0038621,Demario Douglas,WR,NE,2024,6,HOU,15.2,6
00-0038640,Jalen Brooks,WR,DAL,2024,6,DET,1.5,1
00-0038678,Jordan Mims,RB,NO,2024,6,TB,1.8,2
00-0038685,Christopher Brooks,RB,GB,2024,6,ARI,2.1,0
00-0038705,Emari Demercado,RB,ARI,2024,6,GB,6.4,5
00-0038752,Jake Bobo,WR,SEA,2024,6,SF,1.8,2
00-0038783,Nate Adkins,TE,DEN,2024,6,LAC,0.5,1
00-0038794,Jaleel McLaughlin,RB,DEN,2024,6,LAC,2.5,2
00-0038797,Emanuel Wilson,RB,GB,2024,6,ARI,7.3,1
00-0038809,Ben Sims,TE,GB,2024,6,ARI,3.8,2
00-0038824,Ryan Miller,WR,TB,2024,6,NO,3.9,1
00-0038933,Dalton Kincaid,TE,BUF,2024,6,NYJ,5.1,6
00-0038935,Brenton Strange,TE,JAX,2024,6,CHI,1.1,1
00-0038938,Jalin Hyatt,WR,NYG,2024,6,CIN,0.6,1
00-0038951,Sean Tucker,RB,TB,2024,6,NO,31.2,3
00-0038976,Marvin Mims,WR,DEN,2024,6,LAC,0.0,0
00-0038977,Tank Dell,WR,HOU,2024,6,NE,11.7,7
00-0038979,Cedric Tillman,WR,CLE,2024,6,PHI,-0.5,0
00-0038996,Tucker Kraft,TE,GB,2024,6,ARI,1.5,2
00-0038997,Josh Downs,WR,IND,2024,6,TEN,12.5,7
00-0039021,Roschon Johnson,RB,CHI,2024,6,JAX,3.3,2
00-0039032,Tyjae Spears,RB,TEN,2024,6,IND,2.7,0
00-0039062,Jonathan Mingo,WR,CAR,2024,6,ATL,0.1,1
00-0039064,Zay Flowers,WR,BAL,2024,6,WAS,13.4,9
00-0039065,Sam LaPorta,TE,DET,2024,6,DAL,11.2,1
00-0039139,Jahmyr Gibbs,RB,DET,2024,6,DAL,9.1,3
00-0039146,Jayden Reed,WR,GB,2024,6,ARI,8.8,6
00-0039152,Will Levis,QB,TEN,2024,6,IND,7.3,0
00-0039163,C.J. Stroud,QB,HOU,2024,6,NE,18.38,0
00-0039165,Zach Charbonnet,RB,SEA,2024,6,SF,3.5,1
00-0039338,Brock Bowers,TE,LV,2024,6,PIT,7.1,9
00-0039342,Xavier Legette,WR,CAR,2024,6,ATL,8.3,3
00-0039355,Luke McCaffrey,WR,WAS,2024,6,BAL,0.5,1
00-0039356,Ja'Tavion Sanders,TE,CAR,2024,6,ATL,4.9,5
00-0039359,Cade Stover,TE,HOU,2024,6,NE,0.0,0
00-0039361,Bucky Irving,RB,TB,2024,6,NO,16.5,2
00-0039363,Isaac Guerendo,RB,SF,2024,6,SEA,9.9,0
00-0039364,Sione Vaki,RB,DET,2024,6,DAL,0.5,0
00-0039373,Audric Estime,RB,DEN,2024,6,LAC,1.3,0
00-0039376,Spencer Rattler,QB,NO,2024,6,TB,12.42,0
00-0039384,Tyrone Tracy,RB,NYG,2024,6,CIN,16.7,6
00-0039386,Bub Means,WR,NO,2024,6,TB,10.5,5
00-0039391,Kimani Vidal,RB,LAC,2024,6,DEN,11.1,2
00-0039407,Dylan Laube,RB,LV,2024,6,PIT,-2.0,0
00-0039410,Ryan Flournoy,WR,DAL,2024,6,DET,-0.8,1
00-0039424,Devaughn Vele,WR,DEN,2024,6,LAC,7.8,4
00-0039491,Jalen Coker,WR,CAR,2024,6,ATL,3.0,3
00-0039521,Xavier Weaver,WR,ARI,2024,6,GB,0.0,0
00-0039623,Mason Tipton,WR,NO,2024,6,TB,1.5,1
00-0039732,Bo Nix,QB,DEN,2024,6,LAC,20.74,0
00-0039757,Terrell Jennings,RB,NE,2024,6,HOU,1.3,0
00-0039793,A.J. Barner,TE,SEA,2024,6,SF,1.3,1
00-0039794,Braelon Allen,RB,NYJ,2024,6,BUF,0.8,0
00-0039814,Erick All,TE,CIN,2024,6,NYG,1.0,2
00-0039847,Theo Johnson,TE,NYG,2024,6,CIN,3.0,3
00-0039849,Marvin Harrison,WR,ARI,2024,6,GB,0.0,0
00-0039851,Drake Maye,QB,NE,2024,6,HOU,19.52,0
00-0039855,Jalen McMillan,WR,TB,2024,6,NO,0.0,0
00-0039868,Troy Franklin,WR,DEN,2024,6,LAC,9.6,2
00-0039875,Ray Davis,RB,BUF,2024,6,NYJ,15.2,3
00-0039890,Adonai Mitchell,WR,IND,2024,6,TEN,0.9,2
00-0039893,Brian Thomas,WR,JAX,2024,6,CHI,2.7,3
00-0039901,Keon Coleman,WR,BUF,2024,6,NYJ,2.6,3
00-0039907,Ja'Lynn Polk,WR,NE,2024,6,HOU,0.4,1
00-0039910,Jayden Daniels,QB,WAS,2024,6,BAL,20.96,0
00-0039915,Ladd McConkey,WR,LAC,2024,6,DEN,4.3,4
00-0039918,Caleb Williams,QB,CHI,2024,6,JAX,28.64,0
00-0039919,Rome Odunze,WR,CHI,2024,6,JAX,4.0,2
00-0039921,Trey Benson,RB,ARI,2024,6,GB,2.6,0
00-0023459,Aaron Rodgers,QB,NYJ,2024,7,PIT,13.04,0
00-0026498,Matthew Stafford,QB,LA,2024,7,LV,3.96,0
00-0027973,Andy Dalton,QB,CAR,2024,7,WAS,0.0200000000000002,0
00-0029263,Russell Wilson,QB,PIT,2024,7,NYJ,24.86,0
00-0029604,Kirk Cousins,QB,ATL,2024,7,SEA,7.18,0
00-0030061,Zach Ertz,TE,WAS,2024,7,CAR,10.0,4
00-0030506,Travis Kelce,TE,KC,2024,7,SF,1.7,4
00-0030564,DeAndre Hopkins,WR,TEN,2024,7,BUF,-0.2,1
00-0030565,Geno Smith,QB,SEA,2024,7,ATL,17.78,0
00-0031235,Odell Beckham,WR,MIA,2024,7,IND,0.0,0
00-0031381,Davante Adams,WR,NYJ,2024,7,PIT,3.0,3
00-0031408,Mike Evans,WR,TB,2024,7,BAL,8.5,1
00-0031503,Jameis Winston,QB,CLE,2024,7,CIN,8.68,0
00-0031544,Amari Cooper,WR,BUF,2024,7,TEN,12.6,4
00-0031549,Nelson Agholor,WR,BAL,2024,7,TB,2.0,1
00-0031588,Stefon Diggs,WR,HOU,2024,7,GB,2.3,5
00-0031687,Raheem Mostert,RB,MIA,2024,7,IND,3.0,0
00-0031690,Eric Tomlinson,TE,LAC,2024,7,ARI,0.7,1
00-0032128,Chris Conley,WR,SF,2024,7,KC,0.0,0
00-0032211,Tyler Lockett,WR,SEA,2024,7,ATL,4.5,4
00-0032268,Marcus Mariota,QB,WAS,2024,7,CAR,19.6,0
00-0032385,Sterling Shepard,WR,TB,2024,7,BAL,3.5,1
00-0032392,Austin Hooper,TE,NE,2024,7,JAX,3.2,4
00-0032394,Nick Vannett,TE,TEN,2024,7,BUF,2.5,4
00-0032464,Kalif Raymond,WR,DET,2024,7,MIN,9.9,3
00-0032764,Derrick Henry,RB,BAL,2024,7,TB,24.2,1
00-0032775,Demarcus Robinson,WR,LA,2024,7,LV,0.9,1
00-0033009,Tyler Boyd,WR,TEN,2024,7,BUF,4.3,5
00-0033040,Tyreek Hill,WR,MIA,2024,7,IND,1.3,1
00-0033090,Hunter Henry,TE,NE,2024,7,JAX,9.2,8
00-0033106,Jared Goff,QB,DET,2024,7,MIN,18.8,0
00-0033217,Mo Alie-Cox,TE,IND,2024,7,MIA,0.0,0
00-0033246,Johnny Mundt,TE,MIN,2024,7,DET,0.8,4
00-0033282,Curtis Samuel,WR,BUF,2024,7,TEN,0.0,0
00-0033288,George Kittle,TE,SF,2024,7,KC,9.2,6
00-0033293,Aaron Jones,RB,MIN,2024,7,DET,17.6,3
00-0033307,Kendrick Bourne,WR,NE,2024,7,JAX,1.4,1
00-0033375,Tim Patrick,WR,DET,2024,7,MIN,2.5,2
00-0033526,Samaje Perine,RB,KC,2024,7,SF,2.8,1
00-0033536,Mike Williams,WR,NYJ,2024,7,PIT,1.5,1
00-0033537,Deshaun Watson,QB,CLE,2024,7,CIN,5.12,0
00-0033553,James Conner,RB,ARI,2024,7,LAC,15.2,2
00-0033555,Mack Hollins,WR,BUF,2024,7,TEN,0.0,0
00-0033591,Noah Brown,WR,WAS,2024,7,CAR,1.6,1
00-0033699,Austin Ekeler,RB,WAS,2024,7,CAR,2.0,2
00-0033854,Dare Ogunbowale,RB,HOU,2024,7,GB,0.6,0
00-0033858,Jonnu Smith,TE,MIA,2024,7,IND,15.6,7
00-0033873,Patrick Mahomes,QB,KC,2024,7,SF,12.06,0
00-0033881,Evan Engram,TE,JAX,2024,7,NE,3.5,5
00-0033885,David Njoku,TE,CLE,2024,7,CIN,13.6,10
00-0033891,Zay Jones,WR,ARI,2024,7,LAC,0.0,0
00-0033897,Joe Mixon,RB,HOU,2024,7,GB,24.4,2
00-0033906,Alvin Kamara,RB,NO,2024,7,DEN,2.4,6
00-0033921,Chris Godwin,WR,TB,2024,7,BAL,6.5,7
00-0033923,Kareem Hunt,RB,KC,2024,7,SF,20.3,2
00-0033925,D'Onta Foreman,RB,CLE,2024,7,CIN,0.5,0
00-0033948,Jamaal Williams,RB,NO,2024,7,DEN,1.7,0
00-0033955,Jeremy McNichols,RB,WAS,2024,7,CAR,4.2,0
00-0034159,Will Dissly,TE,LAC,2024,7,ARI,8.1,8
00-0034177,Tim Boyle,QB,MIA,2024,7,IND,3.36,0
00-0034270,Tyler Conklin,TE,NYJ,2024,7,PIT,6.7,4
00-0034364,Jordan Akins,TE,CLE,2024,7,CIN,4.2,4
00-0034365,Ian Thomas,TE,CAR,2024,7,WAS,0.4,2
00-0034383,Dalton Schultz,TE,HOU,2024,7,GB,2.8,1
00-0034386,Justin Watson,WR,KC,2024,7,SF,0.8,1
00-0034407,Ray-Ray McCloud,WR,ATL,2024,7,SEA,0.9,2
00-0034418,Cedrick Wilson,WR,NO,2024,7,DEN,11.7,6
00-0034521,Allen Lazard,WR,NYJ,2024,7,PIT,5.8,4
00-0034613,Tanner Hudson,TE,CIN,2024,7,CLE,0.0,0
00-0034753,Mark Andrews,TE,BAL,2024,7,TB,16.1,4
00-0034771,Mason Rudolph,QB,TEN,2024,7,BUF,9.9,0
00-0034775,Christian Kirk,WR,JAX,2024,7,NE,2.4,1
00-0034791,Nick Chubb,RB,CLE,2024,7,CIN,9.2,1
00-0034796,Lamar Jackson,QB,BAL,2024,7,TB,34.44,0
00-0034829,Mike Gesicki,TE,CIN,2024,7,CLE,0.2,1
00-0034837,Calvin Ridley,WR,TEN,2024,7,BUF,4.2,3
00-0034844,Saquon Barkley,RB,PHI,2024,7,NYG,24.7,2
00-0034855,Baker Mayfield,QB,TB,2024,7,BAL,27.0,0
00-0034857,Josh Allen,QB,BUF,2024,7,TEN,21.02,0
00-0034869,Sam Darnold,QB,MIN,2024,7,DET,16.26,0
00-0034972,Alexander Mattison,RB,LV,2024,7,LA,12.3,3
00-0034975,Justice Hill,RB,BAL,2024,7,TB,10.8,3
00-0034981,Foster Moreau,TE,NO,2024,7,DEN,3.8,2
00-0035021,Ashton Dulin,WR,IND,2024,7,MIA,1.2,0
00-0035140,Mecole Hardman,WR,KC,2024,7,SF,11.5,1
00-0035208,Olamide Zaccheaus,WR,WAS,2024,7,CAR,2.5,4
00-0035216,Diontae Johnson,WR,CAR,2024,7,WAS,1.7,1
00-0035228,Kyler Murray,QB,ARI,2024,7,LAC,20.2,0
00-0035243,Miles Sanders,RB,CAR,2024,7,WAS,2.8,1
00-0035249,Josh Oliver,TE,MIN,2024,7,DET,0.5,1
00-0035250,Devin Singletary,RB,NYG,2024,7,PHI,2.1,1
00-0035261,Tony Pollard,RB,TEN,2024,7,BUF,6.5,2
00-0035264,Jarrett Stidham,QB,DEN,2024,7,NO,-0.2,0
00-0035289,Gardner Minshew,QB,LV,2024,7,LA,-1.64,0
00-0035406,Lil'Jordan Humphrey,WR,DEN,2024,7,NO,1.2,2
00-0035500,Greg Dortch,WR,ARI,2024,7,LAC,6.5,1
00-0035535,Darius Slayton,WR,NYG,2024,7,PHI,1.1,1
00-0035537,Ty Johnson,RB,BUF,2024,7,TEN,6.4,1
00-0035547,Joseph Fortson,TE,KC,2024,7,SF,0.0,0
00-0035628,D'Ernest Johnson,RB,JAX,2024,7,NE,7.0,3
00-0035631,Drew Sample,TE,CIN,2024,7,CLE,0.0,0
00-0035639,Parris Campbell,WR,PHI,2024,7,NYG,0.0,0
00-0035640,DK Metcalf,WR,SEA,2024,7,ATL,15.9,4
00-0035644,Noah Fant,TE,SEA,2024,7,ATL,6.5,4
00-0035659,Terry McLaurin,WR,WAS,2024,7,CAR,9.8,6
00-0035676,A.J. Brown,WR,PHI,2024,7,NYG,14.9,5
00-0035685,David Montgomery,RB,DET,2024,7,MIN,5.0,3
00-0035689,Dawson Knox,TE,BUF,2024,7,TEN,0.5,1
00-0035700,Josh Jacobs,RB,GB,2024,7,HOU,15.2,5
00-0035704,Drew Lock,QB,NYG,2024,7,PHI,1.54,0
00-0035710,Daniel Jones,QB,NYG,2024,7,PHI,5.96,0
00-0035806,Jamycal Hasty,RB,NE,2024,7,JAX,10.7,5
00-0035993,Tyler Huntley,QB,MIA,2024,7,IND,9.48,0
00-0036040,Juwan Johnson,TE,NO,2024,7,DEN,1.8,3
00-0036158,J.K. Dobbins,RB,LAC,2024,7,ARI,6.6,3
00-0036182,Nick Westbrook-Ikhine,WR,TEN,2024,7,BUF,7.0,2
00-0036196,Gabe Davis,WR,JAX,2024,7,NE,1.3,1
00-0036232,Harrison Bryant,TE,LV,2024,7,LA,1.9,2
00-0036244,Colby Parkinson,TE,LA,2024,7,LV,3.2,2
00-0036251,Zack Moss,RB,CIN,2024,7,CLE,4.0,3
00-0036252,Michael Pittman,WR,IND,2024,7,MIA,6.3,3
00-0036261,Brandon Aiyuk,WR,SF,2024,7,KC,2.3,2
00-0036264,Jordan Love,QB,GB,2024,7,HOU,16.8,0
00-0036309,Darnell Mooney,WR,ATL,2024,7,SEA,4.6,5
00-0036322,Justin Jefferson,WR,MIN,2024,7,DET,14.4,7
00-0036328,Antonio Gibson,RB,NE,2024,7,JAX,1.3,1
00-0036345,K.J. Osborn,WR,NE,2024,7,JAX,8.6,2
00-0036355,Justin Herbert,QB,LAC,2024,7,ARI,14.76,0
00-0036387,Jalen Reagor,WR,LAC,2024,7,ARI,2.0,1
00-0036389,Jalen Hurts,QB,PHI,2024,7,NYG,22.76,0
00-0036407,Jerry Jeudy,WR,CLE,2024,7,CIN,1.8,1
00-0036410,Tee Higgins,WR,CIN,2024,7,CLE,14.2,4
00-0036415,Van Jefferson,WR,PIT,2024,7,NYJ,7.5,2
00-0036422,Adam Trautman,TE,DEN,2024,7,NO,0.0,0
00-0036427,Tyler Johnson,WR,LA,2024,7,LV,5.7,4
00-0036442,Joe Burrow,QB,CIN,2024,7,CLE,14.94,0
00-0036527,D.J. Turner,WR,LV,2024,7,LA,1.7,2
00-0036550,Rashod Bateman,WR,BAL,2024,7,TB,18.1,4
00-0036555,Chuba Hubbard,RB,CAR,2024,7,WAS,11.2,0
00-0036613,Jaylen Waddle,WR,MIA,2024,7,IND,1.1,1
00-0036626,Dyami Brown,WR,WAS,2024,7,CAR,2.3,1
00-0036637,Noah Gray,TE,KC,2024,7,SF,6.6,4
00-0036646,Simi Fehoko,WR,LAC,2024,7,ARI,4.5,3
00-0036849,Tutu Atwell,WR,LA,2024,7,LV,5.1,6
00-0036875,Rhamondre Stevenson,RB,NE,2024,7,JAX,2.5,2
00-0036876,Kylen Granson,TE,IND,2024,7,MIA,0.0,0
00-0036893,Najee Harris,RB,PIT,2024,7,NYJ,16.2,0
00-0036894,Pat Freiermuth,TE,PIT,2024,7,NYJ,5.1,2
00-0036900,Ja'Marr Chase,WR,CIN,2024,7,CLE,12.6,5
00-0036912,DeVonta Smith,WR,PHI,2024,7,NYG,-0.2,1
00-0036919,Kenneth Gainwell,RB,PHI,2024,7,NYG,6.7,1
00-0036963,Amon-Ra St. Brown,WR,DET,2024,7,MIN,17.2,8
00-0036970,Kyle Pitts,TE,ATL,2024,7,SEA,6.5,7
00-0036971,Trevor Lawrence,QB,JAX,2024,7,NE,15.02,0
00-0036980,Elijah Moore,WR,CLE,2024,7,CIN,4.1,6
00-0036984,Trey Sermon,RB,IND,2024,7,MIA,4.9,1
00-0036988,Josh Palmer,WR,LAC,2024,7,ARI,6.3,4
00-0036997,Javonte Williams,RB,DEN,2024,7,NO,23.1,3
00-0037004,Hunter Long,TE,LA,2024,7,LV,0.5,1
00-0037086,Grant Calcaterra,TE,PHI,2024,7,NYG,0.5,1
00-0037091,Bo Melton,WR,GB,2024,7,HOU,0.7,1
00-0037120,Tyler Goodson,RB,IND,2024,7,MIA,11.1,0
00-0037156,Irvin Charles,WR,NYJ,2024,7,PIT,0.0,0
00-0037228,Jaylen Warren,RB,PIT,2024,7,NYJ,5.9,2
00-0037238,Drake London,WR,ATL,2024,7,SEA,12.3,6
00-0037240,Jameson Williams,WR,DET,2024,7,MIN,-0.4,1
00-0037247,George Pickens,WR,PIT,2024,7,NYJ,17.1,5
00-0037248,James Cook,RB,BUF,2024,7,TEN,9.2,0
00-0037256,Rachaad White,RB,TB,2024,7,BAL,23.1,6
00-0037258,Dameon Pierce,RB,HOU,2024,7,GB,0.2,0
00-0037261,Khalil Shakir,WR,BUF,2024,7,TEN,6.5,7
00-0037263,Tyler Allgeier,RB,ATL,2024,7,SEA,4.5,1
00-0037276,Ty Chandler,RB,MIN,2024,7,DET,0.4,0
00-0037291,Jalen Nailor,WR,MIN,2024,7,DET,7.6,4
00-0037292,Andrew Ogletree,TE,IND,2024,7,MIA,0.0,0
00-0037475,Stone Smartt,TE,LAC,2024,7,ARI,3.1,1
00-0037525,Jordan Mason,RB,SF,2024,7,KC,6.9,2
00-0037539,Lucas Krull,TE,DEN,2024,7,NO,4.1,3
00-0037594,Julius Chestnut,RB,TEN,2024,7,BUF,2.4,1
00-0037617,Hassan Haskins,RB,LAC,2024,7,ARI,0.2,0
00-0037664,Alec Pierce,WR,IND,2024,7,MIA,1.5,2
00-0037740,Garrett Wilson,WR,NYJ,2024,7,PIT,8.1,5
00-0037741,Jahan Dotson,WR,PHI,2024,7,NYG,0.0,0
00-0037744,Trey McBride,TE,ARI,2024,7,LAC,5.1,5
00-0037746,Brian Robinson,RB,WAS,2024,7,CAR,13.1,0
00-0037809,Chigoziem Okonkwo,TE,TEN,2024,7,BUF,5.0,4
00-0037816,Romeo Doubs,WR,GB,2024,7,HOU,9.4,8
00-0037834,Brock Purdy,QB,SF,2024,7,KC,17.18,0
00-0037837,Calvin Austin,WR,PIT,2024,7,NYJ,3.6,1
00-0037838,Isaiah Likely,TE,BAL,2024,7,TB,1.7,2
00-0037840,Kyren Williams,RB,LA,2024,7,LV,19.6,0
00-0038040,Zamir White,RB,LV,2024,7,LA,2.7,1
00-0038046,Charlie Kolar,TE,BAL,2024,7,TB,1.4,1
00-0038090,Skyy Moore,WR,KC,2024,7,SF,0.0,0
00-0038098,Pierre Strong,RB,CLE,2024,7,CIN,1.5,1
00-0038102,Kenny Pickett,QB,PHI,2024,7,NYG,0.0,0
00-0038115,Daniel Bellinger,TE,NYG,2024,7,PHI,1.1,1
00-0038117,Wan'Dale Robinson,WR,NYG,2024,7,PHI,2.3,6
00-0038120,Breece Hall,RB,NYJ,2024,7,PIT,20.1,6
00-0038124,Christian Watson,WR,GB,2024,7,HOU,0.5,1
00-0038129,Cade Otton,TE,TB,2024,7,BAL,10.0,8
00-0038134,Kenneth Walker,RB,SEA,2024,7,ATL,21.3,2
00-0038359,Xavier Smith,WR,LA,2024,7,LV,3.0,0
00-0038393,Dontayvion Wicks,WR,GB,2024,7,HOU,10.8,3
00-0038394,Will Mallory,TE,IND,2024,7,MIA,0.5,1
00-0038396,Eric Gray,RB,NYG,2024,7,PHI,0.9,1
00-0038542,Bijan Robinson,RB,ATL,2024,7,SEA,20.3,3
00-0038543,Jaxon Smith-Njigba,WR,SEA,2024,7,ATL,2.3,3
00-0038551,Kendre Miller,RB,NO,2024,7,DEN,3.7,2
00-0038555,Tank Bigsby,RB,JAX,2024,7,NE,23.8,0
00-0038558,Darnell Washington,TE,PIT,2024,7,NYJ,3.6,4
00-0038559,Michael Wilson,WR,ARI,2024,7,LAC,1.5,1
00-0038563,Tre Tucker,WR,LV,2024,7,LA,4.7,3
00-0038576,Charlie Jones,WR,CIN,2024,7,CLE,6.0,0
00-0038579,Aidan O'Connell,QB,LV,2024,7,LA,2.08,0
00-0038582,Clayton Tune,QB,ARI,2024,7,LAC,0.2,0
00-0038583,Dorian Thompson-Robinson,QB,CLE,2024,7,CIN,3.68,0
00-0038589,Josh Whyle,TE,TEN,2024,7,BUF,3.4,3
00-0038597,Chase Brown,RB,CIN,2024,7,CLE,5.3,2
00-0038606,Parker Washington,WR,JAX,2024,7,JAX,6.0,0
00-0038608,Kayshon Boutte,WR,NE,2024,7,JAX,3.3,1
00-0038618,Xavier Hutchinson,WR,HOU,2024,7,GB,1.1,1
00-0038619,Andrei Iosivas,WR,CIN,2024,7,CLE,0.0,0
00-0038621,Demario Douglas,WR,NE,2024,7,JAX,1.4,2
00-0038636,Kenny McIntosh,RB,SEA,2024,7,ATL,0.5,0
00-0038647,Ronnie Bell,WR,SF,2024,7,KC,1.0,1
00-0038705,Emari Demercado,RB,ARI,2024,7,LAC,1.4,0
00-0038720,Julian Hill,TE,MIA,2024,7,IND,0.4,1
00-0038752,Jake Bobo,WR,SEA,2024,7,ATL,0.0,0
00-0038794,Jaleel McLaughlin,RB,DEN,2024,7,NO,3.5,0
00-0038797,Emanuel Wilson,RB,GB,2024,7,HOU,1.1,0
00-0038809,Ben Sims,TE,GB,2024,7,HOU,0.2,1
00-0038933,Dalton Kincaid,TE,BUF,2024,7,TEN,5.2,3
00-0038938,Jalin Hyatt,WR,NYG,2024,7,PHI,0.0,0
00-0038951,Sean Tucker,RB,TB,2024,7,BAL,3.8,1
00-0038976,Marvin Mims,WR,DEN,2024,7,NO,1.8,2
00-0038977,Tank Dell,WR,HOU,2024,7,GB,0.0,0
00-0038979,Cedric Tillman,WR,CLE,2024,7,CIN,10.1,8
00-0038994,Jordan Addison,WR,MIN,2024,7,DET,6.6,3
00-0038996,Tucker Kraft,TE,GB,2024,7,HOU,9.3,3
00-0038997,Josh Downs,WR,IND,2024,7,MIA,0.3,1
00-0038998,Jake Haener,QB,NO,2024,7,DEN,5.52,0
00-0039040,Devon Achane,RB,MIA,2024,7,IND,8.5,2
00-0039041,Elijah Higgins,TE,ARI,2024,7,LAC,0.1,1
00-0039052,Trey Palmer,WR,TB,2024,7,BAL,1.6,1
00-0039064,Zay Flowers,WR,BAL,2024,7,TB,3.0,1
00-0039065,Sam LaPorta,TE,DET,2024,7,MIN,2.5,1
00-0039139,Jahmyr Gibbs,RB,DET,2024,7,MIN,28.0,4
00-0039146,Jayden Reed,WR,GB,2024,7,HOU,1.0,2
00-0039150,Bryce Young,QB,CAR,2024,7,WAS,-0.16,0
00-0039163,C.J. Stroud,QB,HOU,2024,7,GB,5.34,0
00-0039164,Anthony Richardson,QB,IND,2024,7,MIA,8.76,0
00-0039165,Zach Charbonnet,RB,SEA,2024,7,ATL,0.9,1
00-0039325,Carson Steele,RB,KC,2024,7,SF,1.7,0
00-0039337,Malik Nabers,WR,NYG,2024,7,PHI,4.1,4
00-0039338,Brock Bowers,TE,LV,2024,7,LA,9.3,10
00-0039342,Xavier Legette,WR,CAR,2024,7,WAS,0.9,2
00-0039356,Ja'Tavion Sanders,TE,CAR,2024,7,WAS,6.1,6
00-0039359,Cade Stover,TE,HOU,2024,7,GB,1.5,1
00-0039361,Bucky Irving,RB,TB,2024,7,BAL,13.7,3
00-0039363,Isaac Guerendo,RB,SF,2024,7,KC,0.7,1
00-0039365,Jacob Cowing,WR,SF,2024,7,KC,5.0,2
00-0039373,Audric Estime,RB,DEN,2024,7,NO,0.9,0
00-0039376,Spencer Rattler,QB,NO,2024,7,DEN,6.28,0
00-0039384,Tyrone Tracy,RB,NYG,2024,7,PHI,3.2,3
00-0039386,Bub Means,WR,NO,2024,7,DEN,3.7,3
00-0039391,Kimani Vidal,RB,LAC,2024,7,ARI,1.9,1
00-0039393,Jase McClellan,RB,ATL,2024,7,SEA,1.7,0
00-0039394,Casey Washington,WR,ATL,2024,7,SEA,1.4,1
00-0039424,Devaughn Vele,WR,DEN,2024,7,NO,2.0,1
00-0039491,Jalen Coker,WR,CAR,2024,7,WAS,1.0,1
00-0039623,Mason Tipton,WR,NO,2024,7,DEN,4.5,6
00-0039732,Bo Nix,QB,DEN,2024,7,NO,14.06,0
00-0039737,Tip Reiman,TE,ARI,2024,7,LAC,0.1,1
00-0039738,Blake Corum,RB,LA,2024,7,LV,1.1,0
00-0039746,Will Shipley,RB,PHI,2024,7,NYG,1.5,0
00-0039793,A.J. Barner,TE,SEA,2024,7,ATL,0.5,1
00-0039794,Braelon Allen,RB,NYJ,2024,7,PIT,0.6,1
00-0039798,Isaiah Davis,RB,NYJ,2024,7,PIT,1.2,0
00-0039814,Erick All,TE,CIN,2024,7,CLE,0.0,0
00-0039849,Marvin Harrison,WR,ARI,2024,7,LAC,2.1,3
00-0039851,Drake Maye,QB,NE,2024,7,JAX,20.84,0
00-0039855,Jalen McMillan,WR,TB,2024,7,BAL,2.6,3
00-0039868,Troy Franklin,WR,DEN,2024,7,NO,5.0,5
00-0039874,Jaylen Wright,RB,MIA,2024,7,IND,3.3,0
00-0039875,Ray Davis,RB,BUF,2024,7,TEN,10.7,1
00-0039880,Malik Washington,WR,MIA,2024,7,IND,0.9,2
00-0039890,Adonai Mitchell,WR,IND,2024,7,MIA,3.0,2
00-0039893,Brian Thomas,WR,JAX,2024,7,NE,17.1,5
00-0039894,Xavier Worthy,WR,KC,2024,7,SF,2.4,3
00-0039901,Keon Coleman,WR,BUF,2024,7,TEN,12.5,4
00-0039907,Ja'Lynn Polk,WR,NE,2024,7,JAX,0.0,0
00-0039910,Jayden Daniels,QB,WAS,2024,7,CAR,5.24,0
00-0039912,Ben Sinnott,TE,WAS,2024,7,CAR,6.6,2
00-0039915,Ladd McConkey,WR,LAC,2024,7,ARI,4.6,5
00-0039916,Ricky Pearsall,WR,SF,2024,7,KC,2.1,3
00-0039917,Michael Penix,QB,ATL,2024,7,SEA,0.56,0
00-0023459,Aaron Rodgers,QB,NYJ,2024,8,NE,17.32,0
00-0026498,Matthew Stafford,QB,LA,2024,8,MIN,24.76,0
00-0029263,Russell Wilson,QB,PIT,2024,8,NYG,13.82,0
00-0029604,Kirk Cousins,QB,ATL,2024,8,TB,28.64,0
00-0030061,Zach Ertz,TE,WAS,2024,8,CHI,7.7,7
00-0030279,Keenan Allen,WR,CHI,2024,8,WAS,3.9,2
00-0030431,Robert Woods,WR,HOU,2024,8,IND,1.8,2
00-0030506,Travis Kelce,TE,KC,2024,8,LV,15.0,10
00-0030564,DeAndre Hopkins,WR,KC,2024,8,LV,2.9,2
00-0030565,Geno Smith,QB,SEA,2024,8,BUF,8.08,0
00-0031381,Davante Adams,WR,NYJ,2024,8,NE,5.4,4
00-0031428,Allen Robinson,WR,DET,2024,8,TEN,0.0,0
00-0031484,Chris Manhertz,TE,NYG,2024,8,PIT,0.0,0
00-0031503,Jameis Winston,QB,CLE,2024,8,BAL,23.56,0
00-0031544,Amari Cooper,WR,BUF,2024,8,SEA,0.3,1
00-0031549,Nelson Agholor,WR,BAL,2024,8,CLE,9.6,3
00-0031585,MyCole Pruitt,TE,PIT,2024,8,NYG,1.0,1
00-0031588,Stefon Diggs,WR,HOU,2024,8,IND,7.7,5
00-0031687,Raheem Mostert,RB,MIA,2024,8,ARI,15.0,1
00-0031690,Eric Tomlinson,TE,LAC,2024,8,NO,0.0,0
00-0031763,DeAndre Carter,WR,CHI,2024,8,WAS,0.7,1
00-0032104,Ameer Abdullah,RB,LV,2024,8,KC,1.1,1
00-0032128,Chris Conley,WR,SF,2024,8,DAL,0.0,0
00-0032141,Geoff Swaim,TE,CLE,2024,8,BAL,0.7,1
00-0032211,Tyler Lockett,WR,SEA,2024,8,BUF,0.9,1
00-0032385,Sterling Shepard,WR,TB,2024,8,ATL,1.8,3
00-0032392,Austin Hooper,TE,NE,2024,8,NYJ,1.5,3
00-0032394,Nick Vannett,TE,TEN,2024,8,DET,0.0,0
00-0032464,Kalif Raymond,WR,DET,2024,8,TEN,13.4,2
00-0032764,Derrick Henry,RB,BAL,2024,8,CLE,13.7,1
00-0032775,Demarcus Robinson,WR,LA,2024,8,MIN,15.5,2
00-0033009,Tyler Boyd,WR,TEN,2024,8,DET,1.4,3
00-0033040,Tyreek Hill,WR,MIA,2024,8,ARI,7.2,6
00-0033045,Ezekiel Elliott,RB,DAL,2024,8,SF,9.8,1
00-0033077,Dak Prescott,QB,DAL,2024,8,SF,13.62,0
00-0033090,Hunter Henry,TE,NE,2024,8,NYJ,4.5,5
00-0033106,Jared Goff,QB,DET,2024,8,TEN,15.5,0
00-0033119,Jacoby Brissett,QB,NE,2024,8,NYJ,8.38,0
00-0033217,Mo Alie-Cox,TE,IND,2024,8,HOU,0.0,0
00-0033246,Johnny Mundt,TE,MIN,2024,8,LA,1.0,1
00-0033288,George Kittle,TE,SF,2024,8,DAL,18.8,6
00-0033293,Aaron Jones,RB,MIN,2024,8,LA,9.5,2
00-0033307,Kendrick Bourne,WR,NE,2024,8,NYJ,0.0,0
00-0033357,Taysom Hill,TE,NO,2024,8,LAC,4.22,2
00-0033375,Tim Patrick,WR,DET,2024,8,TEN,0.0,0
00-0033526,Samaje Perine,RB,KC,2024,8,LV,3.0,2
00-0033553,James Conner,RB,ARI,2024,8,MIA,12.9,2
00-0033589,David Moore,WR,CAR,2024,8,DEN,3.9,4
00-0033591,Noah Brown,WR,WAS,2024,8,CHI,13.3,3
00-0033699,Austin Ekeler,RB,WAS,2024,8,CHI,5.8,2
00-0033854,Dare Ogunbowale,RB,HOU,2024,8,IND,0.4,0
00-0033858,Jonnu Smith,TE,MIA,2024,8,ARI,2.0,4
00-0033869,Mitchell Trubisky,QB,BUF,2024,8,SEA,-0.3,0
00-0033873,Patrick Mahomes,QB,KC,2024,8,LV,18.18,0
00-0033881,Evan Engram,TE,JAX,2024,8,GB,9.6,4
00-0033885,David Njoku,TE,CLE,2024,8,BAL,12.1,5
00-0033891,Zay Jones,WR,ARI,2024,8,MIA,0.3,1
00-0033893,Dalvin Cook,RB,DAL,2024,8,SF,2.2,1
00-0033895,Gerald Everett,TE,CHI,2024,8,WAS,0.3,1
00-0033897,Joe Mixon,RB,HOU,2024,8,IND,19.4,4
00-0033906,Alvin Kamara,RB,NO,2024,8,LAC,12.2,6
00-0033908,Cooper Kupp,WR,LA,2024,8,MIN,11.1,5
00-0033923,Kareem Hunt,RB,KC,2024,8,LV,12.3,1
00-0033925,D'Onta Foreman,RB,CLE,2024,8,BAL,2.6,0
00-0033948,Jamaal Williams,RB,NO,2024,8,LAC,0.4,0
00-0033955,Jeremy McNichols,RB,WAS,2024,8,CHI,-0.1,0
00-0034159,Will Dissly,TE,LAC,2024,8,NO,4.1,5
00-0034270,Tyler Conklin,TE,NYJ,2024,8,NE,10.2,3
00-0034348,Courtland Sutton,WR,DEN,2024,8,CAR,9.12,8
00-0034364,Jordan Akins,TE,CLE,2024,8,BAL,0.0,0
00-0034383,Dalton Schultz,TE,HOU,2024,8,IND,5.2,4
00-0034386,Justin Watson,WR,KC,2024,8,LV,3.3,3
00-0034407,Ray-Ray McCloud,WR,ATL,2024,8,TB,2.6,3
00-0034487,Trent Sherfield,WR,MIN,2024,8,LA,7.0,1
00-0034753,Mark Andrews,TE,BAL,2024,8,CLE,9.6,5
00-0034771,Mason Rudolph,QB,TEN,2024,8,DET,19.54,0
00-0034775,Christian Kirk,WR,JAX,2024,8,GB,5.9,2
00-0034791,Nick Chubb,RB,CLE,2024,8,BAL,5.2,0
00-0034796,Lamar Jackson,QB,BAL,2024,8,CLE,24.16,0
00-0034827,D.J. Moore,WR,CHI,2024,8,WAS,3.4,2
00-0034829,Mike Gesicki,TE,CIN,2024,8,PHI,5.3,7
00-0034837,Calvin Ridley,WR,TEN,2024,8,DET,12.6,10
00-0034844,Saquon Barkley,RB,PHI,2024,8,CIN,11.1,1
00-0034855,Baker Mayfield,QB,TB,2024,8,ATL,22.3,0
00-0034857,Josh Allen,QB,BUF,2024,8,SEA,19.82,0
00-0034869,Sam Darnold,QB,MIN,2024,8,LA,18.2,0
00-0034960,Jakobi Meyers,WR,LV,2024,8,KC,11.2,6
00-0034972,Alexander Mattison,RB,LV,2024,8,KC,4.4,5
00-0034975,Justice Hill,RB,BAL,2024,8,CLE,1.9,1
00-0034981,Foster Moreau,TE,NO,2024,8,LAC,0.0,0
00-0035140,Mecole Hardman,WR,KC,2024,8,LV,0.8,1
00-0035228,Kyler Murray,QB,ARI,2024,8,MIA,22.18,0
00-0035243,Miles Sanders,RB,CAR,2024,8,DEN,4.5,7
00-0035249,Josh Oliver,TE,MIN,2024,8,LA,9.0,2
00-0035250,Devin Singletary,RB,NYG,2024,8,PIT,2.3,2
00-0035261,Tony Pollard,RB,TEN,2024,8,DET,11.7,3
00-0035289,Gardner Minshew,QB,LV,2024,8,KC,14.96,0
00-0035298,Scott Miller,WR,PIT,2024,8,NYG,0.0,0
00-0035341,Trenton Irwin,WR,CIN,2024,8,PHI,0.4,1
00-0035406,Lil'Jordan Humphrey,WR,DEN,2024,8,CAR,0.2,4
00-0035500,Greg Dortch,WR,ARI,2024,8,MIA,0.9,1
00-0035535,Darius Slayton,WR,NYG,2024,8,PIT,10.8,4
00-0035537,Ty Johnson,RB,BUF,2024,8,SEA,0.0,0
00-0035547,Joseph Fortson,TE,KC,2024,8,LV,0.0,0
00-0035567,Craig Reynolds,RB,DET,2024,8,TEN,0.3,0
00-0035628,D'Ernest Johnson,RB,JAX,2024,8,GB,2.3,1
00-0035644,Noah Fant,TE,SEA,2024,8,BUF,2.2,3
00-0035659,Terry McLaurin,WR,WAS,2024,8,CHI,12.5,5
00-0035676,A.J. Brown,WR,PHI,2024,8,CIN,8.4,5
00-0035685,David Montgomery,RB,DET,2024,8,TEN,13.92,1
00-0035689,Dawson Knox,TE,BUF,2024,8,SEA,5.0,2
00-0035700,Josh Jacobs,RB,GB,2024,8,JAX,24.5,1
00-0035710,Daniel Jones,QB,NYG,2024,8,PIT,6.66,0
00-0035719,Deebo Samuel,WR,SF,2024,8,DAL,8.6,4
00-0035973,Patrick Taylor,RB,SF,2024,8,DAL,0.9,0
00-0036040,Juwan Johnson,TE,NO,2024,8,LAC,4.8,3
00-0036158,J.K. Dobbins,RB,LAC,2024,8,NO,12.8,4
00-0036182,Nick Westbrook-Ikhine,WR,TEN,2024,8,DET,9.9,2
00-0036212,Tua Tagovailoa,QB,MIA,2024,8,ARI,14.66,0
00-0036223,Jonathan Taylor,RB,IND,2024,8,HOU,17.7,1
00-0036244,Colby Parkinson,TE,LA,2024,8,MIN,1.7,2
00-0036251,Zack Moss,RB,CIN,2024,8,PHI,3.9,4
00-0036252,Michael Pittman,WR,IND,2024,8,HOU,1.6,1
00-0036264,Jordan Love,QB,GB,2024,8,JAX,5.74,0
00-0036268,Laviska Shenault Jr.,WR,SEA,2024,8,BUF,1.0,1
00-0036275,D'Andre Swift,RB,CHI,2024,8,WAS,18.9,0
00-0036290,Cole Kmet,TE,CHI,2024,8,WAS,3.4,1
00-0036309,Darnell Mooney,WR,ATL,2024,8,TB,14.6,4
00-0036322,Justin Jefferson,WR,MIN,2024,8,LA,11.5,8
00-0036328,Antonio Gibson,RB,NE,2024,8,NYJ,0.7,0
00-0036345,K.J. Osborn,WR,NE,2024,8,NYJ,0.0,0
00-0036355,Justin Herbert,QB,LAC,2024,8,NO,24.06,0
00-0036358,CeeDee Lamb,WR,DAL,2024,8,SF,26.6,13
00-0036387,Jalen Reagor,WR,LAC,2024,8,NO,3.5,2
00-0036389,Jalen Hurts,QB,PHI,2024,8,CIN,35.14,0
00-0036407,Jerry Jeudy,WR,CLE,2024,8,BAL,7.9,5
00-0036415,Van Jefferson,WR,PIT,2024,8,NYG,6.2,4
00-0036422,Adam Trautman,TE,DEN,2024,8,CAR,14.5,4
00-0036427,Tyler Johnson,WR,LA,2024,8,MIN,0.6,1
00-0036429,Charlie Woerner,TE,ATL,2024,8,TB,1.3,1
00-0036442,Joe Burrow,QB,CIN,2024,8,PHI,12.86,0
00-0036497,Tim Jones,WR,JAX,2024,8,GB,2.0,1
00-0036527,D.J. Turner,WR,LV,2024,8,KC,9.2,4
00-0036550,Rashod Bateman,WR,BAL,2024,8,CLE,2.8,1
00-0036555,Chuba Hubbard,RB,CAR,2024,8,DEN,7.1,2
00-0036613,Jaylen Waddle,WR,MIA,2024,8,ARI,4.5,4
00-0036620,D'Wayne Eskridge,WR,MIA,2024,8,ARI,0.6,1
00-0036626,Dyami Brown,WR,WAS,2024,8,CHI,0.6,1
00-0036628,John Bates,TE,WAS,2024,8,CHI,2.0,1
00-0036637,Noah Gray,TE,KC,2024,8,LV,2.3,3
00-0036646,Simi Fehoko,WR,LAC,2024,8,NO,0.0,0
00-0036741,Jack Stoll,TE,PHI,2024,8,CIN,0.6,1
00-0036754,Brock Wright,TE,DET,2024,8,TEN,6.8,1
00-0036849,Tutu Atwell,WR,LA,2024,8,MIN,1.8,1
00-0036875,Rhamondre Stevenson,RB,NE,2024,8,NYJ,20.5,3
00-0036876,Kylen Granson,TE,IND,2024,8,HOU,0.4,1
00-0036893,Najee Harris,RB,PIT,2024,8,NYG,13.1,3
00-0036894,Pat Freiermuth,TE,PIT,2024,8,NYG,1.9,2
00-0036900,Ja'Marr Chase,WR,CIN,2024,8,PHI,11.4,9
00-0036912,DeVonta Smith,WR,PHI,2024,8,CIN,14.5,6
00-0036919,Kenneth Gainwell,RB,PHI,2024,8,CIN,1.9,0
00-0036963,Amon-Ra St. Brown,WR,DET,2024,8,TEN,6.7,2
00-0036970,Kyle Pitts,TE,ATL,2024,8,TB,21.1,4
00-0036971,Trevor Lawrence,QB,JAX,2024,8,GB,23.32,0
00-0036980,Elijah Moore,WR,CLE,2024,8,BAL,8.5,8
00-0036984,Trey Sermon,RB,IND,2024,8,HOU,1.4,1
00-0036988,Josh Palmer,WR,LAC,2024,8,NO,7.2,2
00-0036997,Javonte Williams,RB,DEN,2024,8,CAR,5.2,4
00-0037004,Hunter Long,TE,LA,2024,8,MIN,1.8,1
00-0037005,Tommy Tremble,TE,CAR,2024,8,DEN,1.3,2
00-0037086,Grant Calcaterra,TE,PHI,2024,8,CIN,5.8,3
00-0037091,Bo Melton,WR,GB,2024,8,JAX,0.0,0
00-0037120,Tyler Goodson,RB,IND,2024,8,HOU,0.0,0
00-0037228,Jaylen Warren,RB,PIT,2024,8,NYG,5.9,2
00-0037238,Drake London,WR,ATL,2024,8,TB,3.4,4
00-0037239,Chris Olave,WR,NO,2024,8,LAC,10.7,8
00-0037247,George Pickens,WR,PIT,2024,8,NYG,7.4,4
00-0037248,James Cook,RB,BUF,2024,8,SEA,25.3,3
00-0037256,Rachaad White,RB,TB,2024,8,ATL,10.7,5
00-0037258,Dameon Pierce,RB,HOU,2024,8,IND,0.4,0
00-0037261,Khalil Shakir,WR,BUF,2024,8,SEA,10.9,9
00-0037263,Tyler Allgeier,RB,ATL,2024,8,TB,3.3,0
00-0037291,Jalen Nailor,WR,MIN,2024,8,LA,1.6,2
00-0037525,Jordan Mason,RB,SF,2024,8,DAL,1.8,0
00-0037539,Lucas Krull,TE,DEN,2024,8,CAR,1.8,2
00-0037594,Julius Chestnut,RB,TEN,2024,8,DET,3.2,0
00-0037614,John Metchie,WR,HOU,2024,8,IND,2.9,3
00-0037617,Hassan Haskins,RB,LAC,2024,8,NO,0.0,0
00-0037664,Alec Pierce,WR,IND,2024,8,HOU,1.1,1
00-0037666,Jalen Tolbert,WR,DAL,2024,8,SF,4.4,3
00-0037740,Garrett Wilson,WR,NYJ,2024,8,NE,11.3,5
00-0037744,Trey McBride,TE,ARI,2024,8,MIA,12.4,9
00-0037746,Brian Robinson,RB,WAS,2024,8,CHI,7.6,1
00-0037801,Kavontae Turpin,WR,DAL,2024,8,SF,2.7,1
00-0037805,Jeremy Ruckert,TE,NYJ,2024,8,NE,1.4,3
00-0037809,Chigoziem Okonkwo,TE,TEN,2024,8,DET,-0.6,2
00-0037816,Romeo Doubs,WR,GB,2024,8,JAX,7.2,3
00-0037834,Brock Purdy,QB,SF,2024,8,DAL,26.0,0
00-0037837,Calvin Austin,WR,PIT,2024,8,NYG,17.4,3
00-0037838,Isaiah Likely,TE,BAL,2024,8,CLE,4.7,4
00-0037840,Kyren Williams,RB,LA,2024,8,MIN,17.6,5
00-0038040,Zamir White,RB,LV,2024,8,KC,-0.1,0
00-0038041,Jake Ferguson,TE,DAL,2024,8,SF,2.3,6
00-0038046,Charlie Kolar,TE,BAL,2024,8,CLE,0.9,1
00-0038098,Pierre Strong,RB,CLE,2024,8,BAL,0.3,1
00-0038104,Tyquan Thornton,WR,NE,2024,8,NYJ,2.0,2
00-0038117,Wan'Dale Robinson,WR,NYG,2024,8,PIT,3.0,5
00-0038120,Breece Hall,RB,NYJ,2024,8,NE,8.9,1
00-0038124,Christian Watson,WR,GB,2024,8,JAX,3.9,4
00-0038128,Malik Willis,QB,GB,2024,8,JAX,8.54,0
00-0038129,Cade Otton,TE,TB,2024,8,ATL,20.1,9
00-0038134,Kenneth Walker,RB,SEA,2024,8,BUF,4.5,4
00-0038393,Dontayvion Wicks,WR,GB,2024,8,JAX,1.1,2
00-0038394,Will Mallory,TE,IND,2024,8,HOU,0.0,0
00-0038396,Eric Gray,RB,NYG,2024,8,PIT,0.3,1
00-0038496,Xavier Gipson,WR,NYJ,2024,8,NE,6.1,1
00-0038542,Bijan Robinson,RB,ATL,2024,8,TB,16.6,7
00-0038543,Jaxon Smith-Njigba,WR,SEA,2024,8,BUF,6.9,6
00-0038550,Hendon Hooker,QB,DET,2024,8,TEN,0.24,0
00-0038551,Kendre Miller,RB,NO,2024,8,LAC,1.6,0
00-0038555,Tank Bigsby,RB,JAX,2024,8,GB,8.6,2
00-0038558,Darnell Washington,TE,PIT,2024,8,NYG,2.9,1
00-0038559,Michael Wilson,WR,ARI,2024,8,MIA,9.1,5
00-0038563,Tre Tucker,WR,LV,2024,8,KC,3.3,2
00-0038589,Josh Whyle,TE,TEN,2024,8,DET,3.3,2
00-0038597,Chase Brown,RB,CIN,2024,8,PHI,9.4,2
00-0038606,Parker Washington,WR,JAX,2024,8,GB,4.6,3
00-0038608,Kayshon Boutte,WR,NE,2024,8,NYJ,4.6,3
00-0038618,Xavier Hutchinson,WR,HOU,2024,8,IND,1.9,1
00-0038619,Andrei Iosivas,WR,CIN,2024,8,PHI,0.0,0
00-0038621,Demario Douglas,WR,NE,2024,8,NYJ,1.2,2
00-0038640,Jalen Brooks,WR,DAL,2024,8,SF,0.0,0
00-0038647,Ronnie Bell,WR,SF,2024,8,DAL,0.0,0
00-0038685,Christopher Brooks,RB,GB,2024,8,JAX,1.7,1
00-0038705,Emari Demercado,RB,ARI,2024,8,MIA,0.0,0
00-0038720,Julian Hill,TE,MIA,2024,8,ARI,1.1,3
00-0038752,Jake Bobo,WR,SEA,2024,8,BUF,1.5,1
00-0038783,Nate Adkins,TE,DEN,2024,8,CAR,6.3,1
00-0038794,Jaleel McLaughlin,RB,DEN,2024,8,CAR,11.6,1
00-0038797,Emanuel Wilson,RB,GB,2024,8,JAX,0.3,2
00-0038809,Ben Sims,TE,GB,2024,8,JAX,0.0,0
00-0038821,Rakim Jarrett,WR,TB,2024,8,ATL,5.8,3
00-0038824,Ryan Miller,WR,TB,2024,8,ATL,1.9,3
00-0038920,John Samuel Shenker,TE,LV,2024,8,KC,0.7,1
00-0038933,Dalton Kincaid,TE,BUF,2024,8,SEA,9.1,4
00-0038935,Brenton Strange,TE,JAX,2024,8,GB,5.9,5
00-0038951,Sean Tucker,RB,TB,2024,8,ATL,1.5,1
00-0038976,Marvin Mims,WR,DEN,2024,8,CAR,0.8,1
00-0038977,Tank Dell,WR,HOU,2024,8,IND,9.5,4
00-0038979,Cedric Tillman,WR,CLE,2024,8,BAL,21.9,7
00-0038994,Jordan Addison,WR,MIN,2024,8,LA,2.2,2
00-0038996,Tucker Kraft,TE,GB,2024,8,JAX,13.8,3
00-0038997,Josh Downs,WR,IND,2024,8,HOU,16.9,4
00-0038998,Jake Haener,QB,NO,2024,8,LAC,5.88,0
00-0039021,Roschon Johnson,RB,CHI,2024,8,WAS,6.6,0
00-0039040,Devon Achane,RB,MIA,2024,8,ARI,20.7,6
00-0039041,Elijah Higgins,TE,ARI,2024,8,MIA,1.3,2
00-0039052,Trey Palmer,WR,TB,2024,8,ATL,2.9,2
00-0039062,Jonathan Mingo,WR,CAR,2024,8,DEN,0.0,0
00-0039064,Zay Flowers,WR,BAL,2024,8,CLE,11.5,7
00-0039065,Sam LaPorta,TE,DET,2024,8,TEN,10.8,6
00-0039075,Puka Nacua,WR,LA,2024,8,MIN,11.1,7
00-0039139,Jahmyr Gibbs,RB,DET,2024,8,TEN,19.3,1
00-0039146,Jayden Reed,WR,GB,2024,8,JAX,5.5,2
00-0039150,Bryce Young,QB,CAR,2024,8,DEN,13.56,0
00-0039163,C.J. Stroud,QB,HOU,2024,8,IND,12.4,0
00-0039164,Anthony Richardson,QB,IND,2024,8,HOU,11.5,0
00-0039165,Zach Charbonnet,RB,SEA,2024,8,BUF,8.4,3
00-0039325,Carson Steele,RB,KC,2024,8,LV,1.4,1
00-0039337,Malik Nabers,WR,NYG,2024,8,PIT,7.1,7
00-0039338,Brock Bowers,TE,LV,2024,8,KC,5.8,5
00-0039342,Xavier Legette,WR,CAR,2024,8,DEN,9.4,4
00-0039355,Luke McCaffrey,WR,WAS,2024,8,CHI,0.8,1
00-0039356,Ja'Tavion Sanders,TE,CAR,2024,8,DEN,0.7,1
00-0039359,Cade Stover,TE,HOU,2024,8,IND,1.9,2
00-0039361,Bucky Irving,RB,TB,2024,8,ATL,8.4,7
00-0039363,Isaac Guerendo,RB,SF,2024,8,DAL,16.2,3
00-0039373,Audric Estime,RB,DEN,2024,8,CAR,0.4,0
00-0039376,Spencer Rattler,QB,NO,2024,8,LAC,6.24,0
00-0039384,Tyrone Tracy,RB,NYG,2024,8,PIT,21.0,2
00-0039386,Bub Means,WR,NO,2024,8,LAC,3.6,1
00-0039391,Kimani Vidal,RB,LAC,2024,8,NO,1.6,0
00-0039392,Jha'Quan Jackson,WR,TEN,2024,8,DET,0.0,0
00-0039424,Devaughn Vele,WR,DEN,2024,8,CAR,2.8,3
00-0039451,Isaiah Williams,WR,DET,2024,8,TEN,0.6,2
00-0039491,Jalen Coker,WR,CAR,2024,8,DEN,13.8,4
00-0039530,Brevyn Spann-Ford,TE,DAL,2024,8,SF,0.0,0
00-0039623,Mason Tipton,WR,NO,2024,8,LAC,1.4,2
00-0039732,Bo Nix,QB,DEN,2024,8,CAR,29.76,0
00-0039738,Blake Corum,RB,LA,2024,8,MIN,1.8,1
00-0039746,Will Shipley,RB,PHI,2024,8,CIN,-0.3,0
00-0039793,A.J. Barner,TE,SEA,2024,8,BUF,3.4,2
00-0039794,Braelon Allen,RB,NYJ,2024,8,NE,9.2,0
00-0039810,Jermaine Burton,WR,CIN,2024,8,PHI,4.1,1
00-0039814,Erick All,TE,CIN,2024,8,PHI,3.2,2
00-0039847,Theo Johnson,TE,NYG,2024,8,PIT,3.5,3
00-0039849,Marvin Harrison,WR,ARI,2024,8,MIA,17.1,6
00-0039851,Drake Maye,QB,NE,2024,8,NYJ,11.52,0
00-0039855,Jalen McMillan,WR,TB,2024,8,ATL,5.2,4
00-0039868,Troy Franklin,WR,DEN,2024,8,CAR,0.9,1
00-0039874,Jaylen Wright,RB,MIA,2024,8,ARI,1.8,0
00-0039875,Ray Davis,RB,BUF,2024,8,SEA,2.9,0
00-0039890,Adonai Mitchell,WR,IND,2024,8,HOU,0.9,1
00-0039893,Brian Thomas,WR,JAX,2024,8,GB,12.0,3
00-0039894,Xavier Worthy,WR,KC,2024,8,LV,9.7,4
00-0039901,Keon Coleman,WR,BUF,2024,8,SEA,13.0,5
00-0039910,Jayden Daniels,QB,WAS,2024,8,CHI,22.24,0
00-0039915,Ladd McConkey,WR,LAC,2024,8,NO,23.1,6
00-0039916,Ricky Pearsall,WR,SF,2024,8,DAL,7.7,4
00-0039918,Caleb Williams,QB,CHI,2024,8,WAS,9.94,0
00-0039919,Rome Odunze,WR,CHI,2024,8,WAS,5.4,3
00-0039921,Trey Benson,RB,ARI,2024,8,MIA,1.0,0
00-0023459,Aaron Rodgers,QB,NYJ,2024,9,HOU,20.34,0
00-0026158,Joe Flacco,QB,IND,2024,9,MIN,3.06,0
00-0026300,Josh Johnson,QB,BAL,2024,9,DEN,0.2,0
00-0026498,Matthew Stafford,QB,LA,2024,9,SEA,17.92,0
00-0029604,Kirk Cousins,QB,ATL,2024,9,DAL,17.78,0
00-0030061,Zach Ertz,TE,WAS,2024,9,NYG,0.5,1
00-0030279,Keenan Allen,WR,CHI,2024,9,ARI,3.6,4
00-0030431,Robert Woods,WR,HOU,2024,9,NYJ,4.4,2
00-0030506,Travis Kelce,TE,KC,2024,9,TB,8.0,14
00-0030564,DeAndre Hopkins,WR,KC,2024,9,TB,20.6,8
00-0030565,Geno Smith,QB,SEA,2024,9,LA,22.12,0
00-0031235,Odell Beckham,WR,MIA,2024,9,BUF,1.5,3
00-0031280,Derek Carr,QB,NO,2024,9,CAR,13.44,0
00-0031381,Davante Adams,WR,NYJ,2024,9,HOU,15.1,7
00-0031428,Allen Robinson,WR,DET,2024,9,GB,0.2,1
00-0031484,Chris Manhertz,TE,NYG,2024,9,WAS,6.2,1
00-0031503,Jameis Winston,QB,CLE,2024,9,LAC,10.1,0
00-0031549,Nelson Agholor,WR,BAL,2024,9,DEN,2.9,1
00-0031687,Raheem Mostert,RB,MIA,2024,9,BUF,6.8,2
00-0031690,Eric Tomlinson,TE,LAC,2024,9,CLE,0.2,1
00-0032104,Ameer Abdullah,RB,LV,2024,9,CIN,2.6,3
00-0032211,Tyler Lockett,WR,SEA,2024,9,LA,12.3,3
00-0032385,Sterling Shepard,WR,TB,2024,9,KC,6.9,4
00-0032392,Austin Hooper,TE,NE,2024,9,TEN,0.8,1
00-0032394,Nick Vannett,TE,TEN,2024,9,NE,9.3,2
00-0032464,Kalif Raymond,WR,DET,2024,9,GB,0.0,1
00-0032764,Derrick Henry,RB,BAL,2024,9,DEN,25.3,1
00-0032775,Demarcus Robinson,WR,LA,2024,9,SEA,21.4,6
00-0033009,Tyler Boyd,WR,TEN,2024,9,NE,0.3,0
00-0033040,Tyreek Hill,WR,MIA,2024,9,BUF,8.0,4
00-0033077,Dak Prescott,QB,DAL,2024,9,ATL,12.32,0
00-0033090,Hunter Henry,TE,NE,2024,9,TEN,5.6,7
00-0033106,Jared Goff,QB,DET,2024,9,GB,9.6,0
00-0033246,Johnny Mundt,TE,MIN,2024,9,IND,0.0,0
00-0033282,Curtis Samuel,WR,BUF,2024,9,MIA,0.0,0
00-0033293,Aaron Jones,RB,MIN,2024,9,IND,8.2,4
00-0033307,Kendrick Bourne,WR,NE,2024,9,TEN,4.1,4
00-0033357,Taysom Hill,TE,NO,2024,9,CAR,12.0,4
00-0033375,Tim Patrick,WR,DET,2024,9,GB,1.2,2
00-0033526,Samaje Perine,RB,KC,2024,9,TB,9.5,4
00-0033536,Mike Williams,WR,NYJ,2024,9,HOU,0.6,1
00-0033553,James Conner,RB,ARI,2024,9,CHI,11.9,3
00-0033555,Mack Hollins,WR,BUF,2024,9,MIA,9.0,5
00-0033589,David Moore,WR,CAR,2024,9,NO,2.0,2
00-0033591,Noah Brown,WR,WAS,2024,9,NYG,6.0,5
00-0033662,Cooper Rush,QB,DAL,2024,9,ATL,11.0,0
00-0033699,Austin Ekeler,RB,WAS,2024,9,NYG,14.3,3
00-0033854,Dare Ogunbowale,RB,HOU,2024,9,NYJ,-0.1,0
00-0033858,Jonnu Smith,TE,MIA,2024,9,BUF,4.6,5
00-0033873,Patrick Mahomes,QB,KC,2024,9,TB,24.54,0
00-0033881,Evan Engram,TE,JAX,2024,9,PHI,6.5,5
00-0033885,David Njoku,TE,CLE,2024,9,LAC,2.9,5
00-0033893,Dalvin Cook,RB,DAL,2024,9,ATL,0.8,0
00-0033895,Gerald Everett,TE,CHI,2024,9,ARI,0.5,1
00-0033897,Joe Mixon,RB,HOU,2024,9,NYJ,16.6,0
00-0033906,Alvin Kamara,RB,NO,2024,9,CAR,21.5,6
00-0033908,Cooper Kupp,WR,LA,2024,9,SEA,10.4,11
00-0033923,Kareem Hunt,RB,KC,2024,9,TB,17.7,1
00-0033955,Jeremy McNichols,RB,WAS,2024,9,NYG,2.0,0
00-0034159,Will Dissly,TE,LAC,2024,9,CLE,0.9,2
00-0034270,Tyler Conklin,TE,NYJ,2024,9,HOU,-0.3,1
00-0034272,Marquez Valdes-Scantling,WR,NO,2024,9,CAR,0.5,1
00-0034348,Courtland Sutton,WR,DEN,2024,9,BAL,16.28,7
00-0034364,Jordan Akins,TE,CLE,2024,9,LAC,3.2,3
00-0034383,Dalton Schultz,TE,HOU,2024,9,NYJ,2.1,3
00-0034386,Justin Watson,WR,KC,2024,9,TB,4.3,3
00-0034407,Ray-Ray McCloud,WR,ATL,2024,9,DAL,9.5,3
00-0034418,Cedrick Wilson,WR,NO,2024,9,CAR,3.4,2
00-0034487,Trent Sherfield,WR,MIN,2024,9,IND,0.7,1
00-0034613,Tanner Hudson,TE,CIN,2024,9,LV,1.4,2
00-0034646,Brandon Powell,WR,MIN,2024,9,IND,0.9,1
00-0034753,Mark Andrews,TE,BAL,2024,9,DEN,2.6,2
00-0034771,Mason Rudolph,QB,TEN,2024,9,NE,17.5,0
00-0034791,Nick Chubb,RB,CLE,2024,9,LAC,3.5,1
00-0034796,Lamar Jackson,QB,BAL,2024,9,DEN,23.6,0
00-0034798,Durham Smythe,TE,MIA,2024,9,BUF,0.4,1
00-0034827,D.J. Moore,WR,CHI,2024,9,ARI,3.3,4
00-0034829,Mike Gesicki,TE,CIN,2024,9,LV,22.0,5
00-0034830,Hayden Hurst,TE,LAC,2024,9,CLE,0.6,1
00-0034837,Calvin Ridley,WR,TEN,2024,9,NE,7.3,5
00-0034844,Saquon Barkley,RB,PHI,2024,9,JAX,29.9,3
00-0034854,KhaDarel Hodge,WR,ATL,2024,9,DAL,0.9,1
00-0034855,Baker Mayfield,QB,TB,2024,9,KC,18.0,0
00-0034857,Josh Allen,QB,BUF,2024,9,MIA,22.1,0
00-0034869,Sam Darnold,QB,MIN,2024,9,IND,19.0,0
00-0034960,Jakobi Meyers,WR,LV,2024,9,CIN,10.5,8
00-0034972,Alexander Mattison,RB,LV,2024,9,CIN,3.6,0
00-0034975,Justice Hill,RB,BAL,2024,9,DEN,5.8,3
00-0034981,Foster Moreau,TE,NO,2024,9,CAR,7.7,1
00-0035021,Ashton Dulin,WR,IND,2024,9,MIN,1.7,0
00-0035100,Jake Browning,QB,CIN,2024,9,LV,-0.1,0
00-0035140,Mecole Hardman,WR,KC,2024,9,TB,1.7,3
00-0035208,Olamide Zaccheaus,WR,WAS,2024,9,NYG,4.8,2
00-0035228,Kyler Murray,QB,ARI,2024,9,CHI,4.76,0
00-0035229,T.J. Hockenson,TE,MIN,2024,9,IND,2.7,3
00-0035243,Miles Sanders,RB,CAR,2024,9,NO,-1.0,2
00-0035249,Josh Oliver,TE,MIN,2024,9,IND,11.8,5
00-0035250,Devin Singletary,RB,NYG,2024,9,WAS,3.3,0
00-0035261,Tony Pollard,RB,TEN,2024,9,NE,15.4,3
00-0035289,Gardner Minshew,QB,LV,2024,9,CIN,2.96,0
00-0035341,Trenton Irwin,WR,CIN,2024,9,LV,0.0,0
00-0035406,Lil'Jordan Humphrey,WR,DEN,2024,9,BAL,1.1,2
00-0035500,Greg Dortch,WR,ARI,2024,9,CHI,0.0,0
00-0035535,Darius Slayton,WR,NYG,2024,9,WAS,6.0,3
00-0035537,Ty Johnson,RB,BUF,2024,9,MIA,2.3,0
00-0035628,D'Ernest Johnson,RB,JAX,2024,9,PHI,0.6,0
00-0035631,Drew Sample,TE,CIN,2024,9,LV,7.4,4
00-0035659,Terry McLaurin,WR,WAS,2024,9,NYG,13.9,2
00-0035676,A.J. Brown,WR,PHI,2024,9,JAX,3.6,2
00-0035685,David Montgomery,RB,DET,2024,9,GB,9.6,3
00-0035689,Dawson Knox,TE,BUF,2024,9,MIA,0.5,1
00-0035700,Josh Jacobs,RB,GB,2024,9,DET,10.8,2
00-0035710,Daniel Jones,QB,NYG,2024,9,WAS,24.36,0
00-0035806,Jamycal Hasty,RB,NE,2024,9,TEN,-0.3,1
00-0035891,Cody White,WR,SEA,2024,9,LA,4.4,2
00-0036040,Juwan Johnson,TE,NO,2024,9,CAR,4.1,2
00-0036096,J.J. Taylor,RB,HOU,2024,9,NYJ,2.3,0
00-0036139,Rico Dowdle,RB,DAL,2024,9,ATL,16.7,5
00-0036158,J.K. Dobbins,RB,LAC,2024,9,CLE,22.5,2
00-0036182,Nick Westbrook-Ikhine,WR,TEN,2024,9,NE,11.0,5
00-0036212,Tua Tagovailoa,QB,MIA,2024,9,BUF,17.54,0
00-0036223,Jonathan Taylor,RB,IND,2024,9,MIN,5.9,3
00-0036232,Harrison Bryant,TE,LV,2024,9,CIN,2.2,2
00-0036252,Michael Pittman,WR,IND,2024,9,MIN,1.4,1
00-0036264,Jordan Love,QB,GB,2024,9,DET,10.92,0
00-0036275,D'Andre Swift,RB,CHI,2024,9,ARI,8.2,6
00-0036309,Darnell Mooney,WR,ATL,2024,9,DAL,14.8,5
00-0036322,Justin Jefferson,WR,MIN,2024,9,IND,14.58,7
00-0036328,Antonio Gibson,RB,NE,2024,9,TEN,1.1,1
00-0036355,Justin Herbert,QB,LAC,2024,9,CLE,19.48,0
00-0036358,CeeDee Lamb,WR,DAL,2024,9,ATL,8.2,8
00-0036387,Jalen Reagor,WR,LAC,2024,9,CLE,0.0,1
00-0036389,Jalen Hurts,QB,PHI,2024,9,JAX,29.9,0
00-0036407,Jerry Jeudy,WR,CLE,2024,9,LAC,7.3,7
00-0036414,Cam Akers,RB,MIN,2024,9,IND,5.3,2
00-0036422,Adam Trautman,TE,DEN,2024,9,BAL,0.4,1
00-0036425,DeeJay Dallas,RB,ARI,2024,9,CHI,0.2,0
00-0036427,Tyler Johnson,WR,LA,2024,9,SEA,3.8,3
00-0036442,Joe Burrow,QB,CIN,2024,9,LV,29.14,0
00-0036497,Tim Jones,WR,JAX,2024,9,PHI,1.0,1
00-0036510,Kenny Yeboah,TE,NYJ,2024,9,HOU,1.2,1
00-0036550,Rashod Bateman,WR,BAL,2024,9,DEN,2.5,3
00-0036555,Chuba Hubbard,RB,CAR,2024,9,NO,19.2,2
00-0036590,Quintin Morris,TE,BUF,2024,9,MIA,6.2,1
00-0036613,Jaylen Waddle,WR,MIA,2024,9,BUF,5.6,2
00-0036626,Dyami Brown,WR,WAS,2024,9,NYG,2.4,1
00-0036637,Noah Gray,TE,KC,2024,9,TB,0.0,0
00-0036646,Simi Fehoko,WR,LAC,2024,9,CLE,0.0,0
00-0036754,Brock Wright,TE,DET,2024,9,GB,0.1,1
00-0036841,Austin Trammell,WR,JAX,2024,9,PHI,4.0,2
00-0036849,Tutu Atwell,WR,LA,2024,9,SEA,1.6,1
00-0036875,Rhamondre Stevenson,RB,NE,2024,9,TEN,17.4,5
00-0036876,Kylen Granson,TE,IND,2024,9,MIN,2.2,1
00-0036887,Luke Farrell,TE,JAX,2024,9,PHI,0.5,1
00-0036900,Ja'Marr Chase,WR,CIN,2024,9,LV,4.3,7
00-0036912,DeVonta Smith,WR,PHI,2024,9,JAX,14.7,4
00-0036919,Kenneth Gainwell,RB,PHI,2024,9,JAX,1.0,1
00-0036963,Amon-Ra St. Brown,WR,DET,2024,9,GB,11.6,7
00-0036970,Kyle Pitts,TE,ATL,2024,9,DAL,1.1,1
00-0036971,Trevor Lawrence,QB,JAX,2024,9,PHI,19.56,0
00-0036973,Travis Etienne,RB,JAX,2024,9,PHI,3.0,2
00-0036980,Elijah Moore,WR,CLE,2024,9,LAC,2.8,3
00-0036984,Trey Sermon,RB,IND,2024,9,MIN,1.3,1
00-0036988,Josh Palmer,WR,LAC,2024,9,CLE,12.3,2
00-0036997,Javonte Williams,RB,DEN,2024,9,BAL,8.4,2
00-0037004,Hunter Long,TE,LA,2024,9,SEA,0.4,1
00-0037086,Grant Calcaterra,TE,PHI,2024,9,JAX,3.0,5
00-0037091,Bo Melton,WR,GB,2024,9,DET,1.9,1
00-0037238,Drake London,WR,ATL,2024,9,DAL,8.7,2
00-0037239,Chris Olave,WR,NO,2024,9,CAR,1.3,1
00-0037248,James Cook,RB,BUF,2024,9,MIA,6.9,5
00-0037256,Rachaad White,RB,TB,2024,9,KC,9.5,3
00-0037261,Khalil Shakir,WR,BUF,2024,9,MIA,5.0,6
00-0037263,Tyler Allgeier,RB,ATL,2024,9,DAL,7.8,0
00-0037267,Jerome Ford,RB,CLE,2024,9,LAC,0.7,1
00-0037291,Jalen Nailor,WR,MIN,2024,9,IND,6.7,1
00-0037422,Kendric Pryor,WR,CIN,2024,9,LV,0.9,1
00-0037487,Deven Thompkins,WR,CAR,2024,9,NO,-0.2,0
00-0037539,Lucas Krull,TE,DEN,2024,9,BAL,0.0,0
00-0037569,Peyton Hendershot,TE,KC,2024,9,TB,0.9,1
00-0037594,Julius Chestnut,RB,TEN,2024,9,NE,2.2,0
00-0037614,John Metchie,WR,HOU,2024,9,NYJ,0.0,0
00-0037664,Alec Pierce,WR,IND,2024,9,MIN,4.1,3
00-0037666,Jalen Tolbert,WR,DAL,2024,9,ATL,7.9,3
00-0037740,Garrett Wilson,WR,NYJ,2024,9,HOU,21.0,9
00-0037741,Jahan Dotson,WR,PHI,2024,9,JAX,3.6,1
00-0037744,Trey McBride,TE,ARI,2024,9,CHI,9.7,3
00-0037801,Kavontae Turpin,WR,DAL,2024,9,ATL,3.6,3
00-0037805,Jeremy Ruckert,TE,NYJ,2024,9,HOU,0.4,1
00-0037809,Chigoziem Okonkwo,TE,TEN,2024,9,NE,3.8,3
00-0037816,Romeo Doubs,WR,GB,2024,9,DET,2.8,4
00-0037838,Isaiah Likely,TE,BAL,2024,9,DEN,0.0,0
00-0037840,Kyren Williams,RB,LA,2024,9,SEA,9.5,1
00-0038040,Zamir White,RB,LV,2024,9,CIN,7.0,0
00-0038041,Jake Ferguson,TE,DAL,2024,9,ATL,7.1,7
00-0038098,Pierre Strong,RB,CLE,2024,9,LAC,0.8,0
00-0038117,Wan'Dale Robinson,WR,NYG,2024,9,WAS,1.0,3
00-0038120,Breece Hall,RB,NYJ,2024,9,HOU,8.5,2
00-0038122,Desmond Ridder,QB,LV,2024,9,CIN,5.16,0
00-0038124,Christian Watson,WR,GB,2024,9,DET,5.7,3
00-0038129,Cade Otton,TE,TB,2024,9,KC,13.7,8
00-0038134,Kenneth Walker,RB,SEA,2024,9,LA,10.7,3
00-0038393,Dontayvion Wicks,WR,GB,2024,9,DET,0.0,0
00-0038542,Bijan Robinson,RB,ATL,2024,9,DAL,14.5,7
00-0038543,Jaxon Smith-Njigba,WR,SEA,2024,9,LA,30.0,7
00-0038544,Quentin Johnston,WR,LAC,2024,9,CLE,18.0,4
00-0038555,Tank Bigsby,RB,JAX,2024,9,PHI,2.2,0
00-0038559,Michael Wilson,WR,ARI,2024,9,CHI,0.0,0
00-0038563,Tre Tucker,WR,LV,2024,9,CIN,0.5,2
00-0038589,Josh Whyle,TE,TEN,2024,9,NE,1.2,1
00-0038597,Chase Brown,RB,CIN,2024,9,LV,21.7,5
00-0038606,Parker Washington,WR,JAX,2024,9,PHI,4.1,3
00-0038608,Kayshon Boutte,WR,NE,2024,9,TEN,1.8,2
00-0038611,Chris Rodriguez,RB,WAS,2024,9,NYG,5.2,0
00-0038618,Xavier Hutchinson,WR,HOU,2024,9,NYJ,0.0,0
00-0038619,Andrei Iosivas,WR,CIN,2024,9,LV,7.0,1
00-0038621,Demario Douglas,WR,NE,2024,9,TEN,3.5,7
00-0038640,Jalen Brooks,WR,DAL,2024,9,ATL,2.6,2
00-0038678,Jordan Mims,RB,NO,2024,9,CAR,3.8,1
00-0038685,Christopher Brooks,RB,GB,2024,9,DET,4.1,3
00-0038705,Emari Demercado,RB,ARI,2024,9,CHI,14.0,2
00-0038752,Jake Bobo,WR,SEA,2024,9,LA,0.0,0
00-0038794,Jaleel McLaughlin,RB,DEN,2024,9,BAL,2.0,3
00-0038797,Emanuel Wilson,RB,GB,2024,9,DET,8.9,1
00-0038821,Rakim Jarrett,WR,TB,2024,9,KC,0.9,1
00-0038824,Ryan Miller,WR,TB,2024,9,KC,6.1,1
00-0038933,Dalton Kincaid,TE,BUF,2024,9,MIA,3.2,4
00-0038951,Sean Tucker,RB,TB,2024,9,KC,1.7,1
00-0038976,Marvin Mims,WR,DEN,2024,9,BAL,0.4,1
00-0038977,Tank Dell,WR,HOU,2024,9,NYJ,12.6,6
00-0038979,Cedric Tillman,WR,CLE,2024,9,LAC,13.5,6
00-0038994,Jordan Addison,WR,MIN,2024,9,IND,11.1,5
00-0038996,Tucker Kraft,TE,GB,2024,9,DET,3.6,4
00-0038997,Josh Downs,WR,IND,2024,9,MIN,6.0,6
00-0039021,Roschon Johnson,RB,CHI,2024,9,ARI,2.1,2
00-0039040,Devon Achane,RB,MIA,2024,9,BUF,24.1,8
00-0039041,Elijah Higgins,TE,ARI,2024,9,CHI,3.4,2
00-0039052,Trey Palmer,WR,TB,2024,9,KC,3.3,2
00-0039062,Jonathan Mingo,WR,CAR,2024,9,NO,0.0,0
00-0039064,Zay Flowers,WR,BAL,2024,9,DEN,24.7,5
00-0039065,Sam LaPorta,TE,DET,2024,9,GB,2.8,2
00-0039074,Davis Allen,TE,LA,2024,9,SEA,0.5,1
00-0039075,Puka Nacua,WR,LA,2024,9,SEA,1.1,1
00-0039139,Jahmyr Gibbs,RB,DET,2024,9,GB,13.6,1
00-0039146,Jayden Reed,WR,GB,2024,9,DET,11.3,5
00-0039150,Bryce Young,QB,CAR,2024,9,NO,9.74,0
00-0039163,C.J. Stroud,QB,HOU,2024,9,NYJ,11.54,0
00-0039165,Zach Charbonnet,RB,SEA,2024,9,LA,3.3,2
00-0039325,Carson Steele,RB,KC,2024,9,TB,0.9,0
00-0039337,Malik Nabers,WR,NYG,2024,9,WAS,5.9,9
00-0039338,Brock Bowers,TE,LV,2024,9,CIN,10.5,5
00-0039342,Xavier Legette,WR,CAR,2024,9,NO,9.9,4
00-0039356,Ja'Tavion Sanders,TE,CAR,2024,9,NO,8.7,4
00-0039359,Cade Stover,TE,HOU,2024,9,NYJ,0.0,0
00-0039361,Bucky Irving,RB,TB,2024,9,KC,3.4,3
00-0039373,Audric Estime,RB,DEN,2024,9,BAL,3.5,0
00-0039384,Tyrone Tracy,RB,NYG,2024,9,WAS,6.9,1
00-0039391,Kimani Vidal,RB,LAC,2024,9,CLE,0.7,0
00-0039392,Jha'Quan Jackson,WR,TEN,2024,9,NE,0.3,1
00-0039410,Ryan Flournoy,WR,DAL,2024,9,ATL,1.3,1
00-0039420,Jaheim Bell,TE,NE,2024,9,TEN,0.1,1
00-0039424,Devaughn Vele,WR,DEN,2024,9,BAL,1.1,2
00-0039491,Jalen Coker,WR,CAR,2024,9,NO,3.6,2
00-0039543,Ramel Keyton,WR,LV,2024,9,CIN,0.7,1
00-0039614,Jermaine Jackson,WR,NO,2024,9,CAR,-0.1,0
00-0039623,Mason Tipton,WR,NO,2024,9,CAR,0.0,0
00-0039732,Bo Nix,QB,DEN,2024,9,BAL,16.72,1
00-0039738,Blake Corum,RB,LA,2024,9,SEA,-0.1,0
00-0039747,Ainias Smith,WR,PHI,2024,9,JAX,0.2,1
00-0039793,A.J. Barner,TE,SEA,2024,9,LA,2.7,4
00-0039794,Braelon Allen,RB,NYJ,2024,9,HOU,0.9,0
00-0039814,Erick All,TE,CIN,2024,9,LV,2.4,2
00-0039847,Theo Johnson,TE,NYG,2024,9,WAS,11.1,3
00-0039849,Marvin Harrison,WR,ARI,2024,9,CHI,1.4,2
00-0039851,Drake Maye,QB,NE,2024,9,TEN,15.74,0
00-0039868,Troy Franklin,WR,DEN,2024,9,BAL,1.9,1
00-0039874,Jaylen Wright,RB,MIA,2024,9,BUF,1.8,0
00-0039875,Ray Davis,RB,BUF,2024,9,MIA,15.0,2
00-0039880,Malik Washington,WR,MIA,2024,9,BUF,0.9,0
00-0039890,Adonai Mitchell,WR,IND,2024,9,MIN,2.2,1
00-0039893,Brian Thomas,WR,JAX,2024,9,PHI,4.2,2
00-0039894,Xavier Worthy,WR,KC,2024,9,TB,-1.0,0
00-0039901,Keon Coleman,WR,BUF,2024,9,MIA,4.1,1
00-0039907,Ja'Lynn Polk,WR,NE,2024,9,TEN,0.0,0
00-0039910,Jayden Daniels,QB,WAS,2024,9,NYG,19.86,0
00-0039912,Ben Sinnott,TE,WAS,2024,9,NYG,1.2,1
00-0039915,Ladd McConkey,WR,LAC,2024,9,CLE,6.4,5
00-0039918,Caleb Williams,QB,CHI,2024,9,ARI,9.18,0
00-0039919,Rome Odunze,WR,CHI,2024,9,ARI,10.4,5
00-0039920,Malachi Corley,WR,NYJ,2024,9,HOU,1.8,0
00-0039921,Trey Benson,RB,ARI,2024,9,CHI,11.5,1
00-0023459,Aaron Rodgers,QB,NYJ,2024,10,ARI,4.04,0
00-0026158,Joe Flacco,QB,IND,2024,10,BUF,10.88,0
00-0026498,Matthew Stafford,QB,LA,2024,10,MIA,9.72,0
00-0029263,Russell Wilson,QB,PIT,2024,10,WAS,18.1,0
00-0029604,Kirk Cousins,QB,ATL,2024,10,NO,10.24,0
00-0030061,Zach Ertz,TE,WAS,2024,10,PIT,3.1,4
00-0030279,Keenan Allen,WR,CHI,2024,10,NE,4.4,5
00-0030431,Robert Woods,WR,HOU,2024,10,DET,0.1,1
00-0030506,Travis Kelce,TE,KC,2024,10,DEN,12.4,8
00-0030564,DeAndre Hopkins,WR,KC,2024,10,DEN,5.6,4
00-0030578,Cordarrelle Patterson,RB,PIT,2024,10,WAS,1.4,0
00-0031235,Odell Beckham,WR,MIA,2024,10,LA,1.7,2
00-0031280,Derek Carr,QB,NO,2024,10,ATL,20.46,0
00-0031381,Davante Adams,WR,NYJ,2024,10,ARI,3.1,6
00-0031549,Nelson Agholor,WR,BAL,2024,10,CIN,6.6,1
00-0031585,MyCole Pruitt,TE,PIT,2024,10,WAS,0.0,0
00-0031687,Raheem Mostert,RB,MIA,2024,10,LA,3.4,2
00-0031763,DeAndre Carter,WR,CHI,2024,10,NE,0.5,1
00-0032385,Sterling Shepard,WR,TB,2024,10,SF,1.0,1
00-0032392,Austin Hooper,TE,NE,2024,10,CHI,6.4,3
00-0032764,Derrick Henry,RB,BAL,2024,10,CIN,13.1,1
00-0032775,Demarcus Robinson,WR,LA,2024,10,MIA,2.3,1
00-0033040,Tyreek Hill,WR,MIA,2024,10,LA,8.7,3
00-0033045,Ezekiel Elliott,RB,DAL,2024,10,PHI,0.2,0
00-0033090,Hunter Henry,TE,NE,2024,10,CHI,1.4,1
00-0033106,Jared Goff,QB,DET,2024,10,HOU,7.8,0
00-0033280,Christian McCaffrey,RB,SF,2024,10,TB,10.7,6
00-0033282,Curtis Samuel,WR,BUF,2024,10,IND,3.5,4
00-0033288,George Kittle,TE,SF,2024,10,TB,11.7,3
00-0033293,Aaron Jones,RB,MIN,2024,10,JAX,10.1,2
00-0033357,Taysom Hill,TE,NO,2024,10,ATL,5.0,2
00-0033526,Samaje Perine,RB,KC,2024,10,DEN,3.7,2
00-0033536,Mike Williams,WR,PIT,2024,10,WAS,9.2,1
00-0033553,James Conner,RB,ARI,2024,10,NYJ,17.3,5
00-0033555,Mack Hollins,WR,BUF,2024,10,IND,8.6,4
00-0033589,David Moore,WR,CAR,2024,10,NYG,1.8,2
00-0033591,Noah Brown,WR,WAS,2024,10,PIT,3.3,3
00-0033662,Cooper Rush,QB,DAL,2024,10,PHI,-2.0,0
00-0033699,Austin Ekeler,RB,WAS,2024,10,PIT,17.1,1
00-0033854,Dare Ogunbowale,RB,HOU,2024,10,DET,1.1,0
00-0033858,Jonnu Smith,TE,MIA,2024,10,LA,4.5,3
00-0033869,Mitchell Trubisky,QB,BUF,2024,10,IND,-0.1,0
00-0033873,Patrick Mahomes,QB,KC,2024,10,DEN,16.54,0
00-0033881,Evan Engram,TE,JAX,2024,10,MIN,4.0,6
00-0033897,Joe Mixon,RB,HOU,2024,10,DET,15.0,2
00-0033906,Alvin Kamara,RB,NO,2024,10,ATL,10.9,5
00-0033908,Cooper Kupp,WR,LA,2024,10,MIA,8.0,7
00-0033923,Kareem Hunt,RB,KC,2024,10,DEN,10.0,7
00-0033955,Jeremy McNichols,RB,WAS,2024,10,PIT,6.7,0
00-0034159,Will Dissly,TE,LAC,2024,10,TEN,3.0,5
00-0034184,Gus Edwards,RB,LAC,2024,10,TEN,5.5,0
00-0034270,Tyler Conklin,TE,NYJ,2024,10,ARI,0.8,1
00-0034272,Marquez Valdes-Scantling,WR,NO,2024,10,ATL,22.9,3
00-0034348,Courtland Sutton,WR,DEN,2024,10,KC,13.0,6
00-0034351,Dallas Goedert,TE,PHI,2024,10,DAL,8.5,2
00-0034365,Ian Thomas,TE,CAR,2024,10,NYG,0.3,1
00-0034383,Dalton Schultz,TE,HOU,2024,10,DET,6.6,3
00-0034386,Justin Watson,WR,KC,2024,10,DEN,0.6,2
00-0034407,Ray-Ray McCloud,WR,ATL,2024,10,NO,3.6,3
00-0034487,Trent Sherfield,WR,MIN,2024,10,JAX,1.1,1
00-0034613,Tanner Hudson,TE,CIN,2024,10,BAL,10.3,6
00-0034753,Mark Andrews,TE,BAL,2024,10,CIN,12.8,6
00-0034796,Lamar Jackson,QB,BAL,2024,10,CIN,32.9,0
00-0034798,Durham Smythe,TE,MIA,2024,10,LA,0.6,1
00-0034827,D.J. Moore,WR,CHI,2024,10,NE,2.7,3
00-0034829,Mike Gesicki,TE,CIN,2024,10,BAL,3.0,4
00-0034830,Hayden Hurst,TE,LAC,2024,10,TEN,0.0,0
00-0034837,Calvin Ridley,WR,TEN,2024,10,LAC,20.4,5
00-0034844,Saquon Barkley,RB,PHI,2024,10,DAL,7.8,1
00-0034855,Baker Mayfield,QB,TB,2024,10,SF,8.94,0
00-0034857,Josh Allen,QB,BUF,2024,10,IND,18.2,0
00-0034860,Dante Pettis,WR,NO,2024,10,ATL,0.8,1
00-0034869,Sam Darnold,QB,MIN,2024,10,JAX,6.44,0
00-0034975,Justice Hill,RB,BAL,2024,10,CIN,-0.2,2
00-0034981,Foster Moreau,TE,NO,2024,10,ATL,0.0,0
00-0035021,Ashton Dulin,WR,IND,2024,10,BUF,0.7,0
00-0035140,Mecole Hardman,WR,KC,2024,10,DEN,0.3,1
00-0035208,Olamide Zaccheaus,WR,WAS,2024,10,PIT,0.8,1
00-0035216,Diontae Johnson,WR,BAL,2024,10,CIN,0.6,1
00-0035228,Kyler Murray,QB,ARI,2024,10,NYJ,28.74,0
00-0035229,T.J. Hockenson,TE,MIN,2024,10,JAX,7.2,8
00-0035243,Miles Sanders,RB,CAR,2024,10,NYG,0.5,0
00-0035249,Josh Oliver,TE,MIN,2024,10,JAX,5.2,4
00-0035250,Devin Singletary,RB,NYG,2024,10,CAR,4.5,1
00-0035261,Tony Pollard,RB,TEN,2024,10,LAC,6.3,4
00-0035406,Lil'Jordan Humphrey,WR,DEN,2024,10,KC,2.3,2
00-0035500,Greg Dortch,WR,ARI,2024,10,NYJ,-0.1,1
00-0035537,Ty Johnson,RB,BUF,2024,10,IND,3.2,3
00-0035659,Terry McLaurin,WR,WAS,2024,10,PIT,11.3,5
00-0035676,A.J. Brown,WR,PHI,2024,10,DAL,10.9,5
00-0035685,David Montgomery,RB,DET,2024,10,HOU,11.6,1
00-0035689,Dawson Knox,TE,BUF,2024,10,IND,4.0,2
00-0035710,Daniel Jones,QB,NYG,2024,10,CAR,12.2,0
00-0035719,Deebo Samuel,WR,SF,2024,10,TB,7.6,5
00-0035806,Jamycal Hasty,RB,NE,2024,10,CHI,2.4,1
00-0036040,Juwan Johnson,TE,NO,2024,10,ATL,2.2,2
00-0036139,Rico Dowdle,RB,DAL,2024,10,PHI,5.6,3
00-0036158,J.K. Dobbins,RB,LAC,2024,10,TEN,5.5,3
00-0036165,Isaiah Hodgins,WR,NYG,2024,10,CAR,0.7,1
00-0036182,Nick Westbrook-Ikhine,WR,TEN,2024,10,LAC,3.1,3
00-0036196,Gabe Davis,WR,JAX,2024,10,MIN,1.9,1
00-0036212,Tua Tagovailoa,QB,MIA,2024,10,LA,8.18,0
00-0036223,Jonathan Taylor,RB,IND,2024,10,BUF,12.2,2
00-0036259,Jauan Jennings,WR,SF,2024,10,TB,9.3,7
00-0036275,D'Andre Swift,RB,CHI,2024,10,NE,6.5,1
00-0036290,Cole Kmet,TE,CHI,2024,10,NE,1.3,2
00-0036309,Darnell Mooney,WR,ATL,2024,10,NO,9.6,5
00-0036322,Justin Jefferson,WR,MIN,2024,10,JAX,4.8,5
00-0036328,Antonio Gibson,RB,NE,2024,10,CHI,2.6,0
00-0036345,K.J. Osborn,WR,NE,2024,10,CHI,0.0,0
00-0036355,Justin Herbert,QB,LAC,2024,10,TEN,19.76,0
00-0036358,CeeDee Lamb,WR,DAL,2024,10,PHI,2.4,6
00-0036387,Jalen Reagor,WR,LAC,2024,10,TEN,-0.2,0
00-0036389,Jalen Hurts,QB,PHI,2024,10,DAL,29.68,0
00-0036414,Cam Akers,RB,MIN,2024,10,JAX,4.7,1
00-0036415,Van Jefferson,WR,PIT,2024,10,WAS,0.0,0
00-0036422,Adam Trautman,TE,DEN,2024,10,KC,3.4,1
00-0036425,DeeJay Dallas,RB,ARI,2024,10,NYJ,1.0,0
00-0036427,Tyler Johnson,WR,LA,2024,10,MIA,2.5,3
00-0036429,Charlie Woerner,TE,ATL,2024,10,NO,0.0,0
00-0036442,Joe Burrow,QB,CIN,2024,10,BAL,33.72,0
00-0036510,Kenny Yeboah,TE,NYJ,2024,10,ARI,0.4,1
00-0036550,Rashod Bateman,WR,BAL,2024,10,CIN,11.4,6
00-0036555,Chuba Hubbard,RB,CAR,2024,10,NYG,20.9,4
00-0036613,Jaylen Waddle,WR,MIA,2024,10,LA,5.6,3
00-0036626,Dyami Brown,WR,WAS,2024,10,PIT,-1.3,2
00-0036630,Tylan Wallace,WR,BAL,2024,10,CIN,17.5,3
00-0036637,Noah Gray,TE,KC,2024,10,DEN,1.8,2
00-0036849,Tutu Atwell,WR,LA,2024,10,MIA,0.6,1
00-0036875,Rhamondre Stevenson,RB,NE,2024,10,CHI,7.7,1
00-0036876,Kylen Granson,TE,IND,2024,10,BUF,1.5,2
00-0036887,Luke Farrell,TE,JAX,2024,10,MIN,1.6,2
00-0036893,Najee Harris,RB,PIT,2024,10,WAS,11.3,0
00-0036894,Pat Freiermuth,TE,PIT,2024,10,WAS,7.7,3
00-0036900,Ja'Marr Chase,WR,CIN,2024,10,BAL,44.4,11
00-0036912,DeVonta Smith,WR,PHI,2024,10,DAL,1.4,2
00-0036919,Kenneth Gainwell,RB,PHI,2024,10,DAL,3.9,1
00-0036963,Amon-Ra St. Brown,WR,DET,2024,10,HOU,12.0,6
00-0036970,Kyle Pitts,TE,ATL,2024,10,NO,5.5,4
00-0036972,Mac Jones,QB,JAX,2024,10,MIN,5.24,0
00-0036973,Travis Etienne,RB,JAX,2024,10,MIN,4.3,1
00-0036984,Trey Sermon,RB,IND,2024,10,BUF,0.4,1
00-0036988,Josh Palmer,WR,LAC,2024,10,TEN,3.6,1
00-0036997,Javonte Williams,RB,DEN,2024,10,KC,0.7,2
00-0037012,Trey Lance,QB,DAL,2024,10,PHI,0.54,0
00-0037086,Grant Calcaterra,TE,PHI,2024,10,DAL,0.0,0
00-0037120,Tyler Goodson,RB,IND,2024,10,BUF,6.9,2
00-0037216,Justyn Ross,WR,KC,2024,10,DEN,0.0,0
00-0037228,Jaylen Warren,RB,PIT,2024,10,WAS,7.5,2
00-0037231,Kevin Austin,WR,NO,2024,10,ATL,3.6,2
00-0037238,Drake London,WR,ATL,2024,10,NO,9.7,8
00-0037240,Jameson Williams,WR,DET,2024,10,HOU,5.3,3
00-0037247,George Pickens,WR,PIT,2024,10,WAS,15.5,5
00-0037248,James Cook,RB,BUF,2024,10,IND,14.5,1
00-0037256,Rachaad White,RB,TB,2024,10,SF,13.0,6
00-0037261,Khalil Shakir,WR,BUF,2024,10,IND,5.8,6
00-0037263,Tyler Allgeier,RB,ATL,2024,10,NO,5.9,0
00-0037276,Ty Chandler,RB,MIN,2024,10,JAX,1.8,0
00-0037291,Jalen Nailor,WR,MIN,2024,10,JAX,0.4,1
00-0037292,Andrew Ogletree,TE,IND,2024,10,BUF,0.2,1
00-0037525,Jordan Mason,RB,SF,2024,10,TB,0.5,0
00-0037539,Lucas Krull,TE,DEN,2024,10,KC,2.1,2
00-0037569,Peyton Hendershot,TE,KC,2024,10,DEN,0.6,1
00-0037614,John Metchie,WR,HOU,2024,10,DET,13.4,5
00-0037617,Hassan Haskins,RB,LAC,2024,10,TEN,6.4,0
00-0037664,Alec Pierce,WR,IND,2024,10,BUF,14.1,4
00-0037666,Jalen Tolbert,WR,DAL,2024,10,PHI,1.4,3
00-0037740,Garrett Wilson,WR,NYJ,2024,10,ARI,4.1,5
00-0037741,Jahan Dotson,WR,PHI,2024,10,DAL,2.7,1
00-0037744,Trey McBride,TE,ARI,2024,10,NYJ,7.1,4
00-0037805,Jeremy Ruckert,TE,NYJ,2024,10,ARI,1.7,2
00-0037809,Chigoziem Okonkwo,TE,TEN,2024,10,LAC,1.4,1
00-0037834,Brock Purdy,QB,SF,2024,10,TB,23.82,0
00-0037837,Calvin Austin,WR,PIT,2024,10,WAS,2.0,2
00-0037840,Kyren Williams,RB,LA,2024,10,MIA,6.2,5
00-0038041,Jake Ferguson,TE,DAL,2024,10,PHI,0.4,4
00-0038046,Charlie Kolar,TE,BAL,2024,10,CIN,0.4,1
00-0038102,Kenny Pickett,QB,PHI,2024,10,DAL,0.3,0
00-0038117,Wan'Dale Robinson,WR,NYG,2024,10,CAR,5.1,5
00-0038120,Breece Hall,RB,NYJ,2024,10,ARI,8.3,4
00-0038129,Cade Otton,TE,TB,2024,10,SF,3.5,5
00-0038394,Will Mallory,TE,IND,2024,10,BUF,1.0,1
00-0038496,Xavier Gipson,WR,NYJ,2024,10,ARI,0.0,0
00-0038542,Bijan Robinson,RB,ATL,2024,10,NO,26.4,3
00-0038544,Quentin Johnston,WR,LAC,2024,10,TEN,8.4,2
00-0038547,Luke Schoonmaker,TE,DAL,2024,10,PHI,0.0,0
00-0038555,Tank Bigsby,RB,JAX,2024,10,MIN,0.4,0
00-0038558,Darnell Washington,TE,PIT,2024,10,WAS,0.6,1
00-0038559,Michael Wilson,WR,ARI,2024,10,NYJ,2.4,3
00-0038573,Derius Davis,WR,LAC,2024,10,TEN,2.3,1
00-0038582,Clayton Tune,QB,ARI,2024,10,NYJ,-0.1,0
00-0038589,Josh Whyle,TE,TEN,2024,10,LAC,0.0,0
00-0038597,Chase Brown,RB,CIN,2024,10,BAL,13.4,9
00-0038608,Kayshon Boutte,WR,NE,2024,10,CHI,4.7,4
00-0038611,Chris Rodriguez,RB,WAS,2024,10,PIT,0.4,0
00-0038618,Xavier Hutchinson,WR,HOU,2024,10,DET,0.6,2
00-0038619,Andrei Iosivas,WR,CIN,2024,10,BAL,2.9,2
00-0038621,Demario Douglas,WR,NE,2024,10,CHI,5.0,4
00-0038640,Jalen Brooks,WR,DAL,2024,10,PHI,0.4,1
00-0038678,Jordan Mims,RB,NO,2024,10,ATL,1.4,1
00-0038705,Emari Demercado,RB,ARI,2024,10,NYJ,2.2,0
00-0038720,Julian Hill,TE,MIA,2024,10,LA,0.0,0
00-0038794,Jaleel McLaughlin,RB,DEN,2024,10,KC,1.2,0
00-0038821,Rakim Jarrett,WR,TB,2024,10,SF,1.0,2
00-0038824,Ryan Miller,WR,TB,2024,10,SF,1.1,1
00-0038933,Dalton Kincaid,TE,BUF,2024,10,IND,2.4,2
00-0038935,Brenton Strange,TE,JAX,2024,10,MIN,2.5,2
00-0038938,Jalin Hyatt,WR,NYG,2024,10,CAR,3.9,4
00-0038976,Marvin Mims,WR,DEN,2024,10,KC,3.0,4
00-0038977,Tank Dell,WR,HOU,2024,10,DET,3.3,5
00-0038994,Jordan Addison,WR,MIN,2024,10,JAX,2.9,2
00-0038997,Josh Downs,WR,IND,2024,10,BUF,7.2,7
00-0039021,Roschon Johnson,RB,CHI,2024,10,NE,0.1,1
00-0039032,Tyjae Spears,RB,TEN,2024,10,LAC,5.1,3
00-0039040,Devon Achane,RB,MIA,2024,10,LA,5.2,5
00-0039041,Elijah Higgins,TE,ARI,2024,10,NYJ,1.3,2
00-0039052,Trey Palmer,WR,TB,2024,10,SF,0.0,0
00-0039064,Zay Flowers,WR,BAL,2024,10,CIN,3.4,4
00-0039065,Sam LaPorta,TE,DET,2024,10,HOU,12.6,3
00-0039074,Davis Allen,TE,LA,2024,10,MIA,3.4,5
00-0039075,Puka Nacua,WR,LA,2024,10,MIA,9.8,9
00-0039139,Jahmyr Gibbs,RB,DET,2024,10,HOU,10.8,2
00-0039150,Bryce Young,QB,CAR,2024,10,NYG,12.04,0
00-0039152,Will Levis,QB,TEN,2024,10,LAC,19.1,0
00-0039163,C.J. Stroud,QB,HOU,2024,10,DET,9.78,0
00-0039236,Johnny Wilson,WR,PHI,2024,10,DAL,6.5,1
00-0039325,Carson Steele,RB,KC,2024,10,DEN,0.3,0
00-0039337,Malik Nabers,WR,NYG,2024,10,CAR,4.8,6
00-0039342,Xavier Legette,WR,CAR,2024,10,NYG,4.0,3
00-0039355,Luke McCaffrey,WR,WAS,2024,10,PIT,2.3,1
00-0039356,Ja'Tavion Sanders,TE,CAR,2024,10,NYG,6.8,2
00-0039359,Cade Stover,TE,HOU,2024,10,DET,0.2,1
00-0039361,Bucky Irving,RB,TB,2024,10,SF,14.7,3
00-0039363,Isaac Guerendo,RB,SF,2024,10,TB,0.0,0
00-0039373,Audric Estime,RB,DEN,2024,10,KC,5.3,0
00-0039384,Tyrone Tracy,RB,NYG,2024,10,CAR,14.4,1
00-0039424,Devaughn Vele,WR,DEN,2024,10,KC,9.9,4
00-0039491,Jalen Coker,WR,CAR,2024,10,NYG,4.1,3
00-0039631,Cam Grandy,TE,CIN,2024,10,BAL,0.0,1
00-0039650,Bryce Oliver,WR,TEN,2024,10,LAC,2.3,2
00-0039732,Bo Nix,QB,DEN,2024,10,KC,16.1,0
00-0039738,Blake Corum,RB,LA,2024,10,MIA,1.5,1
00-0039746,Will Shipley,RB,PHI,2024,10,DAL,3.4,0
00-0039747,Ainias Smith,WR,PHI,2024,10,DAL,0.6,2
00-0039794,Braelon Allen,RB,NYJ,2024,10,ARI,3.4,1
00-0039798,Isaiah Davis,RB,NYJ,2024,10,ARI,1.0,1
00-0039810,Jermaine Burton,WR,CIN,2024,10,BAL,1.1,1
00-0039847,Theo Johnson,TE,NYG,2024,10,CAR,3.7,4
00-0039849,Marvin Harrison,WR,ARI,2024,10,NYJ,11.4,5
00-0039851,Drake Maye,QB,NE,2024,10,CHI,11.76,0
00-0039868,Troy Franklin,WR,DEN,2024,10,KC,0.9,1
00-0039874,Jaylen Wright,RB,MIA,2024,10,LA,0.3,0
00-0039875,Ray Davis,RB,BUF,2024,10,IND,0.6,0
00-0039880,Malik Washington,WR,MIA,2024,10,LA,9.5,1
00-0039890,Adonai Mitchell,WR,IND,2024,10,BUF,7.1,6
00-0039893,Brian Thomas,WR,JAX,2024,10,MIN,1.2,2
00-0039894,Xavier Worthy,WR,KC,2024,10,DEN,1.1,1
00-0039907,Ja'Lynn Polk,WR,NE,2024,10,CHI,6.2,1
00-0039910,Jayden Daniels,QB,WAS,2024,10,PIT,8.58,0
00-0039915,Ladd McConkey,WR,LAC,2024,10,TEN,5.2,2
00-0039916,Ricky Pearsall,WR,SF,2024,10,TB,13.3,4
00-0039918,Caleb Williams,QB,CHI,2024,10,NE,6.3,0
00-0039919,Rome Odunze,WR,CHI,2024,10,NE,2.3,3
00-0039920,Malachi Corley,WR,NYJ,2024,10,ARI,0.2,1
00-0039921,Trey Benson,RB,ARI,2024,10,NYJ,8.7,2
00-0023459,Aaron Rodgers,QB,NYJ,2024,11,IND,16.06,0
00-0026498,Matthew Stafford,QB,LA,2024,11,NE,27.8,0
00-0029263,Russell Wilson,QB,PIT,2024,11,BAL,6.3,0
00-0029604,Kirk Cousins,QB,ATL,2024,11,DEN,4.92,0
00-0030061,Zach Ertz,TE,WAS,2024,11,PHI,12.7,6
00-0030279,Keenan Allen,WR,CHI,2024,11,GB,4.1,4
00-0030431,Robert Woods,WR,HOU,2024,11,DAL,1.3,2
00-0030506,Travis Kelce,TE,KC,2024,11,BUF,0.8,2
00-0030564,DeAndre Hopkins,WR,KC,2024,11,BUF,2.9,3
00-0030565,Geno Smith,QB,SEA,2024,11,SF,15.74,0
00-0030578,Cordarrelle Patterson,RB,PIT,2024,11,BAL,0.0,1
00-0031235,Odell Beckham,WR,MIA,2024,11,LV,1.3,2
00-0031280,Derek Carr,QB,NO,2024,11,CLE,18.72,0
00-0031381,Davante Adams,WR,NYJ,2024,11,IND,7.2,6
00-0031428,Allen Robinson,WR,DET,2024,11,JAX,0.7,1
00-0031503,Jameis Winston,QB,CLE,2024,11,NO,26.6,0
00-0031544,Amari Cooper,WR,BUF,2024,11,KC,5.5,2
00-0031549,Nelson Agholor,WR,BAL,2024,11,PIT,0.0,0
00-0031687,Raheem Mostert,RB,MIA,2024,11,LV,-0.2,0
00-0032104,Ameer Abdullah,RB,LV,2024,11,MIA,7.7,3
00-0032211,Tyler Lockett,WR,SEA,2024,11,SF,1.9,2
00-0032392,Austin Hooper,TE,NE,2024,11,LA,3.5,4
00-0032394,Nick Vannett,TE,TEN,2024,11,MIN,0.6,1
00-0032464,Kalif Raymond,WR,DET,2024,11,JAX,3.0,2
00-0032764,Derrick Henry,RB,BAL,2024,11,PIT,10.5,0
00-0032775,Demarcus Robinson,WR,LA,2024,11,NE,1.9,2
00-0033009,Tyler Boyd,WR,TEN,2024,11,MIN,3.4,2
00-0033040,Tyreek Hill,WR,MIA,2024,11,LV,12.1,7
00-0033045,Ezekiel Elliott,RB,DAL,2024,11,HOU,2.4,3
00-0033090,Hunter Henry,TE,NE,2024,11,LA,6.3,6
00-0033106,Jared Goff,QB,DET,2024,11,JAX,34.58,0
00-0033217,Mo Alie-Cox,TE,IND,2024,11,NYJ,1.7,2
00-0033246,Johnny Mundt,TE,MIN,2024,11,TEN,1.3,1
00-0033280,Christian McCaffrey,RB,SF,2024,11,SEA,10.6,4
00-0033282,Curtis Samuel,WR,BUF,2024,11,KC,11.8,5
00-0033293,Aaron Jones,RB,MIN,2024,11,TEN,4.3,1
00-0033307,Kendrick Bourne,WR,NE,2024,11,LA,13.0,5
00-0033357,Taysom Hill,TE,NO,2024,11,CLE,33.52,8
00-0033375,Tim Patrick,WR,DET,2024,11,JAX,2.6,3
00-0033526,Samaje Perine,RB,KC,2024,11,BUF,0.8,2
00-0033555,Mack Hollins,WR,BUF,2024,11,KC,2.7,2
00-0033576,Eric Saubert,TE,SF,2024,11,SEA,0.7,1
00-0033591,Noah Brown,WR,WAS,2024,11,PHI,0.4,1
00-0033662,Cooper Rush,QB,DAL,2024,11,HOU,16.36,0
00-0033699,Austin Ekeler,RB,WAS,2024,11,PHI,9.6,8
00-0033854,Dare Ogunbowale,RB,HOU,2024,11,DAL,1.1,1
00-0033857,JuJu Smith-Schuster,WR,KC,2024,11,BUF,0.8,1
00-0033858,Jonnu Smith,TE,MIA,2024,11,LV,22.1,6
00-0033873,Patrick Mahomes,QB,KC,2024,11,BUF,15.84,0
00-0033881,Evan Engram,TE,JAX,2024,11,DET,2.8,5
00-0033885,David Njoku,TE,CLE,2024,11,NO,10.1,9
00-0033897,Joe Mixon,RB,HOU,2024,11,DAL,33.3,2
00-0033906,Alvin Kamara,RB,NO,2024,11,CLE,8.9,4
00-0033908,Cooper Kupp,WR,LA,2024,11,NE,22.6,6
00-0033923,Kareem Hunt,RB,KC,2024,11,BUF,6.0,0
00-0033955,Jeremy McNichols,RB,WAS,2024,11,PHI,0.6,1
00-0034073,Ross Dwelley,TE,ATL,2024,11,DEN,0.5,1
00-0034159,Will Dissly,TE,LAC,2024,11,CIN,14.0,4
00-0034184,Gus Edwards,RB,LAC,2024,11,CIN,2.7,0
00-0034270,Tyler Conklin,TE,NYJ,2024,11,IND,0.7,1
00-0034272,Marquez Valdes-Scantling,WR,NO,2024,11,CLE,14.7,2
00-0034348,Courtland Sutton,WR,DEN,2024,11,ATL,7.8,7
00-0034351,Dallas Goedert,TE,PHI,2024,11,WAS,6.1,5
00-0034364,Jordan Akins,TE,CLE,2024,11,NO,1.9,1
00-0034383,Dalton Schultz,TE,HOU,2024,11,DAL,3.3,5
00-0034386,Justin Watson,WR,KC,2024,11,BUF,2.6,2
00-0034407,Ray-Ray McCloud,WR,ATL,2024,11,DEN,4.6,6
00-0034487,Trent Sherfield,WR,MIN,2024,11,TEN,1.6,1
00-0034613,Tanner Hudson,TE,CIN,2024,11,LAC,1.3,2
00-0034646,Brandon Powell,WR,MIN,2024,11,TEN,1.3,1
00-0034753,Mark Andrews,TE,BAL,2024,11,PIT,2.2,2
00-0034791,Nick Chubb,RB,CLE,2024,11,NO,5.0,0
00-0034796,Lamar Jackson,QB,BAL,2024,11,PIT,14.88,0
00-0034798,Durham Smythe,TE,MIA,2024,11,LV,0.3,1
00-0034827,D.J. Moore,WR,CHI,2024,11,GB,6.7,7
00-0034829,Mike Gesicki,TE,CIN,2024,11,LAC,0.0,0
00-0034837,Calvin Ridley,WR,TEN,2024,11,MIN,5.8,4
00-0034844,Saquon Barkley,RB,PHI,2024,11,WAS,31.8,2
00-0034854,KhaDarel Hodge,WR,ATL,2024,11,DEN,2.2,2
00-0034857,Josh Allen,QB,BUF,2024,11,KC,23.98,0
00-0034860,Dante Pettis,WR,NO,2024,11,CLE,0.9,1
00-0034869,Sam Darnold,QB,MIN,2024,11,TEN,23.64,0
00-0034960,Jakobi Meyers,WR,LV,2024,11,MIA,4.8,4
00-0034972,Alexander Mattison,RB,LV,2024,11,MIA,6.9,3
00-0034975,Justice Hill,RB,BAL,2024,11,PIT,4.1,4
00-0034981,Foster Moreau,TE,NO,2024,11,CLE,5.0,3
00-0035140,Mecole Hardman,WR,KC,2024,11,BUF,2.1,2
00-0035208,Olamide Zaccheaus,WR,WAS,2024,11,PHI,1.0,1
00-0035216,Diontae Johnson,WR,BAL,2024,11,PIT,0.0,0
00-0035229,T.J. Hockenson,TE,MIN,2024,11,TEN,1.3,2
00-0035249,Josh Oliver,TE,MIN,2024,11,TEN,3.4,3
00-0035261,Tony Pollard,RB,TEN,2024,11,MIN,2.9,2
00-0035289,Gardner Minshew,QB,LV,2024,11,MIA,17.98,0
00-0035406,Lil'Jordan Humphrey,WR,DEN,2024,11,ATL,11.2,4
00-0035537,Ty Johnson,RB,BUF,2024,11,KC,1.8,0
00-0035567,Craig Reynolds,RB,DET,2024,11,JAX,2.1,0
00-0035628,D'Ernest Johnson,RB,JAX,2024,11,DET,0.3,0
00-0035631,Drew Sample,TE,CIN,2024,11,LAC,0.5,1
00-0035640,DK Metcalf,WR,SEA,2024,11,SF,7.0,7
00-0035659,Terry McLaurin,WR,WAS,2024,11,PHI,1.0,1
00-0035676,A.J. Brown,WR,PHI,2024,11,WAS,6.5,5
00-0035685,David Montgomery,RB,DET,2024,11,JAX,21.5,3
00-0035689,Dawson Knox,TE,BUF,2024,11,KC,4.0,4
00-0035700,Josh Jacobs,RB,GB,2024,11,CHI,19.4,4
00-0035719,Deebo Samuel,WR,SF,2024,11,SEA,2.1,4
00-0035806,Jamycal Hasty,RB,NE,2024,11,LA,0.2,0
00-0036040,Juwan Johnson,TE,NO,2024,11,CLE,9.0,3
00-0036139,Rico Dowdle,RB,DAL,2024,11,HOU,3.4,2
00-0036158,J.K. Dobbins,RB,LAC,2024,11,CIN,17.9,1
00-0036182,Nick Westbrook-Ikhine,WR,TEN,2024,11,MIN,17.7,2
00-0036196,Gabe Davis,WR,JAX,2024,11,DET,0.3,1
00-0036212,Tua Tagovailoa,QB,MIA,2024,11,LV,23.52,0
00-0036223,Jonathan Taylor,RB,IND,2024,11,NYJ,6.0,1
00-0036244,Colby Parkinson,TE,LA,2024,11,NE,7.9,1
00-0036252,Michael Pittman,WR,IND,2024,11,NYJ,4.6,5
00-0036259,Jauan Jennings,WR,SF,2024,11,SEA,15.1,10
00-0036264,Jordan Love,QB,GB,2024,11,CHI,20.24,0
00-0036275,D'Andre Swift,RB,CHI,2024,11,GB,14.4,2
00-0036290,Cole Kmet,TE,CHI,2024,11,GB,4.2,3
00-0036309,Darnell Mooney,WR,ATL,2024,11,DEN,2.7,2
00-0036322,Justin Jefferson,WR,MIN,2024,11,TEN,8.1,6
00-0036328,Antonio Gibson,RB,NE,2024,11,LA,2.0,1
00-0036331,Devin Duvernay,WR,JAX,2024,11,DET,0.0,0
00-0036355,Justin Herbert,QB,LAC,2024,11,CIN,24.38,0
00-0036358,CeeDee Lamb,WR,DAL,2024,11,HOU,10.6,8
00-0036387,Jalen Reagor,WR,LAC,2024,11,CIN,0.0,0
00-0036389,Jalen Hurts,QB,PHI,2024,11,WAS,18.74,0
00-0036407,Jerry Jeudy,WR,CLE,2024,11,NO,20.2,6
00-0036410,Tee Higgins,WR,CIN,2024,11,LAC,20.8,9
00-0036414,Cam Akers,RB,MIN,2024,11,TEN,9.6,2
00-0036415,Van Jefferson,WR,PIT,2024,11,BAL,0.0,0
00-0036422,Adam Trautman,TE,DEN,2024,11,ATL,0.0,0
00-0036442,Joe Burrow,QB,CIN,2024,11,LAC,29.04,0
00-0036510,Kenny Yeboah,TE,NYJ,2024,11,IND,7.1,1
00-0036527,D.J. Turner,WR,LV,2024,11,MIA,2.9,3
00-0036534,Shane Zylstra,TE,DET,2024,11,JAX,2.2,1
00-0036550,Rashod Bateman,WR,BAL,2024,11,PIT,3.0,2
00-0036554,Nico Collins,WR,HOU,2024,11,DAL,5.4,4
00-0036590,Quintin Morris,TE,BUF,2024,11,KC,0.0,0
00-0036613,Jaylen Waddle,WR,MIA,2024,11,LV,3.7,2
00-0036626,Dyami Brown,WR,WAS,2024,11,PHI,0.4,1
00-0036628,John Bates,TE,WAS,2024,11,PHI,1.7,2
00-0036630,Tylan Wallace,WR,BAL,2024,11,PIT,0.8,1
00-0036637,Noah Gray,TE,KC,2024,11,BUF,14.3,4
00-0036640,Zach Davidson,TE,BUF,2024,11,KC,0.5,1
00-0036754,Brock Wright,TE,DET,2024,11,JAX,6.5,1
00-0036849,Tutu Atwell,WR,LA,2024,11,NE,2.1,1
00-0036862,Ben Skowronek,WR,PIT,2024,11,BAL,0.4,1
00-0036875,Rhamondre Stevenson,RB,NE,2024,11,LA,8.9,4
00-0036876,Kylen Granson,TE,IND,2024,11,NYJ,0.4,1
00-0036887,Luke Farrell,TE,JAX,2024,11,DET,0.3,1
00-0036893,Najee Harris,RB,PIT,2024,11,BAL,9.3,4
00-0036894,Pat Freiermuth,TE,PIT,2024,11,BAL,1.4,2
00-0036900,Ja'Marr Chase,WR,CIN,2024,11,LAC,19.5,7
00-0036912,DeVonta Smith,WR,PHI,2024,11,WAS,2.9,4
00-0036913,Kadarius Toney,WR,CLE,2024,11,NO,-0.7,0
00-0036919,Kenneth Gainwell,RB,PHI,2024,11,WAS,4.9,1
00-0036945,Justin Fields,QB,PIT,2024,11,BAL,1.7,0
00-0036963,Amon-Ra St. Brown,WR,DET,2024,11,JAX,27.7,11
00-0036970,Kyle Pitts,TE,ATL,2024,11,DEN,0.9,1
00-0036972,Mac Jones,QB,JAX,2024,11,DET,4.22,0
00-0036973,Travis Etienne,RB,JAX,2024,11,DET,3.3,3
00-0036980,Elijah Moore,WR,CLE,2024,11,NO,12.6,6
00-0036984,Trey Sermon,RB,IND,2024,11,NYJ,0.3,1
00-0036988,Josh Palmer,WR,LAC,2024,11,CIN,2.3,2
00-0036997,Javonte Williams,RB,DEN,2024,11,ATL,14.7,4
00-0037228,Jaylen Warren,RB,PIT,2024,11,BAL,6.8,4
00-0037231,Kevin Austin,WR,NO,2024,11,CLE,1.8,1
00-0037238,Drake London,WR,ATL,2024,11,DEN,6.1,3
00-0037240,Jameson Williams,WR,DET,2024,11,JAX,18.6,4
00-0037247,George Pickens,WR,PIT,2024,11,BAL,8.9,8
00-0037248,James Cook,RB,BUF,2024,11,KC,14.7,5
00-0037258,Dameon Pierce,RB,HOU,2024,11,DAL,0.2,0
00-0037261,Khalil Shakir,WR,BUF,2024,11,KC,7.0,8
00-0037263,Tyler Allgeier,RB,ATL,2024,11,DEN,-0.1,1
00-0037267,Jerome Ford,RB,CLE,2024,11,NO,3.9,4
00-0037291,Jalen Nailor,WR,MIN,2024,11,TEN,0.0,0
00-0037292,Andrew Ogletree,TE,IND,2024,11,NYJ,0.8,1
00-0037525,Jordan Mason,RB,SF,2024,11,SEA,1.3,0
00-0037569,Peyton Hendershot,TE,KC,2024,11,BUF,1.1,1
00-0037614,John Metchie,WR,HOU,2024,11,DAL,3.3,3
00-0037617,Hassan Haskins,RB,LAC,2024,11,CIN,0.1,0
00-0037654,Tucker Fisk,TE,LAC,2024,11,CIN,0.6,1
00-0037664,Alec Pierce,WR,IND,2024,11,NYJ,7.4,3
00-0037666,Jalen Tolbert,WR,DAL,2024,11,HOU,2.1,2
00-0037740,Garrett Wilson,WR,NYJ,2024,11,IND,1.8,4
00-0037741,Jahan Dotson,WR,PHI,2024,11,WAS,0.8,1
00-0037746,Brian Robinson,RB,WAS,2024,11,PHI,13.2,1
00-0037801,Kavontae Turpin,WR,DAL,2024,11,HOU,14.6,3
00-0037805,Jeremy Ruckert,TE,NYJ,2024,11,IND,0.6,1
00-0037809,Chigoziem Okonkwo,TE,TEN,2024,11,MIN,1.9,2
00-0037816,Romeo Doubs,WR,GB,2024,11,CHI,1.7,1
00-0037834,Brock Purdy,QB,SF,2024,11,SEA,18.36,0
00-0037837,Calvin Austin,WR,PIT,2024,11,BAL,-0.1,1
00-0037838,Isaiah Likely,TE,BAL,2024,11,PIT,5.5,4
00-0037840,Kyren Williams,RB,LA,2024,11,NE,8.6,0
00-0038040,Zamir White,RB,LV,2024,11,MIA,0.9,0
00-0038041,Jake Ferguson,TE,DAL,2024,11,HOU,1.1,1
00-0038098,Pierre Strong,RB,CLE,2024,11,NO,0.5,0
00-0038120,Breece Hall,RB,NYJ,2024,11,IND,24.1,7
00-0038124,Christian Watson,WR,GB,2024,11,CHI,15.0,4
00-0038134,Kenneth Walker,RB,SEA,2024,11,SF,11.9,2
00-0038393,Dontayvion Wicks,WR,GB,2024,11,CHI,0.0,0
00-0038496,Xavier Gipson,WR,NYJ,2024,11,IND,1.7,1
00-0038542,Bijan Robinson,RB,ATL,2024,11,DEN,6.3,4
00-0038543,Jaxon Smith-Njigba,WR,SEA,2024,11,SF,11.8,10
00-0038544,Quentin Johnston,WR,LAC,2024,11,CIN,10.8,2
00-0038547,Luke Schoonmaker,TE,DAL,2024,11,HOU,5.6,6
00-0038550,Hendon Hooker,QB,DET,2024,11,JAX,1.78,0
00-0038558,Darnell Washington,TE,PIT,2024,11,BAL,4.2,2
00-0038563,Tre Tucker,WR,LV,2024,11,MIA,3.5,3
00-0038573,Derius Davis,WR,LAC,2024,11,CIN,2.0,1
00-0038583,Dorian Thompson-Robinson,QB,CLE,2024,11,NO,0.0,0
00-0038589,Josh Whyle,TE,TEN,2024,11,MIN,0.6,1
00-0038597,Chase Brown,RB,CIN,2024,11,LAC,14.3,5
00-0038606,Parker Washington,WR,JAX,2024,11,DET,1.0,1
00-0038608,Kayshon Boutte,WR,NE,2024,11,LA,3.3,4
00-0038619,Andrei Iosivas,WR,CIN,2024,11,LAC,4.6,3
00-0038621,Demario Douglas,WR,NE,2024,11,LA,5.9,4
00-0038622,Deuce Vaughn,RB,DAL,2024,11,HOU,1.7,1
00-0038678,Jordan Mims,RB,NO,2024,11,CLE,0.3,0
00-0038685,Christopher Brooks,RB,GB,2024,11,CHI,1.3,2
00-0038720,Julian Hill,TE,MIA,2024,11,LV,2.8,2
00-0038783,Nate Adkins,TE,DEN,2024,11,ATL,7.2,1
00-0038794,Jaleel McLaughlin,RB,DEN,2024,11,ATL,1.9,0
00-0038797,Emanuel Wilson,RB,GB,2024,11,CHI,1.7,0
00-0038935,Brenton Strange,TE,JAX,2024,11,DET,0.6,1
00-0038976,Marvin Mims,WR,DEN,2024,11,ATL,11.3,2
00-0038977,Tank Dell,WR,HOU,2024,11,DAL,5.8,4
00-0038979,Cedric Tillman,WR,CLE,2024,11,NO,4.7,3
00-0038994,Jordan Addison,WR,MIN,2024,11,TEN,12.1,3
00-0038996,Tucker Kraft,TE,GB,2024,11,CHI,0.0,0
00-0038997,Josh Downs,WR,IND,2024,11,NYJ,14.4,5
00-0038998,Jake Haener,QB,NO,2024,11,CLE,-0.2,0
00-0039021,Roschon Johnson,RB,CHI,2024,11,GB,10.1,1
00-0039032,Tyjae Spears,RB,TEN,2024,11,MIN,0.8,2
00-0039040,Devon Achane,RB,MIA,2024,11,LV,16.5,4
00-0039062,Jonathan Mingo,WR,DAL,2024,11,HOU,0.0,0
00-0039064,Zay Flowers,WR,BAL,2024,11,PIT,9.9,2
00-0039066,Michael Mayer,TE,LV,2024,11,MIA,0.5,1
00-0039075,Puka Nacua,WR,LA,2024,11,NE,18.3,7
00-0039139,Jahmyr Gibbs,RB,DET,2024,11,JAX,18.3,1
00-0039146,Jayden Reed,WR,GB,2024,11,CHI,7.8,2
00-0039152,Will Levis,QB,TEN,2024,11,MIN,15.6,0
00-0039163,C.J. Stroud,QB,HOU,2024,11,DAL,10.88,0
00-0039164,Anthony Richardson,QB,IND,2024,11,NYJ,28.08,0
00-0039165,Zach Charbonnet,RB,SEA,2024,11,SF,0.5,2
00-0039325,Carson Steele,RB,KC,2024,11,BUF,0.7,1
00-0039338,Brock Bowers,TE,LV,2024,11,MIA,18.3,13
00-0039355,Luke McCaffrey,WR,WAS,2024,11,PHI,0.0,0
00-0039359,Cade Stover,TE,HOU,2024,11,DAL,1.5,2
00-0039364,Sione Vaki,RB,DET,2024,11,JAX,0.9,0
00-0039373,Audric Estime,RB,DEN,2024,11,ATL,2.5,3
00-0039379,Jamari Thrash,WR,CLE,2024,11,NO,1.1,1
00-0039393,Jase McClellan,RB,ATL,2024,11,DEN,1.5,0
00-0039394,Casey Washington,WR,ATL,2024,11,DEN,0.0,0
00-0039410,Ryan Flournoy,WR,DAL,2024,11,HOU,1.9,2
00-0039420,Jaheim Bell,TE,NE,2024,11,LA,0.0,0
00-0039424,Devaughn Vele,WR,DEN,2024,11,ATL,6.6,4
00-0039530,Brevyn Spann-Ford,TE,DAL,2024,11,HOU,4.2,4
00-0039543,Ramel Keyton,WR,LV,2024,11,MIA,0.0,0
00-0039650,Bryce Oliver,WR,TEN,2024,11,MIN,3.3,1
00-0039732,Bo Nix,QB,DEN,2024,11,ATL,28.78,0
00-0039738,Blake Corum,RB,LA,2024,11,NE,2.8,1
00-0039793,A.J. Barner,TE,SEA,2024,11,SF,1.5,2
00-0039794,Braelon Allen,RB,NYJ,2024,11,IND,0.6,0
00-0039810,Jermaine Burton,WR,CIN,2024,11,LAC,0.8,1
00-0039851,Drake Maye,QB,NE,2024,11,LA,17.98,0
00-0039868,Troy Franklin,WR,DEN,2024,11,ATL,7.5,2
00-0039874,Jaylen Wright,RB,MIA,2024,11,LV,0.6,1
00-0039875,Ray Davis,RB,BUF,2024,11,KC,1.1,0
00-0039880,Malik Washington,WR,MIA,2024,11,LV,1.8,3
00-0039890,Adonai Mitchell,WR,IND,2024,11,NYJ,3.5,1
00-0039893,Brian Thomas,WR,JAX,2024,11,DET,8.6,5
00-0039894,Xavier Worthy,WR,KC,2024,11,BUF,12.8,4
00-0039910,Jayden Daniels,QB,WAS,2024,11,PHI,13.44,0
00-0039915,Ladd McConkey,WR,LAC,2024,11,CIN,12.3,6
00-0039916,Ricky Pearsall,WR,SF,2024,11,SEA,0.0,0
00-0039917,Michael Penix,QB,ATL,2024,11,DEN,0.96,0
00-0039918,Caleb Williams,QB,CHI,2024,11,GB,16.24,0
00-0039919,Rome Odunze,WR,CHI,2024,11,GB,6.5,6
00-0039920,Malachi Corley,WR,NYJ,2024,11,IND,1.0,1
00-0026498,Matthew Stafford,QB,LA,2024,12,PHI,19.22,0
00-0029263,Russell Wilson,QB,PIT,2024,12,CLE,13.8,0
00-0030035,Adam Thielen,WR,CAR,2024,12,KC,5.7,3
00-0030061,Zach Ertz,TE,WAS,2024,12,DAL,9.8,6
00-0030279,Keenan Allen,WR,CHI,2024,12,MIN,14.6,9
00-0030431,Robert Woods,WR,HOU,2024,12,TEN,0.8,1
00-0030506,Travis Kelce,TE,KC,2024,12,CAR,6.2,6
00-0030564,DeAndre Hopkins,WR,KC,2024,12,CAR,9.5,5
00-0030565,Geno Smith,QB,SEA,2024,12,ARI,12.36,0
00-0030578,Cordarrelle Patterson,RB,PIT,2024,12,CLE,-0.2,0
00-0031235,Odell Beckham,WR,MIA,2024,12,NE,0.0,0
00-0031408,Mike Evans,WR,TB,2024,12,NYG,6.8,5
00-0031503,Jameis Winston,QB,CLE,2024,12,PIT,13.46,0
00-0031687,Raheem Mostert,RB,MIA,2024,12,NE,0.2,1
00-0032104,Ameer Abdullah,RB,LV,2024,12,DEN,12.5,5
00-0032128,Chris Conley,WR,SF,2024,12,GB,0.0,0
00-0032211,Tyler Lockett,WR,SEA,2024,12,ARI,2.0,2
00-0032385,Sterling Shepard,WR,TB,2024,12,NYG,1.6,5
00-0032392,Austin Hooper,TE,NE,2024,12,MIA,11.9,4
00-0032394,Nick Vannett,TE,TEN,2024,12,HOU,0.0,0
00-0032434,Brandon Allen,QB,SF,2024,12,GB,8.46,0
00-0032464,Kalif Raymond,WR,DET,2024,12,IND,0.0,0
00-0032764,Derrick Henry,RB,BAL,2024,12,LAC,14.0,0
00-0032775,Demarcus Robinson,WR,LA,2024,12,PHI,7.5,2
00-0033009,Tyler Boyd,WR,TEN,2024,12,HOU,5.5,6
00-0033040,Tyreek Hill,WR,MIA,2024,12,NE,4.8,5
00-0033045,Ezekiel Elliott,RB,DAL,2024,12,WAS,0.6,0
00-0033090,Hunter Henry,TE,NE,2024,12,MIA,4.4,5
00-0033106,Jared Goff,QB,DET,2024,12,IND,10.76,0
00-0033246,Johnny Mundt,TE,MIN,2024,12,CHI,0.7,1
00-0033280,Christian McCaffrey,RB,SF,2024,12,GB,4.8,3
00-0033288,George Kittle,TE,SF,2024,12,GB,14.2,6
00-0033293,Aaron Jones,RB,MIN,2024,12,CHI,16.9,3
00-0033307,Kendrick Bourne,WR,NE,2024,12,MIA,3.0,3
00-0033319,Nick Mullens,QB,MIN,2024,12,CHI,0.56,0
00-0033375,Tim Patrick,WR,DET,2024,12,IND,5.5,4
00-0033439,Pharaoh Brown,TE,SEA,2024,12,ARI,1.9,2
00-0033526,Samaje Perine,RB,KC,2024,12,CAR,2.4,2
00-0033553,James Conner,RB,ARI,2024,12,SEA,4.9,5
00-0033576,Eric Saubert,TE,SF,2024,12,GB,0.0,0
00-0033589,David Moore,WR,CAR,2024,12,KC,14.1,6
00-0033591,Noah Brown,WR,WAS,2024,12,DAL,7.1,6
00-0033662,Cooper Rush,QB,DAL,2024,12,WAS,17.98,0
00-0033699,Austin Ekeler,RB,WAS,2024,12,DAL,2.4,2
00-0033857,JuJu Smith-Schuster,WR,KC,2024,12,CAR,0.6,1
00-0033858,Jonnu Smith,TE,MIA,2024,12,NE,14.7,9
00-0033873,Patrick Mahomes,QB,KC,2024,12,CAR,28.76,0
00-0033885,David Njoku,TE,CLE,2024,12,PIT,2.9,1
00-0033897,Joe Mixon,RB,HOU,2024,12,TEN,4.5,5
00-0033908,Cooper Kupp,WR,LA,2024,12,PHI,12.0,8
00-0033923,Kareem Hunt,RB,KC,2024,12,CAR,8.7,3
00-0033955,Jeremy McNichols,RB,WAS,2024,12,DAL,2.2,0
00-0034159,Will Dissly,TE,LAC,2024,12,BAL,4.7,4
00-0034184,Gus Edwards,RB,LAC,2024,12,BAL,7.1,0
00-0034348,Courtland Sutton,WR,DEN,2024,12,LV,21.7,8
00-0034351,Dallas Goedert,TE,PHI,2024,12,LA,1.9,4
00-0034364,Jordan Akins,TE,CLE,2024,12,PIT,3.8,3
00-0034383,Dalton Schultz,TE,HOU,2024,12,TEN,2.0,2
00-0034386,Justin Watson,WR,KC,2024,12,CAR,1.5,1
00-0034753,Mark Andrews,TE,BAL,2024,12,LAC,10.6,5
00-0034791,Nick Chubb,RB,CLE,2024,12,PIT,18.0,1
00-0034796,Lamar Jackson,QB,BAL,2024,12,LAC,22.58,0
00-0034798,Durham Smythe,TE,MIA,2024,12,NE,0.8,1
00-0034827,D.J. Moore,WR,CHI,2024,12,MIN,19.9,7
00-0034837,Calvin Ridley,WR,TEN,2024,12,HOU,9.3,5
00-0034844,Saquon Barkley,RB,PHI,2024,12,LA,42.2,4
00-0034855,Baker Mayfield,QB,TB,2024,12,NYG,18.66,0
00-0034869,Sam Darnold,QB,MIN,2024,12,CHI,21.1,0
00-0034960,Jakobi Meyers,WR,LV,2024,12,DEN,12.1,10
00-0034975,Justice Hill,RB,BAL,2024,12,LAC,12.2,2
00-0035021,Ashton Dulin,WR,IND,2024,12,DET,0.0,0
00-0035140,Mecole Hardman,WR,KC,2024,12,CAR,1.5,0
00-0035208,Olamide Zaccheaus,WR,WAS,2024,12,DAL,0.8,1
00-0035216,Diontae Johnson,WR,BAL,2024,12,LAC,0.0,0
00-0035228,Kyler Murray,QB,ARI,2024,12,SEA,10.3,0
00-0035229,T.J. Hockenson,TE,MIN,2024,12,CHI,11.4,7
00-0035250,Devin Singletary,RB,NYG,2024,12,TB,7.0,2
00-0035261,Tony Pollard,RB,TEN,2024,12,HOU,18.9,3
00-0035289,Gardner Minshew,QB,LV,2024,12,DEN,11.7,0
00-0035406,Lil'Jordan Humphrey,WR,DEN,2024,12,LV,0.4,2
00-0035500,Greg Dortch,WR,ARI,2024,12,SEA,0.5,1
00-0035535,Darius Slayton,WR,NYG,2024,12,TB,0.0,0
00-0035567,Craig Reynolds,RB,DET,2024,12,IND,0.6,0
00-0035640,DK Metcalf,WR,SEA,2024,12,ARI,5.9,4
00-0035659,Terry McLaurin,WR,WAS,2024,12,DAL,16.2,5
00-0035676,A.J. Brown,WR,PHI,2024,12,LA,16.9,6
00-0035685,David Montgomery,RB,DET,2024,12,IND,13.3,3
00-0035700,Josh Jacobs,RB,GB,2024,12,SF,28.6,0
00-0035704,Drew Lock,QB,NYG,2024,12,TB,0.12,0
00-0035719,Deebo Samuel,WR,SF,2024,12,GB,2.1,1
00-0035806,Jamycal Hasty,RB,NE,2024,12,MIA,1.5,2
00-0036139,Rico Dowdle,RB,DAL,2024,12,WAS,7.8,3
00-0036158,J.K. Dobbins,RB,LAC,2024,12,BAL,5.9,3
00-0036182,Nick Westbrook-Ikhine,WR,TEN,2024,12,HOU,10.8,2
00-0036212,Tua Tagovailoa,QB,MIA,2024,12,NE,28.48,0
00-0036223,Jonathan Taylor,RB,IND,2024,12,DET,3.5,0
00-0036244,Colby Parkinson,TE,LA,2024,12,PHI,1.0,1
00-0036252,Michael Pittman,WR,IND,2024,12,DET,9.6,6
00-0036259,Jauan Jennings,WR,SF,2024,12,GB,4.0,5
00-0036264,Jordan Love,QB,GB,2024,12,SF,14.72,0
00-0036275,D'Andre Swift,RB,CHI,2024,12,MIN,6.5,3
00-0036290,Cole Kmet,TE,CHI,2024,12,MIN,6.4,7
00-0036322,Justin Jefferson,WR,MIN,2024,12,CHI,2.7,2
00-0036328,Antonio Gibson,RB,NE,2024,12,MIA,4.5,1
00-0036355,Justin Herbert,QB,LAC,2024,12,BAL,17.62,0
00-0036358,CeeDee Lamb,WR,DAL,2024,12,WAS,6.8,10
00-0036387,Jalen Reagor,WR,LAC,2024,12,BAL,2.0,2
00-0036389,Jalen Hurts,QB,PHI,2024,12,LA,15.06,0
00-0036407,Jerry Jeudy,WR,CLE,2024,12,PIT,8.5,6
00-0036414,Cam Akers,RB,MIN,2024,12,CHI,2.5,1
00-0036415,Van Jefferson,WR,PIT,2024,12,CLE,3.9,2
00-0036422,Adam Trautman,TE,DEN,2024,12,LV,0.3,1
00-0036427,Tyler Johnson,WR,LA,2024,12,PHI,1.1,1
00-0036527,D.J. Turner,WR,LV,2024,12,DEN,0.5,2
00-0036550,Rashod Bateman,WR,BAL,2024,12,LAC,10.3,2
00-0036554,Nico Collins,WR,HOU,2024,12,TEN,15.2,5
00-0036555,Chuba Hubbard,RB,CAR,2024,12,KC,14.0,1
00-0036613,Jaylen Waddle,WR,MIA,2024,12,NE,20.4,8
00-0036626,Dyami Brown,WR,WAS,2024,12,DAL,3.6,2
00-0036628,John Bates,TE,WAS,2024,12,DAL,-0.7,1
00-0036630,Tylan Wallace,WR,BAL,2024,12,LAC,1.5,1
00-0036637,Noah Gray,TE,KC,2024,12,CAR,18.6,4
00-0036754,Brock Wright,TE,DET,2024,12,IND,2.4,2
00-0036849,Tutu Atwell,WR,LA,2024,12,PHI,3.0,3
00-0036875,Rhamondre Stevenson,RB,NE,2024,12,MIA,3.3,0
00-0036876,Kylen Granson,TE,IND,2024,12,DET,0.0,0
00-0036893,Najee Harris,RB,PIT,2024,12,CLE,5.4,2
00-0036894,Pat Freiermuth,TE,PIT,2024,12,CLE,5.9,4
00-0036919,Kenneth Gainwell,RB,PHI,2024,12,LA,8.2,0
00-0036945,Justin Fields,QB,PIT,2024,12,CLE,2.6,0
00-0036963,Amon-Ra St. Brown,WR,DET,2024,12,IND,6.2,6
00-0036980,Elijah Moore,WR,CLE,2024,12,PIT,2.1,3
00-0036988,Josh Palmer,WR,LAC,2024,12,BAL,3.8,3
00-0036997,Javonte Williams,RB,DEN,2024,12,LV,0.4,2
00-0037005,Tommy Tremble,TE,CAR,2024,12,KC,0.5,1
00-0037012,Trey Lance,QB,DAL,2024,12,WAS,-0.3,0
00-0037086,Grant Calcaterra,TE,PHI,2024,12,LA,0.0,0
00-0037091,Bo Melton,WR,GB,2024,12,SF,0.5,0
00-0037228,Jaylen Warren,RB,PIT,2024,12,CLE,12.4,3
00-0037240,Jameson Williams,WR,DET,2024,12,IND,6.8,5
00-0037247,George Pickens,WR,PIT,2024,12,CLE,4.8,4
00-0037256,Rachaad White,RB,TB,2024,12,NYG,10.7,1
00-0037267,Jerome Ford,RB,CLE,2024,12,PIT,2.7,1
00-0037291,Jalen Nailor,WR,MIN,2024,12,CHI,6.5,1
00-0037292,Andrew Ogletree,TE,IND,2024,12,DET,0.0,0
00-0037306,John FitzPatrick,TE,GB,2024,12,SF,0.2,1
00-0037487,Deven Thompkins,WR,CAR,2024,12,KC,1.3,3
00-0037509,Sincere McCormick,RB,LV,2024,12,DEN,3.3,0
00-0037525,Jordan Mason,RB,SF,2024,12,GB,1.3,1
00-0037594,Julius Chestnut,RB,TEN,2024,12,HOU,0.5,1
00-0037614,John Metchie,WR,HOU,2024,12,TEN,0.6,1
00-0037617,Hassan Haskins,RB,LAC,2024,12,BAL,0.3,0
00-0037654,Tucker Fisk,TE,LAC,2024,12,BAL,0.7,1
00-0037664,Alec Pierce,WR,IND,2024,12,DET,3.9,1
00-0037666,Jalen Tolbert,WR,DAL,2024,12,WAS,8.2,2
00-0037741,Jahan Dotson,WR,PHI,2024,12,LA,0.4,1
00-0037744,Trey McBride,TE,ARI,2024,12,SEA,13.3,12
00-0037746,Brian Robinson,RB,WAS,2024,12,DAL,2.4,1
00-0037801,Kavontae Turpin,WR,DAL,2024,12,WAS,6.8,1
00-0037809,Chigoziem Okonkwo,TE,TEN,2024,12,HOU,13.0,1
00-0037816,Romeo Doubs,WR,GB,2024,12,SF,5.4,3
00-0037837,Calvin Austin,WR,PIT,2024,12,CLE,13.8,3
00-0037840,Kyren Williams,RB,LA,2024,12,PHI,11.2,0
00-0038046,Charlie Kolar,TE,BAL,2024,12,LAC,0.6,1
00-0038102,Kenny Pickett,QB,PHI,2024,12,LA,-0.2,0
00-0038117,Wan'Dale Robinson,WR,NYG,2024,12,TB,4.7,5
00-0038122,Desmond Ridder,QB,LV,2024,12,DEN,0.86,0
00-0038124,Christian Watson,WR,GB,2024,12,SF,0.4,0
00-0038129,Cade Otton,TE,TB,2024,12,NYG,3.0,1
00-0038134,Kenneth Walker,RB,SEA,2024,12,ARI,9.3,4
00-0038393,Dontayvion Wicks,WR,GB,2024,12,SF,2.5,1
00-0038396,Eric Gray,RB,NYG,2024,12,TB,0.6,2
00-0038465,Malik Heath,WR,GB,2024,12,SF,7.5,2
00-0038476,Tommy DeVito,QB,NYG,2024,12,TB,10.76,0
00-0038543,Jaxon Smith-Njigba,WR,SEA,2024,12,ARI,13.7,6
00-0038544,Quentin Johnston,WR,LAC,2024,12,BAL,0.0,0
00-0038547,Luke Schoonmaker,TE,DAL,2024,12,WAS,11.5,3
00-0038558,Darnell Washington,TE,PIT,2024,12,CLE,1.4,3
00-0038559,Michael Wilson,WR,ARI,2024,12,SEA,5.4,2
00-0038563,Tre Tucker,WR,LV,2024,12,DEN,8.2,7
00-0038573,Derius Davis,WR,LAC,2024,12,BAL,0.4,2
00-0038608,Kayshon Boutte,WR,NE,2024,12,MIA,0.6,1
00-0038618,Xavier Hutchinson,WR,HOU,2024,12,TEN,0.0,0
00-0038621,Demario Douglas,WR,NE,2024,12,MIA,6.3,5
00-0038640,Jalen Brooks,WR,DAL,2024,12,WAS,4.1,1
00-0038685,Christopher Brooks,RB,GB,2024,12,SF,2.6,1
00-0038705,Emari Demercado,RB,ARI,2024,12,SEA,1.4,0
00-0038710,Blake Whiteheart,TE,CLE,2024,12,PIT,2.9,1
00-0038720,Julian Hill,TE,MIA,2024,12,NE,0.8,1
00-0038752,Jake Bobo,WR,SEA,2024,12,ARI,0.8,1
00-0038794,Jaleel McLaughlin,RB,DEN,2024,12,LV,4.4,0
00-0038797,Emanuel Wilson,RB,GB,2024,12,SF,4.1,0
00-0038821,Rakim Jarrett,WR,TB,2024,12,NYG,3.0,1
00-0038824,Ryan Miller,WR,TB,2024,12,NYG,1.4,1
00-0038951,Sean Tucker,RB,TB,2024,12,NYG,7.0,1
00-0038976,Marvin Mims,WR,DEN,2024,12,LV,4.2,3
00-0038977,Tank Dell,WR,HOU,2024,12,TEN,7.2,3
00-0038979,Cedric Tillman,WR,CLE,2024,12,PIT,0.8,2
00-0038994,Jordan Addison,WR,MIN,2024,12,CHI,22.2,8
00-0038996,Tucker Kraft,TE,GB,2024,12,SF,8.6,2
00-0038997,Josh Downs,WR,IND,2024,12,DET,2.7,3
00-0039021,Roschon Johnson,RB,CHI,2024,12,MIN,7.2,1
00-0039040,Devon Achane,RB,MIA,2024,12,NE,17.6,3
00-0039041,Elijah Higgins,TE,ARI,2024,12,SEA,0.5,1
00-0039050,Payne Durham,TE,TB,2024,12,NYG,2.6,1
00-0039052,Trey Palmer,WR,TB,2024,12,NYG,1.8,1
00-0039062,Jonathan Mingo,WR,DAL,2024,12,WAS,0.8,1
00-0039064,Zay Flowers,WR,BAL,2024,12,LAC,6.2,5
00-0039065,Sam LaPorta,TE,DET,2024,12,IND,1.9,3
00-0039066,Michael Mayer,TE,LV,2024,12,DEN,1.1,2
00-0039074,Davis Allen,TE,LA,2024,12,PHI,0.0,0
00-0039075,Puka Nacua,WR,LA,2024,12,PHI,11.7,9
00-0039139,Jahmyr Gibbs,RB,DET,2024,12,IND,21.9,3
00-0039146,Jayden Reed,WR,GB,2024,12,SF,2.6,3
00-0039150,Bryce Young,QB,CAR,2024,12,KC,16.52,0
00-0039152,Will Levis,QB,TEN,2024,12,HOU,16.12,0
00-0039163,C.J. Stroud,QB,HOU,2024,12,TEN,15.68,0
00-0039164,Anthony Richardson,QB,IND,2024,12,DET,12.98,0
00-0039165,Zach Charbonnet,RB,SEA,2024,12,ARI,2.2,0
00-0039236,Johnny Wilson,WR,PHI,2024,12,LA,0.0,0
00-0039325,Carson Steele,RB,KC,2024,12,CAR,1.3,1
00-0039337,Malik Nabers,WR,NYG,2024,12,TB,6.4,6
00-0039338,Brock Bowers,TE,LV,2024,12,DEN,3.8,4
00-0039342,Xavier Legette,WR,CAR,2024,12,KC,5.6,4
00-0039344,Jonathon Brooks,RB,CAR,2024,12,KC,0.7,0
00-0039355,Luke McCaffrey,WR,WAS,2024,12,DAL,0.8,1
00-0039356,Ja'Tavion Sanders,TE,CAR,2024,12,KC,4.9,3
00-0039359,Cade Stover,TE,HOU,2024,12,TEN,8.6,3
00-0039361,Bucky Irving,RB,TB,2024,12,NYG,21.2,6
00-0039373,Audric Estime,RB,DEN,2024,12,LV,1.5,0
00-0039384,Tyrone Tracy,RB,NYG,2024,12,TB,5.0,4
00-0039424,Devaughn Vele,WR,DEN,2024,12,LV,8.0,6
00-0039530,Brevyn Spann-Ford,TE,DAL,2024,12,WAS,2.4,2
00-0039732,Bo Nix,QB,DEN,2024,12,LV,19.42,0
00-0039738,Blake Corum,RB,LA,2024,12,PHI,0.5,0
00-0039793,A.J. Barner,TE,SEA,2024,12,ARI,1.9,3
00-0039847,Theo Johnson,TE,NYG,2024,12,TB,3.9,3
00-0039849,Marvin Harrison,WR,ARI,2024,12,SEA,4.7,3
00-0039851,Drake Maye,QB,NE,2024,12,MIA,13.48,0
00-0039853,Javon Baker,WR,NE,2024,12,MIA,0.0,0
00-0039855,Jalen McMillan,WR,TB,2024,12,NYG,1.1,1
00-0039868,Troy Franklin,WR,DEN,2024,12,LV,3.1,2
00-0039874,Jaylen Wright,RB,MIA,2024,12,NE,0.8,0
00-0039880,Malik Washington,WR,MIA,2024,12,NE,0.3,1
00-0039890,Adonai Mitchell,WR,IND,2024,12,DET,1.0,1
00-0039894,Xavier Worthy,WR,KC,2024,12,CAR,5.1,4
00-0039907,Ja'Lynn Polk,WR,NE,2024,12,MIA,0.7,1
00-0039910,Jayden Daniels,QB,WAS,2024,12,DAL,30.4,0
00-0039915,Ladd McConkey,WR,LAC,2024,12,BAL,8.3,6
00-0039918,Caleb Williams,QB,CHI,2024,12,MIN,26.9,0
00-0039919,Rome Odunze,WR,CHI,2024,12,MIN,3.9,5
00-0039921,Trey Benson,RB,ARI,2024,12,SEA,1.8,0
00-0023459,Aaron Rodgers,QB,NYJ,2024,13,SEA,14.0,0
00-0026498,Matthew Stafford,QB,LA,2024,13,NO,15.62,0
00-0029263,Russell Wilson,QB,PIT,2024,13,CIN,26.86,0
00-0029604,Kirk Cousins,QB,ATL,2024,13,LAC,2.1,0
00-0030035,Adam Thielen,WR,CAR,2024,13,TB,15.9,8
00-0030061,Zach Ertz,TE,WAS,2024,13,TEN,9.5,3
00-0030279,Keenan Allen,WR,CHI,2024,13,DET,19.3,5
00-0030431,Robert Woods,WR,HOU,2024,13,JAX,0.0,0
00-0030506,Travis Kelce,TE,KC,2024,13,LV,6.8,7
00-0030564,DeAndre Hopkins,WR,KC,2024,13,LV,9.0,4
00-0030565,Geno Smith,QB,SEA,2024,13,NYJ,12.44,0
00-0030578,Cordarrelle Patterson,RB,PIT,2024,13,CIN,5.3,3
00-0031235,Odell Beckham,WR,MIA,2024,13,GB,0.9,1
00-0031236,Brandin Cooks,WR,DAL,2024,13,NYG,7.6,3
00-0031280,Derek Carr,QB,NO,2024,13,LA,14.56,0
00-0031381,Davante Adams,WR,NYJ,2024,13,SEA,12.6,5
00-0031408,Mike Evans,WR,TB,2024,13,CAR,17.8,8
00-0031503,Jameis Winston,QB,CLE,2024,13,DEN,32.98,0
00-0031544,Amari Cooper,WR,BUF,2024,13,SF,1.2,3
00-0031549,Nelson Agholor,WR,BAL,2024,13,PHI,0.0,0
00-0031585,MyCole Pruitt,TE,PIT,2024,13,CIN,2.1,2
00-0031687,Raheem Mostert,RB,MIA,2024,13,GB,3.4,2
00-0032104,Ameer Abdullah,RB,LV,2024,13,KC,5.3,2
00-0032211,Tyler Lockett,WR,SEA,2024,13,NYJ,1.6,3
00-0032385,Sterling Shepard,WR,TB,2024,13,CAR,4.2,4
00-0032392,Austin Hooper,TE,NE,2024,13,IND,10.2,4
00-0032394,Nick Vannett,TE,TEN,2024,13,WAS,0.6,1
00-0032764,Derrick Henry,RB,BAL,2024,13,PHI,11.1,3
00-0032775,Demarcus Robinson,WR,LA,2024,13,NO,10.9,2
00-0033009,Tyler Boyd,WR,TEN,2024,13,WAS,3.7,3
00-0033040,Tyreek Hill,WR,MIA,2024,13,GB,14.3,6
00-0033045,Ezekiel Elliott,RB,DAL,2024,13,NYG,0.4,0
00-0033090,Hunter Henry,TE,NE,2024,13,IND,7.5,7
00-0033106,Jared Goff,QB,DET,2024,13,CHI,16.94,0
00-0033217,Mo Alie-Cox,TE,IND,2024,13,NE,1.5,2
00-0033246,Johnny Mundt,TE,MIN,2024,13,ARI,8.2,2
00-0033280,Christian McCaffrey,RB,SF,2024,13,BUF,6.7,2
00-0033282,Curtis Samuel,WR,BUF,2024,13,SF,0.7,0
00-0033288,George Kittle,TE,SF,2024,13,BUF,0.7,1
00-0033293,Aaron Jones,RB,MIN,2024,13,ARI,6.8,3
00-0033307,Kendrick Bourne,WR,NE,2024,13,IND,4.5,3
00-0033357,Taysom Hill,TE,NO,2024,13,LA,4.7,5
00-0033375,Tim Patrick,WR,DET,2024,13,CHI,4.8,2
00-0033439,Pharaoh Brown,TE,SEA,2024,13,NYJ,0.0,0
00-0033526,Samaje Perine,RB,KC,2024,13,LV,1.5,1
00-0033553,James Conner,RB,ARI,2024,13,MIN,8.1,3
00-0033555,Mack Hollins,WR,BUF,2024,13,SF,6.7,1
00-0033589,David Moore,WR,CAR,2024,13,TB,4.0,5
00-0033591,Noah Brown,WR,WAS,2024,13,TEN,2.7,3
00-0033662,Cooper Rush,QB,DAL,2024,13,NYG,11.8,0
00-0033857,JuJu Smith-Schuster,WR,KC,2024,13,LV,1.0,1
00-0033858,Jonnu Smith,TE,MIA,2024,13,GB,11.3,10
00-0033869,Mitchell Trubisky,QB,BUF,2024,13,SF,-0.14,0
00-0033873,Patrick Mahomes,QB,KC,2024,13,LV,16.64,0
00-0033881,Evan Engram,TE,JAX,2024,13,HOU,4.1,7
00-0033885,David Njoku,TE,CLE,2024,13,DEN,17.2,9
00-0033897,Joe Mixon,RB,HOU,2024,13,JAX,17.9,4
00-0033906,Alvin Kamara,RB,NO,2024,13,LA,11.9,4
00-0033908,Cooper Kupp,WR,LA,2024,13,NO,1.7,3
00-0033923,Kareem Hunt,RB,KC,2024,13,LV,1.5,2
00-0033948,Jamaal Williams,RB,NO,2024,13,LA,0.7,1
00-0033955,Jeremy McNichols,RB,WAS,2024,13,TEN,3.2,0
00-0034159,Will Dissly,TE,LAC,2024,13,ATL,0.0,0
00-0034184,Gus Edwards,RB,LAC,2024,13,ATL,3.3,1
00-0034270,Tyler Conklin,TE,NYJ,2024,13,SEA,3.2,4
00-0034272,Marquez Valdes-Scantling,WR,NO,2024,13,LA,9.6,2
00-0034348,Courtland Sutton,WR,DEN,2024,13,CLE,10.2,6
00-0034351,Dallas Goedert,TE,PHI,2024,13,BAL,9.5,3
00-0034364,Jordan Akins,TE,CLE,2024,13,DEN,0.0,0
00-0034383,Dalton Schultz,TE,HOU,2024,13,JAX,12.1,5
00-0034386,Justin Watson,WR,KC,2024,13,LV,6.6,1
00-0034407,Ray-Ray McCloud,WR,ATL,2024,13,LAC,9.3,4
00-0034418,Cedrick Wilson,WR,NO,2024,13,LA,1.9,1
00-0034613,Tanner Hudson,TE,CIN,2024,13,PIT,2.8,4
00-0034646,Brandon Powell,WR,MIN,2024,13,ARI,0.8,1
00-0034753,Mark Andrews,TE,BAL,2024,13,PHI,12.9,6
00-0034791,Nick Chubb,RB,CLE,2024,13,DEN,10.5,2
00-0034796,Lamar Jackson,QB,BAL,2024,13,PHI,25.38,0
00-0034798,Durham Smythe,TE,MIA,2024,13,GB,0.8,1
00-0034827,D.J. Moore,WR,CHI,2024,13,DET,15.7,8
00-0034829,Mike Gesicki,TE,CIN,2024,13,PIT,5.3,5
00-0034837,Calvin Ridley,WR,TEN,2024,13,WAS,4.5,2
00-0034844,Saquon Barkley,RB,PHI,2024,13,BAL,17.7,2
00-0034855,Baker Mayfield,QB,TB,2024,13,CAR,10.2,0
00-0034857,Josh Allen,QB,BUF,2024,13,SF,21.72,0
00-0034860,Dante Pettis,WR,NO,2024,13,LA,2.5,1
00-0034869,Sam Darnold,QB,MIN,2024,13,ARI,19.6,0
00-0034960,Jakobi Meyers,WR,LV,2024,13,KC,9.7,6
00-0034975,Justice Hill,RB,BAL,2024,13,PHI,2.1,4
00-0034981,Foster Moreau,TE,NO,2024,13,LA,0.6,2
00-0035208,Olamide Zaccheaus,WR,WAS,2024,13,TEN,1.4,3
00-0035228,Kyler Murray,QB,ARI,2024,13,MIN,15.2,0
00-0035229,T.J. Hockenson,TE,MIN,2024,13,ARI,2.8,3
00-0035250,Devin Singletary,RB,NYG,2024,13,DAL,2.3,0
00-0035261,Tony Pollard,RB,TEN,2024,13,WAS,4.8,4
00-0035500,Greg Dortch,WR,ARI,2024,13,MIN,0.7,2
00-0035535,Darius Slayton,WR,NYG,2024,13,DAL,0.8,2
00-0035537,Ty Johnson,RB,BUF,2024,13,SF,3.7,1
00-0035631,Drew Sample,TE,CIN,2024,13,PIT,0.8,2
00-0035639,Parris Campbell,WR,PHI,2024,13,BAL,0.0,0
00-0035640,DK Metcalf,WR,SEA,2024,13,NYJ,6.6,4
00-0035644,Noah Fant,TE,SEA,2024,13,NYJ,2.6,3
00-0035659,Terry McLaurin,WR,WAS,2024,13,TEN,19.3,8
00-0035676,A.J. Brown,WR,PHI,2024,13,BAL,6.6,5
00-0035685,David Montgomery,RB,DET,2024,13,CHI,12.4,3
00-0035689,Dawson Knox,TE,BUF,2024,13,SF,5.6,2
00-0035700,Josh Jacobs,RB,GB,2024,13,MIA,17.7,4
00-0035704,Drew Lock,QB,NYG,2024,13,DAL,14.82,0
00-0035719,Deebo Samuel,WR,SF,2024,13,BUF,2.0,4
00-0035976,Dan Chisena,WR,CAR,2024,13,TB,0.6,1
00-0036040,Juwan Johnson,TE,NO,2024,13,LA,3.6,5
00-0036139,Rico Dowdle,RB,DAL,2024,13,NYG,18.3,3
00-0036182,Nick Westbrook-Ikhine,WR,TEN,2024,13,WAS,18.1,3
00-0036212,Tua Tagovailoa,QB,MIA,2024,13,GB,25.2,0
00-0036223,Jonathan Taylor,RB,IND,2024,13,NE,16.3,1
00-0036244,Colby Parkinson,TE,LA,2024,13,NO,1.3,1
00-0036252,Michael Pittman,WR,IND,2024,13,NE,4.2,5
00-0036259,Jauan Jennings,WR,SF,2024,13,BUF,5.6,3
00-0036264,Jordan Love,QB,GB,2024,13,MIA,18.96,0
00-0036275,D'Andre Swift,RB,CHI,2024,13,DET,7.4,2
00-0036290,Cole Kmet,TE,CHI,2024,13,DET,2.6,3
00-0036309,Darnell Mooney,WR,ATL,2024,13,LAC,2.0,3
00-0036322,Justin Jefferson,WR,MIN,2024,13,ARI,9.9,7
00-0036328,Antonio Gibson,RB,NE,2024,13,IND,12.2,0
00-0036331,Devin Duvernay,WR,JAX,2024,13,HOU,2.3,2
00-0036355,Justin Herbert,QB,LAC,2024,13,ATL,7.98,0
00-0036358,CeeDee Lamb,WR,DAL,2024,13,NYG,3.9,2
00-0036389,Jalen Hurts,QB,PHI,2024,13,BAL,17.62,0
00-0036407,Jerry Jeudy,WR,CLE,2024,13,DEN,31.5,9
00-0036410,Tee Higgins,WR,CIN,2024,13,PIT,12.9,5
00-0036414,Cam Akers,RB,MIN,2024,13,ARI,2.2,0
00-0036415,Van Jefferson,WR,PIT,2024,13,CIN,4.3,1
00-0036422,Adam Trautman,TE,DEN,2024,13,CLE,0.0,0
00-0036427,Tyler Johnson,WR,LA,2024,13,NO,0.0,0
00-0036429,Charlie Woerner,TE,ATL,2024,13,LAC,0.5,1
00-0036438,Stephen Sullivan,TE,CAR,2024,13,TB,0.0,0
00-0036442,Joe Burrow,QB,CIN,2024,13,PIT,19.26,0
00-0036527,D.J. Turner,WR,LV,2024,13,KC,2.5,1
00-0036554,Nico Collins,WR,HOU,2024,13,JAX,11.9,8
00-0036555,Chuba Hubbard,RB,CAR,2024,13,TB,2.3,0
00-0036590,Quintin Morris,TE,BUF,2024,13,SF,1.4,1
00-0036613,Jaylen Waddle,WR,MIA,2024,13,GB,7.3,4
00-0036626,Dyami Brown,WR,WAS,2024,13,TEN,3.9,4
00-0036630,Tylan Wallace,WR,BAL,2024,13,PHI,1.4,2
00-0036637,Noah Gray,TE,KC,2024,13,LV,5.8,4
00-0036640,Zach Davidson,TE,BUF,2024,13,SF,0.0,0
00-0036754,Brock Wright,TE,DET,2024,13,CHI,1.3,1
00-0036825,Feleipe Franks,TE,CAR,2024,13,TB,0.0,0
00-0036842,Kene Nwangwu,RB,NYJ,2024,13,SEA,6.0,0
00-0036849,Tutu Atwell,WR,LA,2024,13,NO,3.9,2
00-0036862,Ben Skowronek,WR,PIT,2024,13,CIN,2.3,1
00-0036875,Rhamondre Stevenson,RB,NE,2024,13,IND,9.4,3
00-0036876,Kylen Granson,TE,IND,2024,13,NE,0.0,0
00-0036887,Luke Farrell,TE,JAX,2024,13,HOU,0.0,0
00-0036893,Najee Harris,RB,PIT,2024,13,CIN,18.9,6
00-0036894,Pat Freiermuth,TE,PIT,2024,13,CIN,12.8,6
00-0036900,Ja'Marr Chase,WR,CIN,2024,13,PIT,14.6,6
00-0036906,Khalil Herbert,RB,CIN,2024,13,PIT,1.4,0
00-0036913,Kadarius Toney,WR,CLE,2024,13,DEN,0.3,0
00-0036928,Kyle Trask,QB,TB,2024,13,CAR,0.2,0
00-0036945,Justin Fields,QB,PIT,2024,13,CIN,0.7,0
00-0036955,Terrace Marshall,WR,LV,2024,13,KC,0.0,0
00-0036963,Amon-Ra St. Brown,WR,DET,2024,13,CHI,7.3,5
00-0036970,Kyle Pitts,TE,ATL,2024,13,LAC,0.0,0
00-0036971,Trevor Lawrence,QB,JAX,2024,13,HOU,0.24,0
00-0036972,Mac Jones,QB,JAX,2024,13,HOU,20.0,0
00-0036973,Travis Etienne,RB,JAX,2024,13,HOU,5.8,3
00-0036980,Elijah Moore,WR,CLE,2024,13,DEN,11.2,8
00-0036988,Josh Palmer,WR,LAC,2024,13,ATL,3.1,1
00-0036997,Javonte Williams,RB,DEN,2024,13,CLE,6.4,1
00-0037004,Hunter Long,TE,LA,2024,13,NO,0.0,0
00-0037005,Tommy Tremble,TE,CAR,2024,13,TB,7.7,5
00-0037132,Britain Covey,WR,PHI,2024,13,BAL,0.0,0
00-0037197,Isiah Pacheco,RB,KC,2024,13,LV,4.9,1
00-0037228,Jaylen Warren,RB,PIT,2024,13,CIN,6.4,4
00-0037231,Kevin Austin,WR,NO,2024,13,LA,4.0,3
00-0037238,Drake London,WR,ATL,2024,13,LAC,8.3,9
00-0037240,Jameson Williams,WR,DET,2024,13,CHI,4.6,5
00-0037247,George Pickens,WR,PIT,2024,13,CIN,13.4,3
00-0037248,James Cook,RB,BUF,2024,13,SF,18.0,1
00-0037256,Rachaad White,RB,TB,2024,13,CAR,7.8,1
00-0037258,Dameon Pierce,RB,HOU,2024,13,JAX,0.1,1
00-0037261,Khalil Shakir,WR,BUF,2024,13,SF,3.0,4
00-0037263,Tyler Allgeier,RB,ATL,2024,13,LAC,2.2,1
00-0037267,Jerome Ford,RB,CLE,2024,13,DEN,6.2,1
00-0037276,Ty Chandler,RB,MIN,2024,13,ARI,0.2,0
00-0037291,Jalen Nailor,WR,MIN,2024,13,ARI,1.8,1
00-0037292,Andrew Ogletree,TE,IND,2024,13,NE,2.2,1
00-0037300,Mike Woods,WR,CLE,2024,13,DEN,4.3,3
00-0037475,Stone Smartt,TE,LAC,2024,13,ATL,0.3,1
00-0037509,Sincere McCormick,RB,LV,2024,13,KC,6.5,2
00-0037525,Jordan Mason,RB,SF,2024,13,BUF,7.8,0
00-0037539,Lucas Krull,TE,DEN,2024,13,CLE,2.4,3
00-0037614,John Metchie,WR,HOU,2024,13,JAX,1.6,2
00-0037617,Hassan Haskins,RB,LAC,2024,13,ATL,-2.0,0
00-0037654,Tucker Fisk,TE,LAC,2024,13,ATL,0.1,1
00-0037664,Alec Pierce,WR,IND,2024,13,NE,7.6,2
00-0037666,Jalen Tolbert,WR,DAL,2024,13,NYG,4.1,2
00-0037740,Garrett Wilson,WR,NYJ,2024,13,SEA,4.1,5
00-0037741,Jahan Dotson,WR,PHI,2024,13,BAL,0.7,1
00-0037744,Trey McBride,TE,ARI,2024,13,MIN,9.6,12
00-0037746,Brian Robinson,RB,WAS,2024,13,TEN,16.9,1
00-0037801,Kavontae Turpin,WR,DAL,2024,13,NYG,5.5,4
00-0037805,Jeremy Ruckert,TE,NYJ,2024,13,SEA,0.3,1
00-0037809,Chigoziem Okonkwo,TE,TEN,2024,13,WAS,2.7,3
00-0037834,Brock Purdy,QB,SF,2024,13,BUF,2.16,0
00-0037837,Calvin Austin,WR,PIT,2024,13,CIN,8.9,2
00-0037838,Isaiah Likely,TE,BAL,2024,13,PHI,9.8,5
00-0037840,Kyren Williams,RB,LA,2024,13,NO,17.3,1
00-0038117,Wan'Dale Robinson,WR,NYG,2024,13,DAL,0.6,2
00-0038120,Breece Hall,RB,NYJ,2024,13,SEA,6.0,0
00-0038124,Christian Watson,WR,GB,2024,13,MIA,6.7,2
00-0038129,Cade Otton,TE,TB,2024,13,CAR,2.0,4
00-0038134,Kenneth Walker,RB,SEA,2024,13,NYJ,4.6,2
00-0038393,Dontayvion Wicks,WR,GB,2024,13,MIA,3.0,4
00-0038394,Will Mallory,TE,IND,2024,13,NE,0.7,1
00-0038496,Xavier Gipson,WR,NYJ,2024,13,SEA,-0.1,1
00-0038542,Bijan Robinson,RB,ATL,2024,13,LAC,19.5,6
00-0038543,Jaxon Smith-Njigba,WR,SEA,2024,13,NYJ,7.9,4
00-0038544,Quentin Johnston,WR,LAC,2024,13,ATL,1.2,2
00-0038547,Luke Schoonmaker,TE,DAL,2024,13,NYG,3.3,5
00-0038555,Tank Bigsby,RB,JAX,2024,13,HOU,3.5,1
00-0038558,Darnell Washington,TE,PIT,2024,13,CIN,1.0,1
00-0038559,Michael Wilson,WR,ARI,2024,13,MIN,5.5,5
00-0038563,Tre Tucker,WR,LV,2024,13,KC,12.9,1
00-0038573,Derius Davis,WR,LAC,2024,13,ATL,0.6,1
00-0038579,Aidan O'Connell,QB,LV,2024,13,KC,19.6,0
00-0038589,Josh Whyle,TE,TEN,2024,13,WAS,0.3,1
00-0038597,Chase Brown,RB,CIN,2024,13,PIT,16.0,3
00-0038606,Parker Washington,WR,JAX,2024,13,HOU,18.3,6
00-0038608,Kayshon Boutte,WR,NE,2024,13,IND,6.1,3
00-0038611,Chris Rodriguez,RB,WAS,2024,13,TEN,15.4,0
00-0038619,Andrei Iosivas,WR,CIN,2024,13,PIT,9.5,3
00-0038621,Demario Douglas,WR,NE,2024,13,IND,2.0,4
00-0038640,Jalen Brooks,WR,DAL,2024,13,NYG,0.0,1
00-0038685,Christopher Brooks,RB,GB,2024,13,MIA,2.9,2
00-0038705,Emari Demercado,RB,ARI,2024,13,MIN,1.5,1
00-0038710,Blake Whiteheart,TE,CLE,2024,13,DEN,0.0,0
00-0038720,Julian Hill,TE,MIA,2024,13,GB,0.5,1
00-0038783,Nate Adkins,TE,DEN,2024,13,CLE,1.6,1
00-0038794,Jaleel McLaughlin,RB,DEN,2024,13,CLE,8.4,1
00-0038797,Emanuel Wilson,RB,GB,2024,13,MIA,2.0,0
00-0038935,Brenton Strange,TE,JAX,2024,13,HOU,1.4,1
00-0038938,Jalin Hyatt,WR,NYG,2024,13,DAL,0.8,2
00-0038976,Marvin Mims,WR,DEN,2024,13,CLE,16.9,3
00-0038977,Tank Dell,WR,HOU,2024,13,JAX,2.3,1
00-0038994,Jordan Addison,WR,MIN,2024,13,ARI,5.4,4
00-0038996,Tucker Kraft,TE,GB,2024,13,MIA,7.8,6
00-0039032,Tyjae Spears,RB,TEN,2024,13,WAS,0.3,0
00-0039040,Devon Achane,RB,MIA,2024,13,GB,13.0,8
00-0039041,Elijah Higgins,TE,ARI,2024,13,MIN,2.3,2
00-0039052,Trey Palmer,WR,TB,2024,13,CAR,0.0,0
00-0039062,Jonathan Mingo,WR,DAL,2024,13,NYG,0.2,1
00-0039064,Zay Flowers,WR,BAL,2024,13,PHI,7.1,3
00-0039065,Sam LaPorta,TE,DET,2024,13,CHI,12.6,3
00-0039066,Michael Mayer,TE,LV,2024,13,KC,0.5,1
00-0039075,Puka Nacua,WR,LA,2024,13,NO,12.3,5
00-0039139,Jahmyr Gibbs,RB,DET,2024,13,CHI,8.4,2
00-0039146,Jayden Reed,WR,GB,2024,13,MIA,16.7,3
00-0039150,Bryce Young,QB,CAR,2024,13,TB,23.62,0
00-0039152,Will Levis,QB,TEN,2024,13,WAS,16.18,0
00-0039163,C.J. Stroud,QB,HOU,2024,13,JAX,14.38,0
00-0039164,Anthony Richardson,QB,IND,2024,13,NE,21.16,0
00-0039165,Zach Charbonnet,RB,SEA,2024,13,NYJ,10.1,2
00-0039337,Malik Nabers,WR,NYG,2024,13,DAL,7.3,8
00-0039338,Brock Bowers,TE,LV,2024,13,KC,20.2,10
00-0039342,Xavier Legette,WR,CAR,2024,13,TB,5.3,4
00-0039344,Jonathon Brooks,RB,CAR,2024,13,TB,4.1,3
00-0039355,Luke McCaffrey,WR,WAS,2024,13,TEN,1.3,2
00-0039359,Cade Stover,TE,HOU,2024,13,JAX,0.4,1
00-0039361,Bucky Irving,RB,TB,2024,13,CAR,24.5,3
00-0039363,Isaac Guerendo,RB,SF,2024,13,BUF,7.6,1
00-0039373,Audric Estime,RB,DEN,2024,13,CLE,1.2,0
00-0039379,Jamari Thrash,WR,CLE,2024,13,DEN,1.1,2
00-0039384,Tyrone Tracy,RB,NYG,2024,13,DAL,12.5,2
00-0039391,Kimani Vidal,RB,LAC,2024,13,ATL,2.0,0
00-0039424,Devaughn Vele,WR,DEN,2024,13,CLE,1.6,1
00-0039732,Bo Nix,QB,DEN,2024,13,CLE,12.16,0
00-0039737,Tip Reiman,TE,ARI,2024,13,MIN,0.9,1
00-0039738,Blake Corum,RB,LA,2024,13,NO,4.2,0
00-0039746,Will Shipley,RB,PHI,2024,13,BAL,0.4,0
00-0039793,A.J. Barner,TE,SEA,2024,13,NYJ,7.4,2
00-0039794,Braelon Allen,RB,NYJ,2024,13,SEA,2.7,2
00-0039798,Isaiah Davis,RB,NYJ,2024,13,SEA,9.2,3
00-0039847,Theo Johnson,TE,NYG,2024,13,DAL,5.4,5
00-0039849,Marvin Harrison,WR,ARI,2024,13,MIN,12.0,5
00-0039851,Drake Maye,QB,NE,2024,13,IND,19.42,0
00-0039855,Jalen McMillan,WR,TB,2024,13,CAR,2.5,2
00-0039868,Troy Franklin,WR,DEN,2024,13,CLE,2.8,2
00-0039875,Ray Davis,RB,BUF,2024,13,SF,12.7,1
00-0039880,Malik Washington,WR,MIA,2024,13,GB,0.8,2
00-0039890,Adonai Mitchell,WR,IND,2024,13,NE,0.0,0
00-0039893,Brian Thomas,WR,JAX,2024,13,HOU,14.7,4
00-0039894,Xavier Worthy,WR,KC,2024,13,LV,5.4,5
00-0039907,Ja'Lynn Polk,WR,NE,2024,13,IND,0.0,0
00-0039910,Jayden Daniels,QB,WAS,2024,13,TEN,27.64,0
00-0039912,Ben Sinnott,TE,WAS,2024,13,TEN,0.3,1
00-0039915,Ladd McConkey,WR,LAC,2024,13,ATL,11.7,9
00-0039916,Ricky Pearsall,WR,SF,2024,13,BUF,0.0,0
00-0039918,Caleb Williams,QB,CHI,2024,13,DET,26.14,0
00-0039919,Rome Odunze,WR,CHI,2024,13,DET,2.5,2
00-0039920,Malachi Corley,WR,NYJ,2024,13,SEA,0.8,0
00-0039921,Trey Benson,RB,ARI,2024,13,MIN,2.0,0
00-0023459,Aaron Rodgers,QB,NYJ,2024,14,MIA,17.56,0
00-0026498,Matthew Stafford,QB,LA,2024,14,BUF,20.8,0
00-0029263,Russell Wilson,QB,PIT,2024,14,CLE,16.02,0
00-0029604,Kirk Cousins,QB,ATL,2024,14,MIN,9.76,0
00-0030035,Adam Thielen,WR,CAR,2024,14,PHI,10.2,9
00-0030279,Keenan Allen,WR,CHI,2024,14,SF,3.0,3
00-0030506,Travis Kelce,TE,KC,2024,14,LAC,4.5,5
00-0030564,DeAndre Hopkins,WR,KC,2024,14,LAC,9.2,4
00-0030565,Geno Smith,QB,SEA,2024,14,ARI,13.32,0
00-0030578,Cordarrelle Patterson,RB,PIT,2024,14,CLE,-1.9,1
00-0031235,Odell Beckham,WR,MIA,2024,14,NYJ,0.1,1
00-0031236,Brandin Cooks,WR,DAL,2024,14,CIN,6.3,1
00-0031280,Derek Carr,QB,NO,2024,14,NYG,11.96,0
00-0031381,Davante Adams,WR,NYJ,2024,14,MIA,16.9,9
00-0031408,Mike Evans,WR,TB,2024,14,LV,6.9,4
00-0031503,Jameis Winston,QB,CLE,2024,14,PIT,15.28,0
00-0031544,Amari Cooper,WR,BUF,2024,14,LA,9.5,6
00-0031585,MyCole Pruitt,TE,PIT,2024,14,CLE,-0.1,1
00-0031800,Taylor Heinicke,QB,LAC,2024,14,KC,1.2,0
00-0032104,Ameer Abdullah,RB,LV,2024,14,TB,-0.2,1
00-0032211,Tyler Lockett,WR,SEA,2024,14,ARI,0.0,0
00-0032385,Sterling Shepard,WR,TB,2024,14,LV,6.3,4
00-0032394,Nick Vannett,TE,TEN,2024,14,JAX,0.4,1
00-0032434,Brandon Allen,QB,SF,2024,14,CHI,-2.0,0
00-0032775,Demarcus Robinson,WR,LA,2024,14,BUF,0.0,0
00-0033009,Tyler Boyd,WR,TEN,2024,14,JAX,0.7,1
00-0033040,Tyreek Hill,WR,MIA,2024,14,NYJ,18.1,10
00-0033045,Ezekiel Elliott,RB,DAL,2024,14,CIN,0.6,1
00-0033106,Jared Goff,QB,DET,2024,14,GB,22.02,0
00-0033282,Curtis Samuel,WR,BUF,2024,14,LA,1.6,2
00-0033288,George Kittle,TE,SF,2024,14,CHI,15.1,6
00-0033293,Aaron Jones,RB,MIN,2024,14,ATL,14.4,2
00-0033319,Nick Mullens,QB,MIN,2024,14,ATL,-0.2,0
00-0033375,Tim Patrick,WR,DET,2024,14,GB,16.3,6
00-0033439,Pharaoh Brown,TE,SEA,2024,14,ARI,0.6,1
00-0033526,Samaje Perine,RB,KC,2024,14,LAC,1.9,1
00-0033536,Mike Williams,WR,PIT,2024,14,CLE,3.6,3
00-0033553,James Conner,RB,ARI,2024,14,SEA,18.2,4
00-0033555,Mack Hollins,WR,BUF,2024,14,LA,11.7,4
00-0033576,Eric Saubert,TE,SF,2024,14,CHI,0.4,1
00-0033589,David Moore,WR,CAR,2024,14,PHI,2.5,2
00-0033662,Cooper Rush,QB,DAL,2024,14,CIN,13.82,0
00-0033857,JuJu Smith-Schuster,WR,KC,2024,14,LAC,3.1,2
00-0033858,Jonnu Smith,TE,MIA,2024,14,NYJ,10.4,3
00-0033873,Patrick Mahomes,QB,KC,2024,14,LAC,14.1,0
00-0033881,Evan Engram,TE,JAX,2024,14,TEN,3.3,4
00-0033885,David Njoku,TE,CLE,2024,14,PIT,10.2,7
00-0033891,Zay Jones,WR,ARI,2024,14,SEA,1.3,1
00-0033906,Alvin Kamara,RB,NO,2024,14,NYG,7.9,5
00-0033908,Cooper Kupp,WR,LA,2024,14,BUF,15.2,5
00-0033923,Kareem Hunt,RB,KC,2024,14,LAC,2.9,1
00-0033948,Jamaal Williams,RB,NO,2024,14,NYG,1.5,2
00-0034115,Jeffery Wilson,RB,MIA,2024,14,NYJ,1.1,1
00-0034159,Will Dissly,TE,LAC,2024,14,KC,1.9,2
00-0034184,Gus Edwards,RB,LAC,2024,14,KC,9.6,0
00-0034270,Tyler Conklin,TE,NYJ,2024,14,MIA,3.3,3
00-0034272,Marquez Valdes-Scantling,WR,NO,2024,14,NYG,5.1,4
00-0034364,Jordan Akins,TE,CLE,2024,14,PIT,1.4,1
00-0034407,Ray-Ray McCloud,WR,ATL,2024,14,MIN,10.1,8
00-0034418,Cedrick Wilson,WR,NO,2024,14,NYG,1.8,1
00-0034521,Allen Lazard,WR,NYJ,2024,14,MIA,1.8,1
00-0034613,Tanner Hudson,TE,CIN,2024,14,DAL,1.9,1
00-0034777,D.J. Chark,WR,LAC,2024,14,KC,0.9,1
00-0034791,Nick Chubb,RB,CLE,2024,14,PIT,4.8,0
00-0034798,Durham Smythe,TE,MIA,2024,14,NYJ,0.0,0
00-0034827,D.J. Moore,WR,CHI,2024,14,SF,4.9,6
00-0034829,Mike Gesicki,TE,CIN,2024,14,DAL,2.4,3
00-0034837,Calvin Ridley,WR,TEN,2024,14,JAX,5.9,7
00-0034844,Saquon Barkley,RB,PHI,2024,14,CAR,14.4,0
00-0034855,Baker Mayfield,QB,TB,2024,14,LV,19.0,0
00-0034857,Josh Allen,QB,BUF,2024,14,LA,51.88,0
00-0034860,Dante Pettis,WR,NO,2024,14,NYG,0.0,0
00-0034869,Sam Darnold,QB,MIN,2024,14,ATL,34.58,0
00-0034960,Jakobi Meyers,WR,LV,2024,14,TB,6.7,7
00-0034981,Foster Moreau,TE,NO,2024,14,NYG,4.0,2
00-0035228,Kyler Murray,QB,ARI,2024,14,SEA,17.96,0
00-0035229,T.J. Hockenson,TE,MIN,2024,14,ATL,4.5,4
00-0035249,Josh Oliver,TE,MIN,2024,14,ATL,2.6,1
00-0035250,Devin Singletary,RB,NYG,2024,14,NO,0.8,0
00-0035261,Tony Pollard,RB,TEN,2024,14,JAX,12.4,2
00-0035298,Scott Miller,WR,PIT,2024,14,CLE,3.8,3
00-0035500,Greg Dortch,WR,ARI,2024,14,SEA,0.5,1
00-0035535,Darius Slayton,WR,NYG,2024,14,NO,2.7,2
00-0035537,Ty Johnson,RB,BUF,2024,14,LA,11.5,2
00-0035594,Travis Homer,RB,CHI,2024,14,SF,1.1,3
00-0035631,Drew Sample,TE,CIN,2024,14,DAL,1.3,2
00-0035640,DK Metcalf,WR,SEA,2024,14,ARI,4.9,4
00-0035644,Noah Fant,TE,SEA,2024,14,ARI,1.8,3
00-0035676,A.J. Brown,WR,PHI,2024,14,CAR,4.3,4
00-0035685,David Montgomery,RB,DET,2024,14,GB,14.4,5
00-0035689,Dawson Knox,TE,BUF,2024,14,LA,0.5,1
00-0035700,Josh Jacobs,RB,GB,2024,14,DET,24.6,0
00-0035704,Drew Lock,QB,NYG,2024,14,NO,14.98,0
00-0035719,Deebo Samuel,WR,SF,2024,14,CHI,3.5,2
00-0035973,Patrick Taylor,RB,SF,2024,14,CHI,8.5,0
00-0036040,Juwan Johnson,TE,NO,2024,14,NYG,11.0,4
00-0036133,James Proche,WR,CLE,2024,14,PIT,1.8,2
00-0036139,Rico Dowdle,RB,DAL,2024,14,CIN,14.1,1
00-0036182,Nick Westbrook-Ikhine,WR,TEN,2024,14,JAX,1.9,1
00-0036212,Tua Tagovailoa,QB,MIA,2024,14,NYJ,23.54,0
00-0036244,Colby Parkinson,TE,LA,2024,14,BUF,1.1,1
00-0036254,Collin Johnson,WR,CHI,2024,14,SF,0.6,1
00-0036259,Jauan Jennings,WR,SF,2024,14,CHI,21.0,7
00-0036264,Jordan Love,QB,GB,2024,14,DET,14.54,0
00-0036275,D'Andre Swift,RB,CHI,2024,14,SF,4.0,1
00-0036297,Darrynton Evans,RB,CHI,2024,14,SF,0.3,0
00-0036309,Darnell Mooney,WR,ATL,2024,14,MIN,14.2,6
00-0036322,Justin Jefferson,WR,MIN,2024,14,ATL,25.2,7
00-0036331,Devin Duvernay,WR,JAX,2024,14,TEN,0.1,3
00-0036355,Justin Herbert,QB,LAC,2024,14,KC,13.72,0
00-0036358,CeeDee Lamb,WR,DAL,2024,14,CIN,15.4,6
00-0036387,Jalen Reagor,WR,LAC,2024,14,KC,0.4,1
00-0036389,Jalen Hurts,QB,PHI,2024,14,CAR,24.22,0
00-0036407,Jerry Jeudy,WR,CLE,2024,14,PIT,12.4,5
00-0036410,Tee Higgins,WR,CIN,2024,14,DAL,2.3,2
00-0036414,Cam Akers,RB,MIN,2024,14,ATL,3.7,0
00-0036415,Van Jefferson,WR,PIT,2024,14,CLE,7.0,1
00-0036429,Charlie Woerner,TE,ATL,2024,14,MIN,1.1,1
00-0036442,Joe Burrow,QB,CIN,2024,14,DAL,24.56,0
00-0036450,Ke'Shawn Vaughn,RB,SF,2024,14,CHI,0.4,0
00-0036555,Chuba Hubbard,RB,CAR,2024,14,PHI,16.7,4
00-0036613,Jaylen Waddle,WR,MIA,2024,14,NYJ,11.9,9
00-0036637,Noah Gray,TE,KC,2024,14,LAC,2.6,4
00-0036754,Brock Wright,TE,DET,2024,14,GB,0.0,0
00-0036849,Tutu Atwell,WR,LA,2024,14,BUF,4.5,3
00-0036893,Najee Harris,RB,PIT,2024,14,CLE,11.3,0
00-0036894,Pat Freiermuth,TE,PIT,2024,14,CLE,10.8,3
00-0036900,Ja'Marr Chase,WR,CIN,2024,14,DAL,31.1,14
00-0036906,Khalil Herbert,RB,CIN,2024,14,DAL,1.1,1
00-0036912,DeVonta Smith,WR,PHI,2024,14,CAR,9.7,4
00-0036919,Kenneth Gainwell,RB,PHI,2024,14,CAR,3.3,2
00-0036955,Terrace Marshall,WR,LV,2024,14,TB,0.6,1
00-0036963,Amon-Ra St. Brown,WR,DET,2024,14,GB,5.3,5
00-0036970,Kyle Pitts,TE,ATL,2024,14,MIN,1.4,1
00-0036972,Mac Jones,QB,JAX,2024,14,TEN,5.1,0
00-0036973,Travis Etienne,RB,JAX,2024,14,TEN,7.0,4
00-0036980,Elijah Moore,WR,CLE,2024,14,PIT,3.4,3
00-0036988,Josh Palmer,WR,LAC,2024,14,KC,7.8,6
00-0037004,Hunter Long,TE,LA,2024,14,BUF,6.0,0
00-0037005,Tommy Tremble,TE,CAR,2024,14,PHI,6.3,1
00-0037086,Grant Calcaterra,TE,PHI,2024,14,CAR,7.6,3
00-0037197,Isiah Pacheco,RB,KC,2024,14,LAC,6.1,2
00-0037228,Jaylen Warren,RB,PIT,2024,14,CLE,7.2,2
00-0037231,Kevin Austin,WR,NO,2024,14,NYG,0.5,1
00-0037238,Drake London,WR,ATL,2024,14,MIN,7.0,5
00-0037240,Jameson Williams,WR,DET,2024,14,GB,8.0,5
00-0037248,James Cook,RB,BUF,2024,14,LA,2.9,2
00-0037256,Rachaad White,RB,TB,2024,14,LV,22.9,2
00-0037261,Khalil Shakir,WR,BUF,2024,14,LA,16.6,5
00-0037263,Tyler Allgeier,RB,ATL,2024,14,MIN,12.3,0
00-0037267,Jerome Ford,RB,CLE,2024,14,PIT,4.7,3
00-0037300,Mike Woods,WR,CLE,2024,14,PIT,1.2,1
00-0037475,Stone Smartt,TE,LAC,2024,14,KC,5.4,3
00-0037487,Deven Thompkins,WR,CAR,2024,14,PHI,0.7,1
00-0037509,Sincere McCormick,RB,LV,2024,14,TB,8.9,2
00-0037654,Tucker Fisk,TE,LAC,2024,14,KC,0.0,1
00-0037666,Jalen Tolbert,WR,DAL,2024,14,CIN,0.0,0
00-0037740,Garrett Wilson,WR,NYJ,2024,14,MIA,11.4,7
00-0037741,Jahan Dotson,WR,PHI,2024,14,CAR,0.5,1
00-0037744,Trey McBride,TE,ARI,2024,14,SEA,7.0,7
00-0037801,Kavontae Turpin,WR,DAL,2024,14,CIN,3.1,1
00-0037805,Jeremy Ruckert,TE,NYJ,2024,14,MIA,0.0,0
00-0037809,Chigoziem Okonkwo,TE,TEN,2024,14,JAX,0.8,3
00-0037834,Brock Purdy,QB,SF,2024,14,CHI,22.1,0
00-0037837,Calvin Austin,WR,PIT,2024,14,CLE,0.4,1
00-0037840,Kyren Williams,RB,LA,2024,14,BUF,21.7,2
00-0038041,Jake Ferguson,TE,DAL,2024,14,CIN,3.2,3
00-0038098,Pierre Strong,RB,CLE,2024,14,PIT,0.9,2
00-0038115,Daniel Bellinger,TE,NYG,2024,14,NO,4.5,5
00-0038117,Wan'Dale Robinson,WR,NYG,2024,14,NO,3.8,4
00-0038122,Desmond Ridder,QB,LV,2024,14,TB,4.34,0
00-0038124,Christian Watson,WR,GB,2024,14,DET,9.4,4
00-0038129,Cade Otton,TE,TB,2024,14,LV,7.0,3
00-0038393,Dontayvion Wicks,WR,GB,2024,14,DET,4.9,4
00-0038416,Tyson Bagent,QB,CHI,2024,14,SF,0.24,0
00-0038542,Bijan Robinson,RB,ATL,2024,14,MIN,18.1,2
00-0038543,Jaxon Smith-Njigba,WR,SEA,2024,14,ARI,14.6,5
00-0038544,Quentin Johnston,WR,LAC,2024,14,KC,10.8,5
00-0038547,Luke Schoonmaker,TE,DAL,2024,14,CIN,2.2,2
00-0038551,Kendre Miller,RB,NO,2024,14,NYG,9.2,0
00-0038555,Tank Bigsby,RB,JAX,2024,14,TEN,12.2,1
00-0038558,Darnell Washington,TE,PIT,2024,14,CLE,0.0,0
00-0038559,Michael Wilson,WR,ARI,2024,14,SEA,11.7,2
00-0038563,Tre Tucker,WR,LV,2024,14,TB,0.7,2
00-0038573,Derius Davis,WR,LAC,2024,14,KC,0.1,2
00-0038579,Aidan O'Connell,QB,LV,2024,14,TB,6.76,0
00-0038589,Josh Whyle,TE,TEN,2024,14,JAX,3.1,2
00-0038597,Chase Brown,RB,CIN,2024,14,DAL,18.3,6
00-0038606,Parker Washington,WR,JAX,2024,14,TEN,1.5,2
00-0038619,Andrei Iosivas,WR,CIN,2024,14,DAL,4.1,4
00-0038636,Kenny McIntosh,RB,SEA,2024,14,ARI,4.5,2
00-0038685,Christopher Brooks,RB,GB,2024,14,DET,0.3,0
00-0038705,Emari Demercado,RB,ARI,2024,14,SEA,1.5,4
00-0038710,Blake Whiteheart,TE,CLE,2024,14,PIT,0.0,0
00-0038720,Julian Hill,TE,MIA,2024,14,NYJ,1.4,1
00-0038797,Emanuel Wilson,RB,GB,2024,14,DET,0.7,0
00-0038809,Ben Sims,TE,GB,2024,14,DET,0.2,1
00-0038935,Brenton Strange,TE,JAX,2024,14,TEN,2.1,1
00-0038938,Jalin Hyatt,WR,NYG,2024,14,NO,0.0,0
00-0038951,Sean Tucker,RB,TB,2024,14,LV,4.7,0
00-0038994,Jordan Addison,WR,MIN,2024,14,ATL,31.3,8
00-0038996,Tucker Kraft,TE,GB,2024,14,DET,10.1,3
00-0038998,Jake Haener,QB,NO,2024,14,NYG,-0.1,0
00-0039032,Tyjae Spears,RB,TEN,2024,14,JAX,2.3,1
00-0039040,Devon Achane,RB,MIA,2024,14,NYJ,12.9,6
00-0039062,Jonathan Mingo,WR,DAL,2024,14,CIN,0.0,0
00-0039065,Sam LaPorta,TE,DET,2024,14,GB,5.4,5
00-0039066,Michael Mayer,TE,LV,2024,14,TB,6.8,7
00-0039075,Puka Nacua,WR,LA,2024,14,BUF,29.8,12
00-0039139,Jahmyr Gibbs,RB,DET,2024,14,GB,13.3,6
00-0039146,Jayden Reed,WR,GB,2024,14,DET,0.0,0
00-0039150,Bryce Young,QB,CAR,2024,14,PHI,12.54,0
00-0039152,Will Levis,QB,TEN,2024,14,JAX,7.02,0
00-0039165,Zach Charbonnet,RB,SEA,2024,14,ARI,31.3,7
00-0039236,Johnny Wilson,WR,PHI,2024,14,CAR,0.0,0
00-0039299,George Holani,RB,SEA,2024,14,ARI,-0.1,1
00-0039316,Baylor Cupp,TE,KC,2024,14,LAC,0.0,0
00-0039337,Malik Nabers,WR,NYG,2024,14,NO,9.9,5
00-0039338,Brock Bowers,TE,LV,2024,14,TB,5.2,3
00-0039342,Xavier Legette,WR,CAR,2024,14,PHI,3.9,2
00-0039344,Jonathon Brooks,RB,CAR,2024,14,PHI,-0.3,0
00-0039356,Ja'Tavion Sanders,TE,CAR,2024,14,PHI,0.0,0
00-0039361,Bucky Irving,RB,TB,2024,14,LV,1.8,1
00-0039363,Isaac Guerendo,RB,SF,2024,14,CHI,24.8,2
00-0039365,Jacob Cowing,WR,SF,2024,14,CHI,0.0,0
00-0039384,Tyrone Tracy,RB,NYG,2024,14,NO,14.3,5
00-0039391,Kimani Vidal,RB,LAC,2024,14,KC,3.4,0
00-0039410,Ryan Flournoy,WR,DAL,2024,14,CIN,0.0,0
00-0039613,Dallin Holker,TE,NO,2024,14,NYG,1.0,1
00-0039648,David Martin-Robinson,TE,TEN,2024,14,JAX,0.0,0
00-0039650,Bryce Oliver,WR,TEN,2024,14,JAX,1.6,1
00-0039737,Tip Reiman,TE,ARI,2024,14,SEA,1.4,1
00-0039738,Blake Corum,RB,LA,2024,14,BUF,3.4,0
00-0039793,A.J. Barner,TE,SEA,2024,14,ARI,1.3,1
00-0039794,Braelon Allen,RB,NYJ,2024,14,MIA,8.1,4
00-0039798,Isaiah Davis,RB,NYJ,2024,14,MIA,12.7,3
00-0039849,Marvin Harrison,WR,ARI,2024,14,SEA,4.9,4
00-0039855,Jalen McMillan,WR,TB,2024,14,LV,17.9,4
00-0039874,Jaylen Wright,RB,MIA,2024,14,NYJ,1.3,2
00-0039880,Malik Washington,WR,MIA,2024,14,NYJ,0.0,0
00-0039893,Brian Thomas,WR,JAX,2024,14,TEN,8.6,8
00-0039894,Xavier Worthy,WR,KC,2024,14,LAC,4.6,5
00-0039916,Ricky Pearsall,WR,SF,2024,14,CHI,0.5,1
00-0039918,Caleb Williams,QB,CHI,2024,14,SF,14.06,0
00-0039919,Rome Odunze,WR,CHI,2024,14,SF,16.2,4
00-0039921,Trey Benson,RB,ARI,2024,14,SEA,1.9,1
00-0023459,Aaron Rodgers,QB,NYJ,2024,15,JAX,30.06,0
00-0026300,Josh Johnson,QB,BAL,2024,15,NYG,-0.1,0
00-0026498,Matthew Stafford,QB,LA,2024,15,SF,8.2,0
00-0029263,Russell Wilson,QB,PIT,2024,15,PHI,8.42,0
00-0029604,Kirk Cousins,QB,ATL,2024,15,LV,6.48,0
00-0030035,Adam Thielen,WR,CAR,2024,15,DAL,5.1,5
00-0030061,Zach Ertz,TE,WAS,2024,15,NO,2.5,2
00-0030279,Keenan Allen,WR,CHI,2024,15,MIN,14.2,6
00-0030431,Robert Woods,WR,HOU,2024,15,MIA,1.2,2
00-0030506,Travis Kelce,TE,KC,2024,15,CLE,2.7,4
00-0030564,DeAndre Hopkins,WR,KC,2024,15,CLE,3.6,5
00-0030565,Geno Smith,QB,SEA,2024,15,GB,4.46,0
00-0030578,Cordarrelle Patterson,RB,PIT,2024,15,PHI,0.8,1
00-0031236,Brandin Cooks,WR,DAL,2024,15,CAR,3.4,3
00-0031381,Davante Adams,WR,NYJ,2024,15,JAX,33.8,9
00-0031408,Mike Evans,WR,TB,2024,15,LAC,27.9,9
00-0031428,Allen Robinson,WR,DET,2024,15,BUF,0.0,0
00-0031503,Jameis Winston,QB,CLE,2024,15,KC,-0.36,0
00-0031549,Nelson Agholor,WR,BAL,2024,15,NYG,2.6,1
00-0031687,Raheem Mostert,RB,MIA,2024,15,HOU,2.1,3
00-0031800,Taylor Heinicke,QB,LAC,2024,15,TB,0.16,0
00-0031941,Jamison Crowder,WR,WAS,2024,15,NO,2.7,3
00-0032104,Ameer Abdullah,RB,LV,2024,15,ATL,12.6,7
00-0032211,Tyler Lockett,WR,SEA,2024,15,GB,2.2,1
00-0032385,Sterling Shepard,WR,TB,2024,15,LAC,1.6,1
00-0032392,Austin Hooper,TE,NE,2024,15,ARI,3.8,3
00-0032394,Nick Vannett,TE,TEN,2024,15,CIN,0.7,1
00-0032764,Derrick Henry,RB,BAL,2024,15,NYG,6.7,0
00-0032775,Demarcus Robinson,WR,LA,2024,15,SF,0.0,0
00-0032950,Carson Wentz,QB,KC,2024,15,CLE,0.8,0
00-0033009,Tyler Boyd,WR,TEN,2024,15,CIN,3.9,2
00-0033040,Tyreek Hill,WR,MIA,2024,15,HOU,3.6,2
00-0033045,Ezekiel Elliott,RB,DAL,2024,15,CAR,4.1,1
00-0033090,Hunter Henry,TE,NE,2024,15,ARI,2.5,4
00-0033106,Jared Goff,QB,DET,2024,15,BUF,41.06,0
00-0033246,Johnny Mundt,TE,MIN,2024,15,CHI,0.0,0
00-0033282,Curtis Samuel,WR,BUF,2024,15,DET,0.1,1
00-0033288,George Kittle,TE,SF,2024,15,LA,6.1,4
00-0033293,Aaron Jones,RB,MIN,2024,15,CHI,16.6,2
00-0033307,Kendrick Bourne,WR,NE,2024,15,ARI,4.4,3
00-0033375,Tim Patrick,WR,DET,2024,15,BUF,9.0,4
00-0033526,Samaje Perine,RB,KC,2024,15,CLE,3.4,1
00-0033536,Mike Williams,WR,PIT,2024,15,PHI,1.5,1
00-0033553,James Conner,RB,ARI,2024,15,NE,25.8,5
00-0033555,Mack Hollins,WR,BUF,2024,15,DET,0.7,1
00-0033589,David Moore,WR,CAR,2024,15,DAL,1.9,2
00-0033662,Cooper Rush,QB,DAL,2024,15,CAR,19.06,0
00-0033854,Dare Ogunbowale,RB,HOU,2024,15,MIA,3.5,0
00-0033857,JuJu Smith-Schuster,WR,KC,2024,15,CLE,6.7,1
00-0033858,Jonnu Smith,TE,MIA,2024,15,HOU,10.8,9
00-0033873,Patrick Mahomes,QB,KC,2024,15,CLE,15.76,0
00-0033891,Zay Jones,WR,ARI,2024,15,NE,0.3,1
00-0033897,Joe Mixon,RB,HOU,2024,15,MIA,5.6,5
00-0033906,Alvin Kamara,RB,NO,2024,15,WAS,13.0,4
00-0033908,Cooper Kupp,WR,LA,2024,15,SF,0.0,0
00-0033923,Kareem Hunt,RB,KC,2024,15,CLE,4.9,1
00-0033943,Josh Reynolds,WR,JAX,2024,15,NYJ,0.0,0
00-0033955,Jeremy McNichols,RB,WAS,2024,15,NO,0.4,1
00-0034054,River Cracraft,WR,MIA,2024,15,HOU,0.6,1
00-0034177,Tim Boyle,QB,NYG,2024,15,BAL,6.82,0
00-0034184,Gus Edwards,RB,LAC,2024,15,TB,2.3,0
00-0034208,Mike Boone,RB,CAR,2024,15,DAL,1.4,0
00-0034272,Marquez Valdes-Scantling,WR,NO,2024,15,WAS,6.8,2
00-0034348,Courtland Sutton,WR,DEN,2024,15,IND,9.2,3
00-0034364,Jordan Akins,TE,CLE,2024,15,KC,3.0,3
00-0034383,Dalton Schultz,TE,HOU,2024,15,MIA,1.3,2
00-0034386,Justin Watson,WR,KC,2024,15,CLE,0.0,0
00-0034407,Ray-Ray McCloud,WR,ATL,2024,15,LV,1.4,1
00-0034418,Cedrick Wilson,WR,NO,2024,15,WAS,4.84,0
00-0034487,Trent Sherfield,WR,MIN,2024,15,CHI,0.6,1
00-0034521,Allen Lazard,WR,NYJ,2024,15,JAX,0.0,0
00-0034613,Tanner Hudson,TE,CIN,2024,15,TEN,0.9,1
00-0034646,Brandon Powell,WR,MIN,2024,15,CHI,1.2,1
00-0034753,Mark Andrews,TE,BAL,2024,15,NYG,8.4,2
00-0034771,Mason Rudolph,QB,TEN,2024,15,CIN,15.76,0
00-0034777,D.J. Chark,WR,LAC,2024,15,TB,1.6,2
00-0034791,Nick Chubb,RB,CLE,2024,15,KC,2.1,0
00-0034796,Lamar Jackson,QB,BAL,2024,15,NYG,36.1,0
00-0034798,Durham Smythe,TE,MIA,2024,15,HOU,0.8,1
00-0034827,D.J. Moore,WR,CHI,2024,15,MIN,7.0,8
00-0034829,Mike Gesicki,TE,CIN,2024,15,TEN,3.7,3
00-0034837,Calvin Ridley,WR,TEN,2024,15,CIN,6.0,3
00-0034844,Saquon Barkley,RB,PHI,2024,15,PIT,7.4,2
00-0034855,Baker Mayfield,QB,TB,2024,15,LAC,28.02,0
00-0034857,Josh Allen,QB,BUF,2024,15,DET,41.28,0
00-0034860,Dante Pettis,WR,NO,2024,15,WAS,2.4,2
00-0034869,Sam Darnold,QB,MIN,2024,15,CHI,11.24,0
00-0034960,Jakobi Meyers,WR,LV,2024,15,ATL,5.9,5
00-0034972,Alexander Mattison,RB,LV,2024,15,ATL,0.4,2
00-0034975,Justice Hill,RB,BAL,2024,15,NYG,12.8,5
00-0034981,Foster Moreau,TE,NO,2024,15,WAS,9.9,4
00-0035208,Olamide Zaccheaus,WR,WAS,2024,15,NO,3.6,3
00-0035228,Kyler Murray,QB,ARI,2024,15,NE,10.06,0
00-0035229,T.J. Hockenson,TE,MIN,2024,15,CHI,5.2,5
00-0035250,Devin Singletary,RB,NYG,2024,15,BAL,10.1,3
00-0035261,Tony Pollard,RB,TEN,2024,15,CIN,8.5,0
00-0035298,Scott Miller,WR,PIT,2024,15,PHI,0.0,0
00-0035406,Lil'Jordan Humphrey,WR,DEN,2024,15,IND,0.0,0
00-0035500,Greg Dortch,WR,ARI,2024,15,NE,6.6,3
00-0035535,Darius Slayton,WR,NYG,2024,15,BAL,1.6,1
00-0035537,Ty Johnson,RB,BUF,2024,15,DET,12.3,5
00-0035594,Travis Homer,RB,CHI,2024,15,MIN,0.7,0
00-0035631,Drew Sample,TE,CIN,2024,15,TEN,0.8,1
00-0035640,DK Metcalf,WR,SEA,2024,15,GB,2.8,3
00-0035644,Noah Fant,TE,SEA,2024,15,GB,1.5,3
00-0035659,Terry McLaurin,WR,WAS,2024,15,NO,19.3,7
00-0035676,A.J. Brown,WR,PHI,2024,15,PIT,17.0,8
00-0035685,David Montgomery,RB,DET,2024,15,BUF,3.5,4
00-0035689,Dawson Knox,TE,BUF,2024,15,DET,4.2,2
00-0035700,Josh Jacobs,RB,GB,2024,15,SEA,17.6,4
00-0035719,Deebo Samuel,WR,SF,2024,15,LA,1.9,3
00-0036040,Juwan Johnson,TE,NO,2024,15,WAS,1.2,2
00-0036139,Rico Dowdle,RB,DAL,2024,15,CAR,14.9,0
00-0036176,Mason Kinsey,WR,TEN,2024,15,CIN,1.1,1
00-0036182,Nick Westbrook-Ikhine,WR,TEN,2024,15,CIN,0.9,2
00-0036212,Tua Tagovailoa,QB,MIA,2024,15,HOU,3.84,0
00-0036223,Jonathan Taylor,RB,IND,2024,15,DEN,11.1,1
00-0036244,Colby Parkinson,TE,LA,2024,15,SF,2.1,2
00-0036252,Michael Pittman,WR,IND,2024,15,DEN,3.8,6
00-0036259,Jauan Jennings,WR,SF,2024,15,LA,3.1,2
00-0036264,Jordan Love,QB,GB,2024,15,SEA,17.56,0
00-0036275,D'Andre Swift,RB,CHI,2024,15,MIN,8.9,1
00-0036290,Cole Kmet,TE,CHI,2024,15,MIN,1.4,1
00-0036309,Darnell Mooney,WR,ATL,2024,15,LV,0.0,0
00-0036322,Justin Jefferson,WR,MIN,2024,15,CHI,13.3,7
00-0036328,Antonio Gibson,RB,NE,2024,15,ARI,6.4,2
00-0036331,Devin Duvernay,WR,JAX,2024,15,NYJ,4.2,3
00-0036355,Justin Herbert,QB,LAC,2024,15,TB,13.8,0
00-0036358,CeeDee Lamb,WR,DAL,2024,15,CAR,17.6,9
00-0036389,Jalen Hurts,QB,PHI,2024,15,PIT,28.1,0
00-0036407,Jerry Jeudy,WR,CLE,2024,15,KC,10.8,11
00-0036410,Tee Higgins,WR,CIN,2024,15,TEN,14.8,5
00-0036414,Cam Akers,RB,MIN,2024,15,CHI,8.4,0
00-0036415,Van Jefferson,WR,PIT,2024,15,PHI,0.0,1
00-0036422,Adam Trautman,TE,DEN,2024,15,IND,8.0,2
00-0036425,DeeJay Dallas,RB,ARI,2024,15,NE,1.5,0
00-0036429,Charlie Woerner,TE,ATL,2024,15,LV,0.7,2
00-0036442,Joe Burrow,QB,CIN,2024,15,TEN,16.84,0
00-0036550,Rashod Bateman,WR,BAL,2024,15,NYG,20.0,3
00-0036554,Nico Collins,WR,HOU,2024,15,MIA,13.7,4
00-0036555,Chuba Hubbard,RB,CAR,2024,15,DAL,4.9,4
00-0036613,Jaylen Waddle,WR,MIA,2024,15,HOU,0.0,0
00-0036626,Dyami Brown,WR,WAS,2024,15,NO,3.0,3
00-0036628,John Bates,TE,WAS,2024,15,NO,0.6,1
00-0036630,Tylan Wallace,WR,BAL,2024,15,NYG,0.8,1
00-0036637,Noah Gray,TE,KC,2024,15,CLE,8.1,2
00-0036849,Tutu Atwell,WR,LA,2024,15,SF,0.6,1
00-0036862,Ben Skowronek,WR,PIT,2024,15,PHI,1.7,1
00-0036875,Rhamondre Stevenson,RB,NE,2024,15,ARI,8.5,1
00-0036876,Kylen Granson,TE,IND,2024,15,DEN,4.7,3
00-0036893,Najee Harris,RB,PIT,2024,15,PHI,2.1,1
00-0036894,Pat Freiermuth,TE,PIT,2024,15,PHI,8.2,3
00-0036900,Ja'Marr Chase,WR,CIN,2024,15,TEN,9.4,9
00-0036906,Khalil Herbert,RB,CIN,2024,15,TEN,0.4,0
00-0036912,DeVonta Smith,WR,PHI,2024,15,PIT,17.0,11
00-0036919,Kenneth Gainwell,RB,PHI,2024,15,PIT,6.0,3
00-0036945,Justin Fields,QB,PIT,2024,15,PHI,0.8,0
00-0036955,Terrace Marshall,WR,LV,2024,15,ATL,0.7,1
00-0036963,Amon-Ra St. Brown,WR,DET,2024,15,BUF,23.3,14
00-0036970,Kyle Pitts,TE,ATL,2024,15,LV,2.8,4
00-0036972,Mac Jones,QB,JAX,2024,15,NYJ,18.66,0
00-0036973,Travis Etienne,RB,JAX,2024,15,NYJ,8.5,4
00-0036980,Elijah Moore,WR,CLE,2024,15,KC,-0.1,2
00-0036984,Trey Sermon,RB,IND,2024,15,DEN,1.2,2
00-0036988,Josh Palmer,WR,LAC,2024,15,TB,1.0,2
00-0036997,Javonte Williams,RB,DEN,2024,15,IND,2.3,2
00-0037004,Hunter Long,TE,LA,2024,15,SF,1.7,2
00-0037005,Tommy Tremble,TE,CAR,2024,15,DAL,1.5,2
00-0037077,Sam Howell,QB,SEA,2024,15,GB,-0.84,0
00-0037086,Grant Calcaterra,TE,PHI,2024,15,PIT,2.2,1
00-0037120,Tyler Goodson,RB,IND,2024,15,DEN,0.3,0
00-0037197,Isiah Pacheco,RB,KC,2024,15,CLE,4.7,1
00-0037228,Jaylen Warren,RB,PIT,2024,15,PHI,1.5,1
00-0037231,Kevin Austin,WR,NO,2024,15,WAS,0.8,1
00-0037238,Drake London,WR,ATL,2024,15,LV,11.3,3
00-0037240,Jameson Williams,WR,DET,2024,15,BUF,9.7,3
00-0037248,James Cook,RB,BUF,2024,15,DET,25.3,1
00-0037256,Rachaad White,RB,TB,2024,15,LAC,12.1,2
00-0037261,Khalil Shakir,WR,BUF,2024,15,DET,9.9,6
00-0037263,Tyler Allgeier,RB,ATL,2024,15,LV,4.3,0
00-0037267,Jerome Ford,RB,CLE,2024,15,KC,16.4,2
00-0037276,Ty Chandler,RB,MIN,2024,15,CHI,0.4,0
00-0037291,Jalen Nailor,WR,MIN,2024,15,CHI,0.5,1
00-0037300,Mike Woods,WR,CLE,2024,15,KC,0.7,2
00-0037475,Stone Smartt,TE,LAC,2024,15,TB,3.0,5
00-0037509,Sincere McCormick,RB,LV,2024,15,ATL,2.5,2
00-0037539,Lucas Krull,TE,DEN,2024,15,IND,0.8,2
00-0037614,John Metchie,WR,HOU,2024,15,MIA,1.7,2
00-0037654,Tucker Fisk,TE,LAC,2024,15,TB,0.7,1
00-0037664,Alec Pierce,WR,IND,2024,15,DEN,0.0,0
00-0037666,Jalen Tolbert,WR,DAL,2024,15,CAR,7.1,1
00-0037740,Garrett Wilson,WR,NYJ,2024,15,JAX,11.6,3
00-0037741,Jahan Dotson,WR,PHI,2024,15,PIT,0.0,0
00-0037744,Trey McBride,TE,ARI,2024,15,NE,8.7,9
00-0037746,Brian Robinson,RB,WAS,2024,15,NO,8.7,3
00-0037801,Kavontae Turpin,WR,DAL,2024,15,CAR,2.7,0
00-0037805,Jeremy Ruckert,TE,NYJ,2024,15,JAX,1.2,1
00-0037809,Chigoziem Okonkwo,TE,TEN,2024,15,CIN,5.9,8
00-0037816,Romeo Doubs,WR,GB,2024,15,SEA,16.0,3
00-0037834,Brock Purdy,QB,SF,2024,15,LA,3.98,0
00-0037837,Calvin Austin,WR,PIT,2024,15,PHI,6.5,5
00-0037838,Isaiah Likely,TE,BAL,2024,15,NYG,1.7,2
00-0037840,Kyren Williams,RB,LA,2024,15,SF,11.2,2
00-0038041,Jake Ferguson,TE,DAL,2024,15,CAR,2.3,2
00-0038115,Daniel Bellinger,TE,NYG,2024,15,BAL,3.5,3
00-0038117,Wan'Dale Robinson,WR,NYG,2024,15,BAL,3.8,4
00-0038120,Breece Hall,RB,NYJ,2024,15,JAX,11.1,2
00-0038122,Desmond Ridder,QB,LV,2024,15,ATL,11.12,0
00-0038124,Christian Watson,WR,GB,2024,15,SEA,5.6,3
00-0038129,Cade Otton,TE,TB,2024,15,LAC,2.4,2
00-0038393,Dontayvion Wicks,WR,GB,2024,15,SEA,1.4,2
00-0038394,Will Mallory,TE,IND,2024,15,DEN,0.0,0
00-0038416,Tyson Bagent,QB,CHI,2024,15,MIN,0.2,0
00-0038476,Tommy DeVito,QB,NYG,2024,15,BAL,2.72,0
00-0038507,Grant DuBose,WR,MIA,2024,15,HOU,-0.2,1
00-0038542,Bijan Robinson,RB,ATL,2024,15,LV,13.5,1
00-0038543,Jaxon Smith-Njigba,WR,SEA,2024,15,GB,8.3,10
00-0038544,Quentin Johnston,WR,LAC,2024,15,TB,10.5,5
00-0038551,Kendre Miller,RB,NO,2024,15,WAS,4.6,0
00-0038555,Tank Bigsby,RB,JAX,2024,15,NYJ,4.2,0
00-0038559,Michael Wilson,WR,ARI,2024,15,NE,0.9,2
00-0038563,Tre Tucker,WR,LV,2024,15,ATL,1.8,2
00-0038582,Clayton Tune,QB,ARI,2024,15,NE,0.22,0
00-0038583,Dorian Thompson-Robinson,QB,CLE,2024,15,KC,0.32,0
00-0038589,Josh Whyle,TE,TEN,2024,15,CIN,9.7,5
00-0038597,Chase Brown,RB,CIN,2024,15,TEN,23.3,3
00-0038606,Parker Washington,WR,JAX,2024,15,NYJ,5.4,3
00-0038608,Kayshon Boutte,WR,NE,2024,15,ARI,1.9,2
00-0038611,Chris Rodriguez,RB,WAS,2024,15,NO,0.2,0
00-0038618,Xavier Hutchinson,WR,HOU,2024,15,MIA,1.3,1
00-0038619,Andrei Iosivas,WR,CIN,2024,15,TEN,0.5,1
00-0038621,Demario Douglas,WR,NE,2024,15,ARI,7.1,3
00-0038636,Kenny McIntosh,RB,SEA,2024,15,GB,0.9,0
00-0038640,Jalen Brooks,WR,DAL,2024,15,CAR,7.7,1
00-0038685,Christopher Brooks,RB,GB,2024,15,SEA,1.5,1
00-0038710,Blake Whiteheart,TE,CLE,2024,15,KC,0.0,0
00-0038752,Jake Bobo,WR,SEA,2024,15,GB,0.8,1
00-0038783,Nate Adkins,TE,DEN,2024,15,IND,7.5,1
00-0038794,Jaleel McLaughlin,RB,DEN,2024,15,IND,3.4,3
00-0038797,Emanuel Wilson,RB,GB,2024,15,SEA,0.9,0
00-0038824,Ryan Miller,WR,TB,2024,15,LAC,0.1,1
00-0038933,Dalton Kincaid,TE,BUF,2024,15,DET,5.3,4
00-0038935,Brenton Strange,TE,JAX,2024,15,NYJ,7.3,11
00-0038941,Tyler Scott,WR,CHI,2024,15,MIN,0.5,1
00-0038951,Sean Tucker,RB,TB,2024,15,LAC,1.7,0
00-0038976,Marvin Mims,WR,DEN,2024,15,IND,2.0,4
00-0038977,Tank Dell,WR,HOU,2024,15,MIA,4.1,2
00-0038994,Jordan Addison,WR,MIN,2024,15,CHI,6.3,7
00-0038996,Tucker Kraft,TE,GB,2024,15,SEA,3.4,2
00-0038997,Josh Downs,WR,IND,2024,15,DEN,3.2,3
00-0038998,Jake Haener,QB,NO,2024,15,WAS,0.66,0
00-0039032,Tyjae Spears,RB,TEN,2024,15,CIN,21.2,6
00-0039040,Devon Achane,RB,MIA,2024,15,HOU,7.6,7
00-0039041,Elijah Higgins,TE,ARI,2024,15,NE,0.5,1
00-0039064,Zay Flowers,WR,BAL,2024,15,NYG,5.3,6
00-0039065,Sam LaPorta,TE,DET,2024,15,BUF,11.1,7
00-0039066,Michael Mayer,TE,LV,2024,15,ATL,1.1,1
00-0039075,Puka Nacua,WR,LA,2024,15,SF,10.8,7
00-0039139,Jahmyr Gibbs,RB,DET,2024,15,BUF,23.4,5
00-0039146,Jayden Reed,WR,GB,2024,15,SEA,6.1,5
00-0039150,Bryce Young,QB,CAR,2024,15,DAL,11.96,0
00-0039152,Will Levis,QB,TEN,2024,15,CIN,-4.44,0
00-0039163,C.J. Stroud,QB,HOU,2024,15,MIA,11.64,0
00-0039164,Anthony Richardson,QB,IND,2024,15,DEN,13.38,1
00-0039165,Zach Charbonnet,RB,SEA,2024,15,GB,12.6,1
00-0039236,Johnny Wilson,WR,PHI,2024,15,PIT,0.0,0
00-0039299,George Holani,RB,SEA,2024,15,GB,1.0,0
00-0039337,Malik Nabers,WR,NYG,2024,15,BAL,14.2,10
00-0039338,Brock Bowers,TE,LV,2024,15,ATL,3.5,3
00-0039342,Xavier Legette,WR,CAR,2024,15,DAL,0.9,2
00-0039355,Luke McCaffrey,WR,WAS,2024,15,NO,0.0,1
00-0039356,Ja'Tavion Sanders,TE,CAR,2024,15,DAL,0.0,0
00-0039361,Bucky Irving,RB,TB,2024,15,LAC,11.3,2
00-0039363,Isaac Guerendo,RB,SF,2024,15,LA,7.5,4
00-0039373,Audric Estime,RB,DEN,2024,15,IND,1.8,1
00-0039376,Spencer Rattler,QB,NO,2024,15,WAS,9.4,0
00-0039379,Jamari Thrash,WR,CLE,2024,15,KC,0.0,0
00-0039384,Tyrone Tracy,RB,NYG,2024,15,BAL,3.5,1
00-0039391,Kimani Vidal,RB,LAC,2024,15,TB,2.2,2
00-0039424,Devaughn Vele,WR,DEN,2024,15,IND,0.0,0
00-0039491,Jalen Coker,WR,CAR,2024,15,DAL,17.0,4
00-0039530,Brevyn Spann-Ford,TE,DAL,2024,15,CAR,0.2,1
00-0039631,Cam Grandy,TE,CIN,2024,15,TEN,1.2,2
00-0039650,Bryce Oliver,WR,TEN,2024,15,CIN,0.8,1
00-0039732,Bo Nix,QB,DEN,2024,15,IND,13.5,0
00-0039737,Tip Reiman,TE,ARI,2024,15,NE,0.8,2
00-0039738,Blake Corum,RB,LA,2024,15,SF,2.0,2
00-0039792,Devontez Walker,WR,BAL,2024,15,NYG,8.1,1
00-0039793,A.J. Barner,TE,SEA,2024,15,GB,0.5,1
00-0039794,Braelon Allen,RB,NYJ,2024,15,JAX,0.5,0
00-0039796,Rasheen Ali,RB,BAL,2024,15,NYG,3.2,0
00-0039798,Isaiah Davis,RB,NYJ,2024,15,JAX,2.6,1
00-0039816,Anthony Gould,WR,IND,2024,15,DEN,2.3,1
00-0039849,Marvin Harrison,WR,ARI,2024,15,NE,3.2,2
00-0039851,Drake Maye,QB,NE,2024,15,ARI,17.48,0
00-0039855,Jalen McMillan,WR,TB,2024,15,LAC,13.5,5
00-0039868,Troy Franklin,WR,DEN,2024,15,IND,0.9,2
00-0039874,Jaylen Wright,RB,MIA,2024,15,HOU,0.3,0
00-0039875,Ray Davis,RB,BUF,2024,15,DET,8.9,2
00-0039880,Malik Washington,WR,MIA,2024,15,HOU,5.2,5
00-0039890,Adonai Mitchell,WR,IND,2024,15,DEN,-3.0,0
00-0039893,Brian Thomas,WR,JAX,2024,15,NYJ,22.5,10
00-0039894,Xavier Worthy,WR,KC,2024,15,CLE,13.6,6
00-0039901,Keon Coleman,WR,BUF,2024,15,DET,6.4,1
00-0039907,Ja'Lynn Polk,WR,NE,2024,15,ARI,0.0,0
00-0039910,Jayden Daniels,QB,WAS,2024,15,NO,23.64,0
00-0039912,Ben Sinnott,TE,WAS,2024,15,NO,0.7,1
00-0039915,Ladd McConkey,WR,LAC,2024,15,TB,11.8,5
00-0039916,Ricky Pearsall,WR,SF,2024,15,LA,1.6,1
00-0039918,Caleb Williams,QB,CHI,2024,15,MIN,9.94,0
00-0039919,Rome Odunze,WR,CHI,2024,15,MIN,3.9,2
00-0039921,Trey Benson,RB,ARI,2024,15,NE,2.2,0
00-0023459,Aaron Rodgers,QB,NYJ,2024,16,LA,12.84,0
00-0026498,Matthew Stafford,QB,LA,2024,16,NYJ,6.0,0
00-0029263,Russell Wilson,QB,PIT,2024,16,BAL,15.38,0
00-0030035,Adam Thielen,WR,CAR,2024,16,ARI,10.3,5
00-0030061,Zach Ertz,TE,WAS,2024,16,PHI,1.2,1
00-0030279,Keenan Allen,WR,CHI,2024,16,DET,20.1,9
00-0030431,Robert Woods,WR,HOU,2024,16,KC,1.9,3
00-0030506,Travis Kelce,TE,KC,2024,16,HOU,3.0,5
00-0030564,DeAndre Hopkins,WR,KC,2024,16,HOU,3.7,4
00-0030565,Geno Smith,QB,SEA,2024,16,MIN,21.36,0
00-0030578,Cordarrelle Patterson,RB,PIT,2024,16,BAL,7.2,1
00-0031236,Brandin Cooks,WR,DAL,2024,16,TB,4.8,3
00-0031381,Davante Adams,WR,NYJ,2024,16,LA,12.8,7
00-0031408,Mike Evans,WR,TB,2024,16,DAL,6.9,5
00-0031544,Amari Cooper,WR,BUF,2024,16,NE,1.0,1
00-0031585,MyCole Pruitt,TE,PIT,2024,16,BAL,6.1,1
00-0031687,Raheem Mostert,RB,MIA,2024,16,SF,4.6,2
00-0031941,Jamison Crowder,WR,WAS,2024,16,PHI,13.5,2
00-0032104,Ameer Abdullah,RB,LV,2024,16,JAX,14.5,5
00-0032211,Tyler Lockett,WR,SEA,2024,16,MIN,1.9,2
00-0032385,Sterling Shepard,WR,TB,2024,16,DAL,3.4,1
00-0032392,Austin Hooper,TE,NE,2024,16,BUF,5.5,4
00-0032764,Derrick Henry,RB,BAL,2024,16,PIT,18.9,2
00-0032775,Demarcus Robinson,WR,LA,2024,16,NYJ,0.0,0
00-0033009,Tyler Boyd,WR,TEN,2024,16,IND,2.0,2
00-0033040,Tyreek Hill,WR,MIA,2024,16,SF,8.9,3
00-0033045,Ezekiel Elliott,RB,DAL,2024,16,TB,6.1,0
00-0033090,Hunter Henry,TE,NE,2024,16,BUF,9.9,4
00-0033106,Jared Goff,QB,DET,2024,16,CHI,25.34,0
00-0033110,Tyler Higbee,TE,LA,2024,16,NYJ,7.1,1
00-0033217,Mo Alie-Cox,TE,IND,2024,16,TEN,1.5,1
00-0033288,George Kittle,TE,SF,2024,16,MIA,10.6,8
00-0033293,Aaron Jones,RB,MIN,2024,16,SEA,9.3,3
00-0033307,Kendrick Bourne,WR,NE,2024,16,BUF,1.8,2
00-0033375,Tim Patrick,WR,DET,2024,16,CHI,0.0,0
00-0033439,Pharaoh Brown,TE,SEA,2024,16,MIN,1.7,1
00-0033526,Samaje Perine,RB,KC,2024,16,HOU,5.0,3
00-0033536,Mike Williams,WR,PIT,2024,16,BAL,2.4,3
00-0033553,James Conner,RB,ARI,2024,16,CAR,22.6,4
00-0033555,Mack Hollins,WR,BUF,2024,16,NE,2.5,2
00-0033576,Eric Saubert,TE,SF,2024,16,MIA,6.2,1
00-0033589,David Moore,WR,CAR,2024,16,ARI,9.9,2
00-0033662,Cooper Rush,QB,DAL,2024,16,TB,15.28,0
00-0033854,Dare Ogunbowale,RB,HOU,2024,16,KC,0.0,0
00-0033857,JuJu Smith-Schuster,WR,KC,2024,16,HOU,0.0,0
00-0033858,Jonnu Smith,TE,MIA,2024,16,SF,6.2,6
00-0033873,Patrick Mahomes,QB,KC,2024,16,HOU,23.7,0
00-0033885,David Njoku,TE,CLE,2024,16,CIN,6.6,8
00-0033895,Gerald Everett,TE,CHI,2024,16,DET,0.6,1
00-0033897,Joe Mixon,RB,HOU,2024,16,KC,7.1,1
00-0033908,Cooper Kupp,WR,LA,2024,16,NYJ,2.4,3
00-0033923,Kareem Hunt,RB,KC,2024,16,HOU,13.9,2
00-0033925,D'Onta Foreman,RB,CLE,2024,16,CIN,-1.9,0
00-0033943,Josh Reynolds,WR,JAX,2024,16,LV,0.0,0
00-0033948,Jamaal Williams,RB,NO,2024,16,GB,0.8,0
00-0033955,Jeremy McNichols,RB,WAS,2024,16,PHI,3.8,4
00-0034054,River Cracraft,WR,MIA,2024,16,SF,0.6,1
00-0034115,Jeffery Wilson,RB,MIA,2024,16,SF,1.2,0
00-0034184,Gus Edwards,RB,LAC,2024,16,DEN,19.1,1
00-0034208,Mike Boone,RB,CAR,2024,16,ARI,0.1,0
00-0034270,Tyler Conklin,TE,NYJ,2024,16,LA,5.9,5
00-0034348,Courtland Sutton,WR,DEN,2024,16,LAC,5.0,5
00-0034364,Jordan Akins,TE,CLE,2024,16,CIN,0.8,1
00-0034383,Dalton Schultz,TE,HOU,2024,16,KC,10.5,5
00-0034386,Justin Watson,WR,KC,2024,16,HOU,0.0,0
00-0034407,Ray-Ray McCloud,WR,ATL,2024,16,NYG,2.7,3
00-0034418,Cedrick Wilson,WR,NO,2024,16,GB,1.3,1
00-0034521,Allen Lazard,WR,NYJ,2024,16,LA,2.0,2
00-0034753,Mark Andrews,TE,BAL,2024,16,PIT,9.8,4
00-0034771,Mason Rudolph,QB,TEN,2024,16,IND,14.38,0
00-0034796,Lamar Jackson,QB,BAL,2024,16,PIT,20.48,0
00-0034798,Durham Smythe,TE,MIA,2024,16,SF,0.5,1
00-0034827,D.J. Moore,WR,CHI,2024,16,DET,7.0,7
00-0034829,Mike Gesicki,TE,CIN,2024,16,CLE,1.4,2
00-0034830,Hayden Hurst,TE,LAC,2024,16,DEN,0.8,1
00-0034837,Calvin Ridley,WR,TEN,2024,16,IND,13.8,3
00-0034844,Saquon Barkley,RB,PHI,2024,16,WAS,27.0,0
00-0034855,Baker Mayfield,QB,TB,2024,16,DAL,22.32,0
00-0034857,Josh Allen,QB,BUF,2024,16,NE,11.16,0
00-0034860,Dante Pettis,WR,NO,2024,16,GB,3.1,2
00-0034869,Sam Darnold,QB,MIN,2024,16,SEA,22.94,0
00-0034960,Jakobi Meyers,WR,LV,2024,16,JAX,4.1,2
00-0034972,Alexander Mattison,RB,LV,2024,16,JAX,11.6,4
00-0034975,Justice Hill,RB,BAL,2024,16,PIT,3.0,0
00-0034981,Foster Moreau,TE,NO,2024,16,GB,3.3,2
00-0035100,Jake Browning,QB,CIN,2024,16,CLE,-0.1,0
00-0035208,Olamide Zaccheaus,WR,WAS,2024,16,PHI,19.0,5
00-0035228,Kyler Murray,QB,ARI,2024,16,CAR,20.38,0
00-0035229,T.J. Hockenson,TE,MIN,2024,16,SEA,2.7,2
00-0035249,Josh Oliver,TE,MIN,2024,16,SEA,0.0,0
00-0035250,Devin Singletary,RB,NYG,2024,16,ATL,1.2,0
00-0035261,Tony Pollard,RB,TEN,2024,16,IND,6.0,2
00-0035500,Greg Dortch,WR,ARI,2024,16,CAR,2.7,1
00-0035535,Darius Slayton,WR,NYG,2024,16,ATL,2.7,1
00-0035537,Ty Johnson,RB,BUF,2024,16,NE,3.0,0
00-0035567,Craig Reynolds,RB,DET,2024,16,CHI,2.3,1
00-0035628,D'Ernest Johnson,RB,JAX,2024,16,LV,0.8,1
00-0035631,Drew Sample,TE,CIN,2024,16,CLE,1.2,1
00-0035640,DK Metcalf,WR,SEA,2024,16,MIN,11.7,3
00-0035644,Noah Fant,TE,SEA,2024,16,MIN,5.0,3
00-0035659,Terry McLaurin,WR,WAS,2024,16,PHI,12.0,5
00-0035662,Marquise Brown,WR,KC,2024,16,HOU,4.5,5
00-0035676,A.J. Brown,WR,PHI,2024,16,WAS,15.7,8
00-0035689,Dawson Knox,TE,BUF,2024,16,NE,2.2,2
00-0035700,Josh Jacobs,RB,GB,2024,16,NO,16.7,4
00-0035704,Drew Lock,QB,NYG,2024,16,ATL,6.5,0
00-0035719,Deebo Samuel,WR,SF,2024,16,MIA,18.1,7
00-0035973,Patrick Taylor,RB,SF,2024,16,MIA,2.5,1
00-0035976,Dan Chisena,WR,CAR,2024,16,ARI,2.3,1
00-0036040,Juwan Johnson,TE,NO,2024,16,GB,2.7,2
00-0036139,Rico Dowdle,RB,DAL,2024,16,TB,5.1,3
00-0036176,Mason Kinsey,WR,TEN,2024,16,IND,0.6,1
00-0036182,Nick Westbrook-Ikhine,WR,TEN,2024,16,IND,7.7,2
00-0036212,Tua Tagovailoa,QB,MIA,2024,16,SF,12.5,0
00-0036223,Jonathan Taylor,RB,IND,2024,16,TEN,39.8,0
00-0036244,Colby Parkinson,TE,LA,2024,16,NYJ,0.0,0
00-0036252,Michael Pittman,WR,IND,2024,16,TEN,1.9,2
00-0036254,Collin Johnson,WR,CHI,2024,16,DET,0.0,0
00-0036259,Jauan Jennings,WR,SF,2024,16,MIA,5.1,4
00-0036264,Jordan Love,QB,GB,2024,16,NO,11.48,0
00-0036275,D'Andre Swift,RB,CHI,2024,16,DET,5.3,3
00-0036290,Cole Kmet,TE,CHI,2024,16,DET,6.9,2
00-0036309,Darnell Mooney,WR,ATL,2024,16,NYG,8.2,5
00-0036322,Justin Jefferson,WR,MIN,2024,16,SEA,26.4,10
00-0036328,Antonio Gibson,RB,NE,2024,16,BUF,3.6,2
00-0036331,Devin Duvernay,WR,JAX,2024,16,LV,0.3,1
00-0036332,Josiah Deguara,TE,JAX,2024,16,LV,0.4,1
00-0036355,Justin Herbert,QB,LAC,2024,16,DEN,22.16,0
00-0036358,CeeDee Lamb,WR,DAL,2024,16,TB,10.5,7
00-0036389,Jalen Hurts,QB,PHI,2024,16,WAS,4.54,0
00-0036407,Jerry Jeudy,WR,CLE,2024,16,CIN,2.0,2
00-0036410,Tee Higgins,WR,CIN,2024,16,CLE,11.8,8
00-0036414,Cam Akers,RB,MIN,2024,16,SEA,0.3,0
00-0036415,Van Jefferson,WR,PIT,2024,16,BAL,2.7,2
00-0036422,Adam Trautman,TE,DEN,2024,16,LAC,0.5,1
00-0036425,DeeJay Dallas,RB,ARI,2024,16,CAR,6.1,1
00-0036429,Charlie Woerner,TE,ATL,2024,16,NYG,0.0,0
00-0036442,Joe Burrow,QB,CIN,2024,16,CLE,21.98,0
00-0036463,Chris Blair,WR,ATL,2024,16,NYG,1.7,1
00-0036510,Kenny Yeboah,TE,NYJ,2024,16,LA,0.0,0
00-0036550,Rashod Bateman,WR,BAL,2024,16,PIT,7.4,1
00-0036554,Nico Collins,WR,HOU,2024,16,KC,6.0,7
00-0036555,Chuba Hubbard,RB,CAR,2024,16,ARI,28.5,4
00-0036626,Dyami Brown,WR,WAS,2024,16,PHI,3.6,4
00-0036628,John Bates,TE,WAS,2024,16,PHI,0.0,0
00-0036637,Noah Gray,TE,KC,2024,16,HOU,1.0,1
00-0036670,Jermar Jefferson,RB,DET,2024,16,CHI,2.3,1
00-0036849,Tutu Atwell,WR,LA,2024,16,NYJ,1.2,1
00-0036862,Ben Skowronek,WR,PIT,2024,16,BAL,2.5,2
00-0036875,Rhamondre Stevenson,RB,NE,2024,16,BUF,11.3,1
00-0036887,Luke Farrell,TE,JAX,2024,16,LV,0.8,2
00-0036893,Najee Harris,RB,PIT,2024,16,BAL,4.2,0
00-0036894,Pat Freiermuth,TE,PIT,2024,16,BAL,1.6,3
00-0036900,Ja'Marr Chase,WR,CIN,2024,16,CLE,16.4,6
00-0036912,DeVonta Smith,WR,PHI,2024,16,WAS,5.1,6
00-0036919,Kenneth Gainwell,RB,PHI,2024,16,WAS,1.3,1
00-0036924,Michael Carter,RB,ARI,2024,16,CAR,4.8,5
00-0036955,Terrace Marshall,WR,LV,2024,16,JAX,0.0,0
00-0036963,Amon-Ra St. Brown,WR,DET,2024,16,CHI,13.0,6
00-0036970,Kyle Pitts,TE,ATL,2024,16,NYG,0.7,1
00-0036972,Mac Jones,QB,JAX,2024,16,LV,13.88,0
00-0036973,Travis Etienne,RB,JAX,2024,16,LV,3.7,2
00-0036980,Elijah Moore,WR,CLE,2024,16,CIN,2.1,2
00-0036984,Trey Sermon,RB,IND,2024,16,TEN,2.5,0
00-0036988,Josh Palmer,WR,LAC,2024,16,DEN,6.1,3
00-0036997,Javonte Williams,RB,DEN,2024,16,LAC,5.3,7
00-0037005,Tommy Tremble,TE,CAR,2024,16,ARI,3.2,3
00-0037091,Bo Melton,WR,GB,2024,16,NO,1.4,0
00-0037120,Tyler Goodson,RB,IND,2024,16,TEN,2.2,0
00-0037197,Isiah Pacheco,RB,KC,2024,16,HOU,2.5,1
00-0037228,Jaylen Warren,RB,PIT,2024,16,BAL,9.2,5
00-0037231,Kevin Austin,WR,NO,2024,16,GB,1.7,1
00-0037238,Drake London,WR,ATL,2024,16,NYG,5.9,5
00-0037240,Jameson Williams,WR,DET,2024,16,CHI,21.0,5
00-0037248,James Cook,RB,BUF,2024,16,NE,24.6,3
00-0037256,Rachaad White,RB,TB,2024,16,DAL,4.0,7
00-0037258,Dameon Pierce,RB,HOU,2024,16,KC,0.4,0
00-0037261,Khalil Shakir,WR,BUF,2024,16,NE,2.2,2
00-0037263,Tyler Allgeier,RB,ATL,2024,16,NYG,3.1,1
00-0037267,Jerome Ford,RB,CLE,2024,16,CIN,19.1,5
00-0037291,Jalen Nailor,WR,MIN,2024,16,SEA,0.5,1
00-0037292,Andrew Ogletree,TE,IND,2024,16,TEN,0.0,0
00-0037300,Mike Woods,WR,CLE,2024,16,CIN,0.0,0
00-0037304,Connor Heyward,TE,PIT,2024,16,BAL,0.3,1
00-0037429,Raheem Blackshear,RB,CAR,2024,16,ARI,1.3,0
00-0037475,Stone Smartt,TE,LAC,2024,16,DEN,3.7,3
00-0037487,Deven Thompkins,WR,CAR,2024,16,ARI,0.9,0
00-0037539,Lucas Krull,TE,DEN,2024,16,LAC,2.1,3
00-0037617,Hassan Haskins,RB,LAC,2024,16,DEN,9.9,2
00-0037654,Tucker Fisk,TE,LAC,2024,16,DEN,1.0,1
00-0037666,Jalen Tolbert,WR,DAL,2024,16,TB,8.0,2
00-0037740,Garrett Wilson,WR,NYJ,2024,16,LA,5.4,6
00-0037744,Trey McBride,TE,ARI,2024,16,CAR,2.0,3
00-0037746,Brian Robinson,RB,WAS,2024,16,PHI,0.100000000000001,2
00-0037801,Kavontae Turpin,WR,DAL,2024,16,TB,1.8,1
00-0037805,Jeremy Ruckert,TE,NYJ,2024,16,LA,1.2,2
00-0037809,Chigoziem Okonkwo,TE,TEN,2024,16,IND,10.1,9
00-0037816,Romeo Doubs,WR,GB,2024,16,NO,2.0,2
00-0037834,Brock Purdy,QB,SF,2024,16,MIA,21.12,0
00-0037837,Calvin Austin,WR,PIT,2024,16,BAL,6.5,4
00-0037838,Isaiah Likely,TE,BAL,2024,16,PIT,8.9,3
00-0037840,Kyren Williams,RB,LA,2024,16,NYJ,18.9,1
00-0038041,Jake Ferguson,TE,DAL,2024,16,TB,4.0,6
00-0038098,Pierre Strong,RB,CLE,2024,16,CIN,0.9,2
00-0038102,Kenny Pickett,QB,PHI,2024,16,WAS,9.02,0
00-0038115,Daniel Bellinger,TE,NYG,2024,16,ATL,0.5,1
00-0038117,Wan'Dale Robinson,WR,NYG,2024,16,ATL,6.2,7
00-0038120,Breece Hall,RB,NYJ,2024,16,LA,9.0,5
00-0038124,Christian Watson,WR,GB,2024,16,NO,2.3,0
00-0038128,Malik Willis,QB,GB,2024,16,NO,1.16,0
00-0038134,Kenneth Walker,RB,SEA,2024,16,MIN,5.9,8
00-0038393,Dontayvion Wicks,WR,GB,2024,16,NO,7.3,3
00-0038396,Eric Gray,RB,NYG,2024,16,ATL,0.2,1
00-0038542,Bijan Robinson,RB,ATL,2024,16,NYG,22.3,2
00-0038543,Jaxon Smith-Njigba,WR,SEA,2024,16,MIN,16.0,8
00-0038544,Quentin Johnston,WR,LAC,2024,16,DEN,1.8,3
00-0038547,Luke Schoonmaker,TE,DAL,2024,16,TB,0.3,1
00-0038551,Kendre Miller,RB,NO,2024,16,GB,3.1,2
00-0038555,Tank Bigsby,RB,JAX,2024,16,LV,9.1,1
00-0038559,Michael Wilson,WR,ARI,2024,16,CAR,4.4,2
00-0038563,Tre Tucker,WR,LV,2024,16,JAX,3.3,2
00-0038573,Derius Davis,WR,LAC,2024,16,DEN,8.8,2
00-0038579,Aidan O'Connell,QB,LV,2024,16,JAX,11.48,0
00-0038583,Dorian Thompson-Robinson,QB,CLE,2024,16,CIN,7.18,0
00-0038597,Chase Brown,RB,CIN,2024,16,CLE,10.9,3
00-0038606,Parker Washington,WR,JAX,2024,16,LV,5.4,6
00-0038608,Kayshon Boutte,WR,NE,2024,16,BUF,15.5,5
00-0038611,Chris Rodriguez,RB,WAS,2024,16,PHI,0.5,0
00-0038618,Xavier Hutchinson,WR,HOU,2024,16,KC,0.8,1
00-0038619,Andrei Iosivas,WR,CIN,2024,16,CLE,11.3,3
00-0038621,Demario Douglas,WR,NE,2024,16,BUF,3.9,4
00-0038636,Kenny McIntosh,RB,SEA,2024,16,MIN,2.9,1
00-0038678,Jordan Mims,RB,NO,2024,16,GB,3.2,5
00-0038685,Christopher Brooks,RB,GB,2024,16,NO,8.5,1
00-0038752,Jake Bobo,WR,SEA,2024,16,MIN,0.6,1
00-0038783,Nate Adkins,TE,DEN,2024,16,LAC,1.8,2
00-0038797,Emanuel Wilson,RB,GB,2024,16,NO,11.6,1
00-0038821,Rakim Jarrett,WR,TB,2024,16,DAL,0.6,1
00-0038824,Ryan Miller,WR,TB,2024,16,DAL,7.7,2
00-0038933,Dalton Kincaid,TE,BUF,2024,16,NE,1.5,4
00-0038935,Brenton Strange,TE,JAX,2024,16,LV,0.2,2
00-0038938,Jalin Hyatt,WR,NYG,2024,16,ATL,0.9,1
00-0038976,Marvin Mims,WR,DEN,2024,16,LAC,6.5,3
00-0038977,Tank Dell,WR,HOU,2024,16,KC,15.8,6
00-0038994,Jordan Addison,WR,MIN,2024,16,SEA,9.5,5
00-0038996,Tucker Kraft,TE,GB,2024,16,NO,6.5,3
00-0038997,Josh Downs,WR,IND,2024,16,TEN,12.1,3
00-0039021,Roschon Johnson,RB,CHI,2024,16,DET,0.3,0
00-0039032,Tyjae Spears,RB,TEN,2024,16,IND,18.6,3
00-0039040,Devon Achane,RB,MIA,2024,16,SF,25.0,6
00-0039041,Elijah Higgins,TE,ARI,2024,16,CAR,0.0,0
00-0039050,Payne Durham,TE,TB,2024,16,DAL,2.9,5
00-0039052,Trey Palmer,WR,TB,2024,16,DAL,3.1,2
00-0039064,Zay Flowers,WR,BAL,2024,16,PIT,10.3,5
00-0039065,Sam LaPorta,TE,DET,2024,16,CHI,10.3,4
00-0039066,Michael Mayer,TE,LV,2024,16,JAX,0.0,0
00-0039075,Puka Nacua,WR,LA,2024,16,NYJ,5.6,8
00-0039139,Jahmyr Gibbs,RB,DET,2024,16,CHI,21.4,4
00-0039144,Luke Musgrave,TE,GB,2024,16,NO,0.0,0
00-0039146,Jayden Reed,WR,GB,2024,16,NO,8.1,3
00-0039150,Bryce Young,QB,CAR,2024,16,ARI,27.12,0
00-0039163,C.J. Stroud,QB,HOU,2024,16,KC,16.06,0
00-0039164,Anthony Richardson,QB,IND,2024,16,TEN,20.24,0
00-0039165,Zach Charbonnet,RB,SEA,2024,16,MIN,1.3,2
00-0039337,Malik Nabers,WR,NYG,2024,16,ATL,6.8,7
00-0039338,Brock Bowers,TE,LV,2024,16,JAX,9.9,11
00-0039355,Luke McCaffrey,WR,WAS,2024,16,PHI,1.3,1
00-0039361,Bucky Irving,RB,TB,2024,16,DAL,15.2,3
00-0039364,Sione Vaki,RB,DET,2024,16,CHI,2.0,2
00-0039373,Audric Estime,RB,DEN,2024,16,LAC,10.8,0
00-0039376,Spencer Rattler,QB,NO,2024,16,GB,4.92,0
00-0039379,Jamari Thrash,WR,CLE,2024,16,CIN,0.0,0
00-0039384,Tyrone Tracy,RB,NYG,2024,16,ATL,12.9,4
00-0039391,Kimani Vidal,RB,LAC,2024,16,DEN,2.4,0
00-0039410,Ryan Flournoy,WR,DAL,2024,16,TB,4.1,3
00-0039424,Devaughn Vele,WR,DEN,2024,16,LAC,8.1,2
00-0039491,Jalen Coker,WR,CAR,2024,16,ARI,0.8,2
00-0039573,Blake Watson,RB,DEN,2024,16,LAC,2.3,1
00-0039623,Mason Tipton,WR,NO,2024,16,GB,0.0,0
00-0039648,David Martin-Robinson,TE,TEN,2024,16,IND,0.6,1
00-0039732,Bo Nix,QB,DEN,2024,16,LAC,21.02,0
00-0039738,Blake Corum,RB,LA,2024,16,NYJ,1.4,0
00-0039793,A.J. Barner,TE,SEA,2024,16,MIN,7.3,2
00-0039794,Braelon Allen,RB,NYJ,2024,16,LA,1.0,1
00-0039796,Rasheen Ali,RB,BAL,2024,16,PIT,0.2,0
00-0039798,Isaiah Davis,RB,NYJ,2024,16,LA,1.2,0
00-0039849,Marvin Harrison,WR,ARI,2024,16,CAR,3.9,4
00-0039851,Drake Maye,QB,NE,2024,16,BUF,17.44,0
00-0039853,Javon Baker,WR,NE,2024,16,BUF,0.0,0
00-0039855,Jalen McMillan,WR,TB,2024,16,DAL,11.7,5
00-0039868,Troy Franklin,WR,DEN,2024,16,LAC,2.5,2
00-0039875,Ray Davis,RB,BUF,2024,16,NE,2.9,1
00-0039880,Malik Washington,WR,MIA,2024,16,SF,2.8,3
00-0039890,Adonai Mitchell,WR,IND,2024,16,TEN,3.6,1
00-0039893,Brian Thomas,WR,JAX,2024,16,LV,19.2,9
00-0039894,Xavier Worthy,WR,KC,2024,16,HOU,13.5,7
00-0039901,Keon Coleman,WR,BUF,2024,16,NE,1.7,1
00-0039910,Jayden Daniels,QB,WAS,2024,16,PHI,34.42,0
00-0039915,Ladd McConkey,WR,LAC,2024,16,DEN,8.7,6
00-0039916,Ricky Pearsall,WR,SF,2024,16,MIA,3.7,4
00-0039917,Michael Penix,QB,ATL,2024,16,NYG,6.38,0
00-0039918,Caleb Williams,QB,CHI,2024,16,DET,22.76,0
00-0039919,Rome Odunze,WR,CHI,2024,16,DET,5.7,4
00-0023459,Aaron Rodgers,QB,NYJ,2024,17,BUF,0.48,0
00-0026158,Joe Flacco,QB,IND,2024,17,NYG,15.3,0
00-0026300,Josh Johnson,QB,BAL,2024,17,HOU,0.64,0
00-0026498,Matthew Stafford,QB,LA,2024,17,ARI,9.16,0
00-0028118,Tyrod Taylor,QB,NYJ,2024,17,BUF,13.92,0
00-0029263,Russell Wilson,QB,PIT,2024,17,KC,17.7,0
00-0030035,Adam Thielen,WR,CAR,2024,17,TB,23.0,5
00-0030061,Zach Ertz,TE,WAS,2024,17,ATL,19.2,6
00-0030279,Keenan Allen,WR,CHI,2024,17,SEA,2.5,5
00-0030431,Robert Woods,WR,HOU,2024,17,BAL,2.1,2
00-0030506,Travis Kelce,TE,KC,2024,17,PIT,14.4,8
00-0030564,DeAndre Hopkins,WR,KC,2024,17,PIT,0.7,2
00-0030565,Geno Smith,QB,SEA,2024,17,CHI,8.3,0
00-0030578,Cordarrelle Patterson,RB,PIT,2024,17,KC,0.2,0
00-0031236,Brandin Cooks,WR,DAL,2024,17,PHI,5.2,4
00-0031381,Davante Adams,WR,NYJ,2024,17,BUF,4.7,5
00-0031408,Mike Evans,WR,TB,2024,17,CAR,21.7,8
00-0031428,Allen Robinson,WR,DET,2024,17,SF,2.1,1
00-0031484,Chris Manhertz,TE,NYG,2024,17,IND,1.2,1
00-0031544,Amari Cooper,WR,BUF,2024,17,NYJ,11.6,3
00-0031687,Raheem Mostert,RB,MIA,2024,17,CLE,1.9,2
00-0031800,Taylor Heinicke,QB,LAC,2024,17,NE,0.8,0
00-0031941,Jamison Crowder,WR,WAS,2024,17,ATL,2.5,3
00-0032104,Ameer Abdullah,RB,LV,2024,17,NO,14.7,3
00-0032128,Chris Conley,WR,SF,2024,17,DET,1.3,1
00-0032211,Tyler Lockett,WR,SEA,2024,17,CHI,2.0,3
00-0032392,Austin Hooper,TE,NE,2024,17,LAC,1.9,3
00-0032394,Nick Vannett,TE,TEN,2024,17,JAX,6.8,1
00-0032764,Derrick Henry,RB,BAL,2024,17,HOU,22.5,2
00-0032775,Demarcus Robinson,WR,LA,2024,17,ARI,0.0,0
00-0033009,Tyler Boyd,WR,TEN,2024,17,JAX,1.4,2
00-0033040,Tyreek Hill,WR,MIA,2024,17,CLE,10.5,9
00-0033045,Ezekiel Elliott,RB,DAL,2024,17,PHI,0.2,0
00-0033090,Hunter Henry,TE,NE,2024,17,LAC,0.0,0
00-0033106,Jared Goff,QB,DET,2024,17,SF,25.82,0
00-0033110,Tyler Higbee,TE,LA,2024,17,ARI,0.9,2
00-0033119,Jacoby Brissett,QB,NE,2024,17,LAC,-0.08,0
00-0033217,Mo Alie-Cox,TE,IND,2024,17,NYG,0.0,0
00-0033246,Johnny Mundt,TE,MIN,2024,17,GB,0.7,1
00-0033288,George Kittle,TE,SF,2024,17,DET,11.2,8
00-0033293,Aaron Jones,RB,MIN,2024,17,GB,7.7,4
00-0033307,Kendrick Bourne,WR,NE,2024,17,LAC,2.2,2
00-0033375,Tim Patrick,WR,DET,2024,17,SF,2.0,0
00-0033439,Pharaoh Brown,TE,SEA,2024,17,CHI,-1.6,1
00-0033526,Samaje Perine,RB,KC,2024,17,PIT,2.9,2
00-0033536,Mike Williams,WR,PIT,2024,17,KC,0.0,0
00-0033553,James Conner,RB,ARI,2024,17,LA,0.8,2
00-0033555,Mack Hollins,WR,BUF,2024,17,NYJ,3.3,2
00-0033589,David Moore,WR,CAR,2024,17,TB,1.7,1
00-0033662,Cooper Rush,QB,DAL,2024,17,PHI,6.08,0
00-0033854,Dare Ogunbowale,RB,HOU,2024,17,BAL,1.8,1
00-0033857,JuJu Smith-Schuster,WR,KC,2024,17,PIT,1.8,2
00-0033858,Jonnu Smith,TE,MIA,2024,17,CLE,8.6,3
00-0033869,Mitchell Trubisky,QB,BUF,2024,17,NYJ,6.66,0
00-0033873,Patrick Mahomes,QB,KC,2024,17,PIT,26.0,0
00-0033891,Zay Jones,WR,ARI,2024,17,LA,1.9,1
00-0033895,Gerald Everett,TE,CHI,2024,17,SEA,0.0,0
00-0033897,Joe Mixon,RB,HOU,2024,17,BAL,3.9,2
00-0033908,Cooper Kupp,WR,LA,2024,17,ARI,2.9,1
00-0033923,Kareem Hunt,RB,KC,2024,17,PIT,8.0,0
00-0033925,D'Onta Foreman,RB,CLE,2024,17,MIA,4.9,0
00-0033948,Jamaal Williams,RB,NO,2024,17,LV,2.4,1
00-0033949,Joshua Dobbs,QB,SF,2024,17,DET,8.1,0
00-0033955,Jeremy McNichols,RB,WAS,2024,17,ATL,1.0,2
00-0034054,River Cracraft,WR,MIA,2024,17,CLE,1.6,1
00-0034115,Jeffery Wilson,RB,MIA,2024,17,CLE,0.5,0
00-0034159,Will Dissly,TE,LAC,2024,17,NE,2.1,2
00-0034208,Mike Boone,RB,CAR,2024,17,TB,1.1,0
00-0034270,Tyler Conklin,TE,NYJ,2024,17,BUF,13.7,8
00-0034272,Marquez Valdes-Scantling,WR,NO,2024,17,LV,0.0,0
00-0034348,Courtland Sutton,WR,DEN,2024,17,CIN,11.5,5
00-0034353,Anthony Miller,WR,BAL,2024,17,HOU,1.6,1
00-0034364,Jordan Akins,TE,CLE,2024,17,MIA,4.9,6
00-0034383,Dalton Schultz,TE,HOU,2024,17,BAL,2.1,2
00-0034386,Justin Watson,WR,KC,2024,17,PIT,12.0,2
00-0034407,Ray-Ray McCloud,WR,ATL,2024,17,WAS,2.7,1
00-0034418,Cedrick Wilson,WR,NO,2024,17,LV,1.7,3
00-0034521,Allen Lazard,WR,NYJ,2024,17,BUF,0.9,1
00-0034753,Mark Andrews,TE,BAL,2024,17,HOU,12.8,2
00-0034771,Mason Rudolph,QB,TEN,2024,17,JAX,12.02,0
00-0034777,D.J. Chark,WR,LAC,2024,17,NE,0.0,0
00-0034796,Lamar Jackson,QB,BAL,2024,17,HOU,29.42,0
00-0034827,D.J. Moore,WR,CHI,2024,17,SEA,6.2,6
00-0034829,Mike Gesicki,TE,CIN,2024,17,DEN,8.6,10
00-0034837,Calvin Ridley,WR,TEN,2024,17,JAX,9.1,5
00-0034844,Saquon Barkley,RB,PHI,2024,17,DAL,16.9,2
00-0034854,KhaDarel Hodge,WR,ATL,2024,17,WAS,0.9,1
00-0034855,Baker Mayfield,QB,TB,2024,17,CAR,34.56,0
00-0034857,Josh Allen,QB,BUF,2024,17,NYJ,22.98,0
00-0034860,Dante Pettis,WR,NO,2024,17,LV,2.7,3
00-0034869,Sam Darnold,QB,MIN,2024,17,GB,24.78,0
00-0034960,Jakobi Meyers,WR,LV,2024,17,NO,12.1,5
00-0034972,Alexander Mattison,RB,LV,2024,17,NO,3.8,1
00-0034981,Foster Moreau,TE,NO,2024,17,LV,10.7,3
00-0035208,Olamide Zaccheaus,WR,WAS,2024,17,ATL,15.3,8
00-0035228,Kyler Murray,QB,ARI,2024,17,LA,16.04,0
00-0035229,T.J. Hockenson,TE,MIN,2024,17,GB,6.8,5
00-0035250,Devin Singletary,RB,NYG,2024,17,IND,3.0,1
00-0035500,Greg Dortch,WR,ARI,2024,17,LA,1.8,3
00-0035535,Darius Slayton,WR,NYG,2024,17,IND,9.2,1
00-0035537,Ty Johnson,RB,BUF,2024,17,NYJ,2.5,1
00-0035567,Craig Reynolds,RB,DET,2024,17,SF,6.6,2
00-0035628,D'Ernest Johnson,RB,JAX,2024,17,TEN,1.1,2
00-0035631,Drew Sample,TE,CIN,2024,17,DEN,0.3,1
00-0035640,DK Metcalf,WR,SEA,2024,17,CHI,4.2,3
00-0035644,Noah Fant,TE,SEA,2024,17,CHI,4.3,4
00-0035659,Terry McLaurin,WR,WAS,2024,17,ATL,0.5,1
00-0035662,Marquise Brown,WR,KC,2024,17,PIT,4.6,4
00-0035676,A.J. Brown,WR,PHI,2024,17,DAL,9.6,3
00-0035689,Dawson Knox,TE,BUF,2024,17,NYJ,0.4,1
00-0035700,Josh Jacobs,RB,GB,2024,17,MIN,10.9,0
00-0035704,Drew Lock,QB,NYG,2024,17,IND,34.36,0
00-0035719,Deebo Samuel,WR,SF,2024,17,DET,8.1,1
00-0035976,Dan Chisena,WR,CAR,2024,17,TB,0.8,1
00-0035993,Tyler Huntley,QB,MIA,2024,17,CLE,24.2,0
00-0036040,Juwan Johnson,TE,NO,2024,17,LV,6.6,6
00-0036139,Rico Dowdle,RB,DAL,2024,17,PHI,8.8,1
00-0036158,J.K. Dobbins,RB,LAC,2024,17,NE,14.3,1
00-0036182,Nick Westbrook-Ikhine,WR,TEN,2024,17,JAX,3.7,3
00-0036223,Jonathan Taylor,RB,IND,2024,17,NYG,25.6,2
00-0036244,Colby Parkinson,TE,LA,2024,17,ARI,0.0,0
00-0036252,Michael Pittman,WR,IND,2024,17,NYG,16.9,9
00-0036259,Jauan Jennings,WR,SF,2024,17,DET,6.7,7
00-0036264,Jordan Love,QB,GB,2024,17,MIN,14.0,0
00-0036275,D'Andre Swift,RB,CHI,2024,17,SEA,8.1,4
00-0036309,Darnell Mooney,WR,ATL,2024,17,WAS,3.7,2
00-0036322,Justin Jefferson,WR,MIN,2024,17,GB,9.2,8
00-0036328,Antonio Gibson,RB,NE,2024,17,LAC,6.3,0
00-0036331,Devin Duvernay,WR,JAX,2024,17,TEN,0.4,1
00-0036355,Justin Herbert,QB,LAC,2024,17,NE,24.44,0
00-0036360,Clyde Edwards-Helaire,RB,NO,2024,17,LV,3.0,2
00-0036407,Jerry Jeudy,WR,CLE,2024,17,MIA,9.4,12
00-0036410,Tee Higgins,WR,CIN,2024,17,DEN,29.1,11
00-0036414,Cam Akers,RB,MIN,2024,17,GB,9.3,2
00-0036415,Van Jefferson,WR,PIT,2024,17,KC,0.0,0
00-0036422,Adam Trautman,TE,DEN,2024,17,CIN,0.5,1
00-0036425,DeeJay Dallas,RB,ARI,2024,17,LA,0.5,1
00-0036429,Charlie Woerner,TE,ATL,2024,17,WAS,0.6,1
00-0036442,Joe Burrow,QB,CIN,2024,17,DEN,36.98,0
00-0036463,Chris Blair,WR,ATL,2024,17,WAS,0.0,0
00-0036497,Tim Jones,WR,JAX,2024,17,TEN,1.1,1
00-0036510,Kenny Yeboah,TE,NYJ,2024,17,BUF,0.0,0
00-0036550,Rashod Bateman,WR,BAL,2024,17,HOU,1.2,1
00-0036554,Nico Collins,WR,HOU,2024,17,BAL,5.9,3
00-0036590,Quintin Morris,TE,BUF,2024,17,NYJ,0.0,0
00-0036620,D'Wayne Eskridge,WR,MIA,2024,17,CLE,0.8,1
00-0036628,John Bates,TE,WAS,2024,17,ATL,1.4,1
00-0036630,Tylan Wallace,WR,BAL,2024,17,HOU,0.2,1
00-0036635,Ihmir Smith-Marsette,WR,NYG,2024,17,IND,6.0,0
00-0036637,Noah Gray,TE,KC,2024,17,PIT,0.6,1
00-0036670,Jermar Jefferson,RB,DET,2024,17,SF,0.9,0
00-0036875,Rhamondre Stevenson,RB,NE,2024,17,LAC,0.1,0
00-0036876,Kylen Granson,TE,IND,2024,17,NYG,3.4,3
00-0036893,Najee Harris,RB,PIT,2024,17,KC,8.1,2
00-0036894,Pat Freiermuth,TE,PIT,2024,17,KC,4.0,7
00-0036898,Davis Mills,QB,HOU,2024,17,BAL,0.2,0
00-0036900,Ja'Marr Chase,WR,CIN,2024,17,DEN,10.2,9
00-0036906,Khalil Herbert,RB,CIN,2024,17,DEN,2.3,0
00-0036912,DeVonta Smith,WR,PHI,2024,17,DAL,24.0,6
00-0036919,Kenneth Gainwell,RB,PHI,2024,17,DAL,0.9,1
00-0036924,Michael Carter,RB,ARI,2024,17,LA,8.1,2
00-0036928,Kyle Trask,QB,TB,2024,17,CAR,-0.2,0
00-0036955,Terrace Marshall,WR,LV,2024,17,NO,2.8,1
00-0036963,Amon-Ra St. Brown,WR,DET,2024,17,SF,12.0,8
00-0036970,Kyle Pitts,TE,ATL,2024,17,WAS,10.4,4
00-0036972,Mac Jones,QB,JAX,2024,17,TEN,17.16,0
00-0036973,Travis Etienne,RB,JAX,2024,17,TEN,7.5,1
00-0036980,Elijah Moore,WR,CLE,2024,17,MIA,0.1,1
00-0036984,Trey Sermon,RB,IND,2024,17,NYG,1.0,1
00-0036988,Josh Palmer,WR,LAC,2024,17,NE,4.1,4
00-0036997,Javonte Williams,RB,DEN,2024,17,CIN,0.0,2
00-0037012,Trey Lance,QB,DAL,2024,17,PHI,0.14,0
00-0037086,Grant Calcaterra,TE,PHI,2024,17,DAL,3.4,1
00-0037091,Bo Melton,WR,GB,2024,17,MIN,1.8,3
00-0037197,Isiah Pacheco,RB,KC,2024,17,PIT,1.8,0
00-0037228,Jaylen Warren,RB,PIT,2024,17,KC,11.2,5
00-0037231,Kevin Austin,WR,NO,2024,17,LV,2.3,1
00-0037238,Drake London,WR,ATL,2024,17,WAS,10.6,7
00-0037240,Jameson Williams,WR,DET,2024,17,SF,19.5,5
00-0037247,George Pickens,WR,PIT,2024,17,KC,5.0,3
00-0037248,James Cook,RB,BUF,2024,17,NYJ,11.3,0
00-0037256,Rachaad White,RB,TB,2024,17,CAR,3.4,1
00-0037258,Dameon Pierce,RB,HOU,2024,17,BAL,1.3,0
00-0037261,Khalil Shakir,WR,BUF,2024,17,NYJ,2.5,3
00-0037263,Tyler Allgeier,RB,ATL,2024,17,WAS,1.9,0
00-0037267,Jerome Ford,RB,CLE,2024,17,MIA,2.2,0
00-0037276,Ty Chandler,RB,MIN,2024,17,GB,0.7,0
00-0037291,Jalen Nailor,WR,MIN,2024,17,GB,14.1,5
00-0037300,Mike Woods,WR,CLE,2024,17,MIA,0.3,1
00-0037304,Connor Heyward,TE,PIT,2024,17,KC,0.8,1
00-0037429,Raheem Blackshear,RB,CAR,2024,17,TB,2.0,0
00-0037475,Stone Smartt,TE,LAC,2024,17,NE,2.3,2
00-0037539,Lucas Krull,TE,DEN,2024,17,CIN,0.3,1
00-0037594,Julius Chestnut,RB,TEN,2024,17,JAX,1.7,0
00-0037614,John Metchie,WR,HOU,2024,17,BAL,4.8,5
00-0037617,Hassan Haskins,RB,LAC,2024,17,NE,4.0,1
00-0037654,Tucker Fisk,TE,LAC,2024,17,NE,0.8,1
00-0037664,Alec Pierce,WR,IND,2024,17,NYG,18.2,6
00-0037666,Jalen Tolbert,WR,DAL,2024,17,PHI,9.0,3
00-0037740,Garrett Wilson,WR,NYJ,2024,17,BUF,10.6,7
00-0037744,Trey McBride,TE,ARI,2024,17,LA,18.3,12
00-0037745,Velus Jones,RB,CAR,2024,17,TB,0.0,0
00-0037746,Brian Robinson,RB,WAS,2024,17,ATL,6.9,2
00-0037801,Kavontae Turpin,WR,DAL,2024,17,PHI,3.4,1
00-0037809,Chigoziem Okonkwo,TE,TEN,2024,17,JAX,5.9,5
00-0037816,Romeo Doubs,WR,GB,2024,17,MIN,7.8,7
00-0037827,Tyrion Davis-Price,RB,PHI,2024,17,DAL,0.7,0
00-0037834,Brock Purdy,QB,SF,2024,17,DET,30.28,0
00-0037837,Calvin Austin,WR,PIT,2024,17,KC,3.1,4
00-0037838,Isaiah Likely,TE,BAL,2024,17,HOU,6.9,1
00-0037840,Kyren Williams,RB,LA,2024,17,ARI,13.2,3
00-0038041,Jake Ferguson,TE,DAL,2024,17,PHI,-0.2,3
00-0038098,Pierre Strong,RB,CLE,2024,17,MIA,4.8,3
00-0038102,Kenny Pickett,QB,PHI,2024,17,DAL,16.02,0
00-0038117,Wan'Dale Robinson,WR,NYG,2024,17,IND,13.1,5
00-0038120,Breece Hall,RB,NYJ,2024,17,BUF,5.3,1
00-0038393,Dontayvion Wicks,WR,GB,2024,17,MIN,4.3,4
00-0038400,Tanner McKee,QB,PHI,2024,17,DAL,9.96,0
00-0038454,Keaton Mitchell,RB,BAL,2024,17,HOU,4.8,1
00-0038465,Malik Heath,WR,GB,2024,17,MIN,6.3,1
00-0038498,E.J. Jenkins,TE,PHI,2024,17,DAL,0.0,0
00-0038542,Bijan Robinson,RB,ATL,2024,17,WAS,21.8,3
00-0038543,Jaxon Smith-Njigba,WR,SEA,2024,17,CHI,3.2,3
00-0038544,Quentin Johnston,WR,LAC,2024,17,NE,4.8,5
00-0038551,Kendre Miller,RB,NO,2024,17,LV,1.9,1
00-0038555,Tank Bigsby,RB,JAX,2024,17,TEN,3.3,0
00-0038558,Darnell Washington,TE,PIT,2024,17,KC,0.8,1
00-0038559,Michael Wilson,WR,ARI,2024,17,LA,2.9,4
00-0038563,Tre Tucker,WR,LV,2024,17,NO,8.9,2
00-0038573,Derius Davis,WR,LAC,2024,17,NE,8.6,2
00-0038579,Aidan O'Connell,QB,LV,2024,17,NO,17.58,0
00-0038583,Dorian Thompson-Robinson,QB,CLE,2024,17,MIA,3.8,0
00-0038589,Josh Whyle,TE,TEN,2024,17,JAX,0.0,0
00-0038597,Chase Brown,RB,CIN,2024,17,DEN,9.1,4
00-0038606,Parker Washington,WR,JAX,2024,17,TEN,9.1,3
00-0038608,Kayshon Boutte,WR,NE,2024,17,LAC,2.8,4
00-0038611,Chris Rodriguez,RB,WAS,2024,17,ATL,8.8,1
00-0038618,Xavier Hutchinson,WR,HOU,2024,17,BAL,2.1,2
00-0038619,Andrei Iosivas,WR,CIN,2024,17,DEN,5.9,3
00-0038621,Demario Douglas,WR,NE,2024,17,LAC,10.6,4
00-0038636,Kenny McIntosh,RB,SEA,2024,17,CHI,4.6,0
00-0038640,Jalen Brooks,WR,DAL,2024,17,PHI,1.2,1
00-0038679,Tyrell Shavers,WR,BUF,2024,17,NYJ,12.9,1
00-0038710,Blake Whiteheart,TE,CLE,2024,17,MIA,0.8,1
00-0038783,Nate Adkins,TE,DEN,2024,17,CIN,0.7,1
00-0038794,Jaleel McLaughlin,RB,DEN,2024,17,CIN,7.6,2
00-0038797,Emanuel Wilson,RB,GB,2024,17,MIN,8.9,0
00-0038821,Rakim Jarrett,WR,TB,2024,17,CAR,1.1,1
00-0038824,Ryan Miller,WR,TB,2024,17,CAR,2.6,2
00-0038933,Dalton Kincaid,TE,BUF,2024,17,NYJ,2.4,2
00-0038935,Brenton Strange,TE,JAX,2024,17,TEN,0.0,0
00-0038951,Sean Tucker,RB,TB,2024,17,CAR,4.4,1
00-0038976,Marvin Mims,WR,DEN,2024,17,CIN,22.2,8
00-0038994,Jordan Addison,WR,MIN,2024,17,GB,12.9,6
00-0038996,Tucker Kraft,TE,GB,2024,17,MIN,5.3,2
00-0038997,Josh Downs,WR,IND,2024,17,NYG,2.2,3
00-0039021,Roschon Johnson,RB,CHI,2024,17,SEA,0.5,0
00-0039032,Tyjae Spears,RB,TEN,2024,17,JAX,10.3,3
00-0039040,Devon Achane,RB,MIA,2024,17,CLE,3.8,2
00-0039041,Elijah Higgins,TE,ARI,2024,17,LA,2.3,2
00-0039050,Payne Durham,TE,TB,2024,17,CAR,9.6,2
00-0039062,Jonathan Mingo,WR,DAL,2024,17,PHI,1.2,1
00-0039064,Zay Flowers,WR,BAL,2024,17,HOU,3.1,2
00-0039065,Sam LaPorta,TE,DET,2024,17,SF,12.4,6
00-0039066,Michael Mayer,TE,LV,2024,17,NO,1.4,1
00-0039074,Davis Allen,TE,LA,2024,17,ARI,0.0,0
00-0039075,Puka Nacua,WR,LA,2024,17,ARI,12.9,10
00-0039139,Jahmyr Gibbs,RB,DET,2024,17,SF,22.3,4
00-0039144,Luke Musgrave,TE,GB,2024,17,MIN,0.4,1
00-0039146,Jayden Reed,WR,GB,2024,17,MIN,0.6,1
00-0039150,Bryce Young,QB,CAR,2024,17,TB,16.92,0
00-0039163,C.J. Stroud,QB,HOU,2024,17,BAL,6.1,0
00-0039165,Zach Charbonnet,RB,SEA,2024,17,CHI,7.6,3
00-0039244,Chris Collier,RB,LV,2024,17,NO,0.6,0
00-0039337,Malik Nabers,WR,NYG,2024,17,IND,29.1,7
00-0039338,Brock Bowers,TE,LV,2024,17,NO,7.6,7
00-0039342,Xavier Legette,WR,CAR,2024,17,TB,2.8,5
00-0039356,Ja'Tavion Sanders,TE,CAR,2024,17,TB,0.5,1
00-0039359,Cade Stover,TE,HOU,2024,17,BAL,0.1,1
00-0039361,Bucky Irving,RB,TB,2024,17,CAR,19.0,4
00-0039363,Isaac Guerendo,RB,SF,2024,17,DET,9.9,4
00-0039373,Audric Estime,RB,DEN,2024,17,CIN,3.7,1
00-0039376,Spencer Rattler,QB,NO,2024,17,LV,13.32,0
00-0039379,Jamari Thrash,WR,CLE,2024,17,MIA,0.0,0
00-0039384,Tyrone Tracy,RB,NYG,2024,17,IND,7.3,2
00-0039391,Kimani Vidal,RB,LAC,2024,17,NE,2.4,0
00-0039410,Ryan Flournoy,WR,DAL,2024,17,PHI,0.3,1
00-0039424,Devaughn Vele,WR,DEN,2024,17,CIN,2.7,2
00-0039491,Jalen Coker,WR,CAR,2024,17,TB,3.5,2
00-0039589,Kameron Johnson,WR,TB,2024,17,CAR,1.1,0
00-0039631,Cam Grandy,TE,CIN,2024,17,DEN,0.7,1
00-0039732,Bo Nix,QB,DEN,2024,17,CIN,21.86,0
00-0039738,Blake Corum,RB,LA,2024,17,ARI,-0.4,0
00-0039751,Jordan Whittington,WR,LA,2024,17,ARI,0.6,1
00-0039754,Devin Culp,TE,TB,2024,17,CAR,5.2,3
00-0039792,Devontez Walker,WR,BAL,2024,17,HOU,0.0,0
00-0039794,Braelon Allen,RB,NYJ,2024,17,BUF,2.6,0
00-0039796,Rasheen Ali,RB,BAL,2024,17,HOU,-0.3,0
00-0039798,Isaiah Davis,RB,NYJ,2024,17,BUF,4.3,1
00-0039849,Marvin Harrison,WR,ARI,2024,17,LA,9.6,6
00-0039851,Drake Maye,QB,NE,2024,17,LAC,9.88,0
00-0039853,Javon Baker,WR,NE,2024,17,LAC,0.0,0
00-0039855,Jalen McMillan,WR,TB,2024,17,CAR,18.0,5
00-0039868,Troy Franklin,WR,DEN,2024,17,CIN,-0.1,1
00-0039875,Ray Davis,RB,BUF,2024,17,NYJ,1.3,1
00-0039880,Malik Washington,WR,MIA,2024,17,CLE,3.0,4
00-0039890,Adonai Mitchell,WR,IND,2024,17,NYG,2.2,2
00-0039893,Brian Thomas,WR,JAX,2024,17,TEN,16.9,7
00-0039894,Xavier Worthy,WR,KC,2024,17,PIT,14.9,8
00-0039901,Keon Coleman,WR,BUF,2024,17,NYJ,8.7,3
00-0039907,Ja'Lynn Polk,WR,NE,2024,17,LAC,0.0,0
00-0039910,Jayden Daniels,QB,WAS,2024,17,ATL,31.78,0
00-0039915,Ladd McConkey,WR,LAC,2024,17,NE,21.4,8
00-0039916,Ricky Pearsall,WR,SF,2024,17,DET,20.7,8
00-0039917,Michael Penix,QB,ATL,2024,17,WAS,11.22,0
00-0039918,Caleb Williams,QB,CHI,2024,17,SEA,6.58,0
00-0039919,Rome Odunze,WR,CHI,2024,17,SEA,1.5,1
00-0023459,Aaron Rodgers,QB,NYJ,2024,18,MIA,24.96,0
00-0026158,Joe Flacco,QB,IND,2024,18,JAX,14.56,0
00-0029263,Russell Wilson,QB,PIT,2024,18,CIN,11.52,0
00-0030035,Adam Thielen,WR,CAR,2024,18,ATL,4.4,5
00-0030061,Zach Ertz,TE,WAS,2024,18,DAL,10.4,5
00-0030279,Keenan Allen,WR,CHI,2024,18,GB,0.5,3
00-0030431,Robert Woods,WR,HOU,2024,18,TEN,1.9,2
00-0030565,Geno Smith,QB,SEA,2024,18,LA,26.32,0
00-0030578,Cordarrelle Patterson,RB,PIT,2024,18,CIN,0.1,0
00-0031236,Brandin Cooks,WR,DAL,2024,18,WAS,1.0,3
00-0031345,Jimmy Garoppolo,QB,LA,2024,18,SEA,19.86,0
00-0031381,Davante Adams,WR,NYJ,2024,18,MIA,14.8,6
00-0031408,Mike Evans,WR,TB,2024,18,NO,8.9,9
00-0031484,Chris Manhertz,TE,NYG,2024,18,PHI,1.6,1
00-0032128,Chris Conley,WR,SF,2024,18,ARI,5.9,4
00-0032211,Tyler Lockett,WR,SEA,2024,18,LA,2.8,2
00-0032268,Marcus Mariota,QB,WAS,2024,18,DAL,26.04,0
00-0032385,Sterling Shepard,WR,TB,2024,18,NO,1.1,1
00-0032392,Austin Hooper,TE,NE,2024,18,BUF,2.7,4
00-0032394,Nick Vannett,TE,TEN,2024,18,HOU,2.6,2
00-0032464,Kalif Raymond,WR,DET,2024,18,MIN,1.1,1
00-0032764,Derrick Henry,RB,BAL,2024,18,CLE,28.1,2
00-0032775,Demarcus Robinson,WR,LA,2024,18,SEA,7.2,3
00-0032950,Carson Wentz,QB,KC,2024,18,DEN,3.92,0
00-0033040,Tyreek Hill,WR,MIA,2024,18,NYJ,2.0,2
00-0033106,Jared Goff,QB,DET,2024,18,MIN,9.24,0
00-0033110,Tyler Higbee,TE,LA,2024,18,SEA,10.6,5
00-0033217,Mo Alie-Cox,TE,IND,2024,18,JAX,0.0,0
00-0033282,Curtis Samuel,WR,BUF,2024,18,NE,5.2,7
00-0033288,George Kittle,TE,SF,2024,18,ARI,2.7,2
00-0033292,Trent Taylor,WR,SF,2024,18,ARI,1.1,1
00-0033293,Aaron Jones,RB,MIN,2024,18,DET,7.5,5
00-0033307,Kendrick Bourne,WR,NE,2024,18,BUF,1.2,2
00-0033375,Tim Patrick,WR,DET,2024,18,MIN,1.5,2
00-0033526,Samaje Perine,RB,KC,2024,18,DEN,1.4,1
00-0033536,Mike Williams,WR,PIT,2024,18,CIN,2.5,1
00-0033555,Mack Hollins,WR,BUF,2024,18,NE,2.5,3
00-0033576,Eric Saubert,TE,SF,2024,18,ARI,1.7,4
00-0033589,David Moore,WR,CAR,2024,18,ATL,6.9,1
00-0033699,Austin Ekeler,RB,WAS,2024,18,DAL,3.2,2
00-0033854,Dare Ogunbowale,RB,HOU,2024,18,TEN,2.3,2
00-0033857,JuJu Smith-Schuster,WR,KC,2024,18,DEN,0.4,1
00-0033858,Jonnu Smith,TE,MIA,2024,18,NYJ,9.6,9
00-0033869,Mitchell Trubisky,QB,BUF,2024,18,NE,9.24,0
00-0033891,Zay Jones,WR,ARI,2024,18,SF,4.6,4
00-0033897,Joe Mixon,RB,HOU,2024,18,TEN,2.8,1
00-0033925,D'Onta Foreman,RB,CLE,2024,18,BAL,3.5,1
00-0033943,Josh Reynolds,WR,JAX,2024,18,IND,1.1,1
00-0033948,Jamaal Williams,RB,NO,2024,18,TB,2.2,1
00-0033949,Joshua Dobbs,QB,SF,2024,18,ARI,22.74,0
00-0034054,River Cracraft,WR,MIA,2024,18,NYJ,3.8,4
00-0034115,Jeffery Wilson,RB,MIA,2024,18,NYJ,-0.4,0
00-0034159,Will Dissly,TE,LAC,2024,18,LV,10.2,5
00-0034208,Mike Boone,RB,CAR,2024,18,ATL,1.6,1
00-0034270,Tyler Conklin,TE,NYJ,2024,18,MIA,7.6,2
00-0034272,Marquez Valdes-Scantling,WR,NO,2024,18,TB,3.3,3
00-0034348,Courtland Sutton,WR,DEN,2024,18,KC,15.8,5
00-0034351,Dallas Goedert,TE,PHI,2024,18,NYG,5.5,4
00-0034364,Jordan Akins,TE,CLE,2024,18,BAL,12.0,6
00-0034383,Dalton Schultz,TE,HOU,2024,18,TEN,2.9,3
00-0034386,Justin Watson,WR,KC,2024,18,DEN,0.5,1
00-0034401,Mike White,QB,BUF,2024,18,NE,1.12,0
00-0034407,Ray-Ray McCloud,WR,ATL,2024,18,CAR,6.6,4
00-0034418,Cedrick Wilson,WR,NO,2024,18,TB,2.2,3
00-0034521,Allen Lazard,WR,NYJ,2024,18,MIA,13.1,3
00-0034613,Tanner Hudson,TE,CIN,2024,18,PIT,1.1,1
00-0034753,Mark Andrews,TE,BAL,2024,18,CLE,11.4,4
00-0034771,Mason Rudolph,QB,TEN,2024,18,HOU,3.3,0
00-0034777,D.J. Chark,WR,LAC,2024,18,LV,6.6,1
00-0034796,Lamar Jackson,QB,BAL,2024,18,CLE,22.98,0
00-0034798,Durham Smythe,TE,MIA,2024,18,NYJ,0.0,0
00-0034827,D.J. Moore,WR,CHI,2024,18,GB,13.1,9
00-0034829,Mike Gesicki,TE,CIN,2024,18,PIT,6.8,8
00-0034837,Calvin Ridley,WR,TEN,2024,18,HOU,7.3,3
00-0034854,KhaDarel Hodge,WR,ATL,2024,18,CAR,2.4,1
00-0034855,Baker Mayfield,QB,TB,2024,18,NO,21.64,0
00-0034860,Dante Pettis,WR,NO,2024,18,TB,7.6,2
00-0034869,Sam Darnold,QB,MIN,2024,18,DET,7.64,0
00-0034960,Jakobi Meyers,WR,LV,2024,18,LAC,18.3,9
00-0034972,Alexander Mattison,RB,LV,2024,18,LAC,3.1,4
00-0034981,Foster Moreau,TE,NO,2024,18,TB,3.1,4
00-0035208,Olamide Zaccheaus,WR,WAS,2024,18,DAL,5.1,2
00-0035216,Diontae Johnson,WR,HOU,2024,18,TEN,1.2,2
00-0035228,Kyler Murray,QB,ARI,2024,18,SF,27.88,0
00-0035229,T.J. Hockenson,TE,MIN,2024,18,DET,0.9,2
00-0035243,Miles Sanders,RB,CAR,2024,18,ATL,23.6,3
00-0035249,Josh Oliver,TE,MIN,2024,18,DET,1.6,2
00-0035250,Devin Singletary,RB,NYG,2024,18,PHI,1.7,1
00-0035261,Tony Pollard,RB,TEN,2024,18,HOU,6.2,0
00-0035264,Jarrett Stidham,QB,DEN,2024,18,KC,0.7,0
00-0035406,Lil'Jordan Humphrey,WR,DEN,2024,18,KC,2.6,2
00-0035500,Greg Dortch,WR,ARI,2024,18,SF,17.4,4
00-0035535,Darius Slayton,WR,NYG,2024,18,PHI,0.0,0
00-0035537,Ty Johnson,RB,BUF,2024,18,NE,1.3,1
00-0035567,Craig Reynolds,RB,DET,2024,18,MIN,3.9,0
00-0035628,D'Ernest Johnson,RB,JAX,2024,18,IND,2.6,1
00-0035631,Drew Sample,TE,CIN,2024,18,PIT,1.4,4
00-0035640,DK Metcalf,WR,SEA,2024,18,LA,11.3,3
00-0035644,Noah Fant,TE,SEA,2024,18,LA,12.3,5
00-0035659,Terry McLaurin,WR,WAS,2024,18,DAL,12.2,8
00-0035700,Josh Jacobs,RB,GB,2024,18,CHI,10.6,1
00-0035704,Drew Lock,QB,NYG,2024,18,PHI,7.82,0
00-0035860,Tony Jones,RB,ARI,2024,18,SF,11.5,0
00-0035973,Patrick Taylor,RB,SF,2024,18,ARI,12.1,1
00-0035993,Tyler Huntley,QB,MIA,2024,18,NYJ,8.68,0
00-0036040,Juwan Johnson,TE,NO,2024,18,TB,8.0,6
00-0036139,Rico Dowdle,RB,DAL,2024,18,WAS,14.4,2
00-0036158,J.K. Dobbins,RB,LAC,2024,18,LV,7.5,3
00-0036182,Nick Westbrook-Ikhine,WR,TEN,2024,18,HOU,5.0,4
00-0036223,Jonathan Taylor,RB,IND,2024,18,JAX,24.0,1
00-0036244,Colby Parkinson,TE,LA,2024,18,SEA,0.6,1
00-0036252,Michael Pittman,WR,IND,2024,18,JAX,7.2,6
00-0036259,Jauan Jennings,WR,SF,2024,18,ARI,5.2,7
00-0036264,Jordan Love,QB,GB,2024,18,CHI,2.76,0
00-0036275,D'Andre Swift,RB,CHI,2024,18,GB,12.5,0
00-0036290,Cole Kmet,TE,CHI,2024,18,GB,0.3,2
00-0036322,Justin Jefferson,WR,MIN,2024,18,DET,5.4,3
00-0036328,Antonio Gibson,RB,NE,2024,18,BUF,6.1,4
00-0036355,Justin Herbert,QB,LAC,2024,18,LV,28.04,0
00-0036360,Clyde Edwards-Helaire,RB,NO,2024,18,TB,4.0,1
00-0036370,Joshua Kelley,RB,TEN,2024,18,HOU,0.2,0
00-0036407,Jerry Jeudy,WR,CLE,2024,18,BAL,6.3,6
00-0036410,Tee Higgins,WR,CIN,2024,18,PIT,5.3,4
00-0036414,Cam Akers,RB,MIN,2024,18,DET,6.9,2
00-0036415,Van Jefferson,WR,PIT,2024,18,CIN,1.8,3
00-0036425,DeeJay Dallas,RB,ARI,2024,18,SF,2.7,1
00-0036427,Tyler Johnson,WR,LA,2024,18,SEA,9.5,4
00-0036442,Joe Burrow,QB,CIN,2024,18,PIT,12.98,0
00-0036510,Kenny Yeboah,TE,NYJ,2024,18,MIA,2.0,2
00-0036550,Rashod Bateman,WR,BAL,2024,18,CLE,13.6,5
00-0036554,Nico Collins,WR,HOU,2024,18,TEN,9.8,5
00-0036590,Quintin Morris,TE,BUF,2024,18,NE,2.0,3
00-0036613,Jaylen Waddle,WR,MIA,2024,18,NYJ,5.0,4
00-0036626,Dyami Brown,WR,WAS,2024,18,DAL,2.4,3
00-0036628,John Bates,TE,WAS,2024,18,DAL,0.0,0
00-0036630,Tylan Wallace,WR,BAL,2024,18,CLE,0.0,0
00-0036637,Noah Gray,TE,KC,2024,18,DEN,-0.3,1
00-0036825,Feleipe Franks,TE,CAR,2024,18,ATL,1.2,1
00-0036849,Tutu Atwell,WR,LA,2024,18,SEA,3.7,5
00-0036876,Kylen Granson,TE,IND,2024,18,JAX,0.7,1
00-0036887,Luke Farrell,TE,JAX,2024,18,IND,0.4,1
00-0036893,Najee Harris,RB,PIT,2024,18,CIN,11.6,4
00-0036894,Pat Freiermuth,TE,PIT,2024,18,CIN,14.5,8
00-0036898,Davis Mills,QB,HOU,2024,18,TEN,6.22,0
00-0036900,Ja'Marr Chase,WR,CIN,2024,18,PIT,15.6,10
00-0036906,Khalil Herbert,RB,CIN,2024,18,PIT,8.3,7
00-0036919,Kenneth Gainwell,RB,PHI,2024,18,NYG,2.3,2
00-0036924,Michael Carter,RB,ARI,2024,18,SF,11.9,4
00-0036963,Amon-Ra St. Brown,WR,DET,2024,18,MIN,7.7,6
00-0036970,Kyle Pitts,TE,ATL,2024,18,CAR,1.5,2
00-0036972,Mac Jones,QB,JAX,2024,18,IND,12.7,0
00-0036973,Travis Etienne,RB,JAX,2024,18,IND,6.0,3
00-0036980,Elijah Moore,WR,CLE,2024,18,BAL,3.6,3
00-0036984,Trey Sermon,RB,IND,2024,18,JAX,0.5,1
00-0036997,Javonte Williams,RB,DEN,2024,18,KC,7.8,3
00-0037005,Tommy Tremble,TE,CAR,2024,18,ATL,9.0,2
00-0037012,Trey Lance,QB,DAL,2024,18,WAS,12.36,0
00-0037086,Grant Calcaterra,TE,PHI,2024,18,NYG,1.0,2
00-0037091,Bo Melton,WR,GB,2024,18,CHI,0.1,0
00-0037120,Tyler Goodson,RB,IND,2024,18,JAX,0.5,1
00-0037228,Jaylen Warren,RB,PIT,2024,18,CIN,2.1,0
00-0037231,Kevin Austin,WR,NO,2024,18,TB,1.3,1
00-0037238,Drake London,WR,ATL,2024,18,CAR,30.7,10
00-0037240,Jameson Williams,WR,DET,2024,18,MIN,3.4,6
00-0037247,George Pickens,WR,PIT,2024,18,CIN,0.0,1
00-0037248,James Cook,RB,BUF,2024,18,NE,8.8,0
00-0037258,Dameon Pierce,RB,HOU,2024,18,TEN,23.6,0
00-0037263,Tyler Allgeier,RB,ATL,2024,18,CAR,6.9,2
00-0037291,Jalen Nailor,WR,MIN,2024,18,DET,5.3,3
00-0037292,Andrew Ogletree,TE,IND,2024,18,JAX,2.1,1
00-0037324,Chris Oladokun,QB,KC,2024,18,DEN,0.5,0
00-0037429,Raheem Blackshear,RB,CAR,2024,18,ATL,4.7,0
00-0037524,Tay Martin,WR,TEN,2024,18,HOU,10.9,1
00-0037557,Ronnie Rivers,RB,LA,2024,18,SEA,8.2,4
00-0037569,Peyton Hendershot,TE,KC,2024,18,DEN,2.5,2
00-0037594,Julius Chestnut,RB,TEN,2024,18,HOU,1.1,0
00-0037614,John Metchie,WR,HOU,2024,18,TEN,2.4,2
00-0037617,Hassan Haskins,RB,LAC,2024,18,LV,9.3,0
00-0037664,Alec Pierce,WR,IND,2024,18,JAX,11.7,2
00-0037666,Jalen Tolbert,WR,DAL,2024,18,WAS,9.8,4
00-0037740,Garrett Wilson,WR,NYJ,2024,18,MIA,5.1,4
00-0037741,Jahan Dotson,WR,PHI,2024,18,NYG,9.4,7
00-0037744,Trey McBride,TE,ARI,2024,18,SF,12.5,7
00-0037746,Brian Robinson,RB,WAS,2024,18,DAL,1.6,1
00-0037801,Kavontae Turpin,WR,DAL,2024,18,WAS,5.8,3
00-0037805,Jeremy Ruckert,TE,NYJ,2024,18,MIA,0.5,1
00-0037837,Calvin Austin,WR,PIT,2024,18,CIN,0.0,0
00-0037838,Isaiah Likely,TE,BAL,2024,18,CLE,3.8,3
00-0038041,Jake Ferguson,TE,DAL,2024,18,WAS,1.2,2
00-0038108,Bailey Zappe,QB,CLE,2024,18,BAL,7.0,0
00-0038115,Daniel Bellinger,TE,NYG,2024,18,PHI,0.9,2
00-0038117,Wan'Dale Robinson,WR,NYG,2024,18,PHI,4.3,10
00-0038120,Breece Hall,RB,NYJ,2024,18,MIA,15.2,3
00-0038122,Desmond Ridder,QB,LV,2024,18,LAC,0.44,0
00-0038124,Christian Watson,WR,GB,2024,18,CHI,0.0,0
00-0038128,Malik Willis,QB,GB,2024,18,CHI,3.74,0
00-0038359,Xavier Smith,WR,LA,2024,18,SEA,0.6,0
00-0038393,Dontayvion Wicks,WR,GB,2024,18,CHI,4.9,5
00-0038396,Eric Gray,RB,NYG,2024,18,PHI,1.0,1
00-0038400,Tanner McKee,QB,PHI,2024,18,NYG,18.86,0
00-0038454,Keaton Mitchell,RB,BAL,2024,18,CLE,1.0,0
00-0038465,Malik Heath,WR,GB,2024,18,CHI,5.3,3
00-0038496,Xavier Gipson,WR,NYJ,2024,18,MIA,0.5,0
00-0038498,E.J. Jenkins,TE,PHI,2024,18,NYG,6.7,1
00-0038519,Nikko Remigio,WR,KC,2024,18,DEN,4.8,2
00-0038542,Bijan Robinson,RB,ATL,2024,18,CAR,29.3,2
00-0038543,Jaxon Smith-Njigba,WR,SEA,2024,18,LA,1.3,4
00-0038544,Quentin Johnston,WR,LAC,2024,18,LV,18.6,13
00-0038547,Luke Schoonmaker,TE,DAL,2024,18,WAS,1.6,2
00-0038555,Tank Bigsby,RB,JAX,2024,18,IND,10.2,1
00-0038563,Tre Tucker,WR,LV,2024,18,LAC,2.4,3
00-0038573,Derius Davis,WR,LAC,2024,18,LV,0.4,1
00-0038579,Aidan O'Connell,QB,LV,2024,18,LAC,15.86,0
00-0038582,Clayton Tune,QB,ARI,2024,18,SF,0.2,0
00-0038583,Dorian Thompson-Robinson,QB,CLE,2024,18,BAL,0.82,0
00-0038589,Josh Whyle,TE,TEN,2024,18,HOU,4.9,5
00-0038606,Parker Washington,WR,JAX,2024,18,IND,7.5,2
00-0038608,Kayshon Boutte,WR,NE,2024,18,BUF,17.7,7
00-0038618,Xavier Hutchinson,WR,HOU,2024,18,TEN,0.5,1
00-0038619,Andrei Iosivas,WR,CIN,2024,18,PIT,1.2,2
00-0038621,Demario Douglas,WR,NE,2024,18,BUF,3.4,3
00-0038622,Deuce Vaughn,RB,DAL,2024,18,WAS,3.7,0
00-0038636,Kenny McIntosh,RB,SEA,2024,18,LA,4.9,0
00-0038643,Brayden Willis,TE,SF,2024,18,ARI,0.0,0
00-0038678,Jordan Mims,RB,NO,2024,18,TB,2.5,3
00-0038685,Christopher Brooks,RB,GB,2024,18,CHI,5.9,0
00-0038710,Blake Whiteheart,TE,CLE,2024,18,BAL,0.1,1
00-0038720,Julian Hill,TE,MIA,2024,18,NYJ,0.0,0
00-0038752,Jake Bobo,WR,SEA,2024,18,LA,6.4,1
00-0038783,Nate Adkins,TE,DEN,2024,18,KC,2.5,3
00-0038794,Jaleel McLaughlin,RB,DEN,2024,18,KC,4.8,2
00-0038797,Emanuel Wilson,RB,GB,2024,18,CHI,13.1,1
00-0038935,Brenton Strange,TE,JAX,2024,18,IND,6.0,4
00-0038938,Jalin Hyatt,WR,NYG,2024,18,PHI,0.0,0
00-0038951,Sean Tucker,RB,TB,2024,18,NO,1.6,0
00-0038976,Marvin Mims,WR,DEN,2024,18,KC,17.1,5
00-0038994,Jordan Addison,WR,MIN,2024,18,DET,0.0,1
00-0038996,Tucker Kraft,TE,GB,2024,18,CHI,3.6,4
00-0038997,Josh Downs,WR,IND,2024,18,JAX,9.4,10
00-0039021,Roschon Johnson,RB,CHI,2024,18,GB,1.9,5
00-0039040,Devon Achane,RB,MIA,2024,18,NYJ,18.1,0
00-0039050,Payne Durham,TE,TB,2024,18,NO,7.6,2
00-0039062,Jonathan Mingo,WR,DAL,2024,18,WAS,2.4,2
00-0039064,Zay Flowers,WR,BAL,2024,18,CLE,2.1,1
00-0039065,Sam LaPorta,TE,DET,2024,18,MIN,6.3,7
00-0039066,Michael Mayer,TE,LV,2024,18,LAC,2.1,4
00-0039139,Jahmyr Gibbs,RB,DET,2024,18,MIN,41.0,5
00-0039144,Luke Musgrave,TE,GB,2024,18,CHI,1.9,1
00-0039146,Jayden Reed,WR,GB,2024,18,CHI,3.1,2
00-0039150,Bryce Young,QB,CAR,2024,18,ATL,36.44,0
00-0039152,Will Levis,QB,TEN,2024,18,HOU,11.8,0
00-0039163,C.J. Stroud,QB,HOU,2024,18,TEN,6.0,0
00-0039165,Zach Charbonnet,RB,SEA,2024,18,LA,5.9,0
00-0039236,Johnny Wilson,WR,PHI,2024,18,NYG,2.4,3
00-0039244,Chris Collier,RB,LV,2024,18,LAC,0.2,1
00-0039325,Carson Steele,RB,KC,2024,18,DEN,2.7,2
00-0039337,Malik Nabers,WR,NYG,2024,18,PHI,12.4,5
00-0039338,Brock Bowers,TE,LV,2024,18,LAC,11.0,4
00-0039342,Xavier Legette,WR,CAR,2024,18,ATL,3.0,3
00-0039356,Ja'Tavion Sanders,TE,CAR,2024,18,ATL,3.5,3
00-0039359,Cade Stover,TE,HOU,2024,18,TEN,0.0,0
00-0039361,Bucky Irving,RB,TB,2024,18,NO,14.4,2
00-0039363,Isaac Guerendo,RB,SF,2024,18,ARI,0.5,0
00-0039365,Jacob Cowing,WR,SF,2024,18,ARI,3.7,2
00-0039373,Audric Estime,RB,DEN,2024,18,KC,9.4,0
00-0039376,Spencer Rattler,QB,NO,2024,18,TB,14.7,0
00-0039379,Jamari Thrash,WR,CLE,2024,18,BAL,0.0,0
00-0039384,Tyrone Tracy,RB,NYG,2024,18,PHI,6.6,2
00-0039398,Joe Milton,QB,NE,2024,18,BUF,19.24,0
00-0039410,Ryan Flournoy,WR,DAL,2024,18,WAS,1.4,2
00-0039420,Jaheim Bell,TE,NE,2024,18,BUF,1.9,1
00-0039424,Devaughn Vele,WR,DEN,2024,18,KC,11.0,4
00-0039458,Brenden Bates,TE,CLE,2024,18,BAL,0.0,0
00-0039491,Jalen Coker,WR,CAR,2024,18,ATL,6.96,7
00-0039521,Xavier Weaver,WR,ARI,2024,18,SF,0.0,0
00-0039613,Dallin Holker,TE,NO,2024,18,TB,1.1,2
00-0039617,Jacob Kibodi,RB,CLE,2024,18,BAL,3.9,1
00-0039631,Cam Grandy,TE,CIN,2024,18,PIT,0.9,1
00-0039650,Bryce Oliver,WR,TEN,2024,18,HOU,1.5,1
00-0039703,Cody Schrader,RB,LA,2024,18,SEA,0.9,1
00-0039732,Bo Nix,QB,DEN,2024,18,KC,33.54,0
00-0039738,Blake Corum,RB,LA,2024,18,SEA,2.2,1
00-0039746,Will Shipley,RB,PHI,2024,18,NYG,6.7,4
00-0039747,Ainias Smith,WR,PHI,2024,18,NYG,9.9,4
00-0039751,Jordan Whittington,WR,LA,2024,18,SEA,9.8,3
00-0039754,Devin Culp,TE,TB,2024,18,NO,3.6,2
00-0039757,Terrell Jennings,RB,NE,2024,18,BUF,2.0,0
00-0039793,A.J. Barner,TE,SEA,2024,18,LA,9.4,5
00-0039794,Braelon Allen,RB,NYJ,2024,18,MIA,2.3,2
00-0039796,Rasheen Ali,RB,BAL,2024,18,CLE,0.0,0
00-0039798,Isaiah Davis,RB,NYJ,2024,18,MIA,4.1,0
00-0039849,Marvin Harrison,WR,ARI,2024,18,SF,12.3,5
00-0039851,Drake Maye,QB,NE,2024,18,BUF,0.0,0
00-0039853,Javon Baker,WR,NE,2024,18,BUF,1.2,1
00-0039855,Jalen McMillan,WR,TB,2024,18,NO,14.0,5
00-0039868,Troy Franklin,WR,DEN,2024,18,KC,1.2,2
00-0039874,Jaylen Wright,RB,MIA,2024,18,NYJ,-0.4,0
00-0039875,Ray Davis,RB,BUF,2024,18,NE,12.5,2
00-0039880,Malik Washington,WR,MIA,2024,18,NYJ,4.8,4
00-0039890,Adonai Mitchell,WR,IND,2024,18,JAX,0.0,0
00-0039893,Brian Thomas,WR,JAX,2024,18,IND,10.3,7
00-0039901,Keon Coleman,WR,BUF,2024,18,NE,4.0,2
00-0039910,Jayden Daniels,QB,WAS,2024,18,DAL,4.22,0
00-0039915,Ladd McConkey,WR,LAC,2024,18,LV,11.5,5
00-0039916,Ricky Pearsall,WR,SF,2024,18,ARI,12.9,6
00-0039917,Michael Penix,QB,ATL,2024,18,CAR,24.98,0
00-0039918,Caleb Williams,QB,CHI,2024,18,GB,10.92,0
00-0039919,Rome Odunze,WR,CHI,2024,18,GB,1.8,2
