player_id,name,position,team,season,week,opponent,standard_points,receptions
00-0023459,Aaron Rodgers,QB,PIT,2025,1,NYJ,25.66,0
00-0026158,Joe Flacco,QB,CLE,2025,1,CIN,12.2,0
00-0026498,Matthew Stafford,QB,LA,2025,1,HOU,13.6,0
00-0029263,Russell Wilson,QB,NYG,2025,1,WAS,11.12,0
00-0030035,Adam Thielen,WR,MIN,2025,1,CHI,2.0,0
00-0030061,Zach Ertz,TE,WAS,2025,1,NYG,8.6,3
00-0030279,Keenan Allen,WR,LAC,2025,1,KC,12.8,7
00-0030506,Travis Kelce,TE,KC,2025,1,LAC,10.7,2
00-0030564,DeAndre Hopkins,WR,BAL,2025,1,BUF,9.5,2
00-0030565,Geno Smith,QB,LV,2025,1,NE,17.48,0
00-0031236,Brandin Cooks,WR,NO,2025,1,ARI,2.6,3
00-0031381,Davante Adams,WR,LA,2025,1,HOU,5.1,4
00-0031408,Mike Evans,WR,TB,2025,1,ATL,5.1,5
00-0031588,Stefon Diggs,WR,NE,2025,1,LV,5.7,6
00-0031763,DeAndre Carter,WR,CLE,2025,1,CIN,0.0,0
00-0032211,Tyler Lockett,WR,TEN,2025,1,DEN,0.0,0
00-0032385,Sterling Shepard,WR,TB,2025,1,ATL,3.9,3
00-0032392,Austin Hooper,TE,NE,2025,1,LV,1.0,1
00-0032398,Chris Moore,WR,WAS,2025,1,NYG,3.4,1
00-0032464,Kalif Raymond,WR,DET,2025,1,GB,1.6,2
00-0032764,Derrick Henry,RB,BAL,2025,1,BUF,28.2,1
00-0033040,Tyreek Hill,WR,MIA,2025,1,IND,4.0,4
00-0033077,Dak Prescott,QB,DAL,2025,1,PHI,7.82,0
00-0033090,Hunter Henry,TE,NE,2025,1,LV,6.6,4
00-0033106,Jared Goff,QB,DET,2025,1,GB,10.9,0
00-0033110,Tyler Higbee,TE,LA,2025,1,HOU,0.0,0
00-0033217,Mo Alie-Cox,TE,IND,2025,1,MIA,2.0,1
00-0033246,Johnny Mundt,TE,JAX,2025,1,CAR,0.0,0
00-0033280,Christian McCaffrey,RB,SF,2025,1,SEA,14.2,9
00-0033288,George Kittle,TE,SF,2025,1,SEA,8.5,4
00-0033293,Aaron Jones,RB,MIN,2025,1,CHI,12.7,3
00-0033526,Samaje Perine,RB,CIN,2025,1,CLE,0.6,2
00-0033553,James Conner,RB,ARI,2025,1,NO,10.4,4
00-0033555,Mack Hollins,WR,NE,2025,1,LV,0.3,1
00-0033572,Jamal Agnew,WR,ATL,2025,1,TB,0.0,0
00-0033576,Eric Saubert,TE,SEA,2025,1,SF,0.0,0
00-0033589,David Moore,WR,CAR,2025,1,JAX,0.0,0
00-0033591,Noah Brown,WR,WAS,2025,1,NYG,2.7,2
00-0033699,Austin Ekeler,RB,WAS,2025,1,NYG,5.7,3
00-0033854,Dare Ogunbowale,RB,HOU,2025,1,LA,0.6,2
00-0033857,JuJu Smith-Schuster,WR,KC,2025,1,LAC,5.5,5
00-0033858,Jonnu Smith,TE,PIT,2025,1,NYJ,7.5,5
00-0033873,Patrick Mahomes,QB,KC,2025,1,LAC,26.02,0
00-0033881,Evan Engram,TE,DEN,2025,1,TEN,2.1,3
00-0033885,David Njoku,TE,CLE,2025,1,CIN,3.7,3
00-0033891,Zay Jones,WR,ARI,2025,1,NO,0.4,1
00-0033906,Alvin Kamara,RB,NO,2025,1,ARI,11.7,2
00-0033908,Cooper Kupp,WR,SEA,2025,1,SF,1.5,2
00-0033923,Kareem Hunt,RB,KC,2025,1,LAC,2.6,2
00-0033943,Josh Reynolds,WR,NYJ,2025,1,PIT,1.8,2
00-0033955,Jeremy McNichols,RB,WAS,2025,1,NYG,2.5,0
00-0034159,Will Dissly,TE,LAC,2025,1,KC,1.8,1
00-0034270,Tyler Conklin,TE,LAC,2025,1,KC,5.2,2
00-0034348,Courtland Sutton,WR,DEN,2025,1,TEN,12.1,6
00-0034351,Dallas Goedert,TE,PHI,2025,1,DAL,4.4,7
00-0034383,Dalton Schultz,TE,HOU,2025,1,LA,2.8,3
00-0034386,Justin Watson,WR,HOU,2025,1,LA,2.7,2
00-0034407,Ray-Ray McCloud,WR,ATL,2025,1,TB,5.1,3
00-0034487,Trent Sherfield,WR,DEN,2025,1,TEN,0.3,1
00-0034753,Mark Andrews,TE,BAL,2025,1,BUF,0.5,1
00-0034791,Nick Chubb,RB,HOU,2025,1,LA,6.0,0
00-0034796,Lamar Jackson,QB,BAL,2025,1,BUF,29.36,0
00-0034827,DJ Moore,WR,CHI,2025,1,MIN,7.6,3
00-0034829,Mike Gesicki,TE,CIN,2025,1,CLE,1.4,1
00-0034837,Calvin Ridley,WR,TEN,2025,1,DEN,2.7,4
00-0034844,Saquon Barkley,RB,PHI,2025,1,DAL,14.4,4
00-0034854,KhaDarel Hodge,WR,ATL,2025,1,TB,0.0,0
00-0034855,Baker Mayfield,QB,TB,2025,1,ATL,22.58,0
00-0034857,Josh Allen,QB,BUF,2025,1,BAL,38.76,0
00-0034869,Sam Darnold,QB,SEA,2025,1,SF,5.4,0
00-0034960,Jakobi Meyers,WR,LV,2025,1,NE,9.7,8
00-0034975,Justice Hill,RB,BAL,2025,1,BUF,-1.1,1
00-0034983,Hunter Renfrow,WR,CAR,2025,1,JAX,1.1,2
00-0035021,Ashton Dulin,WR,IND,2025,1,MIA,1.5,0
00-0035208,Olamide Zaccheaus,WR,CHI,2025,1,MIN,4.2,4
00-0035228,Kyler Murray,QB,ARI,2025,1,NO,18.32,0
00-0035229,T.J. Hockenson,TE,MIN,2025,1,CHI,1.5,3
00-0035243,Miles Sanders,RB,DAL,2025,1,PHI,3.0,1
00-0035249,Josh Oliver,TE,MIN,2025,1,CHI,0.5,1
00-0035250,Devin Singletary,RB,NYG,2025,1,WAS,0.9,0
00-0035261,Tony Pollard,RB,TEN,2025,1,DEN,6.9,1
00-0035500,Greg Dortch,WR,ARI,2025,1,NO,-0.2,1
00-0035535,Darius Slayton,WR,NYG,2025,1,WAS,0.0,0
00-0035537,Ty Johnson,RB,BUF,2025,1,BAL,2.4,0
00-0035567,Craig Reynolds,RB,DET,2025,1,GB,0.0,0
00-0035602,Alex Bachman,WR,LV,2025,1,NE,0.0,0
00-0035631,Drew Sample,TE,CIN,2025,1,CLE,0.0,0
00-0035640,DK Metcalf,WR,PIT,2025,1,NYJ,8.3,4
00-0035644,Noah Fant,TE,CIN,2025,1,CLE,8.6,4
00-0035645,Gunner Olszewski,WR,NYG,2025,1,WAS,0.0,0
00-0035659,Terry McLaurin,WR,WAS,2025,1,NYG,2.7,2
00-0035662,Marquise Brown,WR,KC,2025,1,LAC,9.9,10
00-0035676,A.J. Brown,WR,PHI,2025,1,DAL,0.8,1
00-0035685,David Montgomery,RB,DET,2025,1,GB,4.3,4
00-0035689,Dawson Knox,TE,BUF,2025,1,BAL,2.0,2
00-0035700,Josh Jacobs,RB,GB,2025,1,DET,13.0,1
00-0035710,Daniel Jones,QB,IND,2025,1,MIA,29.48,0
00-0035719,Deebo Samuel Sr.,WR,WAS,2025,1,NYG,15.6,7
00-0035891,Cody White,WR,SEA,2025,1,SF,0.0,0
00-0036040,Juwan Johnson,TE,NO,2025,1,ARI,7.6,8
00-0036139,Rico Dowdle,RB,CAR,2025,1,JAX,1.6,2
00-0036158,J.K. Dobbins,RB,DEN,2025,1,TEN,12.8,2
00-0036182,Nick Westbrook-Ikhine,WR,MIA,2025,1,IND,0.7,1
00-0036212,Tua Tagovailoa,QB,MIA,2025,1,IND,5.26,0
00-0036223,Jonathan Taylor,RB,IND,2025,1,MIA,9.8,3
00-0036244,Colby Parkinson,TE,LA,2025,1,HOU,-2.6,2
00-0036252,Michael Pittman,WR,IND,2025,1,MIA,14.0,6
00-0036259,Jauan Jennings,WR,SF,2025,1,SEA,1.6,2
00-0036264,Jordan Love,QB,GB,2025,1,DET,15.92,0
00-0036265,AJ Dillon,RB,PHI,2025,1,DAL,1.0,0
00-0036275,D'Andre Swift,RB,CHI,2025,1,MIN,6.5,3
00-0036290,Cole Kmet,TE,CHI,2025,1,MIN,3.1,1
00-0036322,Justin Jefferson,WR,MIN,2025,1,CHI,10.8,4
00-0036328,Antonio Gibson,RB,NE,2025,1,LV,0.3,0
00-0036331,Devin Duvernay,WR,CHI,2025,1,MIN,0.0,0
00-0036355,Justin Herbert,QB,LAC,2025,1,KC,27.92,0
00-0036358,CeeDee Lamb,WR,DAL,2025,1,PHI,11.0,7
00-0036389,Jalen Hurts,QB,PHI,2025,1,DAL,24.28,0
00-0036407,Jerry Jeudy,WR,CLE,2025,1,CIN,6.6,5
00-0036410,Tee Higgins,WR,CIN,2025,1,CLE,3.3,3
00-0036422,Adam Trautman,TE,DEN,2025,1,TEN,0.5,1
00-0036427,Tyler Johnson,WR,NYJ,2025,1,PIT,3.1,2
00-0036442,Joe Burrow,QB,CIN,2025,1,CLE,8.82,0
00-0036550,Rashod Bateman,WR,BAL,2025,1,BUF,1.0,2
00-0036554,Nico Collins,WR,HOU,2025,1,LA,2.5,3
00-0036555,Chuba Hubbard,RB,CAR,2025,1,JAX,14.9,3
00-0036613,Jaylen Waddle,WR,MIA,2025,1,IND,3.0,4
00-0036620,Dee Eskridge,WR,MIA,2025,1,IND,0.9,1
00-0036626,Dyami Brown,WR,JAX,2025,1,CAR,5.8,3
00-0036630,Tylan Wallace,WR,BAL,2025,1,BUF,0.0,0
00-0036637,Noah Gray,TE,KC,2025,1,LAC,0.3,1
00-0036741,Jack Stoll,TE,NO,2025,1,ARI,0.0,0
00-0036825,Feleipe Franks,TE,ATL,2025,1,TB,0.0,0
00-0036842,Kene Nwangwu,RB,NYJ,2025,1,PIT,0.0,0
00-0036849,Tutu Atwell,WR,LA,2025,1,HOU,0.4,1
00-0036862,Ben Skowronek,WR,PIT,2025,1,NYJ,8.2,1
00-0036875,Rhamondre Stevenson,RB,NE,2025,1,LV,2.7,2
00-0036876,Kylen Granson,TE,PHI,2025,1,DAL,0.1,1
00-0036887,Luke Farrell,TE,SF,2025,1,SEA,0.4,1
00-0036893,Najee Harris,RB,LAC,2025,1,KC,1.0,1
00-0036894,Pat Freiermuth,TE,PIT,2025,1,NYJ,2.8,3
00-0036900,Ja'Marr Chase,WR,CIN,2025,1,CLE,2.6,2
00-0036912,DeVonta Smith,WR,PHI,2025,1,DAL,1.6,3
00-0036919,Kenny Gainwell,RB,PIT,2025,1,NYJ,2.3,3
00-0036945,Justin Fields,QB,NYJ,2025,1,PIT,29.52,0
00-0036963,Amon-Ra St. Brown,WR,DET,2025,1,GB,4.5,4
00-0036970,Kyle Pitts,TE,ATL,2025,1,TB,5.9,7
00-0036971,Trevor Lawrence,QB,JAX,2025,1,CAR,10.32,0
00-0036973,Travis Etienne,RB,JAX,2025,1,CAR,15.6,3
00-0036980,Elijah Moore,WR,BUF,2025,1,BAL,1.1,1
00-0036988,Josh Palmer,WR,BUF,2025,1,BAL,6.1,5
00-0036997,Javonte Williams,RB,DAL,2025,1,PHI,18.4,2
00-0037004,Hunter Long,TE,JAX,2025,1,CAR,6.6,1
00-0037005,Tommy Tremble,TE,CAR,2025,1,JAX,0.2,1
00-0037013,Zach Wilson,QB,MIA,2025,1,IND,1.58,0
00-0037085,Tyler Badie,RB,DEN,2025,1,TEN,1.6,2
00-0037091,Bo Melton,WR,GB,2025,1,DET,0.0,0
00-0037112,Jake Tonges,TE,SF,2025,1,SEA,7.5,3
00-0037197,Isiah Pacheco,RB,KC,2025,1,LAC,2.8,2
00-0037228,Jaylen Warren,RB,PIT,2025,1,NYJ,11.9,2
00-0037238,Drake London,WR,ATL,2025,1,TB,5.5,8
00-0037239,Chris Olave,WR,NO,2025,1,ARI,5.4,7
00-0037240,Jameson Williams,WR,DET,2025,1,GB,2.6,4
00-0037247,George Pickens,WR,DAL,2025,1,PHI,3.0,3
00-0037248,James Cook,RB,BUF,2025,1,BAL,16.2,5
00-0037256,Rachaad White,RB,TB,2025,1,ATL,1.6,1
00-0037258,Dameon Pierce,RB,HOU,2025,1,LA,0.5,0
00-0037261,Khalil Shakir,WR,BUF,2025,1,BAL,6.4,6
00-0037263,Tyler Allgeier,RB,ATL,2025,1,TB,2.4,0
00-0037267,Jerome Ford,RB,CLE,2025,1,CIN,0.5,1
00-0037276,Ty Chandler,RB,MIN,2025,1,CHI,0.0,0
00-0037291,Jalen Nailor,WR,MIN,2025,1,CHI,2.8,1
00-0037292,Andrew Ogletree,TE,IND,2025,1,MIA,0.0,0
00-0037306,John FitzPatrick,TE,GB,2025,1,DET,0.2,1
00-0037311,Ko Kieft,TE,TB,2025,1,ATL,0.0,0
00-0037348,Tanner Conner,TE,MIA,2025,1,IND,2.0,2
00-0037525,Jordan Mason,RB,MIN,2025,1,CHI,7.5,1
00-0037539,Lucas Krull,TE,DEN,2025,1,TEN,0.6,1
00-0037545,Rashid Shaheed,WR,NO,2025,1,ARI,3.3,6
00-0037594,Julius Chestnut,RB,TEN,2025,1,DEN,0.2,0
00-0037614,John Metchie III,WR,PHI,2025,1,DAL,0.0,0
00-0037617,Hassan Haskins,RB,LAC,2025,1,KC,0.0,0
00-0037664,Alec Pierce,WR,IND,2025,1,MIA,3.6,1
00-0037666,Jalen Tolbert,WR,DAL,2025,1,PHI,0.0,1
00-0037740,Garrett Wilson,WR,NYJ,2025,1,PIT,15.5,7
00-0037741,Jahan Dotson,WR,PHI,2025,1,DAL,5.9,3
00-0037744,Trey McBride,TE,ARI,2025,1,NO,6.1,6
00-0037745,Velus Jones Jr.,WR,NO,2025,1,ARI,0.0,0
00-0037746,Brian Robinson,RB,SF,2025,1,SEA,3.7,1
00-0037801,KaVontae Turpin,WR,DAL,2025,1,PHI,2.7,2
00-0037805,Jeremy Ruckert,TE,NYJ,2025,1,PIT,1.6,2
00-0037809,Chig Okonkwo,TE,TEN,2025,1,DEN,1.9,3
00-0037816,Romeo Doubs,WR,GB,2025,1,DET,6.8,2
00-0037834,Brock Purdy,QB,SF,2025,1,SEA,16.78,0
00-0037837,Calvin Austin III,WR,PIT,2025,1,NYJ,13.0,4
00-0037840,Kyren Williams,RB,LA,2025,1,HOU,12.9,1
00-0038040,Zamir White,RB,LV,2025,1,NE,0.8,0
00-0038041,Jake Ferguson,TE,DAL,2025,1,PHI,2.3,5
00-0038090,Skyy Moore,WR,SF,2025,1,SEA,0.0,0
00-0038104,Tyquan Thornton,WR,KC,2025,1,LAC,4.1,2
00-0038115,Daniel Bellinger,TE,NYG,2025,1,WAS,1.4,1
00-0038117,Wan'Dale Robinson,WR,NYG,2025,1,WAS,5.5,6
00-0038120,Breece Hall,RB,NYJ,2025,1,PIT,14.5,2
00-0038129,Cade Otton,TE,TB,2025,1,ATL,0.0,0
00-0038134,Kenneth Walker III,RB,SEA,2025,1,SF,2.4,3
00-0038359,Xavier Smith,WR,LA,2025,1,HOU,3.6,1
00-0038393,Dontayvion Wicks,WR,GB,2025,1,DET,3.0,2
00-0038488,Brady Russell,RB,SEA,2025,1,SF,0.0,0
00-0038492,Jason Brownlee,WR,KC,2025,1,LAC,0.0,0
00-0038496,Xavier Gipson,WR,NYJ,2025,1,PIT,0.0,0
00-0038519,Nikko Remigio,WR,KC,2025,1,LAC,0.0,0
00-0038542,Bijan Robinson,RB,ATL,2025,1,TB,18.4,6
00-0038543,Jaxon Smith-Njigba,WR,SEA,2025,1,SF,10.4,9
00-0038544,Quentin Johnston,WR,LAC,2025,1,KC,19.9,5
00-0038547,Luke Schoonmaker,TE,DAL,2025,1,PHI,0.0,0
00-0038551,Kendre Miller,RB,NO,2025,1,ARI,2.4,0
00-0038555,Tank Bigsby,RB,JAX,2025,1,CAR,1.2,0
00-0038559,Michael Wilson,WR,ARI,2025,1,NO,0.5,1
00-0038563,Tre Tucker,WR,LV,2025,1,NE,11.4,2
00-0038573,Derius Davis,WR,LAC,2025,1,KC,0.3,0
00-0038576,Charlie Jones,WR,CIN,2025,1,CLE,0.0,0
00-0038590,Justin Shorter,TE,LV,2025,1,NE,0.0,0
00-0038597,Chase Brown,RB,CIN,2025,1,CLE,11.1,2
00-0038606,Parker Washington,WR,JAX,2025,1,CAR,0.0,0
00-0038608,Kayshon Boutte,WR,NE,2025,1,LV,10.3,6
00-0038618,Xavier Hutchinson,WR,HOU,2025,1,LA,3.5,2
00-0038621,DeMario Douglas,WR,NE,2025,1,LV,6.2,2
00-0038685,Chris Brooks,RB,GB,2025,1,DET,0.3,1
00-0038705,Emari Demercado,RB,ARI,2025,1,NO,0.0,0
00-0038720,Julian Hill,TE,MIA,2025,1,IND,2.0,0
00-0038797,Emanuel Wilson,RB,GB,2025,1,DET,0.4,0
00-0038824,Ryan Miller,WR,TB,2025,1,ATL,0.0,0
00-0038840,Brycen Tremayne,WR,CAR,2025,1,JAX,0.0,0
00-0038896,Jacob Saylors,RB,DET,2025,1,GB,0.0,0
00-0038933,Dalton Kincaid,TE,BUF,2025,1,BAL,10.8,4
00-0038935,Brenton Strange,TE,JAX,2025,1,CAR,5.9,4
00-0038951,Sean Tucker,RB,TB,2025,1,ATL,0.2,0
00-0038976,Marvin Mims Jr.,WR,DEN,2025,1,TEN,1.2,3
00-0038979,Cedric Tillman,WR,CLE,2025,1,CIN,11.2,5
00-0038996,Tucker Kraft,TE,GB,2025,1,DET,7.9,2
00-0038997,Josh Downs,WR,IND,2025,1,MIA,1.2,2
00-0039040,De'Von Achane,RB,MIA,2025,1,IND,13.5,3
00-0039041,Elijah Higgins,TE,ARI,2025,1,NO,0.3,1
00-0039050,Payne Durham,TE,TB,2025,1,ATL,0.0,0
00-0039064,Zay Flowers,WR,BAL,2025,1,BUF,21.1,7
00-0039065,Sam LaPorta,TE,DET,2025,1,GB,7.9,6
00-0039066,Michael Mayer,TE,LV,2025,1,NE,3.8,4
00-0039074,Davis Allen,TE,LA,2025,1,HOU,7.3,1
00-0039075,Puka Nacua,WR,LA,2025,1,HOU,13.1,10
00-0039139,Jahmyr Gibbs,RB,DET,2025,1,GB,5.0,10
00-0039144,Luke Musgrave,TE,GB,2025,1,DET,0.4,1
00-0039146,Jayden Reed,WR,GB,2025,1,DET,10.5,3
00-0039150,Bryce Young,QB,CAR,2025,1,JAX,8.16,0
00-0039163,C.J. Stroud,QB,HOU,2025,1,LA,8.72,0
00-0039165,Zach Charbonnet,RB,SEA,2025,1,SF,10.7,0
00-0039299,George Holani,RB,SEA,2025,1,SF,0.0,0
00-0039337,Malik Nabers,WR,NYG,2025,1,WAS,7.1,5
00-0039338,Brock Bowers,TE,LV,2025,1,NE,10.3,5
00-0039342,Xavier Legette,WR,CAR,2025,1,JAX,1.0,3
00-0039355,Luke McCaffrey,WR,WAS,2025,1,NYG,0.0,0
00-0039356,Ja'Tavion Sanders,TE,CAR,2025,1,JAX,2.7,2
00-0039359,Cade Stover,TE,HOU,2025,1,LA,2.2,4
00-0039361,Bucky Irving,RB,TB,2025,1,ATL,10.5,4
00-0039363,Isaac Guerendo,RB,SF,2025,1,SEA,0.0,0
00-0039376,Spencer Rattler,QB,NO,2025,1,ARI,11.46,0
00-0039379,Jamari Thrash,WR,CLE,2025,1,CIN,0.6,1
00-0039384,Tyrone Tracy Jr.,RB,NYG,2025,1,WAS,3.5,2
00-0039394,Casey Washington,WR,ATL,2025,1,TB,3.3,3
00-0039407,Dylan Laube,RB,LV,2025,1,NE,0.0,0
00-0039424,Devaughn Vele,WR,NO,2025,1,ARI,1.3,1
00-0039530,Brevyn Spann-Ford,TE,DAL,2025,1,PHI,0.0,0
00-0039589,Kameron Johnson,WR,TB,2025,1,ATL,0.0,0
00-0039648,David Martin-Robinson,TE,TEN,2025,1,DEN,0.0,0
00-0039650,Bryce Oliver,WR,TEN,2025,1,DEN,0.8,1
00-0039686,Colson Yankoff,TE,WAS,2025,1,NYG,0.0,0
00-0039732,Bo Nix,QB,DEN,2025,1,TEN,6.84,0
00-0039737,Tip Reiman,TE,ARI,2025,1,NO,1.0,1
00-0039738,Blake Corum,RB,LA,2025,1,HOU,1.6,1
00-0039746,Will Shipley,RB,PHI,2025,1,DAL,2.6,0
00-0039751,Jordan Whittington,WR,LA,2025,1,HOU,0.5,0
00-0039793,AJ Barner,TE,SEA,2025,1,SF,0.2,1
00-0039794,Braelon Allen,RB,NYJ,2025,1,PIT,6.9,0
00-0039796,Rasheen Ali,RB,BAL,2025,1,BUF,0.5,0
00-0039798,Isaiah Davis,RB,NYJ,2025,1,PIT,1.8,0
00-0039816,Anthony Gould,WR,IND,2025,1,MIA,0.0,0
00-0039847,Theo Johnson,TE,NYG,2025,1,WAS,0.5,1
00-0039849,Marvin Harrison Jr.,WR,ARI,2025,1,NO,13.1,5
00-0039851,Drake Maye,QB,NE,2025,1,LV,14.78,1
00-0039868,Troy Franklin,WR,DEN,2025,1,TEN,4.4,4
00-0039875,Ray Davis,RB,BUF,2025,1,BAL,0.1,1
00-0039880,Malik Washington,WR,MIA,2025,1,IND,2.9,2
00-0039890,Adonai Mitchell,WR,IND,2025,1,MIA,2.1,2
00-0039893,Brian Thomas Jr.,WR,JAX,2025,1,CAR,8.0,1
00-0039894,Xavier Worthy,WR,KC,2025,1,LAC,0.0,0
00-0039901,Keon Coleman,WR,BUF,2025,1,BAL,17.2,8
00-0039910,Jayden Daniels,QB,WAS,2025,1,NYG,20.12,0
00-0039915,Ladd McConkey,WR,LAC,2025,1,KC,7.4,6
00-0039916,Ricky Pearsall,WR,SF,2025,1,SEA,10.8,4
00-0039917,Michael Penix Jr.,QB,ATL,2025,1,TB,24.02,0
00-0039918,Caleb Williams,QB,CHI,2025,1,MIN,24.2,0
00-0039919,Rome Odunze,WR,CHI,2025,1,MIN,9.7,6
00-0039921,Trey Benson,RB,ARI,2025,1,NO,7.5,1
00-0039923,J.J. McCarthy,QB,MIN,2025,1,CHI,22.22,0
00-0040009,Savion Williams,WR,GB,2025,1,DET,0.1,1
00-0040075,LaJohntay Wester,WR,BAL,2025,1,BUF,0.0,0
00-0040078,Brashard Smith,RB,KC,2025,1,LAC,0.0,0
00-0040122,Ashton Jeanty,RB,LV,2025,1,NE,10.0,2
00-0040124,Tetairoa McMillan,WR,CAR,2025,1,JAX,6.8,5
00-0040126,Colston Loveland,TE,CHI,2025,1,MIN,1.2,2
00-0040128,Tyler Warren,TE,IND,2025,1,MIA,7.9,7
00-0040129,Emeka Egbuka,WR,TB,2025,1,ATL,19.6,4
00-0040130,Jayden Higgins,WR,HOU,2025,1,LA,3.2,2
00-0040131,Kyle Williams,WR,NE,2025,1,LV,1.2,1
00-0040138,Jaylin Noel,WR,HOU,2025,1,LA,0.7,1
00-0040142,Kaleb Johnson,RB,PIT,2025,1,NYJ,-0.2,0
00-0040154,Tai Felton,WR,MIN,2025,1,CHI,0.0,0
00-0040162,Dylan Sampson,RB,CLE,2025,1,CIN,9.3,8
00-0040164,Jaylin Lane,WR,WAS,2025,1,NYG,1.1,1
00-0040170,Elic Ayomanor,WR,TEN,2025,1,DEN,1.3,2
00-0040179,DJ Giddens,RB,IND,2025,1,MIA,4.1,0
00-0040184,KeAndre Lambert-Smith,WR,LAC,2025,1,KC,0.0,0
00-0040194,Jackson Hawes,TE,BUF,2025,1,BAL,2.9,1
00-0040198,Ollie Gordon II,RB,MIA,2025,1,IND,0.3,1
00-0040202,Devin Neal,RB,NO,2025,1,ARI,0.9,0
00-0040208,Tahj Brooks,RB,CIN,2025,1,CLE,0.0,0
00-0040236,Kyle Monangai,RB,CHI,2025,1,MIN,1.1,1
00-0040237,Tez Johnson,WR,TB,2025,1,ATL,0.0,0
00-0040238,LeQuint Allen Jr.,RB,JAX,2025,1,CAR,1.1,1
00-0040242,Jacory Croskey-Merritt,RB,WAS,2025,1,NYG,14.2,0
00-0040466,Raheim Sanders,RB,CLE,2025,1,CIN,6.3,0
00-0040476,Ulysses Bentley IV,RB,IND,2025,1,MIA,0.0,0
00-0040506,Myles Price,WR,MIN,2025,1,CHI,0.0,0
00-0040581,Dont'e Thornton Jr.,WR,LV,2025,1,NE,4.5,2
00-0040582,Arian Smith,WR,NYJ,2025,1,PIT,0.0,0
00-0040583,Woody Marks,RB,HOU,2025,1,LA,0.3,0
00-0040584,Gunnar Helm,TE,TEN,2025,1,DEN,1.6,1
00-0040644,Trevor Etienne,RB,CAR,2025,1,JAX,0.4,0
00-0040648,Tory Horton,WR,SEA,2025,1,SF,0.0,0
00-0040663,Harold Fannin Jr.,TE,CLE,2025,1,CIN,6.6,7
00-0040666,Omarion Hampton,RB,LAC,2025,1,KC,6.1,2
00-0040667,Matthew Golden,WR,GB,2025,1,DET,1.6,2
00-0040669,Isaac TeSlaa,WR,DET,2025,1,GB,7.3,1
00-0040673,Jalen Milroe,QB,SEA,2025,1,SF,0.1,0
00-0040676,Cam Ward,QB,TEN,2025,1,DEN,2.48,0
00-0040705,Chimere Dike,WR,TEN,2025,1,DEN,0.9,0
00-0040715,Cam Skattebo,RB,NYG,2025,1,WAS,0.9,2
00-0040719,Bhayshul Tuten,RB,JAX,2025,1,CAR,1.1,0
00-0040727,Tre Harris,WR,LAC,2025,1,KC,1.1,1
00-0040729,Jack Bech,WR,LV,2025,1,NE,2.3,1
00-0040730,RJ Harvey,RB,DEN,2025,1,TEN,6.9,1
00-0040734,TreVeyon Henderson,RB,NE,2025,1,LV,5.1,6
00-0040735,Luther Burden III,WR,CHI,2025,1,MIN,-0.3,1
00-0040736,Mason Taylor,TE,NYJ,2025,1,PIT,2.0,1
00-0040739,Elijah Arroyo,TE,SEA,2025,1,SF,0.7,1
00-0040782,Isaiah Bond,WR,CLE,2025,1,CIN,0.5,1
00-0023459,Aaron Rodgers,QB,PIT,2025,2,SEA,10.42,0
00-0026158,Joe Flacco,QB,CLE,2025,2,BAL,8.76,0
00-0026498,Matthew Stafford,QB,LA,2025,2,TEN,17.32,0
00-0028118,Tyrod Taylor,QB,NYJ,2025,2,BUF,8.34,0
00-0029263,Russell Wilson,QB,NYG,2025,2,DAL,30.3,0
00-0030035,Adam Thielen,WR,MIN,2025,2,ATL,2.6,2
00-0030061,Zach Ertz,TE,WAS,2025,2,GB,12.4,6
00-0030279,Keenan Allen,WR,LAC,2025,2,LV,12.1,5
00-0030506,Travis Kelce,TE,KC,2025,2,PHI,6.1,4
00-0030564,DeAndre Hopkins,WR,BAL,2025,2,CLE,12.4,2
00-0030565,Geno Smith,QB,LV,2025,2,LAC,3.2,0
00-0031236,Brandin Cooks,WR,NO,2025,2,SF,2.6,2
00-0031381,Davante Adams,WR,LA,2025,2,TEN,16.6,6
00-0031408,Mike Evans,WR,TB,2025,2,HOU,5.6,5
00-0031588,Stefon Diggs,WR,NE,2025,2,MIA,3.2,4
00-0031763,DeAndre Carter,WR,CLE,2025,2,BAL,0.0,0
00-0032211,Tyler Lockett,WR,TEN,2025,2,LA,0.9,2
00-0032385,Sterling Shepard,WR,TB,2025,2,HOU,3.4,4
00-0032392,Austin Hooper,TE,NE,2025,2,MIA,3.8,3
00-0032464,Kalif Raymond,WR,DET,2025,2,CHI,2.3,1
00-0032764,Derrick Henry,RB,BAL,2025,2,CLE,2.3,0
00-0033040,Tyreek Hill,WR,MIA,2025,2,NE,10.9,6
00-0033077,Dak Prescott,QB,DAL,2025,2,NYG,22.14,0
00-0033090,Hunter Henry,TE,NE,2025,2,MIA,0.9,1
00-0033106,Jared Goff,QB,DET,2025,2,CHI,33.96,0
00-0033110,Tyler Higbee,TE,LA,2025,2,TEN,3.7,4
00-0033119,Jacoby Brissett,QB,ARI,2025,2,CAR,0.2,0
00-0033217,Mo Alie-Cox,TE,IND,2025,2,DEN,0.8,1
00-0033280,Christian McCaffrey,RB,SF,2025,2,NO,16.7,6
00-0033293,Aaron Jones,RB,MIN,2025,2,ATL,2.3,0
00-0033307,Kendrick Bourne,WR,SF,2025,2,NO,3.2,3
00-0033375,Tim Patrick,WR,JAX,2025,2,CIN,0.0,0
00-0033526,Samaje Perine,RB,CIN,2025,2,JAX,0.0,0
00-0033553,James Conner,RB,ARI,2025,2,CAR,11.2,1
00-0033555,Mack Hollins,WR,NE,2025,2,MIA,6.8,1
00-0033576,Eric Saubert,TE,SEA,2025,2,PIT,0.0,0
00-0033591,Noah Brown,WR,WAS,2025,2,GB,0.9,1
00-0033662,Cooper Rush,QB,BAL,2025,2,CLE,-0.4,0
00-0033699,Austin Ekeler,RB,WAS,2025,2,GB,2.4,2
00-0033854,Dare Ogunbowale,RB,HOU,2025,2,TB,0.0,0
00-0033857,JuJu Smith-Schuster,WR,KC,2025,2,PHI,0.5,1
00-0033858,Jonnu Smith,TE,PIT,2025,2,SEA,2.7,4
00-0033869,Mitchell Trubisky,QB,BUF,2025,2,NYJ,0.98,0
00-0033873,Patrick Mahomes,QB,KC,2025,2,PHI,22.08,0
00-0033881,Evan Engram,TE,DEN,2025,2,IND,1.2,1
00-0033885,David Njoku,TE,CLE,2025,2,BAL,4.0,4
00-0033906,Alvin Kamara,RB,NO,2025,2,SF,10.0,6
00-0033908,Cooper Kupp,WR,SEA,2025,2,PIT,9.0,7
00-0033923,Kareem Hunt,RB,KC,2025,2,PHI,3.4,1
00-0034159,Will Dissly,TE,LAC,2025,2,LV,0.7,1
00-0034272,Marquez Valdes-Scantling,WR,SF,2025,2,NO,0.0,0
00-0034348,Courtland Sutton,WR,DEN,2025,2,IND,0.6,1
00-0034365,Ian Thomas,TE,LV,2025,2,LAC,0.0,0
00-0034383,Dalton Schultz,TE,HOU,2025,2,TB,2.9,3
00-0034386,Justin Watson,WR,HOU,2025,2,TB,0.3,1
00-0034407,Ray-Ray McCloud,WR,ATL,2025,2,MIN,0.0,0
00-0034487,Trent Sherfield,WR,DEN,2025,2,IND,0.3,1
00-0034753,Mark Andrews,TE,BAL,2025,2,CLE,0.4,1
00-0034771,Mason Rudolph,QB,PIT,2025,2,SEA,0.48,0
00-0034791,Nick Chubb,RB,HOU,2025,2,TB,13.2,2
00-0034796,Lamar Jackson,QB,BAL,2025,2,CLE,26.3,0
00-0034827,DJ Moore,WR,CHI,2025,2,DET,4.6,5
00-0034829,Mike Gesicki,TE,CIN,2025,2,JAX,1.8,3
00-0034837,Calvin Ridley,WR,TEN,2025,2,LA,5.7,3
00-0034844,Saquon Barkley,RB,PHI,2025,2,KC,15.4,2
00-0034855,Baker Mayfield,QB,TB,2025,2,HOU,19.9,0
00-0034857,Josh Allen,QB,BUF,2025,2,NYJ,11.82,0
00-0034869,Sam Darnold,QB,SEA,2025,2,PIT,15.8,0
00-0034960,Jakobi Meyers,WR,LV,2025,2,LAC,6.8,6
00-0034975,Justice Hill,RB,BAL,2025,2,CLE,2.5,3
00-0034983,Hunter Renfrow,WR,CAR,2025,2,ARI,16.8,7
00-0035021,Ashton Dulin,WR,IND,2025,2,DEN,0.0,0
00-0035100,Jake Browning,QB,CIN,2025,2,JAX,17.74,0
00-0035208,Olamide Zaccheaus,WR,CHI,2025,2,DET,2.1,2
00-0035228,Kyler Murray,QB,ARI,2025,2,CAR,14.0,0
00-0035229,T.J. Hockenson,TE,MIN,2025,2,ATL,1.2,1
00-0035243,Miles Sanders,RB,DAL,2025,2,NYG,7.9,2
00-0035250,Devin Singletary,RB,NYG,2025,2,DAL,0.0,1
00-0035261,Tony Pollard,RB,TEN,2025,2,LA,9.2,0
00-0035500,Greg Dortch,WR,ARI,2025,2,CAR,1.1,1
00-0035535,Darius Slayton,WR,NYG,2025,2,DAL,6.1,2
00-0035537,Ty Johnson,RB,BUF,2025,2,NYJ,0.6,0
00-0035567,Craig Reynolds,RB,DET,2025,2,CHI,0.4,0
00-0035631,Drew Sample,TE,CIN,2025,2,JAX,0.7,1
00-0035640,DK Metcalf,WR,PIT,2025,2,SEA,8.0,3
00-0035644,Noah Fant,TE,CIN,2025,2,JAX,2.8,3
00-0035645,Gunner Olszewski,WR,NYG,2025,2,DAL,0.0,0
00-0035659,Terry McLaurin,WR,WAS,2025,2,GB,4.8,5
00-0035662,Marquise Brown,WR,KC,2025,2,PHI,3.0,5
00-0035676,A.J. Brown,WR,PHI,2025,2,KC,2.7,5
00-0035685,David Montgomery,RB,DET,2025,2,CHI,12.1,1
00-0035689,Dawson Knox,TE,BUF,2025,2,NYJ,1.9,2
00-0035700,Josh Jacobs,RB,GB,2025,2,WAS,14.4,0
00-0035710,Daniel Jones,QB,IND,2025,2,DEN,22.84,0
00-0035719,Deebo Samuel Sr.,WR,WAS,2025,2,GB,10.4,7
00-0035726,Jakob Johnson,RB,HOU,2025,2,TB,0.0,0
00-0036040,Juwan Johnson,TE,NO,2025,2,SF,10.9,5
00-0036139,Rico Dowdle,RB,CAR,2025,2,ARI,1.9,1
00-0036158,J.K. Dobbins,RB,DEN,2025,2,IND,14.5,1
00-0036182,Nick Westbrook-Ikhine,WR,MIA,2025,2,NE,1.8,2
00-0036187,Reggie Gilliam,RB,BUF,2025,2,NYJ,0.0,0
00-0036212,Tua Tagovailoa,QB,MIA,2025,2,NE,18.6,0
00-0036223,Jonathan Taylor,RB,IND,2025,2,DEN,27.5,2
00-0036232,Harrison Bryant,TE,HOU,2025,2,TB,0.0,0
00-0036252,Michael Pittman,WR,IND,2025,2,DEN,4.0,4
00-0036259,Jauan Jennings,WR,SF,2025,2,NO,14.9,5
00-0036264,Jordan Love,QB,GB,2025,2,WAS,20.88,0
00-0036265,AJ Dillon,RB,PHI,2025,2,KC,1.9,0
00-0036275,D'Andre Swift,RB,CHI,2025,2,DET,10.9,3
00-0036290,Cole Kmet,TE,CHI,2025,2,DET,2.9,2
00-0036309,Darnell Mooney,WR,ATL,2025,2,MIN,2.0,2
00-0036322,Justin Jefferson,WR,MIN,2025,2,ATL,8.1,3
00-0036328,Antonio Gibson,RB,NE,2025,2,MIA,8.8,1
00-0036331,Devin Duvernay,WR,CHI,2025,2,DET,0.0,0
00-0036332,Josiah Deguara,TE,ARI,2025,2,CAR,0.0,0
00-0036355,Justin Herbert,QB,LAC,2025,2,LV,18.78,0
00-0036358,CeeDee Lamb,WR,DAL,2025,2,NYG,11.2,9
00-0036389,Jalen Hurts,QB,PHI,2025,2,KC,11.54,0
00-0036407,Jerry Jeudy,WR,CLE,2025,2,BAL,5.1,4
00-0036410,Tee Higgins,WR,CIN,2025,2,JAX,11.6,3
00-0036415,Van Jefferson,WR,TEN,2025,2,LA,1.0,2
00-0036422,Adam Trautman,TE,DEN,2025,2,IND,7.0,3
00-0036427,Tyler Johnson,WR,NYJ,2025,2,BUF,0.0,0
00-0036442,Joe Burrow,QB,CIN,2025,2,JAX,7.04,0
00-0036550,Rashod Bateman,WR,BAL,2025,2,CLE,1.5,2
00-0036554,Nico Collins,WR,HOU,2025,2,TB,11.2,3
00-0036555,Chuba Hubbard,RB,CAR,2025,2,ARI,13.7,5
00-0036590,Quintin Morris,TE,JAX,2025,2,CIN,0.0,0
00-0036613,Jaylen Waddle,WR,MIA,2025,2,NE,12.8,5
00-0036620,Dee Eskridge,WR,MIA,2025,2,NE,0.8,1
00-0036626,Dyami Brown,WR,JAX,2025,2,CIN,12.6,5
00-0036630,Tylan Wallace,WR,BAL,2025,2,CLE,8.5,2
00-0036637,Noah Gray,TE,KC,2025,2,PHI,0.1,1
00-0036754,Brock Wright,TE,DET,2025,2,CHI,8.8,3
00-0036849,Tutu Atwell,WR,LA,2025,2,TEN,0.0,0
00-0036862,Ben Skowronek,WR,PIT,2025,2,SEA,0.0,0
00-0036875,Rhamondre Stevenson,RB,NE,2025,2,MIA,16.2,5
00-0036876,Kylen Granson,TE,PHI,2025,2,KC,0.5,1
00-0036887,Luke Farrell,TE,SF,2025,2,NO,7.5,2
00-0036893,Najee Harris,RB,LAC,2025,2,LV,4.8,2
00-0036894,Pat Freiermuth,TE,PIT,2025,2,SEA,3.1,3
00-0036900,Ja'Marr Chase,WR,CIN,2025,2,JAX,22.5,14
00-0036912,DeVonta Smith,WR,PHI,2025,2,KC,5.3,4
00-0036919,Kenny Gainwell,RB,PIT,2025,2,SEA,3.6,3
00-0036945,Justin Fields,QB,NYJ,2025,2,BUF,3.98,0
00-0036963,Amon-Ra St. Brown,WR,DET,2025,2,CHI,30.2,9
00-0036970,Kyle Pitts,TE,ATL,2025,2,MIN,3.7,4
00-0036971,Trevor Lawrence,QB,JAX,2025,2,CIN,19.24,0
00-0036972,Mac Jones,QB,SF,2025,2,NO,21.76,0
00-0036973,Travis Etienne,RB,JAX,2025,2,CIN,14.9,2
00-0036980,Elijah Moore,WR,BUF,2025,2,NYJ,9.7,1
00-0036988,Josh Palmer,WR,BUF,2025,2,NYJ,4.7,2
00-0036997,Javonte Williams,RB,DAL,2025,2,NYG,19.0,6
00-0037005,Tommy Tremble,TE,CAR,2025,2,ARI,2.0,3
00-0037085,Tyler Badie,RB,DEN,2025,2,IND,2.2,2
00-0037086,Grant Calcaterra,TE,PHI,2025,2,KC,0.6,1
00-0037093,Dareke Young,WR,SEA,2025,2,PIT,0.0,0
00-0037112,Jake Tonges,TE,SF,2025,2,NO,3.1,4
00-0037157,Bam Knight,RB,ARI,2025,2,CAR,0.0,0
00-0037197,Isiah Pacheco,RB,KC,2025,2,PHI,2.9,1
00-0037228,Jaylen Warren,RB,PIT,2025,2,SEA,13.4,4
00-0037238,Drake London,WR,ATL,2025,2,MIN,2.9,3
00-0037239,Chris Olave,WR,NO,2025,2,SF,5.4,6
00-0037240,Jameson Williams,WR,DET,2025,2,CHI,16.8,2
00-0037247,George Pickens,WR,DAL,2025,2,NYG,12.8,5
00-0037248,James Cook,RB,BUF,2025,2,NYJ,25.5,1
00-0037256,Rachaad White,RB,TB,2025,2,HOU,12.6,2
00-0037261,Khalil Shakir,WR,BUF,2025,2,NYJ,1.2,1
00-0037263,Tyler Allgeier,RB,ATL,2025,2,MIN,14.0,1
00-0037267,Jerome Ford,RB,CLE,2025,2,BAL,5.4,5
00-0037291,Jalen Nailor,WR,MIN,2025,2,ATL,3.1,3
00-0037292,Andrew Ogletree,TE,IND,2025,2,DEN,0.0,0
00-0037306,John FitzPatrick,TE,GB,2025,2,WAS,0.0,0
00-0037340,Zaire Mitchell-Paden,TE,BAL,2025,2,CLE,0.0,0
00-0037525,Jordan Mason,RB,MIN,2025,2,ATL,3.8,2
00-0037545,Rashid Shaheed,WR,NO,2025,2,SF,11.2,4
00-0037614,John Metchie III,WR,PHI,2025,2,KC,0.0,1
00-0037617,Hassan Haskins,RB,LAC,2025,2,LV,0.0,0
00-0037664,Alec Pierce,WR,IND,2025,2,DEN,6.8,4
00-0037666,Jalen Tolbert,WR,DAL,2025,2,NYG,1.6,2
00-0037740,Garrett Wilson,WR,NYJ,2025,2,BUF,5.0,4
00-0037741,Jahan Dotson,WR,PHI,2025,2,KC,0.4,1
00-0037744,Trey McBride,TE,ARI,2025,2,CAR,7.8,6
00-0037746,Brian Robinson,RB,SF,2025,2,NO,1.9,1
00-0037801,KaVontae Turpin,WR,DAL,2025,2,NYG,11.3,4
00-0037805,Jeremy Ruckert,TE,NYJ,2025,2,BUF,6.5,1
00-0037809,Chig Okonkwo,TE,TEN,2025,2,LA,3.5,4
00-0037816,Romeo Doubs,WR,GB,2025,2,WAS,8.8,3
00-0037837,Calvin Austin III,WR,PIT,2025,2,SEA,2.2,1
00-0037840,Kyren Williams,RB,LA,2025,2,TEN,8.0,2
00-0038040,Zamir White,RB,LV,2025,2,LAC,1.3,2
00-0038041,Jake Ferguson,TE,DAL,2025,2,NYG,7.8,9
00-0038090,Skyy Moore,WR,SF,2025,2,NO,0.0,0
00-0038104,Tyquan Thornton,WR,KC,2025,2,PHI,11.9,2
00-0038115,Daniel Bellinger,TE,NYG,2025,2,DAL,0.0,0
00-0038117,Wan'Dale Robinson,WR,NYG,2025,2,DAL,20.2,8
00-0038120,Breece Hall,RB,NYJ,2025,2,BUF,3.8,2
00-0038129,Cade Otton,TE,TB,2025,2,HOU,2.5,3
00-0038134,Kenneth Walker III,RB,SEA,2025,2,PIT,17.8,1
00-0038359,Xavier Smith,WR,LA,2025,2,TEN,0.0,0
00-0038393,Dontayvion Wicks,WR,GB,2025,2,WAS,4.4,4
00-0038416,Tyson Bagent,QB,CHI,2025,2,DET,1.78,0
00-0038465,Malik Heath,WR,GB,2025,2,WAS,3.7,1
00-0038488,Brady Russell,RB,SEA,2025,2,PIT,0.0,0
00-0038519,Nikko Remigio,WR,KC,2025,2,PHI,2.1,1
00-0038542,Bijan Robinson,RB,ATL,2025,2,MIN,16.8,3
00-0038543,Jaxon Smith-Njigba,WR,SEA,2025,2,PIT,10.3,8
00-0038544,Quentin Johnston,WR,LAC,2025,2,LV,12.9,3
00-0038547,Luke Schoonmaker,TE,DAL,2025,2,NYG,0.0,0
00-0038551,Kendre Miller,RB,NO,2025,2,SF,1.0,1
00-0038558,Darnell Washington,TE,PIT,2025,2,SEA,2.0,0
00-0038559,Michael Wilson,WR,ARI,2025,2,CAR,7.1,1
00-0038563,Tre Tucker,WR,LV,2025,2,LAC,1.9,3
00-0038573,Derius Davis,WR,LAC,2025,2,LV,0.0,0
00-0038576,Charlie Jones,WR,CIN,2025,2,JAX,0.0,0
00-0038597,Chase Brown,RB,CIN,2025,2,JAX,6.5,2
00-0038606,Parker Washington,WR,JAX,2025,2,CIN,7.6,5
00-0038608,Kayshon Boutte,WR,NE,2025,2,MIA,7.6,1
00-0038618,Xavier Hutchinson,WR,HOU,2025,2,TB,2.9,2
00-0038619,Andrei Iosivas,WR,CIN,2025,2,JAX,1.2,1
00-0038621,DeMario Douglas,WR,NE,2025,2,MIA,0.8,1
00-0038643,Brayden Willis,TE,SF,2025,2,NO,0.0,0
00-0038678,Jordan Mims,RB,TEN,2025,2,LA,0.0,0
00-0038679,Tyrell Shavers,WR,BUF,2025,2,NYJ,0.0,0
00-0038685,Chris Brooks,RB,GB,2025,2,WAS,2.7,3
00-0038738,Hunter Luepke,RB,DAL,2025,2,NYG,0.0,0
00-0038797,Emanuel Wilson,RB,GB,2025,2,WAS,0.0,0
00-0038824,Ryan Miller,WR,TB,2025,2,HOU,8.0,1
00-0038839,Mitchell Tinsley,WR,CIN,2025,2,JAX,7.3,1
00-0038840,Brycen Tremayne,WR,CAR,2025,2,ARI,4.8,3
00-0038896,Jacob Saylors,RB,DET,2025,2,CHI,0.0,0
00-0038933,Dalton Kincaid,TE,BUF,2025,2,NYJ,3.7,4
00-0038935,Brenton Strange,TE,JAX,2025,2,CIN,1.7,3
00-0038951,Sean Tucker,RB,TB,2025,2,HOU,0.0,0
00-0038976,Marvin Mims Jr.,WR,DEN,2025,2,IND,8.4,2
00-0038979,Cedric Tillman,WR,CLE,2025,2,BAL,8.2,2
00-0038996,Tucker Kraft,TE,GB,2025,2,WAS,18.4,6
00-0038997,Josh Downs,WR,IND,2025,2,DEN,5.1,6
00-0039021,Roschon Johnson,RB,CHI,2025,2,DET,0.0,0
00-0039040,De'Von Achane,RB,MIA,2025,2,NE,18.2,8
00-0039041,Elijah Higgins,TE,ARI,2025,2,CAR,4.5,2
00-0039050,Payne Durham,TE,TB,2025,2,HOU,0.0,0
00-0039064,Zay Flowers,WR,BAL,2025,2,CLE,7.9,7
00-0039065,Sam LaPorta,TE,DET,2025,2,CHI,2.6,3
00-0039066,Michael Mayer,TE,LV,2025,2,LAC,0.9,2
00-0039074,Davis Allen,TE,LA,2025,2,TEN,6.8,1
00-0039075,Puka Nacua,WR,LA,2025,2,TEN,19.6,8
00-0039139,Jahmyr Gibbs,RB,DET,2025,2,CHI,16.4,3
00-0039144,Luke Musgrave,TE,GB,2025,2,WAS,3.2,2
00-0039150,Bryce Young,QB,CAR,2025,2,ARI,21.32,0
00-0039163,C.J. Stroud,QB,HOU,2025,2,TB,14.98,0
00-0039165,Zach Charbonnet,RB,SEA,2025,2,PIT,1.0,0
00-0039299,George Holani,RB,SEA,2025,2,PIT,6.0,0
00-0039337,Malik Nabers,WR,NYG,2025,2,DAL,28.7,9
00-0039338,Brock Bowers,TE,LV,2025,2,LAC,3.8,5
00-0039342,Xavier Legette,WR,CAR,2025,2,ARI,-0.2,1
00-0039355,Luke McCaffrey,WR,WAS,2025,2,GB,3.9,1
00-0039356,Ja'Tavion Sanders,TE,CAR,2025,2,ARI,5.4,7
00-0039361,Bucky Irving,RB,TB,2025,2,HOU,12.1,6
00-0039363,Isaac Guerendo,RB,SF,2025,2,NO,0.0,0
00-0039376,Spencer Rattler,QB,NO,2025,2,SF,21.68,0
00-0039379,Jamari Thrash,WR,CLE,2025,2,BAL,0.5,1
00-0039384,Tyrone Tracy Jr.,RB,NYG,2025,2,DAL,5.1,4
00-0039407,Dylan Laube,RB,LV,2025,2,LAC,1.7,2
00-0039410,Ryan Flournoy,WR,DAL,2025,2,NYG,0.0,0
00-0039424,Devaughn Vele,WR,NO,2025,2,SF,6.3,1
00-0039451,Isaiah Williams,WR,NYJ,2025,2,BUF,0.0,0
00-0039530,Brevyn Spann-Ford,TE,DAL,2025,2,NYG,0.3,1
00-0039589,Kameron Johnson,WR,TB,2025,2,HOU,0.0,0
00-0039650,Bryce Oliver,WR,TEN,2025,2,LA,0.0,0
00-0039732,Bo Nix,QB,DEN,2025,2,IND,20.24,0
00-0039738,Blake Corum,RB,LA,2025,2,TEN,10.4,0
00-0039739,Roman Wilson,WR,PIT,2025,2,SEA,0.7,1
00-0039751,Jordan Whittington,WR,LA,2025,2,TEN,4.2,2
00-0039792,Devontez Walker,WR,BAL,2025,2,CLE,14.6,2
00-0039793,AJ Barner,TE,SEA,2025,2,PIT,8.8,2
00-0039794,Braelon Allen,RB,NYJ,2025,2,BUF,1.1,0
00-0039796,Rasheen Ali,RB,BAL,2025,2,CLE,0.0,0
00-0039798,Isaiah Davis,RB,NYJ,2025,2,BUF,0.6,1
00-0039816,Anthony Gould,WR,IND,2025,2,DEN,0.0,0
00-0039847,Theo Johnson,TE,NYG,2025,2,DAL,3.4,4
00-0039849,Marvin Harrison Jr.,WR,ARI,2025,2,CAR,2.7,2
00-0039851,Drake Maye,QB,NE,2025,2,MIA,26.3,0
00-0039868,Troy Franklin,WR,DEN,2025,2,IND,16.0,8
00-0039875,Ray Davis,RB,BUF,2025,2,NYJ,2.4,0
00-0039880,Malik Washington,WR,MIA,2025,2,NE,8.5,1
00-0039890,Adonai Mitchell,WR,IND,2025,2,DEN,2.0,2
00-0039893,Brian Thomas Jr.,WR,JAX,2025,2,CIN,4.9,4
00-0039901,Keon Coleman,WR,BUF,2025,2,NYJ,2.6,3
00-0039910,Jayden Daniels,QB,WAS,2025,2,GB,19.7,0
00-0039912,Ben Sinnott,TE,WAS,2025,2,GB,0.7,1
00-0039915,Ladd McConkey,WR,LAC,2025,2,LV,4.8,5
00-0039916,Ricky Pearsall,WR,SF,2025,2,NO,5.2,4
00-0039917,Michael Penix Jr.,QB,ATL,2025,2,MIN,5.3,0
00-0039918,Caleb Williams,QB,CHI,2025,2,DET,16.98,0
00-0039919,Rome Odunze,WR,CHI,2025,2,DET,24.8,7
00-0039921,Trey Benson,RB,ARI,2025,2,CAR,4.4,4
00-0039923,J.J. McCarthy,QB,MIN,2025,2,ATL,2.82,0
00-0040009,Savion Williams,WR,GB,2025,2,WAS,2.4,0
00-0040075,LaJohntay Wester,WR,BAL,2025,2,CLE,0.0,0
00-0040078,Brashard Smith,RB,KC,2025,2,PHI,0.2,0
00-0040122,Ashton Jeanty,RB,LV,2025,2,LAC,4.4,3
00-0040124,Tetairoa McMillan,WR,CAR,2025,2,ARI,10.0,6
00-0040126,Colston Loveland,TE,CHI,2025,2,DET,0.0,0
00-0040128,Tyler Warren,TE,IND,2025,2,DEN,7.9,4
00-0040129,Emeka Egbuka,WR,TB,2025,2,HOU,8.9,4
00-0040130,Jayden Higgins,WR,HOU,2025,2,TB,2.8,1
00-0040134,Pat Bryant,WR,DEN,2025,2,IND,1.8,2
00-0040138,Jaylin Noel,WR,HOU,2025,2,TB,0.0,0
00-0040142,Kaleb Johnson,RB,PIT,2025,2,SEA,0.1,0
00-0040162,Dylan Sampson,RB,CLE,2025,2,BAL,7.9,3
00-0040164,Jaylin Lane,WR,WAS,2025,2,GB,0.2,1
00-0040170,Elic Ayomanor,WR,TEN,2025,2,LA,11.6,4
00-0040179,DJ Giddens,RB,IND,2025,2,DEN,0.0,0
00-0040184,KeAndre Lambert-Smith,WR,LAC,2025,2,LV,0.0,0
00-0040187,Mitchell Evans,TE,CAR,2025,2,ARI,0.9,1
00-0040194,Jackson Hawes,TE,BUF,2025,2,NYJ,0.5,1
00-0040198,Ollie Gordon II,RB,MIA,2025,2,NE,1.3,1
00-0040208,Tahj Brooks,RB,CIN,2025,2,JAX,0.0,0
00-0040236,Kyle Monangai,RB,CHI,2025,2,DET,3.6,1
00-0040238,LeQuint Allen Jr.,RB,JAX,2025,2,CIN,1.3,0
00-0040242,Jacory Croskey-Merritt,RB,WAS,2025,2,GB,1.7,0
00-0040432,Beaux Collins,WR,NYG,2025,2,DAL,0.0,0
00-0040506,Myles Price,WR,MIN,2025,2,ATL,0.0,0
00-0040509,Ben Yurosek,TE,MIN,2025,2,ATL,0.0,0
00-0040581,Dont'e Thornton Jr.,WR,LV,2025,2,LAC,2.0,1
00-0040582,Arian Smith,WR,NYJ,2025,2,BUF,-0.2,1
00-0040583,Woody Marks,RB,HOU,2025,2,TB,5.1,1
00-0040584,Gunnar Helm,TE,TEN,2025,2,LA,0.9,2
00-0040644,Trevor Etienne,RB,CAR,2025,2,ARI,0.2,1
00-0040648,Tory Horton,WR,SEA,2025,2,PIT,9.2,2
00-0040649,Robbie Ouzts,RB,SEA,2025,2,PIT,0.0,0
00-0040663,Harold Fannin Jr.,TE,CLE,2025,2,BAL,4.8,5
00-0040666,Omarion Hampton,RB,LAC,2025,2,LV,2.5,1
00-0040667,Matthew Golden,WR,GB,2025,2,WAS,1.5,0
00-0040669,Isaac TeSlaa,WR,DET,2025,2,CHI,2.9,1
00-0040676,Cam Ward,QB,TEN,2025,2,LA,9.8,0
00-0040691,Jaxson Dart,QB,NYG,2025,2,DAL,-0.3,0
00-0040704,Dillon Gabriel,QB,CLE,2025,2,BAL,4.76,0
00-0040705,Chimere Dike,WR,TEN,2025,2,LA,0.8,2
00-0040715,Cam Skattebo,RB,NYG,2025,2,DAL,11.9,2
00-0040719,Bhayshul Tuten,RB,JAX,2025,2,CIN,13.4,2
00-0040727,Tre Harris,WR,LAC,2025,2,LV,3.4,2
00-0040730,RJ Harvey,RB,DEN,2025,2,IND,2.4,1
00-0040734,TreVeyon Henderson,RB,NE,2025,2,MIA,4.0,2
00-0040735,Luther Burden III,WR,CHI,2025,2,DET,0.5,1
00-0040736,Mason Taylor,TE,NYJ,2025,2,BUF,0.5,1
00-0040739,Elijah Arroyo,TE,SEA,2025,2,PIT,3.1,2
00-0040782,Isaiah Bond,WR,CLE,2025,2,BAL,1.5,1
00-0040784,Quinshon Judkins,RB,CLE,2025,2,BAL,7.1,3
00-0023459,Aaron Rodgers,QB,PIT,2025,3,NE,11.66,0
00-0026158,Joe Flacco,QB,CLE,2025,3,GB,3.68,0
00-0026498,Matthew Stafford,QB,LA,2025,3,PHI,13.84,0
00-0027973,Andy Dalton,QB,CAR,2025,3,ATL,-0.1,0
00-0028118,Tyrod Taylor,QB,NYJ,2025,3,TB,16.68,0
00-0029263,Russell Wilson,QB,NYG,2025,3,KC,5.1,0
00-0029604,Kirk Cousins,QB,ATL,2025,3,CAR,1.16,0
00-0030035,Adam Thielen,WR,MIN,2025,3,CIN,0.0,0
00-0030061,Zach Ertz,TE,WAS,2025,3,LV,3.8,3
00-0030279,Keenan Allen,WR,LAC,2025,3,DEN,12.5,7
00-0030506,Travis Kelce,TE,KC,2025,3,NYG,2.6,4
00-0030564,DeAndre Hopkins,WR,BAL,2025,3,DET,1.3,1
00-0030565,Geno Smith,QB,LV,2025,3,WAS,26.06,0
00-0031236,Brandin Cooks,WR,NO,2025,3,SEA,2.4,3
00-0031381,Davante Adams,WR,LA,2025,3,PHI,11.6,3
00-0031408,Mike Evans,WR,TB,2025,3,NYJ,9.3,4
00-0031484,Chris Manhertz,TE,NYG,2025,3,KC,0.7,1
00-0031588,Stefon Diggs,WR,NE,2025,3,PIT,2.3,3
00-0031763,DeAndre Carter,WR,CLE,2025,3,GB,0.0,0
00-0032211,Tyler Lockett,WR,TEN,2025,3,IND,3.7,4
00-0032268,Marcus Mariota,QB,WAS,2025,3,LV,20.28,0
00-0032385,Sterling Shepard,WR,TB,2025,3,NYJ,8.0,4
00-0032392,Austin Hooper,TE,NE,2025,3,PIT,2.8,2
00-0032398,Chris Moore,WR,WAS,2025,3,LV,2.5,2
00-0032464,Kalif Raymond,WR,DET,2025,3,BAL,0.4,1
00-0032764,Derrick Henry,RB,BAL,2025,3,DET,9.7,1
00-0032950,Carson Wentz,QB,MIN,2025,3,CIN,15.32,0
00-0033040,Tyreek Hill,WR,MIA,2025,3,BUF,10.9,5
00-0033077,Dak Prescott,QB,DAL,2025,3,CHI,12.04,0
00-0033090,Hunter Henry,TE,NE,2025,3,PIT,21.0,8
00-0033106,Jared Goff,QB,DET,2025,3,BAL,12.68,0
00-0033110,Tyler Higbee,TE,LA,2025,3,PHI,0.0,0
00-0033246,Johnny Mundt,TE,JAX,2025,3,HOU,0.7,1
00-0033280,Christian McCaffrey,RB,SF,2025,3,ARI,14.0,10
00-0033307,Kendrick Bourne,WR,SF,2025,3,ARI,3.8,4
00-0033375,Tim Patrick,WR,JAX,2025,3,HOU,1.6,1
00-0033526,Samaje Perine,RB,CIN,2025,3,MIN,0.1,0
00-0033553,James Conner,RB,ARI,2025,3,SF,3.7,3
00-0033555,Mack Hollins,WR,NE,2025,3,PIT,2.7,4
00-0033576,Eric Saubert,TE,SEA,2025,3,NO,1.2,1
00-0033589,David Moore,WR,CAR,2025,3,ATL,0.5,1
00-0033854,Dare Ogunbowale,RB,HOU,2025,3,JAX,0.0,0
00-0033857,JuJu Smith-Schuster,WR,KC,2025,3,NYG,5.5,4
00-0033858,Jonnu Smith,TE,PIT,2025,3,NE,2.3,3
00-0033873,Patrick Mahomes,QB,KC,2025,3,NYG,13.16,0
00-0033885,David Njoku,TE,CLE,2025,3,GB,4.0,5
00-0033891,Zay Jones,WR,ARI,2025,3,SF,2.5,2
00-0033906,Alvin Kamara,RB,NO,2025,3,SEA,5.6,1
00-0033908,Cooper Kupp,WR,SEA,2025,3,NO,3.1,2
00-0033923,Kareem Hunt,RB,KC,2025,3,NYG,10.4,1
00-0033955,Jeremy McNichols,RB,WAS,2025,3,LV,13.8,0
00-0034270,Tyler Conklin,TE,LAC,2025,3,DEN,0.0,0
00-0034272,Marquez Valdes-Scantling,WR,SF,2025,3,ARI,0.9,1
00-0034348,Courtland Sutton,WR,DEN,2025,3,LAC,17.8,6
00-0034351,Dallas Goedert,TE,PHI,2025,3,LA,9.3,1
00-0034383,Dalton Schultz,TE,HOU,2025,3,JAX,3.9,5
00-0034407,Ray-Ray McCloud,WR,ATL,2025,3,CAR,2.0,2
00-0034521,Allen Lazard,WR,NYJ,2025,3,TB,7.3,2
00-0034753,Mark Andrews,TE,BAL,2025,3,DET,21.1,6
00-0034775,Christian Kirk,WR,HOU,2025,3,JAX,2.5,3
00-0034791,Nick Chubb,RB,HOU,2025,3,JAX,4.0,3
00-0034796,Lamar Jackson,QB,BAL,2025,3,DET,27.02,0
00-0034827,DJ Moore,WR,CHI,2025,3,DAL,8.8,4
00-0034829,Mike Gesicki,TE,CIN,2025,3,MIN,0.6,1
00-0034837,Calvin Ridley,WR,TEN,2025,3,IND,2.7,1
00-0034844,Saquon Barkley,RB,PHI,2025,3,LA,5.5,4
00-0034855,Baker Mayfield,QB,TB,2025,3,NYJ,17.72,0
00-0034857,Josh Allen,QB,BUF,2025,3,MIA,23.02,0
00-0034869,Sam Darnold,QB,SEA,2025,3,NO,16.72,0
00-0034955,Brett Rypien,QB,CIN,2025,3,MIN,0.0,0
00-0034960,Jakobi Meyers,WR,LV,2025,3,WAS,6.3,3
00-0034975,Justice Hill,RB,BAL,2025,3,DET,4.5,3
00-0034983,Hunter Renfrow,WR,CAR,2025,3,ATL,0.6,2
00-0035021,Ashton Dulin,WR,IND,2025,3,TEN,0.0,0
00-0035100,Jake Browning,QB,CIN,2025,3,MIN,5.9,0
00-0035208,Olamide Zaccheaus,WR,CHI,2025,3,DAL,3.6,3
00-0035228,Kyler Murray,QB,ARI,2025,3,SF,14.06,0
00-0035229,T.J. Hockenson,TE,MIN,2025,3,CIN,10.9,5
00-0035243,Miles Sanders,RB,DAL,2025,3,CHI,5.3,3
00-0035249,Josh Oliver,TE,MIN,2025,3,CIN,7.2,1
00-0035250,Devin Singletary,RB,NYG,2025,3,KC,1.1,0
00-0035261,Tony Pollard,RB,TEN,2025,3,IND,11.9,2
00-0035359,David Sills,WR,ATL,2025,3,CAR,0.9,1
00-0035500,Greg Dortch,WR,ARI,2025,3,SF,0.8,2
00-0035535,Darius Slayton,WR,NYG,2025,3,KC,3.0,4
00-0035537,Ty Johnson,RB,BUF,2025,3,MIA,2.1,1
00-0035631,Drew Sample,TE,CIN,2025,3,MIN,8.0,2
00-0035640,DK Metcalf,WR,PIT,2025,3,NE,9.2,3
00-0035644,Noah Fant,TE,CIN,2025,3,MIN,0.6,5
00-0035645,Gunner Olszewski,WR,NYG,2025,3,KC,0.0,0
00-0035659,Terry McLaurin,WR,WAS,2025,3,LV,7.4,3
00-0035662,Marquise Brown,WR,KC,2025,3,NYG,4.2,4
00-0035676,A.J. Brown,WR,PHI,2025,3,LA,16.9,6
00-0035685,David Montgomery,RB,DET,2025,3,BAL,28.4,1
00-0035700,Josh Jacobs,RB,GB,2025,3,CLE,7.4,5
00-0035704,Drew Lock,QB,SEA,2025,3,NO,0.5,0
00-0035710,Daniel Jones,QB,IND,2025,3,TEN,15.82,0
00-0035719,Deebo Samuel Sr.,WR,WAS,2025,3,LV,2.9,2
00-0035726,Jakob Johnson,RB,HOU,2025,3,JAX,0.0,0
00-0036040,Juwan Johnson,TE,NO,2025,3,SEA,5.1,6
00-0036139,Rico Dowdle,RB,CAR,2025,3,ATL,9.8,1
00-0036158,J.K. Dobbins,RB,DEN,2025,3,LAC,14.3,1
00-0036182,Nick Westbrook-Ikhine,WR,MIA,2025,3,BUF,0.0,0
00-0036212,Tua Tagovailoa,QB,MIA,2025,3,BUF,12.84,0
00-0036223,Jonathan Taylor,RB,IND,2025,3,TEN,29.8,3
00-0036252,Michael Pittman,WR,IND,2025,3,TEN,13.3,6
00-0036264,Jordan Love,QB,GB,2025,3,CLE,11.12,0
00-0036275,D'Andre Swift,RB,CHI,2025,3,DAL,7.8,3
00-0036290,Cole Kmet,TE,CHI,2025,3,DAL,7.0,1
00-0036309,Darnell Mooney,WR,ATL,2025,3,CAR,4.4,4
00-0036322,Justin Jefferson,WR,MIN,2025,3,CIN,7.5,5
00-0036328,Antonio Gibson,RB,NE,2025,3,PIT,0.8,0
00-0036331,Devin Duvernay,WR,CHI,2025,3,DAL,0.0,0
00-0036355,Justin Herbert,QB,LAC,2025,3,DEN,14.6,0
00-0036389,Jalen Hurts,QB,PHI,2025,3,LA,29.04,0
00-0036407,Jerry Jeudy,WR,CLE,2025,3,GB,1.7,1
00-0036410,Tee Higgins,WR,CIN,2025,3,MIN,1.5,1
00-0036414,Cam Akers,RB,MIN,2025,3,CIN,1.9,0
00-0036415,Van Jefferson,WR,TEN,2025,3,IND,0.8,1
00-0036422,Adam Trautman,TE,DEN,2025,3,LAC,0.0,0
00-0036427,Tyler Johnson,WR,NYJ,2025,3,TB,3.2,2
00-0036429,Charlie Woerner,TE,ATL,2025,3,CAR,-0.5,1
00-0036550,Rashod Bateman,WR,BAL,2025,3,DET,12.3,5
00-0036554,Nico Collins,WR,HOU,2025,3,JAX,14.4,8
00-0036555,Chuba Hubbard,RB,CAR,2025,3,ATL,7.6,2
00-0036613,Jaylen Waddle,WR,MIA,2025,3,BUF,9.9,5
00-0036620,Dee Eskridge,WR,MIA,2025,3,BUF,0.0,0
00-0036626,Dyami Brown,WR,JAX,2025,3,HOU,0.7,2
00-0036630,Tylan Wallace,WR,BAL,2025,3,DET,0.0,0
00-0036637,Noah Gray,TE,KC,2025,3,NYG,1.7,3
00-0036646,Simi Fehoko,WR,ARI,2025,3,SF,0.0,0
00-0036741,Jack Stoll,TE,NO,2025,3,SEA,8.1,2
00-0036849,Tutu Atwell,WR,LA,2025,3,PHI,0.0,0
00-0036862,Ben Skowronek,WR,PIT,2025,3,NE,0.0,0
00-0036875,Rhamondre Stevenson,RB,NE,2025,3,PIT,1.6,3
00-0036876,Kylen Granson,TE,PHI,2025,3,LA,0.0,0
00-0036893,Najee Harris,RB,LAC,2025,3,DEN,2.8,0
00-0036894,Pat Freiermuth,TE,PIT,2025,3,NE,0.6,1
00-0036900,Ja'Marr Chase,WR,CIN,2025,3,MIN,3.9,5
00-0036912,DeVonta Smith,WR,PHI,2025,3,LA,12.0,8
00-0036919,Kenny Gainwell,RB,PIT,2025,3,NE,8.6,1
00-0036963,Amon-Ra St. Brown,WR,DET,2025,3,BAL,13.7,7
00-0036970,Kyle Pitts,TE,ATL,2025,3,CAR,3.9,4
00-0036971,Trevor Lawrence,QB,JAX,2025,3,HOU,7.78,0
00-0036972,Mac Jones,QB,SF,2025,3,ARI,13.26,0
00-0036973,Travis Etienne,RB,JAX,2025,3,HOU,11.6,0
00-0036980,Elijah Moore,WR,BUF,2025,3,MIA,4.1,2
00-0036988,Josh Palmer,WR,BUF,2025,3,MIA,0.5,1
00-0036997,Javonte Williams,RB,DAL,2025,3,CHI,7.2,5
00-0037004,Hunter Long,TE,JAX,2025,3,HOU,1.2,2
00-0037005,Tommy Tremble,TE,CAR,2025,3,ATL,1.6,2
00-0037085,Tyler Badie,RB,DEN,2025,3,LAC,0.0,0
00-0037086,Grant Calcaterra,TE,PHI,2025,3,LA,0.0,0
00-0037093,Dareke Young,WR,SEA,2025,3,NO,1.2,1
00-0037112,Jake Tonges,TE,SF,2025,3,ARI,2.1,2
00-0037120,Tyler Goodson,RB,IND,2025,3,TEN,0.6,0
00-0037197,Isiah Pacheco,RB,KC,2025,3,NYG,4.8,1
00-0037228,Jaylen Warren,RB,PIT,2025,3,NE,8.1,5
00-0037231,Kevin Austin Jr.,WR,NO,2025,3,SEA,0.0,0
00-0037238,Drake London,WR,ATL,2025,3,CAR,5.5,5
00-0037239,Chris Olave,WR,NO,2025,3,SEA,5.7,10
00-0037240,Jameson Williams,WR,DET,2025,3,BAL,4.3,2
00-0037247,George Pickens,WR,DAL,2025,3,CHI,12.8,5
00-0037248,James Cook,RB,BUF,2025,3,MIA,17.8,3
00-0037256,Rachaad White,RB,TB,2025,3,NYJ,1.4,1
00-0037261,Khalil Shakir,WR,BUF,2025,3,MIA,10.5,4
00-0037263,Tyler Allgeier,RB,ATL,2025,3,CAR,0.4,1
00-0037267,Jerome Ford,RB,CLE,2025,3,GB,1.0,4
00-0037291,Jalen Nailor,WR,MIN,2025,3,CIN,3.7,3
00-0037306,John FitzPatrick,TE,GB,2025,3,CLE,7.2,2
00-0037311,Ko Kieft,TE,TB,2025,3,NYJ,0.0,0
00-0037348,Tanner Conner,TE,MIA,2025,3,BUF,1.3,1
00-0037380,Kaden Davis,WR,CLE,2025,3,GB,0.0,0
00-0037525,Jordan Mason,RB,MIN,2025,3,CIN,23.6,0
00-0037539,Lucas Krull,TE,DEN,2025,3,LAC,0.9,1
00-0037545,Rashid Shaheed,WR,NO,2025,3,SEA,4.2,4
00-0037594,Julius Chestnut,RB,TEN,2025,3,IND,2.6,0
00-0037614,John Metchie III,WR,PHI,2025,3,LA,0.8,1
00-0037617,Hassan Haskins,RB,LAC,2025,3,DEN,0.0,0
00-0037654,Tucker Fisk,TE,LAC,2025,3,DEN,0.0,0
00-0037664,Alec Pierce,WR,IND,2025,3,TEN,6.7,4
00-0037666,Jalen Tolbert,WR,DAL,2025,3,CHI,4.4,3
00-0037740,Garrett Wilson,WR,NYJ,2025,3,TB,14.4,10
00-0037741,Jahan Dotson,WR,PHI,2025,3,LA,0.7,1
00-0037744,Trey McBride,TE,ARI,2025,3,SF,10.3,5
00-0037745,Velus Jones Jr.,WR,NO,2025,3,SEA,0.0,0
00-0037746,Brian Robinson,RB,SF,2025,3,ARI,2.2,0
00-0037801,KaVontae Turpin,WR,DAL,2025,3,CHI,6.8,2
00-0037809,Chig Okonkwo,TE,TEN,2025,3,IND,6.6,5
00-0037816,Romeo Doubs,WR,GB,2025,3,CLE,2.5,2
00-0037837,Calvin Austin III,WR,PIT,2025,3,NE,9.4,3
00-0037840,Kyren Williams,RB,LA,2025,3,PHI,17.2,2
00-0038040,Zamir White,RB,LV,2025,3,WAS,2.3,1
00-0038041,Jake Ferguson,TE,DAL,2025,3,CHI,8.2,13
00-0038046,Charlie Kolar,TE,BAL,2025,3,DET,2.2,2
00-0038090,Skyy Moore,WR,SF,2025,3,ARI,1.0,1
00-0038104,Tyquan Thornton,WR,KC,2025,3,NYG,13.1,5
00-0038115,Daniel Bellinger,TE,NYG,2025,3,KC,0.6,1
00-0038117,Wan'Dale Robinson,WR,NYG,2025,3,KC,2.6,1
00-0038120,Breece Hall,RB,NYJ,2025,3,TB,5.2,4
00-0038134,Kenneth Walker III,RB,SEA,2025,3,NO,17.0,1
00-0038359,Xavier Smith,WR,LA,2025,3,PHI,0.0,0
00-0038393,Dontayvion Wicks,WR,GB,2025,3,CLE,2.1,2
00-0038440,Zavier Scott,RB,MIN,2025,3,CIN,5.0,1
00-0038465,Malik Heath,WR,GB,2025,3,CLE,0.0,0
00-0038488,Brady Russell,RB,SEA,2025,3,NO,0.0,0
00-0038519,Nikko Remigio,WR,KC,2025,3,NYG,1.1,0
00-0038542,Bijan Robinson,RB,ATL,2025,3,CAR,11.1,5
00-0038543,Jaxon Smith-Njigba,WR,SEA,2025,3,NO,15.6,5
00-0038544,Quentin Johnston,WR,LAC,2025,3,DEN,8.9,6
00-0038547,Luke Schoonmaker,TE,DAL,2025,3,CHI,0.5,1
00-0038551,Kendre Miller,RB,NO,2025,3,SEA,3.6,2
00-0038555,Tank Bigsby,RB,PHI,2025,3,LA,0.0,0
00-0038559,Michael Wilson,WR,ARI,2025,3,SF,0.5,1
00-0038563,Tre Tucker,WR,LV,2025,3,WAS,32.9,8
00-0038573,Derius Davis,WR,LAC,2025,3,DEN,0.2,0
00-0038576,Charlie Jones,WR,CIN,2025,3,MIN,0.0,0
00-0038597,Chase Brown,RB,CIN,2025,3,MIN,2.0,4
00-0038606,Parker Washington,WR,JAX,2025,3,HOU,3.4,4
00-0038608,Kayshon Boutte,WR,NE,2025,3,PIT,2.8,2
00-0038611,Chris Rodriguez Jr.,RB,WAS,2025,3,LV,3.9,0
00-0038618,Xavier Hutchinson,WR,HOU,2025,3,JAX,1.6,3
00-0038621,DeMario Douglas,WR,NE,2025,3,PIT,0.7,2
00-0038643,Brayden Willis,TE,SF,2025,3,ARI,0.0,0
00-0038679,Tyrell Shavers,WR,BUF,2025,3,MIA,2.4,2
00-0038685,Chris Brooks,RB,GB,2025,3,CLE,0.0,0
00-0038705,Emari Demercado,RB,ARI,2025,3,SF,0.0,0
00-0038710,Blake Whiteheart,TE,CLE,2025,3,GB,0.0,0
00-0038720,Julian Hill,TE,MIA,2025,3,BUF,0.4,1
00-0038797,Emanuel Wilson,RB,GB,2025,3,CLE,2.5,0
00-0038824,Ryan Miller,WR,TB,2025,3,NYJ,0.0,0
00-0038839,Mitchell Tinsley,WR,CIN,2025,3,MIN,0.0,0
00-0038840,Brycen Tremayne,WR,CAR,2025,3,ATL,1.5,2
00-0038896,Jacob Saylors,RB,DET,2025,3,BAL,0.0,0
00-0038933,Dalton Kincaid,TE,BUF,2025,3,MIA,12.6,5
00-0038935,Brenton Strange,TE,JAX,2025,3,HOU,6.1,6
00-0038951,Sean Tucker,RB,TB,2025,3,NYJ,0.0,0
00-0038976,Marvin Mims Jr.,WR,DEN,2025,3,LAC,0.4,1
00-0038979,Cedric Tillman,WR,CLE,2025,3,GB,2.6,3
00-0038996,Tucker Kraft,TE,GB,2025,3,CLE,2.9,3
00-0038997,Josh Downs,WR,IND,2025,3,TEN,3.4,2
00-0039021,Roschon Johnson,RB,CHI,2025,3,DAL,0.0,0
00-0039040,De'Von Achane,RB,MIA,2025,3,BUF,9.1,7
00-0039041,Elijah Higgins,TE,ARI,2025,3,SF,0.7,1
00-0039064,Zay Flowers,WR,BAL,2025,3,DET,1.3,2
00-0039065,Sam LaPorta,TE,DET,2025,3,BAL,3.3,4
00-0039066,Michael Mayer,TE,LV,2025,3,WAS,0.0,0
00-0039074,Davis Allen,TE,LA,2025,3,PHI,0.3,1
00-0039075,Puka Nacua,WR,LA,2025,3,PHI,11.8,11
00-0039139,Jahmyr Gibbs,RB,DET,2025,3,BAL,21.9,5
00-0039150,Bryce Young,QB,CAR,2025,3,ATL,11.64,0
00-0039163,C.J. Stroud,QB,HOU,2025,3,JAX,10.36,0
00-0039164,Anthony Richardson,QB,IND,2025,3,TEN,-0.1,0
00-0039299,George Holani,RB,SEA,2025,3,NO,2.2,2
00-0039337,Malik Nabers,WR,NYG,2025,3,KC,1.3,2
00-0039338,Brock Bowers,TE,LV,2025,3,WAS,5.8,4
00-0039355,Luke McCaffrey,WR,WAS,2025,3,LV,11.6,3
00-0039356,Ja'Tavion Sanders,TE,CAR,2025,3,ATL,1.1,2
00-0039361,Bucky Irving,RB,TB,2025,3,NYJ,9.9,4
00-0039363,Isaac Guerendo,RB,SF,2025,3,ARI,0.0,0
00-0039364,Sione Vaki,RB,DET,2025,3,BAL,0.0,0
00-0039376,Spencer Rattler,QB,NO,2025,3,SEA,11.72,0
00-0039379,Jamari Thrash,WR,CLE,2025,3,GB,0.7,2
00-0039384,Tyrone Tracy Jr.,RB,NYG,2025,3,KC,3.6,2
00-0039398,Joe Milton III,QB,DAL,2025,3,CHI,-0.36,0
00-0039407,Dylan Laube,RB,LV,2025,3,WAS,0.2,0
00-0039410,Ryan Flournoy,WR,DAL,2025,3,CHI,2.1,2
00-0039451,Isaiah Williams,WR,NYJ,2025,3,TB,0.0,0
00-0039530,Brevyn Spann-Ford,TE,DAL,2025,3,CHI,0.0,0
00-0039589,Kameron Johnson,WR,TB,2025,3,NYJ,0.0,0
00-0039631,Cam Grandy,TE,CIN,2025,3,MIN,0.6,1
00-0039686,Colson Yankoff,TE,WAS,2025,3,LV,0.0,0
00-0039732,Bo Nix,QB,DEN,2025,3,LAC,13.42,0
00-0039737,Tip Reiman,TE,ARI,2025,3,SF,0.8,2
00-0039738,Blake Corum,RB,LA,2025,3,PHI,5.3,0
00-0039751,Jordan Whittington,WR,LA,2025,3,PHI,1.4,2
00-0039792,Devontez Walker,WR,BAL,2025,3,DET,3.4,1
00-0039793,AJ Barner,TE,SEA,2025,3,NO,2.3,1
00-0039794,Braelon Allen,RB,NYJ,2025,3,TB,4.7,2
00-0039796,Rasheen Ali,RB,BAL,2025,3,DET,0.0,0
00-0039798,Isaiah Davis,RB,NYJ,2025,3,TB,0.0,0
00-0039816,Anthony Gould,WR,IND,2025,3,TEN,0.0,0
00-0039847,Theo Johnson,TE,NYG,2025,3,KC,1.0,1
00-0039849,Marvin Harrison Jr.,WR,ARI,2025,3,SF,4.4,3
00-0039851,Drake Maye,QB,NE,2025,3,PIT,19.22,0
00-0039868,Troy Franklin,WR,DEN,2025,3,LAC,0.8,2
00-0039875,Ray Davis,RB,BUF,2025,3,MIA,0.0,0
00-0039880,Malik Washington,WR,MIA,2025,3,BUF,3.2,3
00-0039890,Adonai Mitchell,WR,IND,2025,3,TEN,0.0,0
00-0039893,Brian Thomas Jr.,WR,JAX,2025,3,HOU,5.5,2
00-0039901,Keon Coleman,WR,BUF,2025,3,MIA,2.0,3
00-0039915,Ladd McConkey,WR,LAC,2025,3,DEN,4.1,4
00-0039916,Ricky Pearsall,WR,SF,2025,3,ARI,11.7,8
00-0039917,Michael Penix Jr.,QB,ATL,2025,3,CAR,3.78,0
00-0039918,Caleb Williams,QB,CHI,2025,3,DAL,29.12,0
00-0039919,Rome Odunze,WR,CHI,2025,3,DAL,12.2,3
00-0039921,Trey Benson,RB,ARI,2025,3,SF,5.1,3
00-0040009,Savion Williams,WR,GB,2025,3,CLE,-0.1,0
00-0040067,Jacardia Wright,RB,SEA,2025,3,NO,2.0,0
00-0040075,LaJohntay Wester,WR,BAL,2025,3,DET,0.0,0
00-0040078,Brashard Smith,RB,KC,2025,3,NYG,1.3,0
00-0040122,Ashton Jeanty,RB,LV,2025,3,WAS,6.3,0
00-0040124,Tetairoa McMillan,WR,CAR,2025,3,ATL,4.8,3
00-0040126,Colston Loveland,TE,CHI,2025,3,DAL,3.1,1
00-0040128,Tyler Warren,TE,IND,2025,3,TEN,3.8,3
00-0040129,Emeka Egbuka,WR,TB,2025,3,NYJ,8.5,6
00-0040130,Jayden Higgins,WR,HOU,2025,3,JAX,0.5,1
00-0040131,Kyle Williams,WR,NE,2025,3,PIT,0.8,1
00-0040138,Jaylin Noel,WR,HOU,2025,3,JAX,0.4,1
00-0040154,Tai Felton,WR,MIN,2025,3,CIN,0.9,1
00-0040162,Dylan Sampson,RB,CLE,2025,3,GB,0.2,0
00-0040164,Jaylin Lane,WR,WAS,2025,3,LV,5.8,1
00-0040170,Elic Ayomanor,WR,TEN,2025,3,IND,9.8,4
00-0040179,DJ Giddens,RB,IND,2025,3,TEN,0.3,0
00-0040187,Mitchell Evans,TE,CAR,2025,3,ATL,0.9,1
00-0040189,Oronde Gadsden II,TE,LAC,2025,3,DEN,4.6,5
00-0040194,Jackson Hawes,TE,BUF,2025,3,MIA,6.5,1
00-0040198,Ollie Gordon II,RB,MIA,2025,3,BUF,9.8,0
00-0040208,Tahj Brooks,RB,CIN,2025,3,MIN,1.7,0
00-0040236,Kyle Monangai,RB,CHI,2025,3,DAL,2.0,1
00-0040237,Tez Johnson,WR,TB,2025,3,NYJ,0.0,0
00-0040238,LeQuint Allen Jr.,RB,JAX,2025,3,HOU,0.9,1
00-0040242,Jacory Croskey-Merritt,RB,WAS,2025,3,LV,9.1,1
00-0040494,Max Brosmer,QB,MIN,2025,3,CIN,1.16,0
00-0040506,Myles Price,WR,MIN,2025,3,CIN,0.0,0
00-0040509,Ben Yurosek,TE,MIN,2025,3,CIN,0.0,0
00-0040547,Nate Carter,RB,ATL,2025,3,CAR,2.6,0
00-0040581,Dont'e Thornton Jr.,WR,LV,2025,3,WAS,2.9,2
00-0040582,Arian Smith,WR,NYJ,2025,3,TB,0.2,2
00-0040583,Woody Marks,RB,HOU,2025,3,JAX,3.6,1
00-0040584,Gunnar Helm,TE,TEN,2025,3,IND,2.7,3
00-0040629,Dalevon Campbell,WR,CAR,2025,3,ATL,0.0,0
00-0040644,Trevor Etienne,RB,CAR,2025,3,ATL,0.0,0
00-0040648,Tory Horton,WR,SEA,2025,3,NO,15.2,3
00-0040663,Harold Fannin Jr.,TE,CLE,2025,3,GB,2.5,3
00-0040666,Omarion Hampton,RB,LAC,2025,3,DEN,18.9,6
00-0040667,Matthew Golden,WR,GB,2025,3,CLE,6.1,4
00-0040669,Isaac TeSlaa,WR,DET,2025,3,BAL,0.0,0
00-0040673,Jalen Milroe,QB,SEA,2025,3,NO,0.3,0
00-0040676,Cam Ward,QB,TEN,2025,3,IND,11.96,0
00-0040691,Jaxson Dart,QB,NYG,2025,3,KC,0.3,0
00-0040705,Chimere Dike,WR,TEN,2025,3,IND,0.5,3
00-0040715,Cam Skattebo,RB,NYG,2025,3,KC,18.1,6
00-0040719,Bhayshul Tuten,RB,JAX,2025,3,HOU,8.1,0
00-0040727,Tre Harris,WR,LAC,2025,3,DEN,0.0,0
00-0040729,Jack Bech,WR,LV,2025,3,WAS,1.0,1
00-0040730,RJ Harvey,RB,DEN,2025,3,LAC,1.6,3
00-0040734,TreVeyon Henderson,RB,NE,2025,3,PIT,4.7,3
00-0040735,Luther Burden III,WR,CHI,2025,3,DAL,16.8,3
00-0040736,Mason Taylor,TE,NYJ,2025,3,TB,1.8,4
00-0040739,Elijah Arroyo,TE,SEA,2025,3,NO,0.0,0
00-0040743,Tyler Shough,QB,NO,2025,3,SEA,0.0,0
00-0040782,Isaiah Bond,WR,CLE,2025,3,GB,1.6,2
00-0040784,Quinshon Judkins,RB,CLE,2025,3,GB,15.5,1
00-0023459,Aaron Rodgers,QB,PIT,2025,4,MIN,12.8,0
00-0026158,Joe Flacco,QB,CLE,2025,4,DET,1.26,0
00-0026498,Matthew Stafford,QB,LA,2025,4,IND,27.4,0
00-0027973,Andy Dalton,QB,CAR,2025,4,NE,6.32,0
00-0029263,Russell Wilson,QB,NYG,2025,4,LAC,0.32,0
00-0030035,Adam Thielen,WR,MIN,2025,4,PIT,1.1,2
00-0030061,Zach Ertz,TE,WAS,2025,4,ATL,4.1,2
00-0030279,Keenan Allen,WR,LAC,2025,4,NYG,3.7,5
00-0030506,Travis Kelce,TE,KC,2025,4,BAL,4.8,5
00-0030564,DeAndre Hopkins,WR,BAL,2025,4,KC,0.0,0
00-0030565,Geno Smith,QB,LV,2025,4,CHI,9.78,0
00-0031236,Brandin Cooks,WR,NO,2025,4,BUF,2.2,3
00-0031381,Davante Adams,WR,LA,2025,4,IND,11.6,4
00-0031484,Chris Manhertz,TE,NYG,2025,4,LAC,0.0,0
00-0031588,Stefon Diggs,WR,NE,2025,4,CAR,10.1,6
00-0031610,Darren Waller,TE,MIA,2025,4,NYJ,14.7,3
00-0031687,Raheem Mostert,RB,LV,2025,4,CHI,7.3,1
00-0031763,DeAndre Carter,WR,CLE,2025,4,DET,0.0,0
00-0032211,Tyler Lockett,WR,TEN,2025,4,HOU,0.0,0
00-0032268,Marcus Mariota,QB,WAS,2025,4,ATL,16.24,0
00-0032385,Sterling Shepard,WR,TB,2025,4,PHI,2.0,2
00-0032392,Austin Hooper,TE,NE,2025,4,CAR,2.4,1
00-0032398,Chris Moore,WR,WAS,2025,4,ATL,0.9,0
00-0032464,Kalif Raymond,WR,DET,2025,4,CLE,7.3,2
00-0032764,Derrick Henry,RB,BAL,2025,4,KC,5.8,2
00-0032775,Demarcus Robinson,WR,SF,2025,4,JAX,2.0,1
00-0032950,Carson Wentz,QB,MIN,2025,4,PIT,21.2,0
00-0033040,Tyreek Hill,WR,MIA,2025,4,NYJ,6.7,6
00-0033077,Dak Prescott,QB,DAL,2025,4,GB,30.96,0
00-0033090,Hunter Henry,TE,NE,2025,4,CAR,9.9,2
00-0033106,Jared Goff,QB,DET,2025,4,CLE,12.72,0
00-0033110,Tyler Higbee,TE,LA,2025,4,IND,2.5,2
00-0033246,Johnny Mundt,TE,JAX,2025,4,SF,0.0,0
00-0033280,Christian McCaffrey,RB,SF,2025,4,JAX,20.1,6
00-0033282,Curtis Samuel,WR,BUF,2025,4,NO,0.9,1
00-0033307,Kendrick Bourne,WR,SF,2025,4,JAX,1.7,1
00-0033375,Tim Patrick,WR,JAX,2025,4,SF,-0.1,1
00-0033526,Samaje Perine,RB,CIN,2025,4,DEN,0.4,0
00-0033555,Mack Hollins,WR,NE,2025,4,CAR,6.4,1
00-0033572,Jamal Agnew,WR,ATL,2025,4,WAS,0.0,0
00-0033576,Eric Saubert,TE,SEA,2025,4,ARI,0.0,0
00-0033589,David Moore,WR,CAR,2025,4,NE,1.2,0
00-0033662,Cooper Rush,QB,BAL,2025,4,KC,2.08,0
00-0033757,Robert Tonyan,TE,KC,2025,4,BAL,0.0,0
00-0033857,JuJu Smith-Schuster,WR,KC,2025,4,BAL,9.6,4
00-0033858,Jonnu Smith,TE,PIT,2025,4,MIN,0.6,2
00-0033873,Patrick Mahomes,QB,KC,2025,4,BAL,27.3,0
00-0033881,Evan Engram,TE,DEN,2025,4,CIN,2.9,4
00-0033885,David Njoku,TE,CLE,2025,4,DET,1.1,2
00-0033906,Alvin Kamara,RB,NO,2025,4,BUF,7.2,4
00-0033908,Cooper Kupp,WR,SEA,2025,4,ARI,2.6,4
00-0033921,Chris Godwin Jr.,WR,TB,2025,4,PHI,2.6,3
00-0033923,Kareem Hunt,RB,KC,2025,4,BAL,4.7,1
00-0033943,Josh Reynolds,WR,NYJ,2025,4,MIA,0.0,0
00-0033949,Joshua Dobbs,QB,NE,2025,4,CAR,-0.2,0
00-0033955,Jeremy McNichols,RB,WAS,2025,4,ATL,0.3,1
00-0034270,Tyler Conklin,TE,LAC,2025,4,NYG,0.3,1
00-0034348,Courtland Sutton,WR,DEN,2025,4,CIN,14.1,5
00-0034351,Dallas Goedert,TE,PHI,2025,4,TB,15.7,4
00-0034365,Ian Thomas,TE,LV,2025,4,CHI,0.0,0
00-0034383,Dalton Schultz,TE,HOU,2025,4,TEN,3.0,5
00-0034407,Ray-Ray McCloud,WR,ATL,2025,4,WAS,-0.7,1
00-0034521,Allen Lazard,WR,NYJ,2025,4,MIA,0.8,1
00-0034577,Kyle Allen,QB,DET,2025,4,CLE,-0.2,0
00-0034753,Mark Andrews,TE,BAL,2025,4,KC,3.0,7
00-0034775,Christian Kirk,WR,HOU,2025,4,TEN,2.0,3
00-0034791,Nick Chubb,RB,HOU,2025,4,TEN,6.2,2
00-0034796,Lamar Jackson,QB,BAL,2025,4,KC,10.68,0
00-0034827,DJ Moore,WR,CHI,2025,4,LV,3.8,4
00-0034829,Mike Gesicki,TE,CIN,2025,4,DEN,0.8,1
00-0034837,Calvin Ridley,WR,TEN,2025,4,HOU,3.0,2
00-0034844,Saquon Barkley,RB,PHI,2025,4,TB,13.4,4
00-0034855,Baker Mayfield,QB,TB,2025,4,PHI,18.86,0
00-0034857,Josh Allen,QB,BUF,2025,4,NO,24.86,0
00-0034869,Sam Darnold,QB,SEA,2025,4,ARI,16.08,0
00-0034960,Jakobi Meyers,WR,LV,2025,4,CHI,3.0,4
00-0034975,Justice Hill,RB,BAL,2025,4,KC,23.7,5
00-0034983,Hunter Renfrow,WR,CAR,2025,4,NE,1.0,2
00-0035021,Ashton Dulin,WR,IND,2025,4,LA,1.8,1
00-0035100,Jake Browning,QB,CIN,2025,4,DEN,5.4,0
00-0035208,Olamide Zaccheaus,WR,CHI,2025,4,LV,4.1,5
00-0035228,Kyler Murray,QB,ARI,2025,4,SEA,16.1,0
00-0035229,T.J. Hockenson,TE,MIN,2025,4,PIT,3.9,4
00-0035243,Miles Sanders,RB,DAL,2025,4,GB,2.5,2
00-0035249,Josh Oliver,TE,MIN,2025,4,PIT,0.0,0
00-0035250,Devin Singletary,RB,NYG,2025,4,LAC,2.8,0
00-0035261,Tony Pollard,RB,TEN,2025,4,HOU,7.6,3
00-0035289,Gardner Minshew,QB,KC,2025,4,BAL,-0.3,0
00-0035298,Scott Miller,WR,PIT,2025,4,MIN,0.0,0
00-0035500,Greg Dortch,WR,ARI,2025,4,SEA,3.9,4
00-0035535,Darius Slayton,WR,NYG,2025,4,LAC,4.4,3
00-0035537,Ty Johnson,RB,BUF,2025,4,NO,0.0,0
00-0035567,Craig Reynolds,RB,DET,2025,4,CLE,0.0,0
00-0035640,DK Metcalf,WR,PIT,2025,4,MIN,18.6,5
00-0035645,Gunner Olszewski,WR,NYG,2025,4,LAC,0.0,0
00-0035662,Marquise Brown,WR,KC,2025,4,BAL,9.8,3
00-0035676,A.J. Brown,WR,PHI,2025,4,TB,0.7,2
00-0035685,David Montgomery,RB,DET,2025,4,CLE,1.2,0
00-0035689,Dawson Knox,TE,BUF,2025,4,NO,0.0,0
00-0035700,Josh Jacobs,RB,GB,2025,4,DAL,27.7,4
00-0035710,Daniel Jones,QB,IND,2025,4,LA,10.38,0
00-0035719,Deebo Samuel Sr.,WR,WAS,2025,4,ATL,14.1,6
00-0036040,Juwan Johnson,TE,NO,2025,4,BUF,2.8,3
00-0036139,Rico Dowdle,RB,CAR,2025,4,NE,3.0,1
00-0036158,J.K. Dobbins,RB,DEN,2025,4,CIN,10.5,1
00-0036182,Nick Westbrook-Ikhine,WR,MIA,2025,4,NYJ,0.1,1
00-0036212,Tua Tagovailoa,QB,MIA,2025,4,NYJ,15.68,0
00-0036223,Jonathan Taylor,RB,IND,2025,4,LA,9.6,5
00-0036244,Colby Parkinson,TE,LA,2025,4,IND,1.7,2
00-0036252,Michael Pittman,WR,IND,2025,4,LA,10.1,5
00-0036259,Jauan Jennings,WR,SF,2025,4,JAX,4.4,2
00-0036264,Jordan Love,QB,GB,2025,4,DAL,26.28,0
00-0036265,AJ Dillon,RB,PHI,2025,4,TB,1.7,0
00-0036275,D'Andre Swift,RB,CHI,2025,4,LV,12.0,4
00-0036290,Cole Kmet,TE,CHI,2025,4,LV,4.6,3
00-0036309,Darnell Mooney,WR,ATL,2025,4,WAS,1.5,1
00-0036322,Justin Jefferson,WR,MIN,2025,4,PIT,12.6,10
00-0036328,Antonio Gibson,RB,NE,2025,4,CAR,8.7,0
00-0036331,Devin Duvernay,WR,CHI,2025,4,LV,0.0,0
00-0036355,Justin Herbert,QB,LAC,2025,4,NYG,12.52,0
00-0036389,Jalen Hurts,QB,PHI,2025,4,TB,19.4,0
00-0036407,Jerry Jeudy,WR,CLE,2025,4,DET,4.8,3
00-0036410,Tee Higgins,WR,CIN,2025,4,DEN,3.2,3
00-0036415,Van Jefferson,WR,TEN,2025,4,HOU,0.6,1
00-0036422,Adam Trautman,TE,DEN,2025,4,CIN,3.2,2
00-0036550,Rashod Bateman,WR,BAL,2025,4,KC,2.4,1
00-0036554,Nico Collins,WR,HOU,2025,4,TEN,7.9,4
00-0036555,Chuba Hubbard,RB,CAR,2025,4,NE,6.9,3
00-0036590,Quintin Morris,TE,JAX,2025,4,SF,0.0,0
00-0036613,Jaylen Waddle,WR,MIA,2025,4,NYJ,4.8,3
00-0036630,Tylan Wallace,WR,BAL,2025,4,KC,1.4,1
00-0036637,Noah Gray,TE,KC,2025,4,BAL,0.1,1
00-0036646,Simi Fehoko,WR,ARI,2025,4,SEA,0.0,0
00-0036741,Jack Stoll,TE,NO,2025,4,BUF,0.7,1
00-0036754,Brock Wright,TE,DET,2025,4,CLE,0.0,0
00-0036825,Feleipe Franks,TE,ATL,2025,4,WAS,0.0,0
00-0036849,Tutu Atwell,WR,LA,2025,4,IND,14.8,1
00-0036862,Ben Skowronek,WR,PIT,2025,4,MIN,0.0,0
00-0036875,Rhamondre Stevenson,RB,NE,2025,4,CAR,4.1,1
00-0036876,Kylen Granson,TE,PHI,2025,4,TB,0.0,0
00-0036887,Luke Farrell,TE,SF,2025,4,JAX,0.0,2
00-0036900,Ja'Marr Chase,WR,CIN,2025,4,DEN,2.3,5
00-0036912,DeVonta Smith,WR,PHI,2025,4,TB,2.9,2
00-0036919,Kenny Gainwell,RB,PIT,2025,4,MIN,25.4,6
00-0036924,Michael Carter,RB,ARI,2025,4,SEA,0.1,0
00-0036945,Justin Fields,QB,NYJ,2025,4,MIA,27.14,0
00-0036963,Amon-Ra St. Brown,WR,DET,2025,4,CLE,19.0,7
00-0036970,Kyle Pitts,TE,ATL,2025,4,WAS,13.0,5
00-0036971,Trevor Lawrence,QB,JAX,2025,4,SF,11.66,0
00-0036973,Travis Etienne,RB,JAX,2025,4,SF,18.5,1
00-0036980,Elijah Moore,WR,BUF,2025,4,NO,0.0,0
00-0036984,Trey Sermon,RB,PIT,2025,4,MIN,0.0,0
00-0036988,Josh Palmer,WR,BUF,2025,4,NO,2.5,2
00-0036997,Javonte Williams,RB,DAL,2025,4,GB,16.0,3
00-0037004,Hunter Long,TE,JAX,2025,4,SF,8.3,3
00-0037005,Tommy Tremble,TE,CAR,2025,4,NE,10.2,5
00-0037085,Tyler Badie,RB,DEN,2025,4,CIN,1.1,1
00-0037086,Grant Calcaterra,TE,PHI,2025,4,TB,1.6,1
00-0037091,Bo Melton,WR,GB,2025,4,DAL,0.0,0
00-0037093,Dareke Young,WR,SEA,2025,4,ARI,0.0,0
00-0037112,Jake Tonges,TE,SF,2025,4,JAX,11.8,3
00-0037120,Tyler Goodson,RB,IND,2025,4,LA,0.0,1
00-0037157,Bam Knight,RB,ARI,2025,4,SEA,0.0,0
00-0037197,Isiah Pacheco,RB,KC,2025,4,BAL,10.8,2
00-0037238,Drake London,WR,ATL,2025,4,WAS,17.0,8
00-0037239,Chris Olave,WR,NO,2025,4,BUF,6.0,3
00-0037240,Jameson Williams,WR,DET,2025,4,CLE,3.7,2
00-0037247,George Pickens,WR,DAL,2025,4,GB,25.4,8
00-0037248,James Cook,RB,BUF,2025,4,NO,19.5,3
00-0037256,Rachaad White,RB,TB,2025,4,PHI,4.6,4
00-0037261,Khalil Shakir,WR,BUF,2025,4,NO,12.9,5
00-0037263,Tyler Allgeier,RB,ATL,2025,4,WAS,11.1,0
00-0037267,Jerome Ford,RB,CLE,2025,4,DET,0.3,1
00-0037282,James Mitchell,TE,CAR,2025,4,NE,1.7,2
00-0037291,Jalen Nailor,WR,MIN,2025,4,PIT,8.2,1
00-0037292,Andrew Ogletree,TE,IND,2025,4,LA,0.0,0
00-0037348,Tanner Conner,TE,MIA,2025,4,NYJ,0.0,0
00-0037524,Tay Martin,WR,WAS,2025,4,ATL,1.4,1
00-0037525,Jordan Mason,RB,MIN,2025,4,PIT,7.2,3
00-0037545,Rashid Shaheed,WR,NO,2025,4,BUF,5.2,4
00-0037594,Julius Chestnut,RB,TEN,2025,4,HOU,0.0,0
00-0037614,John Metchie III,WR,PHI,2025,4,TB,1.0,2
00-0037617,Hassan Haskins,RB,LAC,2025,4,NYG,0.0,0
00-0037654,Tucker Fisk,TE,LAC,2025,4,NYG,0.0,0
00-0037666,Jalen Tolbert,WR,DAL,2025,4,GB,6.1,4
00-0037740,Garrett Wilson,WR,NYJ,2025,4,MIA,14.2,6
00-0037741,Jahan Dotson,WR,PHI,2025,4,TB,0.0,0
00-0037744,Trey McBride,TE,ARI,2025,4,SEA,5.2,7
00-0037745,Velus Jones Jr.,WR,NO,2025,4,BUF,0.0,0
00-0037746,Brian Robinson,RB,SF,2025,4,JAX,2.1,0
00-0037801,KaVontae Turpin,WR,DAL,2025,4,GB,3.4,3
00-0037805,Jeremy Ruckert,TE,NYJ,2025,4,MIA,2.3,1
00-0037809,Chig Okonkwo,TE,TEN,2025,4,HOU,0.4,1
00-0037816,Romeo Doubs,WR,GB,2025,4,DAL,23.8,6
00-0037834,Brock Purdy,QB,SF,2025,4,JAX,17.66,0
00-0037837,Calvin Austin III,WR,PIT,2025,4,MIN,1.3,2
00-0037840,Kyren Williams,RB,LA,2025,4,IND,7.4,3
00-0038041,Jake Ferguson,TE,DAL,2025,4,GB,10.0,7
00-0038090,Skyy Moore,WR,SF,2025,4,JAX,0.0,0
00-0038104,Tyquan Thornton,WR,KC,2025,4,BAL,7.1,1
00-0038115,Daniel Bellinger,TE,NYG,2025,4,LAC,1.3,1
00-0038117,Wan'Dale Robinson,WR,NYG,2025,4,LAC,1.4,3
00-0038120,Breece Hall,RB,NYJ,2025,4,MIA,11.1,5
00-0038129,Cade Otton,TE,TB,2025,4,PHI,0.9,3
00-0038134,Kenneth Walker III,RB,SEA,2025,4,ARI,11.0,1
00-0038359,Xavier Smith,WR,LA,2025,4,IND,0.0,0
00-0038393,Dontayvion Wicks,WR,GB,2025,4,DAL,1.9,2
00-0038440,Zavier Scott,RB,MIN,2025,4,PIT,10.4,6
00-0038465,Malik Heath,WR,GB,2025,4,DAL,0.9,1
00-0038519,Nikko Remigio,WR,KC,2025,4,BAL,0.0,0
00-0038542,Bijan Robinson,RB,ATL,2025,4,WAS,24.1,4
00-0038543,Jaxon Smith-Njigba,WR,SEA,2025,4,ARI,9.0,4
00-0038544,Quentin Johnston,WR,LAC,2025,4,NYG,15.8,8
00-0038547,Luke Schoonmaker,TE,DAL,2025,4,GB,0.8,2
00-0038551,Kendre Miller,RB,NO,2025,4,BUF,12.5,0
00-0038555,Tank Bigsby,RB,PHI,2025,4,TB,0.0,0
00-0038558,Darnell Washington,TE,PIT,2025,4,MIN,2.0,3
00-0038559,Michael Wilson,WR,ARI,2025,4,SEA,1.5,3
00-0038563,Tre Tucker,WR,LV,2025,4,CHI,2.2,2
00-0038564,Cameron Latu,TE,PHI,2025,4,TB,0.0,0
00-0038576,Charlie Jones,WR,CIN,2025,4,DEN,0.0,0
00-0038590,Justin Shorter,TE,LV,2025,4,CHI,0.0,0
00-0038597,Chase Brown,RB,CIN,2025,4,DEN,7.1,3
00-0038606,Parker Washington,WR,JAX,2025,4,SF,5.9,0
00-0038608,Kayshon Boutte,WR,NE,2025,4,CAR,1.8,1
00-0038611,Chris Rodriguez Jr.,RB,WAS,2025,4,ATL,5.9,0
00-0038618,Xavier Hutchinson,WR,HOU,2025,4,TEN,1.7,2
00-0038619,Andrei Iosivas,WR,CIN,2025,4,DEN,2.7,1
00-0038643,Brayden Willis,TE,SF,2025,4,JAX,0.0,0
00-0038679,Tyrell Shavers,WR,BUF,2025,4,NO,0.0,0
00-0038685,Chris Brooks,RB,GB,2025,4,DAL,0.1,1
00-0038705,Emari Demercado,RB,ARI,2025,4,SEA,8.1,2
00-0038710,Blake Whiteheart,TE,CLE,2025,4,DET,0.0,0
00-0038720,Julian Hill,TE,MIA,2025,4,NYJ,1.9,1
00-0038738,Hunter Luepke,RB,DAL,2025,4,GB,0.6,0
00-0038752,Jake Bobo,WR,SEA,2025,4,ARI,1.7,1
00-0038783,Nate Adkins,TE,DEN,2025,4,CIN,0.5,2
00-0038797,Emanuel Wilson,RB,GB,2025,4,DAL,8.1,3
00-0038839,Mitchell Tinsley,WR,CIN,2025,4,DEN,0.9,1
00-0038840,Brycen Tremayne,WR,CAR,2025,4,NE,3.6,3
00-0038896,Jacob Saylors,RB,DET,2025,4,CLE,1.1,0
00-0038933,Dalton Kincaid,TE,BUF,2025,4,NO,8.8,1
00-0038935,Brenton Strange,TE,JAX,2025,4,SF,4.5,6
00-0038951,Sean Tucker,RB,TB,2025,4,PHI,0.0,0
00-0038976,Marvin Mims Jr.,WR,DEN,2025,4,CIN,14.5,6
00-0038979,Cedric Tillman,WR,CLE,2025,4,DET,0.6,1
00-0038994,Jordan Addison,WR,MIN,2025,4,PIT,11.4,4
00-0038996,Tucker Kraft,TE,GB,2025,4,DAL,5.6,5
00-0038997,Josh Downs,WR,IND,2025,4,LA,2.4,4
00-0039021,Roschon Johnson,RB,CHI,2025,4,LV,0.0,0
00-0039040,De'Von Achane,RB,MIA,2025,4,NYJ,16.1,1
00-0039041,Elijah Higgins,TE,ARI,2025,4,SEA,0.0,0
00-0039050,Payne Durham,TE,TB,2025,4,PHI,0.0,0
00-0039064,Zay Flowers,WR,BAL,2025,4,KC,7.4,7
00-0039065,Sam LaPorta,TE,DET,2025,4,CLE,3.9,3
00-0039074,Davis Allen,TE,LA,2025,4,IND,0.0,1
00-0039075,Puka Nacua,WR,LA,2025,4,IND,23.0,13
00-0039139,Jahmyr Gibbs,RB,DET,2025,4,CLE,15.7,2
00-0039144,Luke Musgrave,TE,GB,2025,4,DAL,0.6,1
00-0039150,Bryce Young,QB,CAR,2025,4,NE,10.3,0
00-0039163,C.J. Stroud,QB,HOU,2025,4,TEN,18.42,0
00-0039165,Zach Charbonnet,RB,SEA,2025,4,ARI,10.4,2
00-0039299,George Holani,RB,SEA,2025,4,ARI,0.0,0
00-0039337,Malik Nabers,WR,NYG,2025,4,LAC,2.0,2
00-0039338,Brock Bowers,TE,LV,2025,4,CHI,4.6,5
00-0039355,Luke McCaffrey,WR,WAS,2025,4,ATL,8.1,2
00-0039361,Bucky Irving,RB,TB,2025,4,PHI,20.5,5
00-0039376,Spencer Rattler,QB,NO,2025,4,BUF,13.94,0
00-0039391,Kimani Vidal,RB,LAC,2025,4,NYG,0.0,0
00-0039394,Casey Washington,WR,ATL,2025,4,WAS,1.9,1
00-0039407,Dylan Laube,RB,LV,2025,4,CHI,0.0,0
00-0039410,Ryan Flournoy,WR,DAL,2025,4,GB,2.6,2
00-0039451,Isaiah Williams,WR,NYJ,2025,4,MIA,0.0,0
00-0039521,Xavier Weaver,WR,ARI,2025,4,SEA,0.0,0
00-0039589,Kameron Johnson,WR,TB,2025,4,PHI,0.0,0
00-0039686,Colson Yankoff,TE,WAS,2025,4,ATL,0.0,0
00-0039732,Bo Nix,QB,DEN,2025,4,CIN,25.74,0
00-0039738,Blake Corum,RB,LA,2025,4,IND,1.6,2
00-0039746,Will Shipley,RB,PHI,2025,4,TB,0.0,0
00-0039751,Jordan Whittington,WR,LA,2025,4,IND,0.7,1
00-0039754,Devin Culp,TE,TB,2025,4,PHI,0.0,0
00-0039792,Devontez Walker,WR,BAL,2025,4,KC,0.0,0
00-0039793,AJ Barner,TE,SEA,2025,4,ARI,9.2,3
00-0039794,Braelon Allen,RB,NYJ,2025,4,MIA,0.6,0
00-0039796,Rasheen Ali,RB,BAL,2025,4,KC,0.0,0
00-0039798,Isaiah Davis,RB,NYJ,2025,4,MIA,2.7,2
00-0039816,Anthony Gould,WR,IND,2025,4,LA,0.0,0
00-0039847,Theo Johnson,TE,NYG,2025,4,LAC,7.7,3
00-0039849,Marvin Harrison Jr.,WR,ARI,2025,4,SEA,12.6,6
00-0039851,Drake Maye,QB,NE,2025,4,CAR,23.22,0
00-0039868,Troy Franklin,WR,DEN,2025,4,CIN,5.5,4
00-0039875,Ray Davis,RB,BUF,2025,4,NO,0.3,0
00-0039880,Malik Washington,WR,MIA,2025,4,NYJ,2.1,2
00-0039890,Adonai Mitchell,WR,IND,2025,4,LA,7.6,3
00-0039893,Brian Thomas Jr.,WR,JAX,2025,4,SF,5.6,5
00-0039894,Xavier Worthy,WR,KC,2025,4,BAL,12.1,5
00-0039901,Keon Coleman,WR,BUF,2025,4,NO,4.5,3
00-0039912,Ben Sinnott,TE,WAS,2025,4,ATL,0.0,0
00-0039915,Ladd McConkey,WR,LAC,2025,4,NYG,1.1,1
00-0039916,Ricky Pearsall,WR,SF,2025,4,JAX,4.6,4
00-0039917,Michael Penix Jr.,QB,ATL,2025,4,WAS,18.72,0
00-0039918,Caleb Williams,QB,CHI,2025,4,LV,11.78,0
00-0039919,Rome Odunze,WR,CHI,2025,4,LV,12.9,4
00-0039921,Trey Benson,RB,ARI,2025,4,SEA,5.4,5
00-0040009,Savion Williams,WR,GB,2025,4,DAL,2.3,3
00-0040078,Brashard Smith,RB,KC,2025,4,BAL,3.6,3
00-0040122,Ashton Jeanty,RB,LV,2025,4,CHI,31.5,2
00-0040124,Tetairoa McMillan,WR,CAR,2025,4,NE,6.2,4
00-0040128,Tyler Warren,TE,IND,2025,4,LA,13.3,5
00-0040129,Emeka Egbuka,WR,TB,2025,4,PHI,16.1,4
00-0040130,Jayden Higgins,WR,HOU,2025,4,TEN,8.4,1
00-0040131,Kyle Williams,WR,NE,2025,4,CAR,-0.2,0
00-0040134,Pat Bryant,WR,DEN,2025,4,CIN,0.0,0
00-0040138,Jaylin Noel,WR,HOU,2025,4,TEN,0.0,1
00-0040142,Kaleb Johnson,RB,PIT,2025,4,MIN,2.2,0
00-0040154,Tai Felton,WR,MIN,2025,4,PIT,0.0,0
00-0040162,Dylan Sampson,RB,CLE,2025,4,DET,-0.2,0
00-0040164,Jaylin Lane,WR,WAS,2025,4,ATL,1.8,2
00-0040170,Elic Ayomanor,WR,TEN,2025,4,HOU,4.4,2
00-0040184,KeAndre Lambert-Smith,WR,LAC,2025,4,NYG,0.0,0
00-0040187,Mitchell Evans,TE,CAR,2025,4,NE,8.3,3
00-0040189,Oronde Gadsden II,TE,LAC,2025,4,NYG,1.6,2
00-0040194,Jackson Hawes,TE,BUF,2025,4,NO,1.5,1
00-0040198,Ollie Gordon II,RB,MIA,2025,4,NYJ,1.0,0
00-0040208,Tahj Brooks,RB,CIN,2025,4,DEN,0.0,0
00-0040236,Kyle Monangai,RB,CHI,2025,4,LV,1.8,0
00-0040237,Tez Johnson,WR,TB,2025,4,PHI,1.3,1
00-0040238,LeQuint Allen Jr.,RB,JAX,2025,4,SF,0.7,1
00-0040242,Jacory Croskey-Merritt,RB,WAS,2025,4,ATL,5.7,2
00-0040277,Jahdae Walker,WR,CHI,2025,4,LV,0.0,0
00-0040506,Myles Price,WR,MIN,2025,4,PIT,0.0,0
00-0040581,Dont'e Thornton Jr.,WR,LV,2025,4,CHI,0.0,0
00-0040583,Woody Marks,RB,HOU,2025,4,TEN,23.9,4
00-0040584,Gunnar Helm,TE,TEN,2025,4,HOU,1.2,1
00-0040644,Trevor Etienne,RB,CAR,2025,4,NE,3.3,0
00-0040646,Jalen Royals,WR,KC,2025,4,BAL,0.0,0
00-0040648,Tory Horton,WR,SEA,2025,4,ARI,1.0,1
00-0040663,Harold Fannin Jr.,TE,CLE,2025,4,DET,2.5,2
00-0040666,Omarion Hampton,RB,LAC,2025,4,NYG,22.5,5
00-0040667,Matthew Golden,WR,GB,2025,4,DAL,6.3,5
00-0040676,Cam Ward,QB,TEN,2025,4,HOU,4.52,0
00-0040691,Jaxson Dart,QB,NYG,2025,4,LAC,19.84,0
00-0040704,Dillon Gabriel,QB,CLE,2025,4,DET,0.0,0
00-0040705,Chimere Dike,WR,TEN,2025,4,HOU,-0.4,0
00-0040715,Cam Skattebo,RB,NYG,2025,4,LAC,11.0,2
00-0040719,Bhayshul Tuten,RB,JAX,2025,4,SF,2.2,1
00-0040727,Tre Harris,WR,LAC,2025,4,NYG,0.0,0
00-0040729,Jack Bech,WR,LV,2025,4,CHI,0.0,0
00-0040730,RJ Harvey,RB,DEN,2025,4,CIN,15.8,4
00-0040734,TreVeyon Henderson,RB,NE,2025,4,CAR,10.6,2
00-0040735,Luther Burden III,WR,CHI,2025,4,LV,-0.4,2
00-0040736,Mason Taylor,TE,NYJ,2025,4,MIA,6.5,5
00-0040739,Elijah Arroyo,TE,SEA,2025,4,ARI,4.4,2
00-0040782,Isaiah Bond,WR,CLE,2025,4,DET,5.8,3
00-0040784,Quinshon Judkins,RB,CLE,2025,4,DET,17.5,4
00-0026498,Matthew Stafford,QB,LA,2025,5,SF,25.56,0
00-0030061,Zach Ertz,TE,WAS,2025,5,LAC,0.0,0
00-0030279,Keenan Allen,WR,LAC,2025,5,WAS,5.8,5
00-0030506,Travis Kelce,TE,KC,2025,5,JAX,12.1,7
00-0030564,DeAndre Hopkins,WR,BAL,2025,5,HOU,4.6,2
00-0030565,Geno Smith,QB,LV,2025,5,IND,5.92,0
00-0031236,Brandin Cooks,WR,NO,2025,5,NYG,0.5,1
00-0031381,Davante Adams,WR,LA,2025,5,SF,8.8,5
00-0031588,Stefon Diggs,WR,NE,2025,5,BUF,14.6,10
00-0031610,Darren Waller,TE,MIA,2025,5,CAR,13.8,5
00-0031687,Raheem Mostert,RB,LV,2025,5,IND,2.2,0
00-0032104,Ameer Abdullah,RB,IND,2025,5,LV,6.6,0
00-0032211,Tyler Lockett,WR,TEN,2025,5,ARI,0.6,1
00-0032385,Sterling Shepard,WR,TB,2025,5,SEA,7.9,4
00-0032398,Chris Moore,WR,WAS,2025,5,LAC,0.0,0
00-0032464,Kalif Raymond,WR,DET,2025,5,CIN,0.0,0
00-0032764,Derrick Henry,RB,BAL,2025,5,HOU,9.3,0
00-0032775,Demarcus Robinson,WR,SF,2025,5,LA,3.9,3
00-0032950,Carson Wentz,QB,MIN,2025,5,CLE,14.74,0
00-0033077,Dak Prescott,QB,DAL,2025,5,NYJ,28.28,0
00-0033090,Hunter Henry,TE,NE,2025,5,BUF,4.6,2
00-0033106,Jared Goff,QB,DET,2025,5,CIN,20.12,0
00-0033119,Jacoby Brissett,QB,ARI,2025,5,TEN,0.0,0
00-0033246,Johnny Mundt,TE,JAX,2025,5,KC,0.7,1
00-0033280,Christian McCaffrey,RB,SF,2025,5,LA,19.9,8
00-0033282,Curtis Samuel,WR,BUF,2025,5,NE,8.6,2
00-0033307,Kendrick Bourne,WR,SF,2025,5,LA,14.2,10
00-0033357,Taysom Hill,TE,NO,2025,5,NYG,0.66,0
00-0033375,Tim Patrick,WR,JAX,2025,5,KC,0.0,0
00-0033526,Samaje Perine,RB,CIN,2025,5,DET,2.9,2
00-0033662,Cooper Rush,QB,BAL,2025,5,HOU,1.16,0
00-0033854,Dare Ogunbowale,RB,HOU,2025,5,BAL,0.0,0
00-0033857,JuJu Smith-Schuster,WR,KC,2025,5,JAX,1.7,2
00-0033873,Patrick Mahomes,QB,KC,2025,5,JAX,26.72,0
00-0033881,Evan Engram,TE,DEN,2025,5,PHI,9.3,4
00-0033885,David Njoku,TE,CLE,2025,5,MIN,12.7,6
00-0033891,Zay Jones,WR,ARI,2025,5,TEN,0.8,2
00-0033906,Alvin Kamara,RB,NO,2025,5,NYG,5.5,4
00-0033908,Cooper Kupp,WR,SEA,2025,5,TB,5.9,6
00-0033921,Chris Godwin Jr.,WR,TB,2025,5,SEA,2.6,3
00-0033923,Kareem Hunt,RB,KC,2025,5,JAX,17.7,1
00-0033943,Josh Reynolds,WR,NYJ,2025,5,DAL,4.9,3
00-0033955,Jeremy McNichols,RB,WAS,2025,5,LAC,1.8,1
00-0034270,Tyler Conklin,TE,LAC,2025,5,WAS,3.0,2
00-0034272,Marquez Valdes-Scantling,WR,SF,2025,5,LA,0.9,1
00-0034348,Courtland Sutton,WR,DEN,2025,5,PHI,9.9,8
00-0034351,Dallas Goedert,TE,PHI,2025,5,DEN,7.9,3
00-0034365,Ian Thomas,TE,LV,2025,5,IND,2.0,3
00-0034383,Dalton Schultz,TE,HOU,2025,5,BAL,6.0,5
00-0034487,Trent Sherfield,WR,DEN,2025,5,PHI,1.5,1
00-0034521,Allen Lazard,WR,NYJ,2025,5,DAL,0.3,1
00-0034753,Mark Andrews,TE,BAL,2025,5,HOU,2.2,2
00-0034775,Christian Kirk,WR,HOU,2025,5,BAL,6.4,4
00-0034791,Nick Chubb,RB,HOU,2025,5,BAL,12.1,0
00-0034829,Mike Gesicki,TE,CIN,2025,5,DET,1.5,2
00-0034837,Calvin Ridley,WR,TEN,2025,5,ARI,13.1,5
00-0034844,Saquon Barkley,RB,PHI,2025,5,DEN,14.8,3
00-0034855,Baker Mayfield,QB,TB,2025,5,SEA,26.66,0
00-0034857,Josh Allen,QB,BUF,2025,5,NE,19.42,0
00-0034867,Malik Turner,WR,SF,2025,5,LA,0.0,0
00-0034869,Sam Darnold,QB,SEA,2025,5,TB,27.64,0
00-0034960,Jakobi Meyers,WR,LV,2025,5,IND,3.2,4
00-0034975,Justice Hill,RB,BAL,2025,5,HOU,1.2,1
00-0034983,Hunter Renfrow,WR,CAR,2025,5,MIA,0.7,1
00-0035021,Ashton Dulin,WR,IND,2025,5,LV,5.5,2
00-0035100,Jake Browning,QB,CIN,2025,5,DET,19.14,0
00-0035228,Kyler Murray,QB,ARI,2025,5,TEN,15.3,0
00-0035229,T.J. Hockenson,TE,MIN,2025,5,CLE,3.8,6
00-0035249,Josh Oliver,TE,MIN,2025,5,CLE,9.5,2
00-0035250,Devin Singletary,RB,NYG,2025,5,NO,2.4,1
00-0035261,Tony Pollard,RB,TEN,2025,5,ARI,11.8,3
00-0035500,Greg Dortch,WR,ARI,2025,5,TEN,1.2,2
00-0035535,Darius Slayton,WR,NYG,2025,5,NO,1.1,3
00-0035537,Ty Johnson,RB,BUF,2025,5,NE,1.0,0
00-0035567,Craig Reynolds,RB,DET,2025,5,CIN,0.0,0
00-0035602,Alex Bachman,WR,LV,2025,5,IND,0.9,1
00-0035631,Drew Sample,TE,CIN,2025,5,DET,-0.1,1
00-0035645,Gunner Olszewski,WR,NYG,2025,5,NO,0.0,0
00-0035662,Marquise Brown,WR,KC,2025,5,JAX,4.8,4
00-0035676,A.J. Brown,WR,PHI,2025,5,DEN,4.3,5
00-0035685,David Montgomery,RB,DET,2025,5,CIN,17.22,1
00-0035689,Dawson Knox,TE,BUF,2025,5,NE,1.5,2
00-0035710,Daniel Jones,QB,IND,2025,5,LV,16.68,0
00-0035719,Deebo Samuel Sr.,WR,WAS,2025,5,LAC,15.6,8
00-0036040,Juwan Johnson,TE,NO,2025,5,NYG,1.7,2
00-0036139,Rico Dowdle,RB,CAR,2025,5,MIA,29.4,3
00-0036158,J.K. Dobbins,RB,DEN,2025,5,PHI,14.4,1
00-0036187,Reggie Gilliam,RB,BUF,2025,5,NE,0.0,0
00-0036212,Tua Tagovailoa,QB,MIA,2025,5,CAR,22.74,0
00-0036223,Jonathan Taylor,RB,IND,2025,5,LV,28.6,3
00-0036232,Harrison Bryant,TE,HOU,2025,5,BAL,0.5,1
00-0036244,Colby Parkinson,TE,LA,2025,5,SF,0.0,0
00-0036252,Michael Pittman,WR,IND,2025,5,LV,9.9,5
00-0036265,AJ Dillon,RB,PHI,2025,5,DEN,1.2,0
00-0036322,Justin Jefferson,WR,MIN,2025,5,CLE,12.3,7
00-0036328,Antonio Gibson,RB,NE,2025,5,BUF,2.6,1
00-0036355,Justin Herbert,QB,LAC,2025,5,WAS,14.64,0
00-0036389,Jalen Hurts,QB,PHI,2025,5,DEN,19.5,0
00-0036407,Jerry Jeudy,WR,CLE,2025,5,MIN,1.5,2
00-0036410,Tee Higgins,WR,CIN,2025,5,DET,8.2,3
00-0036414,Cam Akers,RB,MIN,2025,5,CLE,5.28,0
00-0036422,Adam Trautman,TE,DEN,2025,5,PHI,1.1,1
00-0036423,Albert Okwuegbunam,TE,LV,2025,5,IND,3.6,5
00-0036425,DeeJay Dallas,RB,CAR,2025,5,MIA,0.0,0
00-0036550,Rashod Bateman,WR,BAL,2025,5,HOU,0.0,0
00-0036554,Nico Collins,WR,HOU,2025,5,BAL,12.0,4
00-0036590,Quintin Morris,TE,JAX,2025,5,KC,0.0,0
00-0036613,Jaylen Waddle,WR,MIA,2025,5,CAR,17.0,6
00-0036620,Dee Eskridge,WR,MIA,2025,5,CAR,0.0,0
00-0036626,Dyami Brown,WR,JAX,2025,5,KC,1.5,2
00-0036628,John Bates,TE,WAS,2025,5,LAC,0.9,1
00-0036646,Simi Fehoko,WR,ARI,2025,5,TEN,0.0,0
00-0036754,Brock Wright,TE,DET,2025,5,CIN,6.9,2
00-0036849,Tutu Atwell,WR,LA,2025,5,SF,7.2,2
00-0036875,Rhamondre Stevenson,RB,NE,2025,5,BUF,12.7,2
00-0036876,Kylen Granson,TE,PHI,2025,5,DEN,0.0,0
00-0036887,Luke Farrell,TE,SF,2025,5,LA,0.8,1
00-0036898,Davis Mills,QB,HOU,2025,5,BAL,1.22,0
00-0036900,Ja'Marr Chase,WR,CIN,2025,5,DET,23.0,6
00-0036906,Khalil Herbert,RB,NYJ,2025,5,DAL,0.0,0
00-0036912,DeVonta Smith,WR,PHI,2025,5,DEN,11.4,8
00-0036924,Michael Carter,RB,ARI,2025,5,TEN,13.3,5
00-0036945,Justin Fields,QB,NYJ,2025,5,DAL,25.92,0
00-0036950,Avery Williams,RB,NYJ,2025,5,DAL,0.0,0
00-0036963,Amon-Ra St. Brown,WR,DET,2025,5,CIN,10.0,8
00-0036971,Trevor Lawrence,QB,JAX,2025,5,KC,26.24,0
00-0036972,Mac Jones,QB,SF,2025,5,LA,22.18,0
00-0036973,Travis Etienne,RB,JAX,2025,5,KC,5.8,3
00-0036988,Josh Palmer,WR,BUF,2025,5,NE,3.6,2
00-0036997,Javonte Williams,RB,DAL,2025,5,NYJ,25.9,1
00-0037004,Hunter Long,TE,JAX,2025,5,KC,0.3,1
00-0037005,Tommy Tremble,TE,CAR,2025,5,MIA,0.7,1
00-0037012,Trey Lance,QB,LAC,2025,5,WAS,2.86,0
00-0037085,Tyler Badie,RB,DEN,2025,5,PHI,1.6,1
00-0037086,Grant Calcaterra,TE,PHI,2025,5,DEN,1.8,2
00-0037093,Dareke Young,WR,SEA,2025,5,TB,3.6,1
00-0037112,Jake Tonges,TE,SF,2025,5,LA,10.1,7
00-0037157,Bam Knight,RB,ARI,2025,5,TEN,8.4,1
00-0037197,Isiah Pacheco,RB,KC,2025,5,JAX,5.6,3
00-0037239,Chris Olave,WR,NO,2025,5,NYG,5.9,7
00-0037240,Jameson Williams,WR,DET,2025,5,CIN,1.0,1
00-0037247,George Pickens,WR,DAL,2025,5,NYJ,11.7,2
00-0037248,James Cook,RB,BUF,2025,5,NE,4.9,0
00-0037256,Rachaad White,RB,TB,2025,5,SEA,19.1,4
00-0037258,Dameon Pierce,RB,HOU,2025,5,BAL,2.1,0
00-0037261,Khalil Shakir,WR,BUF,2025,5,NE,5.0,6
00-0037267,Jerome Ford,RB,CLE,2025,5,MIN,3.8,2
00-0037282,James Mitchell,TE,CAR,2025,5,MIA,1.1,1
00-0037291,Jalen Nailor,WR,MIN,2025,5,CLE,4.2,3
00-0037340,Zaire Mitchell-Paden,TE,BAL,2025,5,HOU,0.3,1
00-0037348,Tanner Conner,TE,MIA,2025,5,CAR,1.6,2
00-0037524,Tay Martin,WR,WAS,2025,5,LAC,0.9,1
00-0037525,Jordan Mason,RB,MIN,2025,5,CLE,9.6,3
00-0037545,Rashid Shaheed,WR,NO,2025,5,NYG,17.4,4
00-0037594,Julius Chestnut,RB,TEN,2025,5,ARI,0.3,0
00-0037617,Hassan Haskins,RB,LAC,2025,5,WAS,1.5,1
00-0037666,Jalen Tolbert,WR,DAL,2025,5,NYJ,0.0,0
00-0037740,Garrett Wilson,WR,NYJ,2025,5,DAL,13.1,6
00-0037741,Jahan Dotson,WR,PHI,2025,5,DEN,2.4,1
00-0037744,Trey McBride,TE,ARI,2025,5,TEN,4.1,5
00-0037745,Velus Jones Jr.,WR,NO,2025,5,NYG,0.0,0
00-0037746,Brian Robinson,RB,SF,2025,5,LA,1.2,0
00-0037805,Jeremy Ruckert,TE,NYJ,2025,5,DAL,2.8,4
00-0037809,Chig Okonkwo,TE,TEN,2025,5,ARI,4.8,4
00-0037838,Isaiah Likely,TE,BAL,2025,5,HOU,1.2,1
00-0037840,Kyren Williams,RB,LA,2025,5,SF,23.1,8
00-0038041,Jake Ferguson,TE,DAL,2025,5,NYJ,16.9,7
00-0038046,Charlie Kolar,TE,BAL,2025,5,HOU,1.0,1
00-0038090,Skyy Moore,WR,SF,2025,5,LA,0.1,0
00-0038104,Tyquan Thornton,WR,KC,2025,5,JAX,9.0,3
00-0038115,Daniel Bellinger,TE,NYG,2025,5,NO,5.2,4
00-0038117,Wan'Dale Robinson,WR,NYG,2025,5,NO,3.2,5
00-0038120,Breece Hall,RB,NYJ,2025,5,DAL,13.5,4
00-0038129,Cade Otton,TE,TB,2025,5,SEA,8.1,4
00-0038134,Kenneth Walker III,RB,SEA,2025,5,TB,8.6,1
00-0038359,Xavier Smith,WR,LA,2025,5,SF,0.0,0
00-0038440,Zavier Scott,RB,MIN,2025,5,CLE,-0.2,0
00-0038454,Keaton Mitchell,RB,BAL,2025,5,HOU,1.3,1
00-0038456,Travis Vokolek,TE,ARI,2025,5,TEN,0.0,0
00-0038492,Jason Brownlee,WR,KC,2025,5,JAX,0.0,0
00-0038519,Nikko Remigio,WR,KC,2025,5,JAX,0.0,0
00-0038543,Jaxon Smith-Njigba,WR,SEA,2025,5,TB,19.2,8
00-0038544,Quentin Johnston,WR,LAC,2025,5,WAS,2.9,4
00-0038547,Luke Schoonmaker,TE,DAL,2025,5,NYJ,0.3,1
00-0038551,Kendre Miller,RB,NO,2025,5,NYG,4.9,1
00-0038555,Tank Bigsby,RB,PHI,2025,5,DEN,0.0,0
00-0038559,Michael Wilson,WR,ARI,2025,5,TEN,1.6,2
00-0038563,Tre Tucker,WR,LV,2025,5,IND,7.1,4
00-0038564,Cameron Latu,TE,PHI,2025,5,DEN,0.0,0
00-0038576,Charlie Jones,WR,CIN,2025,5,DET,0.0,0
00-0038597,Chase Brown,RB,CIN,2025,5,DET,4.8,7
00-0038606,Parker Washington,WR,JAX,2025,5,KC,7.6,2
00-0038608,Kayshon Boutte,WR,NE,2025,5,BUF,4.3,3
00-0038611,Chris Rodriguez Jr.,RB,WAS,2025,5,LAC,0.7,0
00-0038618,Xavier Hutchinson,WR,HOU,2025,5,BAL,13.8,3
00-0038619,Andrei Iosivas,WR,CIN,2025,5,DET,8.2,5
00-0038621,DeMario Douglas,WR,NE,2025,5,BUF,1.7,2
00-0038640,Jalen Brooks,WR,DAL,2025,5,NYJ,0.0,0
00-0038643,Brayden Willis,TE,SF,2025,5,LA,0.0,0
00-0038679,Tyrell Shavers,WR,BUF,2025,5,NE,0.0,0
00-0038705,Emari Demercado,RB,ARI,2025,5,TEN,6.1,0
00-0038720,Julian Hill,TE,MIA,2025,5,CAR,2.2,4
00-0038738,Hunter Luepke,RB,DAL,2025,5,NYJ,1.0,1
00-0038740,Jalen Moreno-Cropper,WR,DAL,2025,5,NYJ,0.0,0
00-0038752,Jake Bobo,WR,SEA,2025,5,TB,0.0,0
00-0038783,Nate Adkins,TE,DEN,2025,5,PHI,0.0,0
00-0038840,Brycen Tremayne,WR,CAR,2025,5,MIA,0.9,1
00-0038896,Jacob Saylors,RB,DET,2025,5,CIN,0.0,0
00-0038933,Dalton Kincaid,TE,BUF,2025,5,NE,10.8,6
00-0038935,Brenton Strange,TE,JAX,2025,5,KC,2.2,1
00-0038938,Jalin Hyatt,WR,NYG,2025,5,NO,0.0,0
00-0038951,Sean Tucker,RB,TB,2025,5,SEA,-0.1,3
00-0038976,Marvin Mims Jr.,WR,DEN,2025,5,PHI,1.9,2
00-0038994,Jordan Addison,WR,MIN,2025,5,CLE,10.1,5
00-0038997,Josh Downs,WR,IND,2025,5,LV,5.4,6
00-0039032,Tyjae Spears,RB,TEN,2025,5,ARI,1.4,0
00-0039040,De'Von Achane,RB,MIA,2025,5,CAR,10.6,6
00-0039041,Elijah Higgins,TE,ARI,2025,5,TEN,1.0,2
00-0039050,Payne Durham,TE,TB,2025,5,SEA,0.0,0
00-0039064,Zay Flowers,WR,BAL,2025,5,HOU,7.2,5
00-0039065,Sam LaPorta,TE,DET,2025,5,CIN,15.2,5
00-0039074,Davis Allen,TE,LA,2025,5,SF,2.4,2
00-0039075,Puka Nacua,WR,LA,2025,5,SF,14.5,10
00-0039139,Jahmyr Gibbs,RB,DET,2025,5,CIN,14.7,2
00-0039150,Bryce Young,QB,CAR,2025,5,MIA,12.02,0
00-0039163,C.J. Stroud,QB,HOU,2025,5,BAL,28.76,0
00-0039164,Anthony Richardson,QB,IND,2025,5,LV,1.26,1
00-0039165,Zach Charbonnet,RB,SEA,2025,5,TB,10.8,1
00-0039299,George Holani,RB,SEA,2025,5,TB,0.0,0
00-0039342,Xavier Legette,WR,CAR,2025,5,MIA,9.1,2
00-0039355,Luke McCaffrey,WR,WAS,2025,5,LAC,5.0,1
00-0039363,Isaac Guerendo,RB,SF,2025,5,LA,0.0,0
00-0039376,Spencer Rattler,QB,NO,2025,5,NYG,15.1,1
00-0039379,Jamari Thrash,WR,CLE,2025,5,MIN,2.2,1
00-0039391,Kimani Vidal,RB,LAC,2025,5,WAS,1.9,1
00-0039407,Dylan Laube,RB,LV,2025,5,IND,0.0,0
00-0039410,Ryan Flournoy,WR,DAL,2025,5,NYJ,12.4,6
00-0039424,Devaughn Vele,WR,NO,2025,5,NYG,1.3,2
00-0039458,Brenden Bates,TE,HOU,2025,5,BAL,2.3,2
00-0039530,Brevyn Spann-Ford,TE,DAL,2025,5,NYJ,0.0,0
00-0039589,Kameron Johnson,WR,TB,2025,5,SEA,0.2,0
00-0039603,British Brooks,RB,HOU,2025,5,BAL,1.5,0
00-0039686,Colson Yankoff,TE,WAS,2025,5,LAC,0.0,0
00-0039732,Bo Nix,QB,DEN,2025,5,PHI,17.88,0
00-0039737,Tip Reiman,TE,ARI,2025,5,TEN,0.0,0
00-0039738,Blake Corum,RB,LA,2025,5,SF,1.3,0
00-0039746,Will Shipley,RB,PHI,2025,5,DEN,0.4,1
00-0039751,Jordan Whittington,WR,LA,2025,5,SF,3.3,2
00-0039792,Devontez Walker,WR,BAL,2025,5,HOU,0.0,0
00-0039793,AJ Barner,TE,SEA,2025,5,TB,17.3,7
00-0039796,Rasheen Ali,RB,BAL,2025,5,HOU,0.0,0
00-0039798,Isaiah Davis,RB,NYJ,2025,5,DAL,3.3,3
00-0039816,Anthony Gould,WR,IND,2025,5,LV,0.0,0
00-0039847,Theo Johnson,TE,NYG,2025,5,NO,15.3,6
00-0039849,Marvin Harrison Jr.,WR,ARI,2025,5,TEN,9.8,4
00-0039851,Drake Maye,QB,NE,2025,5,BUF,12.12,0
00-0039868,Troy Franklin,WR,DEN,2025,5,PHI,5.5,3
00-0039875,Ray Davis,RB,BUF,2025,5,NE,0.1,0
00-0039880,Malik Washington,WR,MIA,2025,5,CAR,0.0,4
00-0039890,Adonai Mitchell,WR,IND,2025,5,LV,0.0,0
00-0039893,Brian Thomas Jr.,WR,JAX,2025,5,KC,8.0,4
00-0039894,Xavier Worthy,WR,KC,2025,5,JAX,5.1,6
00-0039901,Keon Coleman,WR,BUF,2025,5,NE,6.3,4
00-0039910,Jayden Daniels,QB,WAS,2025,5,LAC,17.14,0
00-0039915,Ladd McConkey,WR,LAC,2025,5,WAS,9.9,5
00-0039920,Malachi Corley,WR,CLE,2025,5,MIN,1.1,0
00-0040075,LaJohntay Wester,WR,BAL,2025,5,HOU,0.0,0
00-0040078,Brashard Smith,RB,KC,2025,5,JAX,3.6,3
00-0040122,Ashton Jeanty,RB,LV,2025,5,IND,10.9,5
00-0040124,Tetairoa McMillan,WR,CAR,2025,5,MIA,7.3,6
00-0040128,Tyler Warren,TE,IND,2025,5,LV,10.4,4
00-0040129,Emeka Egbuka,WR,TB,2025,5,SEA,24.3,7
00-0040130,Jayden Higgins,WR,HOU,2025,5,BAL,3.2,4
00-0040134,Pat Bryant,WR,DEN,2025,5,PHI,0.0,0
00-0040138,Jaylin Noel,WR,HOU,2025,5,BAL,7.8,2
00-0040154,Tai Felton,WR,MIN,2025,5,CLE,0.0,0
00-0040162,Dylan Sampson,RB,CLE,2025,5,MIN,0.2,1
00-0040164,Jaylin Lane,WR,WAS,2025,5,LAC,1.6,1
00-0040170,Elic Ayomanor,WR,TEN,2025,5,ARI,1.8,2
00-0040179,DJ Giddens,RB,IND,2025,5,LV,2.2,0
00-0040184,KeAndre Lambert-Smith,WR,LAC,2025,5,WAS,0.0,0
00-0040187,Mitchell Evans,TE,CAR,2025,5,MIA,6.4,1
00-0040189,Oronde Gadsden II,TE,LAC,2025,5,WAS,1.4,1
00-0040198,Ollie Gordon II,RB,MIA,2025,5,CAR,-0.2,0
00-0040218,Jimmy Horn Jr.,WR,CAR,2025,5,MIA,3.1,2
00-0040237,Tez Johnson,WR,TB,2025,5,SEA,5.9,4
00-0040238,LeQuint Allen Jr.,RB,JAX,2025,5,KC,0.0,0
00-0040242,Jacory Croskey-Merritt,RB,WAS,2025,5,LAC,25.0,2
00-0040259,Gage Larvadain,WR,CLE,2025,5,MIN,0.0,0
00-0040429,Josh Williams,RB,TB,2025,5,SEA,0.0,0
00-0040432,Beaux Collins,WR,NYG,2025,5,NO,0.7,1
00-0040494,Max Brosmer,QB,MIN,2025,5,CLE,-0.1,0
00-0040506,Myles Price,WR,MIN,2025,5,CLE,0.0,0
00-0040581,Dont'e Thornton Jr.,WR,LV,2025,5,IND,0.0,0
00-0040582,Arian Smith,WR,NYJ,2025,5,DAL,1.4,1
00-0040583,Woody Marks,RB,HOU,2025,5,BAL,2.4,0
00-0040584,Gunnar Helm,TE,TEN,2025,5,ARI,3.4,4
00-0040586,Jaydon Blue,RB,DAL,2025,5,NYJ,0.7,0
00-0040644,Trevor Etienne,RB,CAR,2025,5,MIA,2.9,1
00-0040648,Tory Horton,WR,SEA,2025,5,TB,9.9,3
00-0040663,Harold Fannin Jr.,TE,CLE,2025,5,MIN,7.3,4
00-0040666,Omarion Hampton,RB,LAC,2025,5,WAS,7.0,6
00-0040669,Isaac TeSlaa,WR,DET,2025,5,CIN,7.2,1
00-0040673,Jalen Milroe,QB,SEA,2025,5,TB,-2.0,0
00-0040676,Cam Ward,QB,TEN,2025,5,ARI,8.0,0
00-0040691,Jaxson Dart,QB,NYG,2025,5,NO,15.58,0
00-0040704,Dillon Gabriel,QB,CLE,2025,5,MIN,16.1,0
00-0040705,Chimere Dike,WR,TEN,2025,5,ARI,1.7,2
00-0040715,Cam Skattebo,RB,NYG,2025,5,NO,8.4,6
00-0040719,Bhayshul Tuten,RB,JAX,2025,5,KC,1.1,1
00-0040729,Jack Bech,WR,LV,2025,5,IND,2.7,3
00-0040730,RJ Harvey,RB,DEN,2025,5,PHI,3.0,3
00-0040734,TreVeyon Henderson,RB,NE,2025,5,BUF,2.7,2
00-0040736,Mason Taylor,TE,NYJ,2025,5,DAL,8.7,9
00-0040737,Terrance Ferguson,TE,LA,2025,5,SF,2.1,1
00-0040739,Elijah Arroyo,TE,SEA,2025,5,TB,1.0,1
00-0040782,Isaiah Bond,WR,CLE,2025,5,MIN,2.9,2
00-0040784,Quinshon Judkins,RB,CLE,2025,5,MIN,12.8,1
00-0023459,Aaron Rodgers,QB,PIT,2025,6,CLE,17.5,0
00-0026158,Joe Flacco,QB,CIN,2025,6,GB,18.76,0
00-0026498,Matthew Stafford,QB,LA,2025,6,BAL,9.34,0
00-0029263,Russell Wilson,QB,NYG,2025,6,PHI,0.0,0
00-0030061,Zach Ertz,TE,WAS,2025,6,CHI,10.3,6
00-0030279,Keenan Allen,WR,LAC,2025,6,MIA,2.7,4
00-0030506,Travis Kelce,TE,KC,2025,6,DET,7.8,6
00-0030564,DeAndre Hopkins,WR,BAL,2025,6,LA,2.0,2
00-0030565,Geno Smith,QB,LV,2025,6,TEN,8.66,0
00-0031236,Brandin Cooks,WR,NO,2025,6,NE,2.1,1
00-0031381,Davante Adams,WR,LA,2025,6,BAL,3.9,4
00-0031588,Stefon Diggs,WR,NE,2025,6,NO,2.8,3
00-0031610,Darren Waller,TE,MIA,2025,6,LAC,7.2,2
00-0031687,Raheem Mostert,RB,LV,2025,6,TEN,-0.4,0
00-0032104,Ameer Abdullah,RB,IND,2025,6,ARI,1.6,1
00-0032211,Tyler Lockett,WR,TEN,2025,6,LV,0.0,1
00-0032385,Sterling Shepard,WR,TB,2025,6,SF,5.1,2
00-0032392,Austin Hooper,TE,NE,2025,6,NO,0.5,1
00-0032398,Chris Moore,WR,WAS,2025,6,CHI,10.6,3
00-0032464,Kalif Raymond,WR,DET,2025,6,KC,0.0,0
00-0032764,Derrick Henry,RB,BAL,2025,6,LA,13.0,1
00-0032775,Demarcus Robinson,WR,SF,2025,6,TB,4.4,2
00-0033077,Dak Prescott,QB,DAL,2025,6,CAR,22.34,0
00-0033090,Hunter Henry,TE,NE,2025,6,NO,2.7,3
00-0033106,Jared Goff,QB,DET,2025,6,KC,16.82,0
00-0033110,Tyler Higbee,TE,LA,2025,6,BAL,10.0,4
00-0033119,Jacoby Brissett,QB,ARI,2025,6,IND,20.7,0
00-0033217,Mo Alie-Cox,TE,IND,2025,6,ARI,1.6,1
00-0033246,Johnny Mundt,TE,JAX,2025,6,SEA,1.4,1
00-0033280,Christian McCaffrey,RB,SF,2025,6,TB,17.1,7
00-0033307,Kendrick Bourne,WR,SF,2025,6,TB,14.2,5
00-0033357,Taysom Hill,TE,NO,2025,6,NE,6.1,0
00-0033375,Tim Patrick,WR,JAX,2025,6,SEA,8.6,1
00-0033526,Samaje Perine,RB,CIN,2025,6,GB,3.2,2
00-0033555,Mack Hollins,WR,NE,2025,6,NO,2.8,2
00-0033572,Jamal Agnew,WR,ATL,2025,6,BUF,0.0,0
00-0033576,Eric Saubert,TE,SEA,2025,6,JAX,0.0,0
00-0033662,Cooper Rush,QB,BAL,2025,6,LA,-1.12,0
00-0033857,JuJu Smith-Schuster,WR,KC,2025,6,DET,5.7,3
00-0033858,Jonnu Smith,TE,PIT,2025,6,CLE,2.8,3
00-0033873,Patrick Mahomes,QB,KC,2025,6,DET,31.48,0
00-0033881,Evan Engram,TE,DEN,2025,6,NYJ,4.9,5
00-0033885,David Njoku,TE,CLE,2025,6,PIT,2.8,3
00-0033891,Zay Jones,WR,ARI,2025,6,IND,7.9,5
00-0033906,Alvin Kamara,RB,NO,2025,6,NE,7.6,5
00-0033908,Cooper Kupp,WR,SEA,2025,6,JAX,10.0,2
00-0033923,Kareem Hunt,RB,KC,2025,6,DET,3.4,1
00-0033943,Josh Reynolds,WR,NYJ,2025,6,DEN,2.5,3
00-0033955,Jeremy McNichols,RB,WAS,2025,6,CHI,3.5,3
00-0034159,Will Dissly,TE,LAC,2025,6,MIA,1.8,2
00-0034272,Marquez Valdes-Scantling,WR,SF,2025,6,TB,2.2,2
00-0034348,Courtland Sutton,WR,DEN,2025,6,NYJ,1.7,1
00-0034351,Dallas Goedert,TE,PHI,2025,6,NYG,17.0,9
00-0034365,Ian Thomas,TE,LV,2025,6,TEN,0.4,1
00-0034367,Nyheim Hines,RB,LAC,2025,6,MIA,0.0,0
00-0034613,Tanner Hudson,TE,CIN,2025,6,GB,7.0,4
00-0034753,Mark Andrews,TE,BAL,2025,6,LA,2.6,4
00-0034771,Mason Rudolph,QB,PIT,2025,6,CLE,0.0,0
00-0034827,DJ Moore,WR,CHI,2025,6,WAS,5.2,3
00-0034837,Calvin Ridley,WR,TEN,2025,6,LV,1.8,1
00-0034844,Saquon Barkley,RB,PHI,2025,6,NYG,6.7,2
00-0034854,KhaDarel Hodge,WR,ATL,2025,6,BUF,0.0,0
00-0034855,Baker Mayfield,QB,TB,2025,6,SF,19.64,0
00-0034857,Josh Allen,QB,BUF,2025,6,ATL,15.4,0
00-0034869,Sam Darnold,QB,SEA,2025,6,JAX,20.0,0
00-0034960,Jakobi Meyers,WR,LV,2025,6,TEN,3.9,4
00-0034975,Justice Hill,RB,BAL,2025,6,LA,4.4,5
00-0034981,Foster Moreau,TE,NO,2025,6,NE,0.9,1
00-0034983,Hunter Renfrow,WR,CAR,2025,6,DAL,0.7,1
00-0035021,Ashton Dulin,WR,IND,2025,6,ARI,0.0,0
00-0035208,Olamide Zaccheaus,WR,CHI,2025,6,WAS,2.8,2
00-0035250,Devin Singletary,RB,NYG,2025,6,PHI,1.0,0
00-0035261,Tony Pollard,RB,TEN,2025,6,LV,4.7,2
00-0035406,Lil'Jordan Humphrey,WR,NYG,2025,6,PHI,5.5,4
00-0035500,Greg Dortch,WR,ARI,2025,6,IND,6.9,3
00-0035537,Ty Johnson,RB,BUF,2025,6,ATL,1.6,1
00-0035567,Craig Reynolds,RB,DET,2025,6,KC,0.0,0
00-0035602,Alex Bachman,WR,LV,2025,6,TEN,0.0,0
00-0035631,Drew Sample,TE,CIN,2025,6,GB,-0.2,1
00-0035639,Parris Campbell,WR,DAL,2025,6,CAR,0.0,0
00-0035640,DK Metcalf,WR,PIT,2025,6,CLE,15.5,4
00-0035644,Noah Fant,TE,CIN,2025,6,GB,2.7,4
00-0035645,Gunner Olszewski,WR,NYG,2025,6,PHI,0.0,0
00-0035662,Marquise Brown,WR,KC,2025,6,DET,16.5,4
00-0035676,A.J. Brown,WR,PHI,2025,6,NYG,8.0,6
00-0035685,David Montgomery,RB,DET,2025,6,KC,6.1,2
00-0035689,Dawson Knox,TE,BUF,2025,6,ATL,7.9,1
00-0035700,Josh Jacobs,RB,GB,2025,6,CIN,27.0,5
00-0035710,Daniel Jones,QB,IND,2025,6,ARI,22.48,0
00-0035719,Deebo Samuel Sr.,WR,WAS,2025,6,CHI,1.4,4
00-0035993,Tyler Huntley,QB,BAL,2025,6,LA,6.62,0
00-0036040,Juwan Johnson,TE,NO,2025,6,NE,-0.5,2
00-0036139,Rico Dowdle,RB,CAR,2025,6,DAL,29.9,4
00-0036158,J.K. Dobbins,RB,DEN,2025,6,NYJ,4.0,0
00-0036182,Nick Westbrook-Ikhine,WR,MIA,2025,6,LAC,0.0,0
00-0036212,Tua Tagovailoa,QB,MIA,2025,6,LAC,6.6,0
00-0036223,Jonathan Taylor,RB,IND,2025,6,ARI,19.7,4
00-0036252,Michael Pittman,WR,IND,2025,6,ARI,2.0,2
00-0036259,Jauan Jennings,WR,SF,2025,6,TB,0.7,1
00-0036264,Jordan Love,QB,GB,2025,6,CIN,14.96,0
00-0036265,AJ Dillon,RB,PHI,2025,6,NYG,0.0,2
00-0036275,D'Andre Swift,RB,CHI,2025,6,WAS,23.5,2
00-0036290,Cole Kmet,TE,CHI,2025,6,WAS,0.0,1
00-0036331,Devin Duvernay,WR,CHI,2025,6,WAS,0.0,0
00-0036355,Justin Herbert,QB,LAC,2025,6,MIA,18.76,0
00-0036389,Jalen Hurts,QB,PHI,2025,6,NYG,20.62,0
00-0036407,Jerry Jeudy,WR,CLE,2025,6,PIT,4.3,5
00-0036410,Tee Higgins,WR,CIN,2025,6,GB,6.2,5
00-0036415,Van Jefferson,WR,TEN,2025,6,LV,7.5,4
00-0036425,DeeJay Dallas,RB,CAR,2025,6,DAL,0.0,0
00-0036427,Tyler Johnson,WR,NYJ,2025,6,DEN,0.0,0
00-0036550,Rashod Bateman,WR,BAL,2025,6,LA,0.8,1
00-0036613,Jaylen Waddle,WR,MIA,2025,6,LAC,9.82,6
00-0036620,Dee Eskridge,WR,MIA,2025,6,LAC,0.0,0
00-0036626,Dyami Brown,WR,JAX,2025,6,SEA,2.0,2
00-0036630,Tylan Wallace,WR,BAL,2025,6,LA,0.0,0
00-0036637,Noah Gray,TE,KC,2025,6,DET,2.5,2
00-0036646,Simi Fehoko,WR,ARI,2025,6,IND,0.0,0
00-0036825,Feleipe Franks,TE,ATL,2025,6,BUF,0.2,0
00-0036842,Kene Nwangwu,RB,NYJ,2025,6,DEN,0.0,0
00-0036862,Ben Skowronek,WR,PIT,2025,6,CLE,0.0,0
00-0036875,Rhamondre Stevenson,RB,NE,2025,6,NO,1.8,0
00-0036887,Luke Farrell,TE,SF,2025,6,TB,0.0,0
00-0036894,Pat Freiermuth,TE,PIT,2025,6,CLE,1.1,1
00-0036900,Ja'Marr Chase,WR,CIN,2025,6,GB,15.1,10
00-0036912,DeVonta Smith,WR,PHI,2025,6,NYG,4.9,4
00-0036919,Kenny Gainwell,RB,PIT,2025,6,CLE,3.6,6
00-0036924,Michael Carter,RB,ARI,2025,6,IND,6.4,2
00-0036945,Justin Fields,QB,NYJ,2025,6,DEN,4.9,0
00-0036963,Amon-Ra St. Brown,WR,DET,2025,6,KC,4.7,9
00-0036970,Kyle Pitts,TE,ATL,2025,6,BUF,1.8,3
00-0036971,Trevor Lawrence,QB,JAX,2025,6,SEA,19.22,0
00-0036972,Mac Jones,QB,SF,2025,6,TB,11.18,0
00-0036973,Travis Etienne,RB,JAX,2025,6,SEA,5.5,4
00-0036980,Elijah Moore,WR,BUF,2025,6,ATL,0.0,0
00-0036988,Josh Palmer,WR,BUF,2025,6,ATL,6.0,2
00-0036997,Javonte Williams,RB,DAL,2025,6,CAR,3.4,5
00-0037004,Hunter Long,TE,JAX,2025,6,SEA,1.9,2
00-0037005,Tommy Tremble,TE,CAR,2025,6,DAL,3.9,4
00-0037091,Bo Melton,WR,GB,2025,6,CIN,0.3,0
00-0037093,Dareke Young,WR,SEA,2025,6,JAX,0.0,0
00-0037112,Jake Tonges,TE,SF,2025,6,TB,5.8,6
00-0037157,Bam Knight,RB,ARI,2025,6,IND,11.4,1
00-0037197,Isiah Pacheco,RB,KC,2025,6,DET,5.1,1
00-0037228,Jaylen Warren,RB,PIT,2025,6,CLE,6.3,2
00-0037238,Drake London,WR,ATL,2025,6,BUF,21.8,10
00-0037239,Chris Olave,WR,NO,2025,6,NE,9.8,6
00-0037240,Jameson Williams,WR,DET,2025,6,KC,12.6,6
00-0037247,George Pickens,WR,DAL,2025,6,CAR,22.8,9
00-0037248,James Cook,RB,BUF,2025,6,ATL,8.7,0
00-0037256,Rachaad White,RB,TB,2025,6,SF,14.6,3
00-0037261,Khalil Shakir,WR,BUF,2025,6,ATL,3.3,3
00-0037263,Tyler Allgeier,RB,ATL,2025,6,BUF,9.8,1
00-0037267,Jerome Ford,RB,CLE,2025,6,PIT,3.0,5
00-0037348,Tanner Conner,TE,MIA,2025,6,LAC,0.8,1
00-0037475,Stone Smartt,TE,NYJ,2025,6,DEN,0.0,0
00-0037487,Deven Thompkins,WR,ATL,2025,6,BUF,0.0,0
00-0037545,Rashid Shaheed,WR,NO,2025,6,NE,2.8,4
00-0037594,Julius Chestnut,RB,TEN,2025,6,LV,0.0,0
00-0037617,Hassan Haskins,RB,LAC,2025,6,MIA,2.3,1
00-0037664,Alec Pierce,WR,IND,2025,6,ARI,4.8,2
00-0037666,Jalen Tolbert,WR,DAL,2025,6,CAR,0.8,1
00-0037740,Garrett Wilson,WR,NYJ,2025,6,DEN,1.3,3
00-0037741,Jahan Dotson,WR,PHI,2025,6,NYG,1.7,1
00-0037744,Trey McBride,TE,ARI,2025,6,IND,13.2,8
00-0037746,Brian Robinson,RB,SF,2025,6,TB,0.8,3
00-0037805,Jeremy Ruckert,TE,NYJ,2025,6,DEN,0.0,0
00-0037809,Chig Okonkwo,TE,TEN,2025,6,LV,4.6,6
00-0037816,Romeo Doubs,WR,GB,2025,6,CIN,5.5,5
00-0037838,Isaiah Likely,TE,BAL,2025,6,LA,0.6,2
00-0037840,Kyren Williams,RB,LA,2025,6,BAL,14.7,2
00-0038041,Jake Ferguson,TE,DAL,2025,6,CAR,9.3,3
00-0038046,Charlie Kolar,TE,BAL,2025,6,LA,0.0,0
00-0038090,Skyy Moore,WR,SF,2025,6,TB,0.0,0
00-0038117,Wan'Dale Robinson,WR,NYG,2025,6,PHI,14.4,6
00-0038120,Breece Hall,RB,NYJ,2025,6,DEN,5.9,0
00-0038129,Cade Otton,TE,TB,2025,6,SF,5.1,5
00-0038134,Kenneth Walker III,RB,SEA,2025,6,JAX,3.7,1
00-0038359,Xavier Smith,WR,LA,2025,6,BAL,0.0,0
00-0038393,Dontayvion Wicks,WR,GB,2025,6,CIN,1.5,2
00-0038454,Keaton Mitchell,RB,BAL,2025,6,LA,0.0,0
00-0038488,Brady Russell,RB,SEA,2025,6,JAX,0.0,0
00-0038492,Jason Brownlee,WR,KC,2025,6,DET,0.0,0
00-0038519,Nikko Remigio,WR,KC,2025,6,DET,0.0,0
00-0038542,Bijan Robinson,RB,ATL,2025,6,BUF,29.8,6
00-0038543,Jaxon Smith-Njigba,WR,SEA,2025,6,JAX,22.2,8
00-0038547,Luke Schoonmaker,TE,DAL,2025,6,CAR,0.8,1
00-0038551,Kendre Miller,RB,NO,2025,6,NE,3.2,1
00-0038555,Tank Bigsby,RB,PHI,2025,6,NYG,0.0,0
00-0038558,Darnell Washington,TE,PIT,2025,6,CLE,6.2,3
00-0038559,Michael Wilson,WR,ARI,2025,6,IND,4.4,4
00-0038563,Tre Tucker,WR,LV,2025,6,TEN,7.0,5
00-0038564,Cameron Latu,TE,PHI,2025,6,NYG,0.0,0
00-0038576,Charlie Jones,WR,CIN,2025,6,GB,0.0,0
00-0038590,Justin Shorter,TE,LV,2025,6,TEN,0.0,0
00-0038597,Chase Brown,RB,CIN,2025,6,GB,6.9,2
00-0038606,Parker Washington,WR,JAX,2025,6,SEA,2.9,2
00-0038608,Kayshon Boutte,WR,NE,2025,6,NO,21.3,5
00-0038619,Andrei Iosivas,WR,CIN,2025,6,GB,0.5,1
00-0038621,DeMario Douglas,WR,NE,2025,6,NO,13.1,3
00-0038643,Brayden Willis,TE,SF,2025,6,TB,0.0,0
00-0038679,Tyrell Shavers,WR,BUF,2025,6,ATL,2.7,3
00-0038685,Chris Brooks,RB,GB,2025,6,CIN,0.1,0
00-0038705,Emari Demercado,RB,ARI,2025,6,IND,0.1,0
00-0038710,Blake Whiteheart,TE,CLE,2025,6,PIT,0.0,1
00-0038720,Julian Hill,TE,MIA,2025,6,LAC,3.1,3
00-0038738,Hunter Luepke,RB,DAL,2025,6,CAR,6.7,2
00-0038740,Jalen Moreno-Cropper,WR,DAL,2025,6,CAR,0.0,0
00-0038783,Nate Adkins,TE,DEN,2025,6,NYJ,8.3,2
00-0038794,Jaleel McLaughlin,RB,DEN,2025,6,NYJ,0.0,0
00-0038797,Emanuel Wilson,RB,GB,2025,6,CIN,0.7,1
00-0038824,Ryan Miller,WR,TB,2025,6,SF,0.0,0
00-0038938,Jalin Hyatt,WR,NYG,2025,6,PHI,1.7,3
00-0038951,Sean Tucker,RB,TB,2025,6,SF,8.5,0
00-0038976,Marvin Mims Jr.,WR,DEN,2025,6,NYJ,2.8,2
00-0038996,Tucker Kraft,TE,GB,2025,6,CIN,10.3,2
00-0038997,Josh Downs,WR,IND,2025,6,ARI,10.2,6
00-0039021,Roschon Johnson,RB,CHI,2025,6,WAS,0.6,0
00-0039032,Tyjae Spears,RB,TEN,2025,6,LV,5.0,4
00-0039040,De'Von Achane,RB,MIA,2025,6,LAC,27.0,4
00-0039041,Elijah Higgins,TE,ARI,2025,6,IND,3.4,2
00-0039064,Zay Flowers,WR,BAL,2025,6,LA,2.6,6
00-0039065,Sam LaPorta,TE,DET,2025,6,KC,11.5,5
00-0039066,Michael Mayer,TE,LV,2025,6,TEN,11.0,5
00-0039074,Davis Allen,TE,LA,2025,6,BAL,0.7,1
00-0039075,Puka Nacua,WR,LA,2025,6,BAL,2.8,2
00-0039139,Jahmyr Gibbs,RB,DET,2025,6,KC,6.5,1
00-0039144,Luke Musgrave,TE,GB,2025,6,CIN,0.7,1
00-0039150,Bryce Young,QB,CAR,2025,6,DAL,18.46,0
00-0039165,Zach Charbonnet,RB,SEA,2025,6,JAX,3.7,1
00-0039299,George Holani,RB,SEA,2025,6,JAX,0.0,0
00-0039342,Xavier Legette,WR,CAR,2025,6,DAL,1.1,2
00-0039355,Luke McCaffrey,WR,WAS,2025,6,CHI,9.3,1
00-0039376,Spencer Rattler,QB,NO,2025,6,NE,11.08,0
00-0039379,Jamari Thrash,WR,CLE,2025,6,PIT,1.3,2
00-0039384,Tyrone Tracy Jr.,RB,NYG,2025,6,PHI,0.6,0
00-0039391,Kimani Vidal,RB,LAC,2025,6,MIA,19.8,3
00-0039394,Casey Washington,WR,ATL,2025,6,BUF,0.0,0
00-0039407,Dylan Laube,RB,LV,2025,6,TEN,0.0,0
00-0039410,Ryan Flournoy,WR,DAL,2025,6,CAR,3.3,3
00-0039451,Isaiah Williams,WR,NYJ,2025,6,DEN,0.0,0
00-0039530,Brevyn Spann-Ford,TE,DAL,2025,6,CAR,0.2,1
00-0039589,Kameron Johnson,WR,TB,2025,6,SF,12.4,4
00-0039623,Mason Tipton,WR,NO,2025,6,NE,0.0,0
00-0039648,David Martin-Robinson,TE,TEN,2025,6,LV,6.1,1
00-0039686,Colson Yankoff,TE,WAS,2025,6,CHI,0.0,0
00-0039732,Bo Nix,QB,DEN,2025,6,NYJ,13.36,0
00-0039738,Blake Corum,RB,LA,2025,6,BAL,2.3,0
00-0039739,Roman Wilson,WR,PIT,2025,6,CLE,1.2,1
00-0039746,Will Shipley,RB,PHI,2025,6,NYG,0.0,0
00-0039751,Jordan Whittington,WR,LA,2025,6,BAL,2.3,3
00-0039754,Devin Culp,TE,TB,2025,6,SF,0.0,0
00-0039793,AJ Barner,TE,SEA,2025,6,JAX,7.1,3
00-0039796,Rasheen Ali,RB,BAL,2025,6,LA,0.0,0
00-0039798,Isaiah Davis,RB,NYJ,2025,6,DEN,0.1,1
00-0039816,Anthony Gould,WR,IND,2025,6,ARI,0.0,0
00-0039847,Theo Johnson,TE,NYG,2025,6,PHI,2.7,2
00-0039849,Marvin Harrison Jr.,WR,ARI,2025,6,IND,3.2,2
00-0039851,Drake Maye,QB,NE,2025,6,NO,27.24,0
00-0039868,Troy Franklin,WR,DEN,2025,6,NYJ,0.1,3
00-0039875,Ray Davis,RB,BUF,2025,6,ATL,7.9,2
00-0039880,Malik Washington,WR,MIA,2025,6,LAC,2.3,4
00-0039893,Brian Thomas Jr.,WR,JAX,2025,6,SEA,15.0,8
00-0039894,Xavier Worthy,WR,KC,2025,6,DET,8.6,2
00-0039901,Keon Coleman,WR,BUF,2025,6,ATL,1.1,3
00-0039910,Jayden Daniels,QB,WAS,2025,6,CHI,21.64,0
00-0039915,Ladd McConkey,WR,LAC,2025,6,MIA,16.0,7
00-0039917,Michael Penix Jr.,QB,ATL,2025,6,BUF,14.6,0
00-0039918,Caleb Williams,QB,CHI,2025,6,WAS,20.38,0
00-0039919,Rome Odunze,WR,CHI,2025,6,WAS,3.2,2
00-0040009,Savion Williams,WR,GB,2025,6,CIN,0.3,0
00-0040075,LaJohntay Wester,WR,BAL,2025,6,LA,0.0,0
00-0040078,Brashard Smith,RB,KC,2025,6,DET,2.1,3
00-0040122,Ashton Jeanty,RB,LV,2025,6,TEN,14.6,2
00-0040124,Tetairoa McMillan,WR,CAR,2025,6,DAL,14.9,3
00-0040126,Colston Loveland,TE,CHI,2025,6,WAS,1.1,2
00-0040128,Tyler Warren,TE,IND,2025,6,ARI,12.3,6
00-0040129,Emeka Egbuka,WR,TB,2025,6,SF,2.4,2
00-0040131,Kyle Williams,WR,NE,2025,6,NO,0.0,0
00-0040134,Pat Bryant,WR,DEN,2025,6,NYJ,2.2,2
00-0040142,Kaleb Johnson,RB,PIT,2025,6,CLE,1.5,0
00-0040162,Dylan Sampson,RB,CLE,2025,6,PIT,2.4,2
00-0040164,Jaylin Lane,WR,WAS,2025,6,CHI,4.4,1
00-0040170,Elic Ayomanor,WR,TEN,2025,6,LV,2.7,3
00-0040184,KeAndre Lambert-Smith,WR,LAC,2025,6,MIA,0.1,1
00-0040187,Mitchell Evans,TE,CAR,2025,6,DAL,2.1,1
00-0040189,Oronde Gadsden II,TE,LAC,2025,6,MIA,4.8,7
00-0040198,Ollie Gordon II,RB,MIA,2025,6,LAC,0.2,1
00-0040218,Jimmy Horn Jr.,WR,CAR,2025,6,DAL,4.7,2
00-0040236,Kyle Monangai,RB,CHI,2025,6,WAS,4.4,1
00-0040237,Tez Johnson,WR,TB,2025,6,SF,10.5,1
00-0040238,LeQuint Allen Jr.,RB,JAX,2025,6,SEA,1.2,1
00-0040241,Dominic Lovett,WR,DET,2025,6,KC,0.0,0
00-0040242,Jacory Croskey-Merritt,RB,WAS,2025,6,CHI,4.8,1
00-0040259,Gage Larvadain,WR,CLE,2025,6,PIT,2.2,2
00-0040534,Ke'Shawn Williams,WR,PIT,2025,6,CLE,0.0,0
00-0040563,Efton Chism III,WR,NE,2025,6,NO,0.0,0
00-0040582,Arian Smith,WR,NYJ,2025,6,DEN,0.0,0
00-0040584,Gunnar Helm,TE,TEN,2025,6,LV,1.5,2
00-0040586,Jaydon Blue,RB,DAL,2025,6,CAR,0.0,0
00-0040590,Konata Mumpfield,WR,LA,2025,6,BAL,0.7,1
00-0040644,Trevor Etienne,RB,CAR,2025,6,DAL,1.7,0
00-0040648,Tory Horton,WR,SEA,2025,6,JAX,0.0,0
00-0040663,Harold Fannin Jr.,TE,CLE,2025,6,PIT,8.1,7
00-0040667,Matthew Golden,WR,GB,2025,6,CIN,10.2,3
00-0040676,Cam Ward,QB,TEN,2025,6,LV,6.88,0
00-0040691,Jaxson Dart,QB,NYG,2025,6,PHI,23.6,0
00-0040704,Dillon Gabriel,QB,CLE,2025,6,PIT,8.84,0
00-0040705,Chimere Dike,WR,TEN,2025,6,LV,0.8,2
00-0040715,Cam Skattebo,RB,NYG,2025,6,PHI,29.0,2
00-0040719,Bhayshul Tuten,RB,JAX,2025,6,SEA,2.8,2
00-0040727,Tre Harris,WR,LAC,2025,6,MIA,2.7,4
00-0040729,Jack Bech,WR,LV,2025,6,TEN,0.0,0
00-0040730,RJ Harvey,RB,DEN,2025,6,NYJ,2.5,4
00-0040734,TreVeyon Henderson,RB,NE,2025,6,NO,3.6,1
00-0040735,Luther Burden III,WR,CHI,2025,6,WAS,5.1,4
00-0040736,Mason Taylor,TE,NYJ,2025,6,DEN,0.2,1
00-0040737,Terrance Ferguson,TE,LA,2025,6,BAL,0.0,0
00-0040739,Elijah Arroyo,TE,SEA,2025,6,JAX,0.6,1
00-0040782,Isaiah Bond,WR,CLE,2025,6,PIT,0.9,2
00-0040784,Quinshon Judkins,RB,CLE,2025,6,PIT,3.6,0
00-0023459,Aaron Rodgers,QB,PIT,2025,7,CIN,22.56,0
00-0026158,Joe Flacco,QB,CIN,2025,7,PIT,25.98,0
00-0026498,Matthew Stafford,QB,LA,2025,7,JAX,27.38,0
00-0027973,Andy Dalton,QB,CAR,2025,7,NYJ,2.2,0
00-0028118,Tyrod Taylor,QB,NYJ,2025,7,CAR,2.14,0
00-0030035,Adam Thielen,WR,MIN,2025,7,PHI,1.0,1
00-0030061,Zach Ertz,TE,WAS,2025,7,DAL,9.7,3
00-0030279,Keenan Allen,WR,LAC,2025,7,IND,17.9,11
00-0030506,Travis Kelce,TE,KC,2025,7,LV,5.4,3
00-0030565,Geno Smith,QB,LV,2025,7,KC,2.78,0
00-0031236,Brandin Cooks,WR,NO,2025,7,CHI,0.3,1
00-0031237,Teddy Bridgewater,QB,TB,2025,7,DET,-0.1,0
00-0031345,Jimmy Garoppolo,QB,LA,2025,7,JAX,-0.3,0
00-0031381,Davante Adams,WR,LA,2025,7,JAX,21.5,5
00-0031408,Mike Evans,WR,TB,2025,7,DET,0.0,0
00-0031588,Stefon Diggs,WR,NE,2025,7,TEN,6.9,7
00-0031610,Darren Waller,TE,MIA,2025,7,CLE,0.0,0
00-0031687,Raheem Mostert,RB,LV,2025,7,KC,0.2,1
00-0032104,Ameer Abdullah,RB,IND,2025,7,LAC,2.7,1
00-0032211,Tyler Lockett,WR,TEN,2025,7,NE,1.8,2
00-0032268,Marcus Mariota,QB,WAS,2025,7,DAL,3.92,0
00-0032385,Sterling Shepard,WR,TB,2025,7,DET,0.5,7
00-0032392,Austin Hooper,TE,NE,2025,7,TEN,7.1,2
00-0032398,Chris Moore,WR,WAS,2025,7,DAL,5.9,2
00-0032464,Kalif Raymond,WR,DET,2025,7,TB,1.7,3
00-0032688,Robbie Chosen,WR,WAS,2025,7,DAL,3.6,4
00-0032775,Demarcus Robinson,WR,SF,2025,7,ATL,0.0,0
00-0032950,Carson Wentz,QB,MIN,2025,7,PHI,11.32,0
00-0032951,Laquon Treadwell,WR,IND,2025,7,LAC,0.0,0
00-0033077,Dak Prescott,QB,DAL,2025,7,WAS,23.26,0
00-0033090,Hunter Henry,TE,NE,2025,7,TEN,3.3,4
00-0033106,Jared Goff,QB,DET,2025,7,TB,10.34,0
00-0033110,Tyler Higbee,TE,LA,2025,7,JAX,1.9,3
00-0033119,Jacoby Brissett,QB,ARI,2025,7,GB,19.76,0
00-0033217,Mo Alie-Cox,TE,IND,2025,7,LAC,0.6,1
00-0033246,Johnny Mundt,TE,JAX,2025,7,LA,0.9,1
00-0033280,Christian McCaffrey,RB,SF,2025,7,ATL,32.1,7
00-0033288,George Kittle,TE,SF,2025,7,ATL,0.0,0
00-0033307,Kendrick Bourne,WR,SF,2025,7,ATL,1.4,2
00-0033357,Taysom Hill,TE,NO,2025,7,CHI,0.8,2
00-0033375,Tim Patrick,WR,JAX,2025,7,LA,2.2,1
00-0033526,Samaje Perine,RB,CIN,2025,7,PIT,3.1,0
00-0033555,Mack Hollins,WR,NE,2025,7,TEN,5.3,2
00-0033572,Jamal Agnew,WR,ATL,2025,7,SF,0.0,0
00-0033854,Dare Ogunbowale,RB,HOU,2025,7,SEA,0.0,0
00-0033857,JuJu Smith-Schuster,WR,KC,2025,7,LV,3.5,3
00-0033858,Jonnu Smith,TE,PIT,2025,7,CIN,8.8,3
00-0033873,Patrick Mahomes,QB,KC,2025,7,LV,26.24,0
00-0033881,Evan Engram,TE,DEN,2025,7,NYG,4.2,5
00-0033891,Zay Jones,WR,ARI,2025,7,GB,6.7,2
00-0033906,Alvin Kamara,RB,NO,2025,7,CHI,2.9,3
00-0033908,Cooper Kupp,WR,SEA,2025,7,HOU,1.2,1
00-0033923,Kareem Hunt,RB,KC,2025,7,LV,1.8,0
00-0033943,Josh Reynolds,WR,NYJ,2025,7,CAR,2.9,3
00-0033949,Joshua Dobbs,QB,NE,2025,7,TEN,0.28,0
00-0033955,Jeremy McNichols,RB,WAS,2025,7,DAL,4.5,2
00-0034159,Will Dissly,TE,LAC,2025,7,IND,0.0,0
00-0034348,Courtland Sutton,WR,DEN,2025,7,NYG,10.7,6
00-0034351,Dallas Goedert,TE,PHI,2025,7,MIN,1.8,3
00-0034367,Nyheim Hines,RB,LAC,2025,7,IND,0.0,0
00-0034383,Dalton Schultz,TE,HOU,2025,7,SEA,9.8,9
00-0034419,Braxton Berrios,WR,HOU,2025,7,SEA,-0.1,1
00-0034521,Allen Lazard,WR,NYJ,2025,7,CAR,1.6,2
00-0034791,Nick Chubb,RB,HOU,2025,7,SEA,1.1,1
00-0034827,DJ Moore,WR,CHI,2025,7,NO,5.2,3
00-0034844,Saquon Barkley,RB,PHI,2025,7,MIN,4.2,1
00-0034854,KhaDarel Hodge,WR,ATL,2025,7,SF,0.0,0
00-0034855,Baker Mayfield,QB,TB,2025,7,DET,11.12,0
00-0034867,Malik Turner,WR,SF,2025,7,ATL,0.0,0
00-0034869,Sam Darnold,QB,SEA,2025,7,HOU,8.62,0
00-0035208,Olamide Zaccheaus,WR,CHI,2025,7,NO,0.9,2
00-0035229,T.J. Hockenson,TE,MIN,2025,7,PHI,4.3,6
00-0035249,Josh Oliver,TE,MIN,2025,7,PHI,0.9,1
00-0035250,Devin Singletary,RB,NYG,2025,7,DEN,0.2,0
00-0035261,Tony Pollard,RB,TEN,2025,7,NE,6.1,6
00-0035289,Gardner Minshew,QB,KC,2025,7,LV,-0.3,0
00-0035298,Scott Miller,WR,PIT,2025,7,CIN,0.9,1
00-0035406,Lil'Jordan Humphrey,WR,NYG,2025,7,DEN,0.0,0
00-0035500,Greg Dortch,WR,ARI,2025,7,GB,0.5,2
00-0035594,Travis Homer,RB,CHI,2025,7,NO,0.0,0
00-0035602,Alex Bachman,WR,LV,2025,7,KC,0.0,0
00-0035628,D'Ernest Johnson,RB,ARI,2025,7,GB,0.0,0
00-0035631,Drew Sample,TE,CIN,2025,7,PIT,0.0,0
00-0035640,DK Metcalf,WR,PIT,2025,7,CIN,5.0,3
00-0035644,Noah Fant,TE,CIN,2025,7,PIT,10.4,4
00-0035645,Gunner Olszewski,WR,NYG,2025,7,DEN,0.0,0
00-0035662,Marquise Brown,WR,KC,2025,7,LV,7.4,2
00-0035676,A.J. Brown,WR,PHI,2025,7,MIN,24.1,4
00-0035685,David Montgomery,RB,DET,2025,7,TB,3.9,2
00-0035700,Josh Jacobs,RB,GB,2025,7,ARI,17.8,1
00-0035710,Daniel Jones,QB,IND,2025,7,LAC,22.22,0
00-0036040,Juwan Johnson,TE,NO,2025,7,CHI,7.9,5
00-0036139,Rico Dowdle,RB,CAR,2025,7,NYJ,9.6,1
00-0036158,J.K. Dobbins,RB,DEN,2025,7,NYG,8.0,1
00-0036176,Mason Kinsey,WR,TEN,2025,7,NE,0.0,0
00-0036182,Nick Westbrook-Ikhine,WR,MIA,2025,7,CLE,1.6,3
00-0036212,Tua Tagovailoa,QB,MIA,2025,7,CLE,-1.4,0
00-0036223,Jonathan Taylor,RB,IND,2025,7,LAC,31.2,3
00-0036232,Harrison Bryant,TE,HOU,2025,7,SEA,0.0,0
00-0036244,Colby Parkinson,TE,LA,2025,7,JAX,4.7,3
00-0036252,Michael Pittman,WR,IND,2025,7,LAC,13.8,7
00-0036259,Jauan Jennings,WR,SF,2025,7,ATL,3.1,4
00-0036264,Jordan Love,QB,GB,2025,7,ARI,13.36,0
00-0036275,D'Andre Swift,RB,CHI,2025,7,NO,19.8,1
00-0036290,Cole Kmet,TE,CHI,2025,7,NO,1.6,1
00-0036309,Darnell Mooney,WR,ATL,2025,7,SF,6.8,3
00-0036322,Justin Jefferson,WR,MIN,2025,7,PHI,7.9,5
00-0036331,Devin Duvernay,WR,CHI,2025,7,NO,0.0,0
00-0036355,Justin Herbert,QB,LAC,2025,7,IND,27.9,0
00-0036358,CeeDee Lamb,WR,DAL,2025,7,WAS,17.0,5
00-0036389,Jalen Hurts,QB,PHI,2025,7,MIN,24.04,0
00-0036407,Jerry Jeudy,WR,CLE,2025,7,MIA,1.7,2
00-0036410,Tee Higgins,WR,CIN,2025,7,PIT,15.6,6
00-0036415,Van Jefferson,WR,TEN,2025,7,NE,4.1,4
00-0036427,Tyler Johnson,WR,NYJ,2025,7,CAR,6.0,3
00-0036429,Charlie Woerner,TE,ATL,2025,7,SF,0.0,0
00-0036554,Nico Collins,WR,HOU,2025,7,SEA,2.7,4
00-0036555,Chuba Hubbard,RB,CAR,2025,7,NYJ,5.5,2
00-0036613,Jaylen Waddle,WR,MIA,2025,7,CLE,1.5,1
00-0036620,Dee Eskridge,WR,MIA,2025,7,CLE,4.5,2
00-0036626,Dyami Brown,WR,JAX,2025,7,LA,5.0,2
00-0036628,John Bates,TE,WAS,2025,7,DAL,0.5,1
00-0036637,Noah Gray,TE,KC,2025,7,LV,2.8,1
00-0036646,Simi Fehoko,WR,ARI,2025,7,GB,0.0,0
00-0036741,Jack Stoll,TE,NO,2025,7,CHI,0.0,0
00-0036754,Brock Wright,TE,DET,2025,7,TB,2.3,3
00-0036842,Kene Nwangwu,RB,NYJ,2025,7,CAR,0.0,0
00-0036862,Ben Skowronek,WR,PIT,2025,7,CIN,0.0,0
00-0036875,Rhamondre Stevenson,RB,NE,2025,7,TEN,14.8,2
00-0036887,Luke Farrell,TE,SF,2025,7,ATL,1.1,1
00-0036894,Pat Freiermuth,TE,PIT,2025,7,CIN,23.1,5
00-0036900,Ja'Marr Chase,WR,CIN,2025,7,PIT,22.1,16
00-0036912,DeVonta Smith,WR,PHI,2025,7,MIN,24.3,9
00-0036919,Kenny Gainwell,RB,PIT,2025,7,CIN,1.5,2
00-0036924,Michael Carter,RB,ARI,2025,7,GB,3.6,2
00-0036945,Justin Fields,QB,NYJ,2025,7,CAR,4.04,0
00-0036963,Amon-Ra St. Brown,WR,DET,2025,7,TB,14.6,6
00-0036970,Kyle Pitts,TE,ATL,2025,7,SF,6.2,7
00-0036971,Trevor Lawrence,QB,JAX,2025,7,LA,17.64,0
00-0036972,Mac Jones,QB,SF,2025,7,ATL,5.18,0
00-0036973,Travis Etienne,RB,JAX,2025,7,LA,5.5,1
00-0036997,Javonte Williams,RB,DAL,2025,7,WAS,17.8,1
00-0037004,Hunter Long,TE,JAX,2025,7,LA,1.6,2
00-0037005,Tommy Tremble,TE,CAR,2025,7,NYJ,0.0,1
00-0037085,Tyler Badie,RB,DEN,2025,7,NYG,1.9,2
00-0037091,Bo Melton,WR,GB,2025,7,ARI,0.0,0
00-0037093,Dareke Young,WR,SEA,2025,7,HOU,0.0,0
00-0037157,Bam Knight,RB,ARI,2025,7,GB,6.4,3
00-0037197,Isiah Pacheco,RB,KC,2025,7,LV,11.4,1
00-0037228,Jaylen Warren,RB,PIT,2025,7,CIN,15.8,4
00-0037238,Drake London,WR,ATL,2025,7,SF,4.2,4
00-0037239,Chris Olave,WR,NO,2025,7,CHI,21.8,5
00-0037240,Jameson Williams,WR,DET,2025,7,TB,0.0,0
00-0037247,George Pickens,WR,DAL,2025,7,WAS,8.2,4
00-0037256,Rachaad White,RB,TB,2025,7,DET,4.4,4
00-0037263,Tyler Allgeier,RB,ATL,2025,7,SF,1.6,0
00-0037267,Jerome Ford,RB,CLE,2025,7,MIA,1.0,2
00-0037291,Jalen Nailor,WR,MIN,2025,7,PHI,3.7,2
00-0037292,Andrew Ogletree,TE,IND,2025,7,LAC,0.0,0
00-0037306,John FitzPatrick,TE,GB,2025,7,ARI,0.6,1
00-0037348,Tanner Conner,TE,MIA,2025,7,CLE,2.8,1
00-0037525,Jordan Mason,RB,MIN,2025,7,PHI,11.7,0
00-0037545,Rashid Shaheed,WR,NO,2025,7,CHI,4.0,4
00-0037563,Malik Davis,RB,DAL,2025,7,WAS,0.0,0
00-0037594,Julius Chestnut,RB,TEN,2025,7,NE,0.0,0
00-0037617,Hassan Haskins,RB,LAC,2025,7,IND,0.5,2
00-0037664,Alec Pierce,WR,IND,2025,7,LAC,9.8,5
00-0037666,Jalen Tolbert,WR,DAL,2025,7,WAS,1.6,1
00-0037744,Trey McBride,TE,ARI,2025,7,GB,19.4,10
00-0037746,Brian Robinson,RB,SF,2025,7,ATL,3.6,0
00-0037801,KaVontae Turpin,WR,DAL,2025,7,WAS,1.7,1
00-0037805,Jeremy Ruckert,TE,NYJ,2025,7,CAR,0.0,0
00-0037809,Chig Okonkwo,TE,TEN,2025,7,NE,0.0,0
00-0037816,Romeo Doubs,WR,GB,2025,7,ARI,7.2,6
00-0037840,Kyren Williams,RB,LA,2025,7,JAX,6.5,2
00-0038041,Jake Ferguson,TE,DAL,2025,7,WAS,14.9,7
00-0038090,Skyy Moore,WR,SF,2025,7,ATL,1.5,1
00-0038102,Kenny Pickett,QB,LV,2025,7,KC,-1.68,0
00-0038104,Tyquan Thornton,WR,KC,2025,7,LV,3.9,1
00-0038115,Daniel Bellinger,TE,NYG,2025,7,DEN,14.8,3
00-0038117,Wan'Dale Robinson,WR,NYG,2025,7,DEN,9.5,6
00-0038120,Breece Hall,RB,NYJ,2025,7,CAR,5.2,2
00-0038129,Cade Otton,TE,TB,2025,7,DET,6.5,7
00-0038134,Kenneth Walker III,RB,SEA,2025,7,HOU,6.6,0
00-0038359,Xavier Smith,WR,LA,2025,7,JAX,1.5,2
00-0038393,Dontayvion Wicks,WR,GB,2025,7,ARI,0.5,1
00-0038440,Zavier Scott,RB,MIN,2025,7,PHI,0.6,1
00-0038465,Malik Heath,WR,GB,2025,7,ARI,0.0,0
00-0038488,Brady Russell,RB,SEA,2025,7,HOU,0.0,0
00-0038496,Xavier Gipson,WR,PHI,2025,7,MIN,0.0,0
00-0038498,E.J. Jenkins,TE,PHI,2025,7,MIN,0.0,0
00-0038519,Nikko Remigio,WR,KC,2025,7,LV,0.0,0
00-0038542,Bijan Robinson,RB,ATL,2025,7,SF,15.2,6
00-0038543,Jaxon Smith-Njigba,WR,SEA,2025,7,HOU,18.3,8
00-0038544,Quentin Johnston,WR,LAC,2025,7,IND,9.0,2
00-0038551,Kendre Miller,RB,NO,2025,7,CHI,0.7,0
00-0038555,Tank Bigsby,RB,PHI,2025,7,MIN,1.0,1
00-0038558,Darnell Washington,TE,PIT,2025,7,CIN,6.2,3
00-0038559,Michael Wilson,WR,ARI,2025,7,GB,4.0,3
00-0038563,Tre Tucker,WR,LV,2025,7,KC,3.3,5
00-0038564,Cameron Latu,TE,PHI,2025,7,MIN,0.0,0
00-0038573,Derius Davis,WR,LAC,2025,7,IND,0.0,0
00-0038576,Charlie Jones,WR,CIN,2025,7,PIT,0.0,0
00-0038597,Chase Brown,RB,CIN,2025,7,PIT,10.0,2
00-0038606,Parker Washington,WR,JAX,2025,7,LA,6.2,4
00-0038608,Kayshon Boutte,WR,NE,2025,7,TEN,11.5,2
00-0038611,Chris Rodriguez Jr.,RB,WAS,2025,7,DAL,7.2,0
00-0038618,Xavier Hutchinson,WR,HOU,2025,7,SEA,1.3,1
00-0038619,Andrei Iosivas,WR,CIN,2025,7,PIT,4.9,3
00-0038621,DeMario Douglas,WR,NE,2025,7,TEN,1.7,3
00-0038685,Chris Brooks,RB,GB,2025,7,ARI,0.0,0
00-0038710,Blake Whiteheart,TE,CLE,2025,7,MIA,0.4,1
00-0038720,Julian Hill,TE,MIA,2025,7,CLE,0.1,1
00-0038738,Hunter Luepke,RB,DAL,2025,7,WAS,0.3,1
00-0038752,Jake Bobo,WR,SEA,2025,7,HOU,0.3,1
00-0038783,Nate Adkins,TE,DEN,2025,7,NYG,2.0,2
00-0038797,Emanuel Wilson,RB,GB,2025,7,ARI,1.5,1
00-0038824,Ryan Miller,WR,TB,2025,7,DET,1.4,1
00-0038840,Brycen Tremayne,WR,CAR,2025,7,NYJ,0.0,0
00-0038896,Jacob Saylors,RB,DET,2025,7,TB,0.0,0
00-0038938,Jalin Hyatt,WR,NYG,2025,7,DEN,0.0,0
00-0038951,Sean Tucker,RB,TB,2025,7,DET,0.6,1
00-0038976,Marvin Mims Jr.,WR,DEN,2025,7,NYG,9.8,6
00-0038994,Jordan Addison,WR,MIN,2025,7,PHI,12.8,9
00-0038996,Tucker Kraft,TE,GB,2025,7,ARI,11.8,5
00-0039021,Roschon Johnson,RB,CHI,2025,7,NO,1.1,0
00-0039032,Tyjae Spears,RB,TEN,2025,7,NE,4.0,3
00-0039040,De'Von Achane,RB,MIA,2025,7,CLE,9.8,3
00-0039041,Elijah Higgins,TE,ARI,2025,7,GB,0.3,1
00-0039065,Sam LaPorta,TE,DET,2025,7,TB,1.5,3
00-0039066,Michael Mayer,TE,LV,2025,7,KC,1.0,1
00-0039067,Rashee Rice,WR,KC,2025,7,LV,16.2,7
00-0039074,Davis Allen,TE,LA,2025,7,JAX,0.4,1
00-0039139,Jahmyr Gibbs,RB,DET,2025,7,TB,33.8,3
00-0039150,Bryce Young,QB,CAR,2025,7,NYJ,10.52,0
00-0039163,C.J. Stroud,QB,HOU,2025,7,SEA,13.66,0
00-0039165,Zach Charbonnet,RB,SEA,2025,7,HOU,17.5,2
00-0039299,George Holani,RB,SEA,2025,7,HOU,0.0,0
00-0039342,Xavier Legette,WR,CAR,2025,7,NYJ,15.2,9
00-0039355,Luke McCaffrey,WR,WAS,2025,7,DAL,0.0,0
00-0039356,Ja'Tavion Sanders,TE,CAR,2025,7,NYJ,0.0,0
00-0039363,Isaac Guerendo,RB,SF,2025,7,ATL,0.0,0
00-0039376,Spencer Rattler,QB,NO,2025,7,CHI,10.52,0
00-0039379,Jamari Thrash,WR,CLE,2025,7,MIA,2.3,1
00-0039384,Tyrone Tracy Jr.,RB,NYG,2025,7,DEN,10.6,0
00-0039391,Kimani Vidal,RB,LAC,2025,7,IND,3.5,4
00-0039394,Casey Washington,WR,ATL,2025,7,SF,1.7,1
00-0039407,Dylan Laube,RB,LV,2025,7,KC,0.4,1
00-0039410,Ryan Flournoy,WR,DAL,2025,7,WAS,0.0,0
00-0039451,Isaiah Williams,WR,NYJ,2025,7,CAR,0.0,0
00-0039491,Jalen Coker,WR,CAR,2025,7,NYJ,0.0,0
00-0039521,Xavier Weaver,WR,ARI,2025,7,GB,0.0,0
00-0039530,Brevyn Spann-Ford,TE,DAL,2025,7,WAS,0.0,0
00-0039589,Kameron Johnson,WR,TB,2025,7,DET,0.0,0
00-0039623,Mason Tipton,WR,NO,2025,7,CHI,0.0,0
00-0039686,Colson Yankoff,TE,WAS,2025,7,DAL,0.0,0
00-0039732,Bo Nix,QB,DEN,2025,7,NYG,39.96,0
00-0039738,Blake Corum,RB,LA,2025,7,JAX,4.3,1
00-0039739,Roman Wilson,WR,PIT,2025,7,CIN,1.7,2
00-0039746,Will Shipley,RB,PHI,2025,7,MIN,0.7,1
00-0039751,Jordan Whittington,WR,LA,2025,7,JAX,0.9,2
00-0039757,Terrell Jennings,RB,NE,2025,7,TEN,1.8,0
00-0039793,AJ Barner,TE,SEA,2025,7,HOU,0.9,1
00-0039798,Isaiah Davis,RB,NYJ,2025,7,CAR,3.2,2
00-0039816,Anthony Gould,WR,IND,2025,7,LAC,0.3,1
00-0039847,Theo Johnson,TE,NYG,2025,7,DEN,12.6,3
00-0039849,Marvin Harrison Jr.,WR,ARI,2025,7,GB,5.8,2
00-0039851,Drake Maye,QB,NE,2025,7,TEN,23.08,0
00-0039868,Troy Franklin,WR,DEN,2025,7,NYG,9.9,3
00-0039880,Malik Washington,WR,MIA,2025,7,CLE,3.0,5
00-0039890,Adonai Mitchell,WR,IND,2025,7,LAC,0.8,1
00-0039893,Brian Thomas Jr.,WR,JAX,2025,7,LA,3.1,3
00-0039894,Xavier Worthy,WR,KC,2025,7,LV,4.8,3
00-0039910,Jayden Daniels,QB,WAS,2025,7,DAL,17.74,0
00-0039915,Ladd McConkey,WR,LAC,2025,7,IND,6.7,9
00-0039917,Michael Penix Jr.,QB,ATL,2025,7,SF,12.24,0
00-0039918,Caleb Williams,QB,CHI,2025,7,NO,4.68,0
00-0039919,Rome Odunze,WR,CHI,2025,7,NO,3.1,2
00-0039920,Malachi Corley,WR,CLE,2025,7,MIA,1.7,2
00-0040009,Savion Williams,WR,GB,2025,7,ARI,0.0,0
00-0040078,Brashard Smith,RB,KC,2025,7,LV,8.1,5
00-0040122,Ashton Jeanty,RB,LV,2025,7,KC,3.4,1
00-0040124,Tetairoa McMillan,WR,CAR,2025,7,NYJ,3.3,3
00-0040126,Colston Loveland,TE,CHI,2025,7,NO,2.4,3
00-0040128,Tyler Warren,TE,IND,2025,7,LAC,12.9,4
00-0040129,Emeka Egbuka,WR,TB,2025,7,DET,5.8,4
00-0040130,Jayden Higgins,WR,HOU,2025,7,SEA,0.0,0
00-0040131,Kyle Williams,WR,NE,2025,7,TEN,0.0,0
00-0040134,Pat Bryant,WR,DEN,2025,7,NYG,0.6,1
00-0040138,Jaylin Noel,WR,HOU,2025,7,SEA,7.7,4
00-0040154,Tai Felton,WR,MIN,2025,7,PHI,0.0,0
00-0040162,Dylan Sampson,RB,CLE,2025,7,MIA,1.7,1
00-0040164,Jaylin Lane,WR,WAS,2025,7,DAL,6.0,3
00-0040170,Elic Ayomanor,WR,TEN,2025,7,NE,2.9,2
00-0040187,Mitchell Evans,TE,CAR,2025,7,NYJ,2.4,2
00-0040189,Oronde Gadsden II,TE,LAC,2025,7,IND,22.4,7
00-0040198,Ollie Gordon II,RB,MIA,2025,7,CLE,1.3,1
00-0040202,Devin Neal,RB,NO,2025,7,CHI,0.1,0
00-0040208,Tahj Brooks,RB,CIN,2025,7,PIT,0.0,0
00-0040218,Jimmy Horn Jr.,WR,CAR,2025,7,NYJ,1.5,1
00-0040225,Thomas Fidone II,TE,NYG,2025,7,DEN,0.0,0
00-0040234,Quinn Ewers,QB,MIA,2025,7,CLE,2.12,0
00-0040236,Kyle Monangai,RB,CHI,2025,7,NO,15.4,2
00-0040237,Tez Johnson,WR,TB,2025,7,DET,11.8,4
00-0040238,LeQuint Allen Jr.,RB,JAX,2025,7,LA,0.4,1
00-0040242,Jacory Croskey-Merritt,RB,WAS,2025,7,DAL,3.2,1
00-0040259,Gage Larvadain,WR,CLE,2025,7,MIA,0.0,0
00-0040432,Beaux Collins,WR,NYG,2025,7,DEN,0.0,0
00-0040488,Carter Runyon,TE,LV,2025,7,KC,0.3,1
00-0040506,Myles Price,WR,MIN,2025,7,PHI,0.0,0
00-0040534,Ke'Shawn Williams,WR,PIT,2025,7,CIN,0.0,0
00-0040563,Efton Chism III,WR,NE,2025,7,TEN,0.0,0
00-0040581,Dont'e Thornton Jr.,WR,LV,2025,7,KC,0.0,0
00-0040582,Arian Smith,WR,NYJ,2025,7,CAR,0.0,1
00-0040583,Woody Marks,RB,HOU,2025,7,SEA,9.5,3
00-0040584,Gunnar Helm,TE,TEN,2025,7,NE,3.6,4
00-0040586,Jaydon Blue,RB,DAL,2025,7,WAS,3.4,1
00-0040590,Konata Mumpfield,WR,LA,2025,7,JAX,6.5,1
00-0040644,Trevor Etienne,RB,CAR,2025,7,NYJ,0.0,0
00-0040648,Tory Horton,WR,SEA,2025,7,HOU,0.0,0
00-0040663,Harold Fannin Jr.,TE,CLE,2025,7,MIA,3.6,4
00-0040667,Matthew Golden,WR,GB,2025,7,ARI,3.7,4
00-0040669,Isaac TeSlaa,WR,DET,2025,7,TB,0.0,0
00-0040676,Cam Ward,QB,TEN,2025,7,NE,10.2,0
00-0040691,Jaxson Dart,QB,NYG,2025,7,DEN,28.42,0
00-0040704,Dillon Gabriel,QB,CLE,2025,7,MIA,5.84,0
00-0040705,Chimere Dike,WR,TEN,2025,7,NE,12.9,4
00-0040715,Cam Skattebo,RB,NYG,2025,7,DEN,15.4,3
00-0040719,Bhayshul Tuten,RB,JAX,2025,7,LA,2.2,0
00-0040727,Tre Harris,WR,LAC,2025,7,IND,2.3,2
00-0040729,Jack Bech,WR,LV,2025,7,KC,1.3,2
00-0040730,RJ Harvey,RB,DEN,2025,7,NYG,6.2,1
00-0040734,TreVeyon Henderson,RB,NE,2025,7,TEN,0.5,0
00-0040735,Luther Burden III,WR,CHI,2025,7,NO,2.1,1
00-0040736,Mason Taylor,TE,NYJ,2025,7,CAR,3.1,3
00-0040737,Terrance Ferguson,TE,LA,2025,7,JAX,9.1,1
00-0040739,Elijah Arroyo,TE,SEA,2025,7,HOU,2.2,4
00-0040784,Quinshon Judkins,RB,CLE,2025,7,MIA,26.4,0
00-0023459,Aaron Rodgers,QB,PIT,2025,8,GB,16.76,0
00-0026158,Joe Flacco,QB,CIN,2025,8,NYJ,24.32,0
00-0027973,Andy Dalton,QB,CAR,2025,8,BUF,1.1,0
00-0029604,Kirk Cousins,QB,ATL,2025,8,MIA,7.12,0
00-0030035,Adam Thielen,WR,MIN,2025,8,LAC,0.0,0
00-0030061,Zach Ertz,TE,WAS,2025,8,KC,1.6,4
00-0030279,Keenan Allen,WR,LAC,2025,8,MIN,4.4,4
00-0030506,Travis Kelce,TE,KC,2025,8,WAS,15.9,6
00-0030564,DeAndre Hopkins,WR,BAL,2025,8,CHI,1.4,1
00-0031236,Brandin Cooks,WR,NO,2025,8,TB,2.2,3
00-0031588,Stefon Diggs,WR,NE,2025,8,CLE,7.4,3
00-0032104,Ameer Abdullah,RB,IND,2025,8,TEN,0.8,1
00-0032268,Marcus Mariota,QB,WAS,2025,8,KC,11.32,0
00-0032385,Sterling Shepard,WR,TB,2025,8,NO,0.8,1
00-0032392,Austin Hooper,TE,NE,2025,8,CLE,3.8,2
00-0032764,Derrick Henry,RB,BAL,2025,8,CHI,19.1,0
00-0032775,Demarcus Robinson,WR,SF,2025,8,HOU,2.5,2
00-0032950,Carson Wentz,QB,MIN,2025,8,LAC,7.76,0
00-0033077,Dak Prescott,QB,DAL,2025,8,DEN,6.62,0
00-0033090,Hunter Henry,TE,NE,2025,8,CLE,6.7,1
00-0033280,Christian McCaffrey,RB,SF,2025,8,HOU,6.8,3
00-0033282,Curtis Samuel,WR,BUF,2025,8,CAR,0.0,0
00-0033288,George Kittle,TE,SF,2025,8,HOU,10.3,4
00-0033293,Aaron Jones,RB,MIN,2025,8,LAC,3.0,2
00-0033307,Kendrick Bourne,WR,SF,2025,8,HOU,4.4,3
00-0033357,Taysom Hill,TE,NO,2025,8,TB,1.2,1
00-0033526,Samaje Perine,RB,CIN,2025,8,NYJ,16.0,1
00-0033555,Mack Hollins,WR,NE,2025,8,CLE,8.9,7
00-0033572,Jamal Agnew,WR,ATL,2025,8,MIA,0.0,0
00-0033854,Dare Ogunbowale,RB,HOU,2025,8,SF,1.7,1
00-0033857,JuJu Smith-Schuster,WR,KC,2025,8,WAS,2.9,2
00-0033858,Jonnu Smith,TE,PIT,2025,8,GB,1.7,2
00-0033869,Mitchell Trubisky,QB,BUF,2025,8,CAR,0.88,0
00-0033873,Patrick Mahomes,QB,KC,2025,8,WAS,22.96,0
00-0033881,Evan Engram,TE,DEN,2025,8,DAL,3.6,4
00-0033885,David Njoku,TE,CLE,2025,8,NE,9.7,4
00-0033906,Alvin Kamara,RB,NO,2025,8,TB,4.5,2
00-0033923,Kareem Hunt,RB,KC,2025,8,WAS,16.2,1
00-0033955,Jeremy McNichols,RB,WAS,2025,8,KC,6.8,5
00-0034348,Courtland Sutton,WR,DEN,2025,8,DAL,6.7,4
00-0034351,Dallas Goedert,TE,PHI,2025,8,NYG,14.8,3
00-0034367,Nyheim Hines,RB,LAC,2025,8,MIN,-0.2,0
00-0034383,Dalton Schultz,TE,HOU,2025,8,SF,2.4,2
00-0034418,Cedrick Wilson Jr.,WR,MIA,2025,8,ATL,0.2,1
00-0034419,Braxton Berrios,WR,HOU,2025,8,SF,3.8,5
00-0034521,Allen Lazard,WR,NYJ,2025,8,CIN,0.5,1
00-0034613,Tanner Hudson,TE,CIN,2025,8,NYJ,0.9,1
00-0034753,Mark Andrews,TE,BAL,2025,8,CHI,3.4,3
00-0034791,Nick Chubb,RB,HOU,2025,8,SF,6.9,2
00-0034827,DJ Moore,WR,CHI,2025,8,BAL,7.6,4
00-0034844,Saquon Barkley,RB,PHI,2025,8,NYG,29.4,4
00-0034854,KhaDarel Hodge,WR,ATL,2025,8,MIA,3.1,3
00-0034855,Baker Mayfield,QB,TB,2025,8,NO,4.08,0
00-0034857,Josh Allen,QB,BUF,2025,8,CAR,23.22,0
00-0034975,Justice Hill,RB,BAL,2025,8,CHI,0.2,0
00-0034981,Foster Moreau,TE,NO,2025,8,TB,0.0,0
00-0035021,Ashton Dulin,WR,IND,2025,8,TEN,-0.8,1
00-0035208,Olamide Zaccheaus,WR,CHI,2025,8,BAL,3.3,7
00-0035229,T.J. Hockenson,TE,MIN,2025,8,LAC,2.6,2
00-0035250,Devin Singletary,RB,NYG,2025,8,PHI,2.8,1
00-0035261,Tony Pollard,RB,TEN,2025,8,IND,5.3,1
00-0035264,Jarrett Stidham,QB,DEN,2025,8,DAL,-0.1,0
00-0035359,David Sills,WR,ATL,2025,8,MIA,1.4,2
00-0035535,Darius Slayton,WR,NYG,2025,8,PHI,2.6,2
00-0035537,Ty Johnson,RB,BUF,2025,8,CAR,0.6,0
00-0035594,Travis Homer,RB,CHI,2025,8,BAL,0.0,0
00-0035640,DK Metcalf,WR,PIT,2025,8,GB,11.5,5
00-0035644,Noah Fant,TE,CIN,2025,8,NYJ,4.1,3
00-0035645,Gunner Olszewski,WR,NYG,2025,8,PHI,0.0,0
00-0035659,Terry McLaurin,WR,WAS,2025,8,KC,11.4,3
00-0035662,Marquise Brown,WR,KC,2025,8,WAS,0.0,0
00-0035689,Dawson Knox,TE,BUF,2025,8,CAR,1.5,1
00-0035700,Josh Jacobs,RB,GB,2025,8,PIT,10.5,3
00-0035710,Daniel Jones,QB,IND,2025,8,TEN,23.18,0
00-0035719,Deebo Samuel Sr.,WR,WAS,2025,8,KC,1.2,3
00-0035993,Tyler Huntley,QB,BAL,2025,8,CHI,16.74,0
00-0036040,Juwan Johnson,TE,NO,2025,8,TB,5.3,5
00-0036139,Rico Dowdle,RB,CAR,2025,8,BUF,5.4,0
00-0036158,J.K. Dobbins,RB,DEN,2025,8,DAL,12.1,2
00-0036182,Nick Westbrook-Ikhine,WR,MIA,2025,8,ATL,1.8,1
00-0036187,Reggie Gilliam,RB,BUF,2025,8,CAR,0.0,0
00-0036212,Tua Tagovailoa,QB,MIA,2025,8,ATL,24.2,0
00-0036223,Jonathan Taylor,RB,IND,2025,8,TEN,35.4,2
00-0036232,Harrison Bryant,TE,HOU,2025,8,SF,0.0,0
00-0036252,Michael Pittman,WR,IND,2025,8,TEN,15.5,8
00-0036259,Jauan Jennings,WR,SF,2025,8,HOU,4.5,4
00-0036264,Jordan Love,QB,GB,2025,8,PIT,28.3,0
00-0036275,D'Andre Swift,RB,CHI,2025,8,BAL,13.1,2
00-0036309,Darnell Mooney,WR,ATL,2025,8,MIA,1.1,1
00-0036322,Justin Jefferson,WR,MIN,2025,8,LAC,7.4,7
00-0036331,Devin Duvernay,WR,CHI,2025,8,BAL,0.2,1
00-0036355,Justin Herbert,QB,LAC,2025,8,MIN,25.28,0
00-0036358,CeeDee Lamb,WR,DAL,2025,8,DEN,7.6,7
00-0036389,Jalen Hurts,QB,PHI,2025,8,NYG,25.36,0
00-0036407,Jerry Jeudy,WR,CLE,2025,8,NE,0.0,0
00-0036410,Tee Higgins,WR,CIN,2025,8,NYJ,10.4,1
00-0036415,Van Jefferson,WR,TEN,2025,8,IND,0.6,1
00-0036422,Adam Trautman,TE,DEN,2025,8,DAL,0.0,0
00-0036427,Tyler Johnson,WR,NYJ,2025,8,CIN,12.4,3
00-0036550,Rashod Bateman,WR,BAL,2025,8,CHI,5.1,2
00-0036555,Chuba Hubbard,RB,CAR,2025,8,BUF,9.4,0
00-0036613,Jaylen Waddle,WR,MIA,2025,8,ATL,15.9,5
00-0036620,Dee Eskridge,WR,MIA,2025,8,ATL,0.0,0
00-0036628,John Bates,TE,WAS,2025,8,KC,2.2,1
00-0036630,Tylan Wallace,WR,BAL,2025,8,CHI,0.6,1
00-0036637,Noah Gray,TE,KC,2025,8,WAS,2.3,2
00-0036741,Jack Stoll,TE,NO,2025,8,TB,0.0,0
00-0036755,Jaret Patterson,RB,LAC,2025,8,MIN,3.0,0
00-0036825,Feleipe Franks,TE,ATL,2025,8,MIA,0.0,0
00-0036862,Ben Skowronek,WR,PIT,2025,8,GB,1.3,1
00-0036875,Rhamondre Stevenson,RB,NE,2025,8,CLE,4.9,1
00-0036887,Luke Farrell,TE,SF,2025,8,HOU,0.0,0
00-0036894,Pat Freiermuth,TE,PIT,2025,8,GB,1.3,3
00-0036900,Ja'Marr Chase,WR,CIN,2025,8,NYJ,9.1,12
00-0036912,DeVonta Smith,WR,PHI,2025,8,NYG,8.4,6
00-0036919,Kenny Gainwell,RB,PIT,2025,8,GB,1.5,2
00-0036945,Justin Fields,QB,NYJ,2025,8,CIN,20.86,0
00-0036970,Kyle Pitts,TE,ATL,2025,8,MIA,5.9,9
00-0036972,Mac Jones,QB,SF,2025,8,HOU,18.02,0
00-0036980,Elijah Moore,WR,BUF,2025,8,CAR,1.4,1
00-0036997,Javonte Williams,RB,DAL,2025,8,DEN,16.9,1
00-0037005,Tommy Tremble,TE,CAR,2025,8,BUF,0.4,1
00-0037013,Zach Wilson,QB,MIA,2025,8,ATL,0.0,0
00-0037085,Tyler Badie,RB,DEN,2025,8,DAL,0.6,0
00-0037091,Bo Melton,WR,GB,2025,8,PIT,0.0,0
00-0037112,Jake Tonges,TE,SF,2025,8,HOU,6.2,1
00-0037120,Tyler Goodson,RB,IND,2025,8,TEN,0.2,0
00-0037197,Isiah Pacheco,RB,KC,2025,8,WAS,5.8,0
00-0037228,Jaylen Warren,RB,PIT,2025,8,GB,7.3,2
00-0037239,Chris Olave,WR,NO,2025,8,TB,6.0,8
00-0037247,George Pickens,WR,DAL,2025,8,DEN,7.8,7
00-0037248,James Cook,RB,BUF,2025,8,CAR,33.6,0
00-0037256,Rachaad White,RB,TB,2025,8,NO,6.1,2
00-0037258,Dameon Pierce,RB,HOU,2025,8,SF,0.0,0
00-0037261,Khalil Shakir,WR,BUF,2025,8,CAR,14.8,6
00-0037263,Tyler Allgeier,RB,ATL,2025,8,MIA,7.4,2
00-0037267,Jerome Ford,RB,CLE,2025,8,NE,-0.1,1
00-0037291,Jalen Nailor,WR,MIN,2025,8,LAC,0.0,0
00-0037292,Andrew Ogletree,TE,IND,2025,8,TEN,0.0,0
00-0037306,John FitzPatrick,TE,GB,2025,8,PIT,0.4,1
00-0037348,Tanner Conner,TE,MIA,2025,8,ATL,0.6,2
00-0037525,Jordan Mason,RB,MIN,2025,8,LAC,0.6,1
00-0037545,Rashid Shaheed,WR,NO,2025,8,TB,5.5,9
00-0037563,Malik Davis,RB,DAL,2025,8,DEN,0.3,0
00-0037594,Julius Chestnut,RB,TEN,2025,8,IND,0.5,0
00-0037664,Alec Pierce,WR,IND,2025,8,TEN,6.9,2
00-0037666,Jalen Tolbert,WR,DAL,2025,8,DEN,10.7,2
00-0037741,Jahan Dotson,WR,PHI,2025,8,NYG,10.0,1
00-0037746,Brian Robinson,RB,SF,2025,8,HOU,0.0,0
00-0037801,KaVontae Turpin,WR,DAL,2025,8,DEN,-0.2,1
00-0037805,Jeremy Ruckert,TE,NYJ,2025,8,CIN,2.4,1
00-0037809,Chig Okonkwo,TE,TEN,2025,8,IND,5.3,4
00-0037816,Romeo Doubs,WR,GB,2025,8,PIT,6.4,3
00-0037837,Calvin Austin III,WR,PIT,2025,8,GB,2.8,4
00-0037838,Isaiah Likely,TE,BAL,2025,8,CHI,0.8,2
00-0038041,Jake Ferguson,TE,DAL,2025,8,DEN,0.0,0
00-0038046,Charlie Kolar,TE,BAL,2025,8,CHI,7.0,1
00-0038090,Skyy Moore,WR,SF,2025,8,HOU,0.0,0
00-0038115,Daniel Bellinger,TE,NYG,2025,8,PHI,2.1,1
00-0038117,Wan'Dale Robinson,WR,NYG,2025,8,PHI,4.8,3
00-0038120,Breece Hall,RB,NYJ,2025,8,CIN,30.86,2
00-0038124,Christian Watson,WR,GB,2025,8,PIT,8.5,4
00-0038129,Cade Otton,TE,TB,2025,8,NO,4.0,4
00-0038400,Tanner McKee,QB,PHI,2025,8,NYG,-0.2,0
00-0038440,Zavier Scott,RB,MIN,2025,8,LAC,2.4,2
00-0038454,Keaton Mitchell,RB,BAL,2025,8,CHI,4.3,0
00-0038465,Malik Heath,WR,GB,2025,8,PIT,2.9,3
00-0038496,Xavier Gipson,WR,PHI,2025,8,NYG,0.3,1
00-0038519,Nikko Remigio,WR,KC,2025,8,WAS,0.0,0
00-0038542,Bijan Robinson,RB,ATL,2025,8,MIA,2.8,3
00-0038547,Luke Schoonmaker,TE,DAL,2025,8,DEN,2.5,2
00-0038555,Tank Bigsby,RB,PHI,2025,8,NYG,10.4,0
00-0038564,Cameron Latu,TE,PHI,2025,8,NYG,0.0,0
00-0038573,Derius Davis,WR,LAC,2025,8,MIN,0.0,0
00-0038576,Charlie Jones,WR,CIN,2025,8,NYJ,0.0,0
00-0038597,Chase Brown,RB,CIN,2025,8,NYJ,22.5,3
00-0038608,Kayshon Boutte,WR,NE,2025,8,CLE,13.5,3
00-0038611,Chris Rodriguez Jr.,RB,WAS,2025,8,KC,0.2,0
00-0038618,Xavier Hutchinson,WR,HOU,2025,8,SF,12.9,5
00-0038619,Andrei Iosivas,WR,CIN,2025,8,NYJ,0.0,0
00-0038621,DeMario Douglas,WR,NE,2025,8,CLE,4.7,1
00-0038685,Chris Brooks,RB,GB,2025,8,PIT,0.0,0
00-0038728,Jared Wayne,WR,HOU,2025,8,SF,2.0,2
00-0038738,Hunter Luepke,RB,DAL,2025,8,DEN,0.2,0
00-0038783,Nate Adkins,TE,DEN,2025,8,DAL,0.0,0
00-0038797,Emanuel Wilson,RB,GB,2025,8,PIT,8.7,3
00-0038840,Brycen Tremayne,WR,CAR,2025,8,BUF,0.0,0
00-0038933,Dalton Kincaid,TE,BUF,2025,8,CAR,2.3,1
00-0038951,Sean Tucker,RB,TB,2025,8,NO,10.2,0
00-0038976,Marvin Mims Jr.,WR,DEN,2025,8,DAL,1.8,0
00-0038994,Jordan Addison,WR,MIN,2025,8,LAC,8.6,3
00-0038996,Tucker Kraft,TE,GB,2025,8,PIT,26.3,7
00-0038997,Josh Downs,WR,IND,2025,8,TEN,9.9,3
00-0039032,Tyjae Spears,RB,TEN,2025,8,IND,14.2,3
00-0039040,De'Von Achane,RB,MIA,2025,8,ATL,15.1,5
00-0039064,Zay Flowers,WR,BAL,2025,8,CHI,7.1,7
00-0039067,Rashee Rice,WR,KC,2025,8,WAS,16.5,9
00-0039144,Luke Musgrave,TE,GB,2025,8,PIT,0.5,1
00-0039163,C.J. Stroud,QB,HOU,2025,8,SF,21.72,0
00-0039342,Xavier Legette,WR,CAR,2025,8,BUF,1.7,2
00-0039355,Luke McCaffrey,WR,WAS,2025,8,KC,2.4,3
00-0039356,Ja'Tavion Sanders,TE,CAR,2025,8,BUF,1.9,3
00-0039376,Spencer Rattler,QB,NO,2025,8,TB,2.64,0
00-0039379,Jamari Thrash,WR,CLE,2025,8,NE,3.1,2
00-0039384,Tyrone Tracy Jr.,RB,NYG,2025,8,PHI,5.3,2
00-0039391,Kimani Vidal,RB,LAC,2025,8,MIN,18.7,1
00-0039394,Casey Washington,WR,ATL,2025,8,MIA,2.5,1
00-0039398,Joe Milton III,QB,DAL,2025,8,DEN,6.32,0
00-0039410,Ryan Flournoy,WR,DAL,2025,8,DEN,0.7,1
00-0039424,Devaughn Vele,WR,NO,2025,8,TB,1.0,1
00-0039451,Isaiah Williams,WR,NYJ,2025,8,CIN,5.6,3
00-0039489,Hayden Rucci,TE,MIA,2025,8,ATL,0.0,0
00-0039491,Jalen Coker,WR,CAR,2025,8,BUF,3.6,3
00-0039530,Brevyn Spann-Ford,TE,DAL,2025,8,DEN,0.9,1
00-0039589,Kameron Johnson,WR,TB,2025,8,NO,0.0,0
00-0039603,British Brooks,RB,HOU,2025,8,SF,0.0,0
00-0039623,Mason Tipton,WR,NO,2025,8,TB,0.0,0
00-0039648,David Martin-Robinson,TE,TEN,2025,8,IND,0.0,0
00-0039732,Bo Nix,QB,DEN,2025,8,DAL,23.78,0
00-0039739,Roman Wilson,WR,PIT,2025,8,GB,13.4,4
00-0039746,Will Shipley,RB,PHI,2025,8,NYG,0.2,0
00-0039757,Terrell Jennings,RB,NE,2025,8,CLE,1.5,0
00-0039796,Rasheen Ali,RB,BAL,2025,8,CHI,0.0,0
00-0039798,Isaiah Davis,RB,NYJ,2025,8,CIN,12.9,5
00-0039816,Anthony Gould,WR,IND,2025,8,TEN,0.0,0
00-0039847,Theo Johnson,TE,NYG,2025,8,PHI,2.0,3
00-0039851,Drake Maye,QB,NE,2025,8,CLE,26.28,0
00-0039868,Troy Franklin,WR,DEN,2025,8,DAL,20.9,6
00-0039874,Jaylen Wright,RB,MIA,2025,8,ATL,2.8,1
00-0039875,Ray Davis,RB,BUF,2025,8,CAR,1.6,0
00-0039880,Malik Washington,WR,MIA,2025,8,ATL,9.6,4
00-0039890,Adonai Mitchell,WR,IND,2025,8,TEN,0.0,0
00-0039894,Xavier Worthy,WR,KC,2025,8,WAS,5.3,5
00-0039901,Keon Coleman,WR,BUF,2025,8,CAR,3.0,3
00-0039912,Ben Sinnott,TE,WAS,2025,8,KC,2.2,1
00-0039915,Ladd McConkey,WR,LAC,2025,8,MIN,14.8,6
00-0039918,Caleb Williams,QB,CHI,2025,8,BAL,11.8,0
00-0039919,Rome Odunze,WR,CHI,2025,8,BAL,11.4,7
00-0039920,Malachi Corley,WR,CLE,2025,8,NE,3.1,0
00-0040009,Savion Williams,WR,GB,2025,8,PIT,6.9,1
00-0040078,Brashard Smith,RB,KC,2025,8,WAS,0.8,0
00-0040124,Tetairoa McMillan,WR,CAR,2025,8,BUF,9.9,7
00-0040126,Colston Loveland,TE,CHI,2025,8,BAL,3.8,3
00-0040128,Tyler Warren,TE,IND,2025,8,TEN,5.3,4
00-0040129,Emeka Egbuka,WR,TB,2025,8,NO,3.5,3
00-0040130,Jayden Higgins,WR,HOU,2025,8,SF,9.4,4
00-0040134,Pat Bryant,WR,DEN,2025,8,DAL,10.0,2
00-0040138,Jaylin Noel,WR,HOU,2025,8,SF,6.3,5
00-0040162,Dylan Sampson,RB,CLE,2025,8,NE,2.9,5
00-0040164,Jaylin Lane,WR,WAS,2025,8,KC,0.0,1
00-0040170,Elic Ayomanor,WR,TEN,2025,8,IND,5.2,4
00-0040172,Jordan Watkins,WR,SF,2025,8,HOU,0.7,1
00-0040189,Oronde Gadsden II,TE,LAC,2025,8,MIN,13.7,5
00-0040194,Jackson Hawes,TE,BUF,2025,8,CAR,1.5,2
00-0040198,Ollie Gordon II,RB,MIA,2025,8,ATL,12.6,1
00-0040202,Devin Neal,RB,NO,2025,8,TB,1.1,3
00-0040206,Riley Leonard,QB,IND,2025,8,TEN,0.1,0
00-0040208,Tahj Brooks,RB,CIN,2025,8,NYJ,0.0,0
00-0040218,Jimmy Horn Jr.,WR,CAR,2025,8,BUF,0.9,0
00-0040236,Kyle Monangai,RB,CHI,2025,8,BAL,2.4,0
00-0040237,Tez Johnson,WR,TB,2025,8,NO,4.3,5
00-0040242,Jacory Croskey-Merritt,RB,WAS,2025,8,KC,2.5,0
00-0040259,Gage Larvadain,WR,CLE,2025,8,NE,0.3,0
00-0040277,Jahdae Walker,WR,CHI,2025,8,BAL,0.0,0
00-0040429,Josh Williams,RB,TB,2025,8,NO,1.1,0
00-0040432,Beaux Collins,WR,NYG,2025,8,PHI,1.8,1
00-0040494,Max Brosmer,QB,MIN,2025,8,LAC,0.52,0
00-0040506,Myles Price,WR,MIN,2025,8,LAC,0.0,0
00-0040509,Ben Yurosek,TE,MIN,2025,8,LAC,0.5,1
00-0040534,Ke'Shawn Williams,WR,PIT,2025,8,GB,0.0,0
00-0040547,Nate Carter,RB,ATL,2025,8,MIA,1.4,0
00-0040582,Arian Smith,WR,NYJ,2025,8,CIN,2.3,1
00-0040583,Woody Marks,RB,HOU,2025,8,SF,11.1,4
00-0040584,Gunnar Helm,TE,TEN,2025,8,IND,8.3,2
00-0040586,Jaydon Blue,RB,DAL,2025,8,DEN,2.9,0
00-0040644,Trevor Etienne,RB,CAR,2025,8,BUF,1.6,0
00-0040663,Harold Fannin Jr.,TE,CLE,2025,8,NE,12.4,6
00-0040667,Matthew Golden,WR,GB,2025,8,PIT,0.4,3
00-0040676,Cam Ward,QB,TEN,2025,8,IND,12.76,0
00-0040691,Jaxson Dart,QB,NYG,2025,8,PHI,19.42,0
00-0040704,Dillon Gabriel,QB,CLE,2025,8,NE,11.54,0
00-0040705,Chimere Dike,WR,TEN,2025,8,IND,9.4,7
00-0040715,Cam Skattebo,RB,NYG,2025,8,PHI,9.0,1
00-0040727,Tre Harris,WR,LAC,2025,8,MIN,6.8,2
00-0040730,RJ Harvey,RB,DEN,2025,8,DAL,23.1,1
00-0040734,TreVeyon Henderson,RB,NE,2025,8,CLE,5.5,0
00-0040735,Luther Burden III,WR,CHI,2025,8,BAL,-0.1,1
00-0040736,Mason Taylor,TE,NYJ,2025,8,CIN,9.4,5
00-0040743,Tyler Shough,QB,NO,2025,8,TB,4.32,0
00-0040782,Isaiah Bond,WR,CLE,2025,8,NE,0.0,0
00-0040784,Quinshon Judkins,RB,CLE,2025,8,NE,1.7,3
00-0023459,Aaron Rodgers,QB,PIT,2025,9,IND,12.12,0
00-0026158,Joe Flacco,QB,CIN,2025,9,CHI,30.7,0
00-0026498,Matthew Stafford,QB,LA,2025,9,NO,26.84,0
00-0030061,Zach Ertz,TE,WAS,2025,9,SEA,4.6,4
00-0030279,Keenan Allen,WR,LAC,2025,9,TEN,4.1,2
00-0030506,Travis Kelce,TE,KC,2025,9,BUF,8.6,4
00-0030564,DeAndre Hopkins,WR,BAL,2025,9,MIA,0.0,0
00-0030565,Geno Smith,QB,LV,2025,9,JAX,26.26,0
00-0031236,Brandin Cooks,WR,NO,2025,9,LA,1.6,2
00-0031381,Davante Adams,WR,LA,2025,9,NO,18.0,5
00-0031588,Stefon Diggs,WR,NE,2025,9,ATL,9.8,3
00-0031687,Raheem Mostert,RB,LV,2025,9,JAX,1.4,1
00-0032104,Ameer Abdullah,RB,IND,2025,9,PIT,0.5,1
00-0032211,Tyler Lockett,WR,LV,2025,9,JAX,0.0,0
00-0032392,Austin Hooper,TE,NE,2025,9,ATL,2.0,1
00-0032464,Kalif Raymond,WR,DET,2025,9,MIN,0.0,0
00-0032764,Derrick Henry,RB,BAL,2025,9,MIA,12.1,1
00-0032775,Demarcus Robinson,WR,SF,2025,9,NYG,0.0,0
00-0033077,Dak Prescott,QB,DAL,2025,9,ARI,15.4,0
00-0033090,Hunter Henry,TE,NE,2025,9,ATL,5.1,4
00-0033106,Jared Goff,QB,DET,2025,9,MIN,19.36,0
00-0033110,Tyler Higbee,TE,LA,2025,9,NO,7.3,3
00-0033119,Jacoby Brissett,QB,ARI,2025,9,DAL,24.84,0
00-0033217,Mo Alie-Cox,TE,IND,2025,9,PIT,0.0,0
00-0033246,Johnny Mundt,TE,JAX,2025,9,LV,0.0,0
00-0033280,Christian McCaffrey,RB,SF,2025,9,NYG,29.3,5
00-0033282,Curtis Samuel,WR,BUF,2025,9,KC,0.6,1
00-0033288,George Kittle,TE,SF,2025,9,NYG,2.9,4
00-0033293,Aaron Jones,RB,MIN,2025,9,DET,9.8,2
00-0033307,Kendrick Bourne,WR,SF,2025,9,NYG,3.4,2
00-0033357,Taysom Hill,TE,NO,2025,9,LA,3.0,0
00-0033526,Samaje Perine,RB,CIN,2025,9,CHI,0.5,0
00-0033555,Mack Hollins,WR,NE,2025,9,ATL,0.9,2
00-0033572,Jamal Agnew,WR,ATL,2025,9,NE,0.0,0
00-0033854,Dare Ogunbowale,RB,HOU,2025,9,DEN,0.2,1
00-0033857,JuJu Smith-Schuster,WR,KC,2025,9,BUF,0.2,1
00-0033858,Jonnu Smith,TE,PIT,2025,9,IND,2.5,3
00-0033873,Patrick Mahomes,QB,KC,2025,9,BUF,10.5,0
00-0033881,Evan Engram,TE,DEN,2025,9,HOU,0.0,0
00-0033906,Alvin Kamara,RB,NO,2025,9,LA,-0.3,1
00-0033923,Kareem Hunt,RB,KC,2025,9,BUF,11.5,1
00-0033955,Jeremy McNichols,RB,WAS,2025,9,SEA,0.0,0
00-0034348,Courtland Sutton,WR,DEN,2025,9,HOU,9.0,1
00-0034365,Ian Thomas,TE,LV,2025,9,JAX,0.9,1
00-0034383,Dalton Schultz,TE,HOU,2025,9,DEN,7.7,6
00-0034407,Ray-Ray McCloud,WR,NYG,2025,9,SF,0.5,1
00-0034418,Cedrick Wilson Jr.,WR,MIA,2025,9,BAL,0.7,1
00-0034419,Braxton Berrios,WR,HOU,2025,9,DEN,0.0,0
00-0034613,Tanner Hudson,TE,CIN,2025,9,CHI,4.2,2
00-0034753,Mark Andrews,TE,BAL,2025,9,MIA,14.6,2
00-0034775,Christian Kirk,WR,HOU,2025,9,DEN,2.6,4
00-0034791,Nick Chubb,RB,HOU,2025,9,DEN,3.4,0
00-0034796,Lamar Jackson,QB,BAL,2025,9,MIA,25.56,0
00-0034798,Durham Smythe,TE,CHI,2025,9,CIN,0.0,0
00-0034827,DJ Moore,WR,CHI,2025,9,CIN,18.98,4
00-0034854,KhaDarel Hodge,WR,ATL,2025,9,NE,0.0,0
00-0034857,Josh Allen,QB,BUF,2025,9,KC,28.82,0
00-0034869,Sam Darnold,QB,SEA,2025,9,WAS,27.2,0
00-0034960,Jakobi Meyers,WR,LV,2025,9,JAX,2.3,4
00-0034975,Justice Hill,RB,BAL,2025,9,MIA,1.5,2
00-0035021,Ashton Dulin,WR,IND,2025,9,PIT,0.0,0
00-0035208,Olamide Zaccheaus,WR,CHI,2025,9,CIN,11.8,6
00-0035229,T.J. Hockenson,TE,MIN,2025,9,DET,7.1,2
00-0035250,Devin Singletary,RB,NYG,2025,9,SF,5.1,2
00-0035261,Tony Pollard,RB,TEN,2025,9,LAC,6.8,1
00-0035359,David Sills,WR,ATL,2025,9,NE,0.0,0
00-0035500,Greg Dortch,WR,ARI,2025,9,DAL,0.9,0
00-0035535,Darius Slayton,WR,NYG,2025,9,SF,6.2,5
00-0035537,Ty Johnson,RB,BUF,2025,9,KC,8.0,2
00-0035594,Travis Homer,RB,CHI,2025,9,CIN,0.0,0
00-0035602,Alex Bachman,WR,LV,2025,9,JAX,0.0,0
00-0035640,DK Metcalf,WR,PIT,2025,9,IND,0.6,2
00-0035644,Noah Fant,TE,CIN,2025,9,CHI,8.8,2
00-0035645,Gunner Olszewski,WR,NYG,2025,9,SF,8.4,1
00-0035662,Marquise Brown,WR,KC,2025,9,BUF,7.3,2
00-0035685,David Montgomery,RB,DET,2025,9,MIN,9.0,2
00-0035689,Dawson Knox,TE,BUF,2025,9,KC,3.0,1
00-0035700,Josh Jacobs,RB,GB,2025,9,CAR,16.0,4
00-0035710,Daniel Jones,QB,IND,2025,9,PIT,14.08,0
00-0035719,Deebo Samuel Sr.,WR,WAS,2025,9,SEA,4.4,5
00-0035891,Cody White,WR,SEA,2025,9,WAS,12.0,1
00-0036040,Juwan Johnson,TE,NO,2025,9,LA,9.1,3
00-0036139,Rico Dowdle,RB,CAR,2025,9,GB,26.1,2
00-0036158,J.K. Dobbins,RB,DEN,2025,9,HOU,5.9,1
00-0036176,Mason Kinsey,WR,TEN,2025,9,LAC,0.0,0
00-0036182,Nick Westbrook-Ikhine,WR,MIA,2025,9,BAL,2.2,2
00-0036187,Reggie Gilliam,RB,BUF,2025,9,KC,0.0,0
00-0036212,Tua Tagovailoa,QB,MIA,2025,9,BAL,8.54,0
00-0036223,Jonathan Taylor,RB,IND,2025,9,PIT,5.7,2
00-0036232,Harrison Bryant,TE,HOU,2025,9,DEN,0.2,1
00-0036244,Colby Parkinson,TE,LA,2025,9,NO,1.0,2
00-0036252,Michael Pittman,WR,IND,2025,9,PIT,11.5,9
00-0036259,Jauan Jennings,WR,SF,2025,9,NYG,10.1,4
00-0036264,Jordan Love,QB,GB,2025,9,CAR,9.02,0
00-0036290,Cole Kmet,TE,CHI,2025,9,CIN,1.0,1
00-0036309,Darnell Mooney,WR,ATL,2025,9,NE,1.5,1
00-0036322,Justin Jefferson,WR,MIN,2025,9,DET,10.7,6
00-0036331,Devin Duvernay,WR,CHI,2025,9,CIN,0.0,0
00-0036355,Justin Herbert,QB,LAC,2025,9,TEN,27.7,0
00-0036358,CeeDee Lamb,WR,DAL,2025,9,ARI,8.5,7
00-0036360,Clyde Edwards-Helaire,RB,KC,2025,9,BUF,0.5,0
00-0036410,Tee Higgins,WR,CIN,2025,9,CHI,26.1,7
00-0036415,Van Jefferson,WR,TEN,2025,9,LAC,2.1,1
00-0036422,Adam Trautman,TE,DEN,2025,9,HOU,2.5,2
00-0036497,Tim Jones,WR,JAX,2025,9,LV,1.5,1
00-0036550,Rashod Bateman,WR,BAL,2025,9,MIA,7.3,2
00-0036554,Nico Collins,WR,HOU,2025,9,DEN,7.5,7
00-0036555,Chuba Hubbard,RB,CAR,2025,9,GB,1.7,0
00-0036613,Jaylen Waddle,WR,MIA,2025,9,BAL,8.2,6
00-0036620,Dee Eskridge,WR,MIA,2025,9,BAL,0.0,0
00-0036626,Dyami Brown,WR,JAX,2025,9,LV,2.9,3
00-0036628,John Bates,TE,WAS,2025,9,SEA,2.0,2
00-0036630,Tylan Wallace,WR,BAL,2025,9,MIA,0.0,0
00-0036637,Noah Gray,TE,KC,2025,9,BUF,0.0,0
00-0036646,Simi Fehoko,WR,ARI,2025,9,DAL,0.0,0
00-0036754,Brock Wright,TE,DET,2025,9,MIN,1.1,1
00-0036755,Jaret Patterson,RB,LAC,2025,9,TEN,4.4,0
00-0036825,Feleipe Franks,TE,ATL,2025,9,NE,0.0,0
00-0036841,Austin Trammell,WR,JAX,2025,9,LV,0.0,0
00-0036862,Ben Skowronek,WR,PIT,2025,9,IND,0.0,0
00-0036887,Luke Farrell,TE,SF,2025,9,NYG,0.9,1
00-0036894,Pat Freiermuth,TE,PIT,2025,9,IND,8.7,3
00-0036898,Davis Mills,QB,HOU,2025,9,DEN,6.18,0
00-0036900,Ja'Marr Chase,WR,CIN,2025,9,CHI,11.1,6
00-0036919,Kenny Gainwell,RB,PIT,2025,9,IND,3.4,4
00-0036959,Michael Bandy,WR,DEN,2025,9,HOU,1.6,1
00-0036963,Amon-Ra St. Brown,WR,DET,2025,9,MIN,9.7,9
00-0036970,Kyle Pitts,TE,ATL,2025,9,NE,3.8,4
00-0036971,Trevor Lawrence,QB,JAX,2025,9,LV,21.2,0
00-0036972,Mac Jones,QB,SF,2025,9,NYG,15.8,0
00-0036973,Travis Etienne,RB,JAX,2025,9,LV,11.5,5
00-0036980,Elijah Moore,WR,BUF,2025,9,KC,2.8,1
00-0036984,Trey Sermon,RB,PIT,2025,9,IND,0.0,0
00-0036997,Javonte Williams,RB,DAL,2025,9,ARI,6.3,1
00-0037004,Hunter Long,TE,JAX,2025,9,LV,0.6,1
00-0037005,Tommy Tremble,TE,CAR,2025,9,GB,0.0,0
00-0037085,Tyler Badie,RB,DEN,2025,9,HOU,0.6,2
00-0037120,Tyler Goodson,RB,IND,2025,9,PIT,0.8,1
00-0037157,Bam Knight,RB,ARI,2025,9,DAL,4.7,2
00-0037228,Jaylen Warren,RB,PIT,2025,9,IND,14.9,2
00-0037238,Drake London,WR,ATL,2025,9,NE,29.8,9
00-0037239,Chris Olave,WR,NO,2025,9,LA,5.7,3
00-0037240,Jameson Williams,WR,DET,2025,9,MIN,12.6,4
00-0037247,George Pickens,WR,DAL,2025,9,ARI,7.9,6
00-0037248,James Cook,RB,BUF,2025,9,KC,12.5,1
00-0037252,Greg Dulcich,TE,MIA,2025,9,BAL,4.9,5
00-0037261,Khalil Shakir,WR,BUF,2025,9,KC,4.3,7
00-0037263,Tyler Allgeier,RB,ATL,2025,9,NE,0.6,0
00-0037291,Jalen Nailor,WR,MIN,2025,9,DET,1.6,1
00-0037292,Andrew Ogletree,TE,IND,2025,9,PIT,0.0,0
00-0037329,Brittain Brown,RB,CHI,2025,9,CIN,9.7,0
00-0037348,Tanner Conner,TE,MIA,2025,9,BAL,0.0,0
00-0037525,Jordan Mason,RB,MIN,2025,9,DET,3.7,1
00-0037545,Rashid Shaheed,WR,NO,2025,9,LA,6.8,5
00-0037563,Malik Davis,RB,DAL,2025,9,ARI,0.3,0
00-0037594,Julius Chestnut,RB,TEN,2025,9,LAC,0.0,0
00-0037654,Tucker Fisk,TE,LAC,2025,9,TEN,1.2,1
00-0037664,Alec Pierce,WR,IND,2025,9,PIT,11.5,6
00-0037742,Treylon Burks,WR,WAS,2025,9,SEA,1.4,1
00-0037744,Trey McBride,TE,ARI,2025,9,DAL,11.5,5
00-0037746,Brian Robinson,RB,SF,2025,9,NYG,11.3,0
00-0037801,KaVontae Turpin,WR,DAL,2025,9,ARI,1.3,2
00-0037809,Chig Okonkwo,TE,TEN,2025,9,LAC,1.0,2
00-0037816,Romeo Doubs,WR,GB,2025,9,CAR,9.1,7
00-0037837,Calvin Austin III,WR,PIT,2025,9,IND,5.6,5
00-0037838,Isaiah Likely,TE,BAL,2025,9,MIA,6.0,3
00-0037840,Kyren Williams,RB,LA,2025,9,NO,17.4,0
00-0038041,Jake Ferguson,TE,DAL,2025,9,ARI,3.0,5
00-0038046,Charlie Kolar,TE,BAL,2025,9,MIA,8.3,2
00-0038090,Skyy Moore,WR,SF,2025,9,NYG,2.1,1
00-0038104,Tyquan Thornton,WR,KC,2025,9,BUF,0.0,0
00-0038117,Wan'Dale Robinson,WR,NYG,2025,9,SF,4.6,9
00-0038124,Christian Watson,WR,GB,2025,9,CAR,5.8,2
00-0038134,Kenneth Walker III,RB,SEA,2025,9,WAS,6.1,2
00-0038359,Xavier Smith,WR,LA,2025,9,NO,1.2,2
00-0038409,Lew Nichols III,RB,PIT,2025,9,IND,0.0,0
00-0038416,Tyson Bagent,QB,CHI,2025,9,CIN,0.8,0
00-0038440,Zavier Scott,RB,MIN,2025,9,DET,0.0,0
00-0038454,Keaton Mitchell,RB,BAL,2025,9,MIA,1.8,1
00-0038465,Malik Heath,WR,GB,2025,9,CAR,1.1,1
00-0038519,Nikko Remigio,WR,KC,2025,9,BUF,0.0,0
00-0038542,Bijan Robinson,RB,ATL,2025,9,NE,9.6,8
00-0038543,Jaxon Smith-Njigba,WR,SEA,2025,9,WAS,14.0,8
00-0038544,Quentin Johnston,WR,LAC,2025,9,TEN,11.3,4
00-0038547,Luke Schoonmaker,TE,DAL,2025,9,ARI,1.4,1
00-0038558,Darnell Washington,TE,PIT,2025,9,IND,4.3,4
00-0038559,Michael Wilson,WR,ARI,2025,9,DAL,6.1,3
00-0038563,Tre Tucker,WR,LV,2025,9,JAX,3.8,3
00-0038573,Derius Davis,WR,LAC,2025,9,TEN,0.0,0
00-0038576,Charlie Jones,WR,CIN,2025,9,CHI,6.0,0
00-0038597,Chase Brown,RB,CIN,2025,9,CHI,11.2,8
00-0038606,Parker Washington,WR,JAX,2025,9,LV,9.0,8
00-0038608,Kayshon Boutte,WR,NE,2025,9,ATL,0.0,0
00-0038611,Chris Rodriguez Jr.,RB,WAS,2025,9,SEA,12.5,0
00-0038618,Xavier Hutchinson,WR,HOU,2025,9,DEN,3.0,3
00-0038619,Andrei Iosivas,WR,CIN,2025,9,CHI,13.0,5
00-0038621,DeMario Douglas,WR,NE,2025,9,ATL,16.0,4
00-0038658,Adrian Martinez,QB,SF,2025,9,NYG,-0.1,0
00-0038679,Tyrell Shavers,WR,BUF,2025,9,KC,0.7,1
00-0038685,Chris Brooks,RB,GB,2025,9,CAR,2.4,2
00-0038705,Emari Demercado,RB,ARI,2025,9,DAL,7.8,1
00-0038735,Princeton Fant,TE,DAL,2025,9,ARI,0.0,0
00-0038738,Hunter Luepke,RB,DAL,2025,9,ARI,0.0,0
00-0038797,Emanuel Wilson,RB,GB,2025,9,CAR,1.7,1
00-0038839,Mitchell Tinsley,WR,CIN,2025,9,CHI,2.7,1
00-0038840,Brycen Tremayne,WR,CAR,2025,9,GB,0.8,1
00-0038896,Jacob Saylors,RB,DET,2025,9,MIN,0.0,0
00-0038933,Dalton Kincaid,TE,BUF,2025,9,KC,16.1,6
00-0038938,Jalin Hyatt,WR,NYG,2025,9,SF,0.0,0
00-0038994,Jordan Addison,WR,MIN,2025,9,DET,6.4,2
00-0038996,Tucker Kraft,TE,GB,2025,9,CAR,2.0,2
00-0038997,Josh Downs,WR,IND,2025,9,PIT,11.7,6
00-0039032,Tyjae Spears,RB,TEN,2025,9,LAC,6.2,3
00-0039040,De'Von Achane,RB,MIA,2025,9,BAL,10.6,6
00-0039041,Elijah Higgins,TE,ARI,2025,9,DAL,3.0,3
00-0039064,Zay Flowers,WR,BAL,2025,9,MIA,6.4,5
00-0039065,Sam LaPorta,TE,DET,2025,9,MIN,15.7,6
00-0039066,Michael Mayer,TE,LV,2025,9,JAX,2.6,3
00-0039067,Rashee Rice,WR,KC,2025,9,BUF,14.6,4
00-0039074,Davis Allen,TE,LA,2025,9,NO,3.7,3
00-0039075,Puka Nacua,WR,LA,2025,9,NO,15.8,7
00-0039139,Jahmyr Gibbs,RB,DET,2025,9,MIN,2.8,3
00-0039144,Luke Musgrave,TE,GB,2025,9,CAR,3.4,3
00-0039150,Bryce Young,QB,CAR,2025,9,GB,2.98,0
00-0039163,C.J. Stroud,QB,HOU,2025,9,DEN,4.36,0
00-0039165,Zach Charbonnet,RB,SEA,2025,9,WAS,4.6,1
00-0039299,George Holani,RB,SEA,2025,9,WAS,0.9,0
00-0039305,Jack Westover,TE,NE,2025,9,ATL,0.0,0
00-0039338,Brock Bowers,TE,LV,2025,9,JAX,31.3,12
00-0039342,Xavier Legette,WR,CAR,2025,9,GB,2.2,1
00-0039355,Luke McCaffrey,WR,WAS,2025,9,SEA,0.0,0
00-0039356,Ja'Tavion Sanders,TE,CAR,2025,9,GB,0.5,1
00-0039363,Isaac Guerendo,RB,SF,2025,9,NYG,0.0,0
00-0039364,Sione Vaki,RB,DET,2025,9,MIN,0.0,0
00-0039384,Tyrone Tracy Jr.,RB,NYG,2025,9,SF,3.7,3
00-0039391,Kimani Vidal,RB,LAC,2025,9,TEN,3.0,0
00-0039407,Dylan Laube,RB,LV,2025,9,JAX,0.0,0
00-0039410,Ryan Flournoy,WR,DAL,2025,9,ARI,7.2,2
00-0039491,Jalen Coker,WR,CAR,2025,9,GB,0.9,1
00-0039530,Brevyn Spann-Ford,TE,DAL,2025,9,ARI,0.0,0
00-0039603,British Brooks,RB,HOU,2025,9,DEN,0.0,0
00-0039648,David Martin-Robinson,TE,TEN,2025,9,LAC,0.0,0
00-0039732,Bo Nix,QB,DEN,2025,9,HOU,18.52,0
00-0039738,Blake Corum,RB,LA,2025,9,NO,5.8,0
00-0039739,Roman Wilson,WR,PIT,2025,9,IND,-1.6,1
00-0039757,Terrell Jennings,RB,NE,2025,9,ATL,10.4,1
00-0039793,AJ Barner,TE,SEA,2025,9,WAS,8.5,3
00-0039796,Rasheen Ali,RB,BAL,2025,9,MIA,0.0,0
00-0039847,Theo Johnson,TE,NYG,2025,9,SF,8.7,3
00-0039849,Marvin Harrison Jr.,WR,ARI,2025,9,DAL,15.6,7
00-0039851,Drake Maye,QB,NE,2025,9,ATL,16.36,0
00-0039868,Troy Franklin,WR,DEN,2025,9,HOU,4.3,4
00-0039875,Ray Davis,RB,BUF,2025,9,KC,0.0,0
00-0039880,Malik Washington,WR,MIA,2025,9,BAL,4.1,3
00-0039884,Tahj Washington,WR,MIA,2025,9,BAL,-0.9,1
00-0039890,Adonai Mitchell,WR,IND,2025,9,PIT,0.7,1
00-0039893,Brian Thomas Jr.,WR,JAX,2025,9,LV,5.5,3
00-0039894,Xavier Worthy,WR,KC,2025,9,BUF,3.0,3
00-0039901,Keon Coleman,WR,BUF,2025,9,KC,1.7,2
00-0039910,Jayden Daniels,QB,WAS,2025,9,SEA,15.22,0
00-0039915,Ladd McConkey,WR,LAC,2025,9,TEN,5.6,4
00-0039917,Michael Penix Jr.,QB,ATL,2025,9,NE,22.74,0
00-0039918,Caleb Williams,QB,CHI,2025,9,CIN,36.7,2
00-0039919,Rome Odunze,WR,CHI,2025,9,CIN,0.0,0
00-0039923,J.J. McCarthy,QB,MIN,2025,9,DET,18.92,0
00-0040009,Savion Williams,WR,GB,2025,9,CAR,-0.8,2
00-0040075,LaJohntay Wester,WR,BAL,2025,9,MIA,0.0,0
00-0040078,Brashard Smith,RB,KC,2025,9,BUF,0.7,0
00-0040122,Ashton Jeanty,RB,LV,2025,9,JAX,14.9,5
00-0040124,Tetairoa McMillan,WR,CAR,2025,9,GB,4.6,4
00-0040126,Colston Loveland,TE,CHI,2025,9,CIN,23.8,6
00-0040128,Tyler Warren,TE,IND,2025,9,PIT,2.6,5
00-0040130,Jayden Higgins,WR,HOU,2025,9,DEN,0.4,1
00-0040131,Kyle Williams,WR,NE,2025,9,ATL,0.0,0
00-0040134,Pat Bryant,WR,DEN,2025,9,HOU,2.0,2
00-0040138,Jaylin Noel,WR,HOU,2025,9,DEN,-0.3,0
00-0040142,Kaleb Johnson,RB,PIT,2025,9,IND,1.3,1
00-0040154,Tai Felton,WR,MIN,2025,9,DET,0.0,0
00-0040164,Jaylin Lane,WR,WAS,2025,9,SEA,2.9,3
00-0040170,Elic Ayomanor,WR,TEN,2025,9,LAC,4.6,3
00-0040172,Jordan Watkins,WR,SF,2025,9,NYG,1.9,1
00-0040184,KeAndre Lambert-Smith,WR,LAC,2025,9,TEN,0.0,0
00-0040189,Oronde Gadsden II,TE,LAC,2025,9,TEN,6.8,5
00-0040194,Jackson Hawes,TE,BUF,2025,9,KC,1.8,1
00-0040198,Ollie Gordon II,RB,MIA,2025,9,BAL,0.9,1
00-0040202,Devin Neal,RB,NO,2025,9,LA,1.2,1
00-0040208,Tahj Brooks,RB,CIN,2025,9,CHI,0.1,0
00-0040218,Jimmy Horn Jr.,WR,CAR,2025,9,GB,0.8,1
00-0040236,Kyle Monangai,RB,CHI,2025,9,CIN,19.8,3
00-0040238,LeQuint Allen Jr.,RB,JAX,2025,9,LV,1.1,1
00-0040242,Jacory Croskey-Merritt,RB,WAS,2025,9,SEA,4.1,1
00-0040277,Jahdae Walker,WR,CHI,2025,9,CIN,0.0,0
00-0040506,Myles Price,WR,MIN,2025,9,DET,0.0,0
00-0040509,Ben Yurosek,TE,MIN,2025,9,DET,0.0,0
00-0040534,Ke'Shawn Williams,WR,PIT,2025,9,IND,0.0,0
00-0040563,Efton Chism III,WR,NE,2025,9,ATL,0.0,0
00-0040583,Woody Marks,RB,HOU,2025,9,DEN,2.7,0
00-0040584,Gunnar Helm,TE,TEN,2025,9,LAC,1.5,1
00-0040644,Trevor Etienne,RB,CAR,2025,9,GB,0.0,0
00-0040648,Tory Horton,WR,SEA,2025,9,WAS,16.8,4
00-0040649,Robbie Ouzts,RB,SEA,2025,9,WAS,0.0,0
00-0040667,Matthew Golden,WR,GB,2025,9,CAR,0.9,2
00-0040676,Cam Ward,QB,TEN,2025,9,LAC,6.4,0
00-0040691,Jaxson Dart,QB,NYG,2025,9,SF,27.24,0
00-0040705,Chimere Dike,WR,TEN,2025,9,LAC,6.5,1
00-0040719,Bhayshul Tuten,RB,JAX,2025,9,LV,8.6,1
00-0040727,Tre Harris,WR,LAC,2025,9,TEN,1.8,2
00-0040729,Jack Bech,WR,LV,2025,9,JAX,0.0,0
00-0040730,RJ Harvey,RB,DEN,2025,9,HOU,11.6,5
00-0040734,TreVeyon Henderson,RB,NE,2025,9,ATL,8.7,4
00-0040737,Terrance Ferguson,TE,LA,2025,9,NO,5.4,2
00-0040739,Elijah Arroyo,TE,SEA,2025,9,WAS,8.9,2
00-0040743,Tyler Shough,QB,NO,2025,9,LA,9.24,0
00-0023459,Aaron Rodgers,QB,PIT,2025,10,LAC,6.44,0
00-0024243,Marcedes Lewis,TE,DEN,2025,10,LV,0.0,0
00-0026498,Matthew Stafford,QB,LA,2025,10,SF,26.9,0
00-0029263,Russell Wilson,QB,NYG,2025,10,CHI,3.0,0
00-0030035,Adam Thielen,WR,MIN,2025,10,BAL,1.6,2
00-0030061,Zach Ertz,TE,WAS,2025,10,DET,5.4,4
00-0030279,Keenan Allen,WR,LAC,2025,10,PIT,1.9,2
00-0030564,DeAndre Hopkins,WR,BAL,2025,10,MIN,1.6,2
00-0030565,Geno Smith,QB,LV,2025,10,DEN,4.42,0
00-0031381,Davante Adams,WR,LA,2025,10,SF,13.7,6
00-0031588,Stefon Diggs,WR,NE,2025,10,TB,10.6,5
00-0031687,Raheem Mostert,RB,LV,2025,10,DEN,1.5,1
00-0032104,Ameer Abdullah,RB,IND,2025,10,ATL,0.8,1
00-0032211,Tyler Lockett,WR,LV,2025,10,DEN,4.4,5
00-0032268,Marcus Mariota,QB,WAS,2025,10,DET,18.72,0
00-0032385,Sterling Shepard,WR,TB,2025,10,NE,3.1,3
00-0032392,Austin Hooper,TE,NE,2025,10,TB,0.0,0
00-0032398,Chris Moore,WR,WAS,2025,10,DET,0.0,0
00-0032464,Kalif Raymond,WR,DET,2025,10,WAS,5.9,4
00-0032688,Robbie Chosen,WR,WAS,2025,10,DET,1.7,1
00-0032764,Derrick Henry,RB,BAL,2025,10,MIN,8.4,3
00-0032775,Demarcus Robinson,WR,SF,2025,10,LA,3.4,3
00-0032951,Laquon Treadwell,WR,IND,2025,10,ATL,0.0,0
00-0033090,Hunter Henry,TE,NE,2025,10,TB,0.9,1
00-0033106,Jared Goff,QB,DET,2025,10,WAS,24.8,0
00-0033110,Tyler Higbee,TE,LA,2025,10,SF,3.3,3
00-0033119,Jacoby Brissett,QB,ARI,2025,10,SEA,19.42,0
00-0033217,Mo Alie-Cox,TE,IND,2025,10,ATL,0.0,0
00-0033246,Johnny Mundt,TE,JAX,2025,10,HOU,2.1,1
00-0033280,Christian McCaffrey,RB,SF,2025,10,LA,9.6,8
00-0033282,Curtis Samuel,WR,BUF,2025,10,MIA,2.1,1
00-0033288,George Kittle,TE,SF,2025,10,LA,14.4,9
00-0033293,Aaron Jones,RB,MIN,2025,10,BAL,12.9,3
00-0033307,Kendrick Bourne,WR,SF,2025,10,LA,1.9,1
00-0033357,Taysom Hill,TE,NO,2025,10,CAR,2.0,0
00-0033376,Patrick Ricard,RB,BAL,2025,10,MIN,0.3,0
00-0033555,Mack Hollins,WR,NE,2025,10,TB,10.6,6
00-0033572,Jamal Agnew,WR,ATL,2025,10,IND,0.0,0
00-0033858,Jonnu Smith,TE,PIT,2025,10,LAC,0.4,1
00-0033869,Mitchell Trubisky,QB,BUF,2025,10,MIA,0.4,0
00-0033881,Evan Engram,TE,DEN,2025,10,LV,1.2,2
00-0033885,David Njoku,TE,CLE,2025,10,NYJ,8.1,2
00-0033891,Zay Jones,WR,ARI,2025,10,SEA,0.0,0
00-0033906,Alvin Kamara,RB,NO,2025,10,CAR,11.5,3
00-0033908,Cooper Kupp,WR,SEA,2025,10,ARI,7.4,2
00-0033955,Jeremy McNichols,RB,WAS,2025,10,DET,2.9,1
00-0034073,Ross Dwelley,TE,DET,2025,10,WAS,0.0,0
00-0034270,Tyler Conklin,TE,LAC,2025,10,PIT,1.2,1
00-0034348,Courtland Sutton,WR,DEN,2025,10,LV,2.4,3
00-0034351,Dallas Goedert,TE,PHI,2025,10,GB,4.3,4
00-0034383,Dalton Schultz,TE,HOU,2025,10,JAX,11.3,7
00-0034407,Ray-Ray McCloud,WR,NYG,2025,10,CHI,0.0,0
00-0034419,Braxton Berrios,WR,HOU,2025,10,JAX,0.0,0
00-0034577,Kyle Allen,QB,DET,2025,10,WAS,-0.1,0
00-0034753,Mark Andrews,TE,BAL,2025,10,MIN,7.4,3
00-0034775,Christian Kirk,WR,HOU,2025,10,JAX,0.3,1
00-0034791,Nick Chubb,RB,HOU,2025,10,JAX,5.2,1
00-0034796,Lamar Jackson,QB,BAL,2025,10,MIN,16.64,0
00-0034827,DJ Moore,WR,CHI,2025,10,NYG,0.0,0
00-0034844,Saquon Barkley,RB,PHI,2025,10,GB,10.1,3
00-0034854,KhaDarel Hodge,WR,ATL,2025,10,IND,0.0,0
00-0034855,Baker Mayfield,QB,TB,2025,10,NE,22.92,0
00-0034857,Josh Allen,QB,BUF,2025,10,MIA,19.34,0
00-0034860,Dante Pettis,WR,NO,2025,10,CAR,0.0,0
00-0034869,Sam Darnold,QB,SEA,2025,10,ARI,4.92,0
00-0034960,Jakobi Meyers,WR,JAX,2025,10,HOU,4.1,3
00-0034975,Justice Hill,RB,BAL,2025,10,MIN,7.3,1
00-0034981,Foster Moreau,TE,NO,2025,10,CAR,1.6,2
00-0035021,Ashton Dulin,WR,IND,2025,10,ATL,2.2,0
00-0035208,Olamide Zaccheaus,WR,CHI,2025,10,NYG,0.5,1
00-0035229,T.J. Hockenson,TE,MIN,2025,10,BAL,0.8,2
00-0035250,Devin Singletary,RB,NYG,2025,10,CHI,7.3,3
00-0035291,Trayveon Williams,RB,LAC,2025,10,PIT,0.0,0
00-0035359,David Sills,WR,ATL,2025,10,IND,0.0,0
00-0035500,Greg Dortch,WR,ARI,2025,10,SEA,6.2,0
00-0035535,Darius Slayton,WR,NYG,2025,10,CHI,8.9,4
00-0035537,Ty Johnson,RB,BUF,2025,10,MIA,2.6,2
00-0035602,Alex Bachman,WR,LV,2025,10,DEN,0.0,0
00-0035628,D'Ernest Johnson,RB,NE,2025,10,TB,0.1,0
00-0035640,DK Metcalf,WR,PIT,2025,10,LAC,3.5,3
00-0035645,Gunner Olszewski,WR,NYG,2025,10,CHI,0.0,0
00-0035676,A.J. Brown,WR,PHI,2025,10,GB,1.3,2
00-0035685,David Montgomery,RB,DET,2025,10,WAS,9.1,1
00-0035689,Dawson Knox,TE,BUF,2025,10,MIA,3.7,3
00-0035700,Josh Jacobs,RB,GB,2025,10,PHI,14.7,5
00-0035704,Drew Lock,QB,SEA,2025,10,ARI,-0.4,0
00-0035710,Daniel Jones,QB,IND,2025,10,ATL,15.5,0
00-0035719,Deebo Samuel Sr.,WR,WAS,2025,10,DET,8.9,4
00-0035891,Cody White,WR,SEA,2025,10,ARI,0.0,0
00-0036040,Juwan Johnson,TE,NO,2025,10,CAR,15.2,4
00-0036139,Rico Dowdle,RB,CAR,2025,10,NO,12.3,3
00-0036158,J.K. Dobbins,RB,DEN,2025,10,LV,8.4,1
00-0036182,Nick Westbrook-Ikhine,WR,MIA,2025,10,BUF,0.7,1
00-0036212,Tua Tagovailoa,QB,MIA,2025,10,BUF,10.82,0
00-0036223,Jonathan Taylor,RB,IND,2025,10,ATL,46.6,3
00-0036244,Colby Parkinson,TE,LA,2025,10,SF,10.1,4
00-0036252,Michael Pittman,WR,IND,2025,10,ATL,1.9,2
00-0036259,Jauan Jennings,WR,SF,2025,10,LA,11.1,6
00-0036264,Jordan Love,QB,GB,2025,10,PHI,7.84,0
00-0036275,D'Andre Swift,RB,CHI,2025,10,NYG,9.8,5
00-0036290,Cole Kmet,TE,CHI,2025,10,NYG,0.5,1
00-0036309,Darnell Mooney,WR,ATL,2025,10,IND,1.7,1
00-0036322,Justin Jefferson,WR,MIN,2025,10,BAL,3.7,4
00-0036331,Devin Duvernay,WR,CHI,2025,10,NYG,0.0,0
00-0036355,Justin Herbert,QB,LAC,2025,10,PIT,14.7,0
00-0036389,Jalen Hurts,QB,PHI,2025,10,GB,12.02,0
00-0036407,Jerry Jeudy,WR,CLE,2025,10,NYJ,13.8,6
00-0036422,Adam Trautman,TE,DEN,2025,10,LV,0.2,1
00-0036427,Tyler Johnson,WR,NYJ,2025,10,CLE,0.0,0
00-0036429,Charlie Woerner,TE,ATL,2025,10,IND,1.4,1
00-0036497,Tim Jones,WR,JAX,2025,10,HOU,0.0,0
00-0036550,Rashod Bateman,WR,BAL,2025,10,MIN,3.0,1
00-0036554,Nico Collins,WR,HOU,2025,10,JAX,15.6,7
00-0036555,Chuba Hubbard,RB,CAR,2025,10,NO,1.5,1
00-0036613,Jaylen Waddle,WR,MIA,2025,10,BUF,14.4,5
00-0036626,Dyami Brown,WR,JAX,2025,10,HOU,0.0,0
00-0036628,John Bates,TE,WAS,2025,10,DET,0.6,1
00-0036630,Tylan Wallace,WR,BAL,2025,10,MIN,0.0,0
00-0036646,Simi Fehoko,WR,ARI,2025,10,SEA,0.0,0
00-0036754,Brock Wright,TE,DET,2025,10,WAS,0.0,0
00-0036755,Jaret Patterson,RB,LAC,2025,10,PIT,0.1,0
00-0036825,Feleipe Franks,TE,ATL,2025,10,IND,0.0,0
00-0036841,Austin Trammell,WR,JAX,2025,10,HOU,3.3,2
00-0036842,Kene Nwangwu,RB,NYJ,2025,10,CLE,6.0,0
00-0036862,Ben Skowronek,WR,PIT,2025,10,LAC,0.0,0
00-0036876,Kylen Granson,TE,PHI,2025,10,GB,0.0,0
00-0036887,Luke Farrell,TE,SF,2025,10,LA,7.5,2
00-0036894,Pat Freiermuth,TE,PIT,2025,10,LAC,3.3,3
00-0036898,Davis Mills,QB,HOU,2025,10,JAX,27.68,0
00-0036912,DeVonta Smith,WR,PHI,2025,10,GB,12.9,4
00-0036919,Kenny Gainwell,RB,PIT,2025,10,LAC,0.4,2
00-0036924,Michael Carter,RB,ARI,2025,10,SEA,0.4,0
00-0036945,Justin Fields,QB,NYJ,2025,10,CLE,6.96,0
00-0036959,Michael Bandy,WR,DEN,2025,10,LV,0.0,0
00-0036963,Amon-Ra St. Brown,WR,DET,2025,10,WAS,11.8,5
00-0036970,Kyle Pitts,TE,ATL,2025,10,IND,3.8,2
00-0036971,Trevor Lawrence,QB,JAX,2025,10,HOU,9.82,0
00-0036972,Mac Jones,QB,SF,2025,10,LA,23.06,0
00-0036973,Travis Etienne,RB,JAX,2025,10,HOU,13.7,2
00-0036980,Elijah Moore,WR,BUF,2025,10,MIA,0.8,2
00-0036984,Trey Sermon,RB,PIT,2025,10,LAC,0.0,0
00-0037085,Tyler Badie,RB,DEN,2025,10,LV,0.0,0
00-0037086,Grant Calcaterra,TE,PHI,2025,10,GB,0.0,0
00-0037091,Bo Melton,WR,GB,2025,10,PHI,2.8,2
00-0037120,Tyler Goodson,RB,IND,2025,10,ATL,0.4,0
00-0037157,Bam Knight,RB,ARI,2025,10,SEA,3.3,1
00-0037228,Jaylen Warren,RB,PIT,2025,10,LAC,9.1,2
00-0037238,Drake London,WR,ATL,2025,10,IND,18.4,6
00-0037239,Chris Olave,WR,NO,2025,10,CAR,16.4,5
00-0037240,Jameson Williams,WR,DET,2025,10,WAS,17.9,6
00-0037248,James Cook,RB,BUF,2025,10,MIA,5.7,5
00-0037252,Greg Dulcich,TE,MIA,2025,10,BUF,2.2,1
00-0037256,Rachaad White,RB,TB,2025,10,NE,5.4,5
00-0037258,Dameon Pierce,RB,HOU,2025,10,JAX,0.0,0
00-0037261,Khalil Shakir,WR,BUF,2025,10,MIA,5.8,7
00-0037263,Tyler Allgeier,RB,ATL,2025,10,IND,17.7,0
00-0037267,Jerome Ford,RB,CLE,2025,10,NYJ,0.1,0
00-0037291,Jalen Nailor,WR,MIN,2025,10,BAL,18.4,5
00-0037292,Andrew Ogletree,TE,IND,2025,10,ATL,0.0,0
00-0037340,Zaire Mitchell-Paden,TE,NO,2025,10,CAR,1.4,1
00-0037475,Stone Smartt,TE,NYJ,2025,10,CLE,0.0,0
00-0037525,Jordan Mason,RB,MIN,2025,10,BAL,3.1,1
00-0037545,Rashid Shaheed,WR,SEA,2025,10,ARI,2.3,1
00-0037614,John Metchie III,WR,NYJ,2025,10,CLE,-0.4,1
00-0037654,Tucker Fisk,TE,LAC,2025,10,PIT,0.7,1
00-0037664,Alec Pierce,WR,IND,2025,10,ATL,14.4,4
00-0037740,Garrett Wilson,WR,NYJ,2025,10,CLE,0.0,0
00-0037741,Jahan Dotson,WR,PHI,2025,10,GB,0.0,0
00-0037742,Treylon Burks,WR,WAS,2025,10,DET,5.8,3
00-0037744,Trey McBride,TE,ARI,2025,10,SEA,18.7,9
00-0037746,Brian Robinson,RB,SF,2025,10,LA,10.5,1
00-0037805,Jeremy Ruckert,TE,NYJ,2025,10,CLE,0.0,1
00-0037816,Romeo Doubs,WR,GB,2025,10,PHI,0.5,1
00-0037837,Calvin Austin III,WR,PIT,2025,10,LAC,1.4,2
00-0037838,Isaiah Likely,TE,BAL,2025,10,MIN,1.7,2
00-0037840,Kyren Williams,RB,LA,2025,10,SF,20.4,2
00-0038046,Charlie Kolar,TE,BAL,2025,10,MIN,2.3,1
00-0038090,Skyy Moore,WR,SF,2025,10,LA,1.8,1
00-0038102,Kenny Pickett,QB,LV,2025,10,DEN,0.0,0
00-0038115,Daniel Bellinger,TE,NYG,2025,10,CHI,0.8,1
00-0038117,Wan'Dale Robinson,WR,NYG,2025,10,CHI,6.2,6
00-0038120,Breece Hall,RB,NYJ,2025,10,CLE,18.5,1
00-0038124,Christian Watson,WR,GB,2025,10,PHI,4.5,2
00-0038129,Cade Otton,TE,TB,2025,10,NE,8.2,9
00-0038134,Kenneth Walker III,RB,SEA,2025,10,ARI,7.0,1
00-0038359,Xavier Smith,WR,LA,2025,10,SF,1.4,1
00-0038393,Dontayvion Wicks,WR,GB,2025,10,PHI,3.8,4
00-0038454,Keaton Mitchell,RB,BAL,2025,10,MIN,3.1,0
00-0038488,Brady Russell,RB,SEA,2025,10,ARI,0.0,0
00-0038496,Xavier Gipson,WR,PHI,2025,10,GB,0.0,0
00-0038542,Bijan Robinson,RB,ATL,2025,10,IND,8.8,2
00-0038543,Jaxon Smith-Njigba,WR,SEA,2025,10,ARI,15.3,5
00-0038544,Quentin Johnston,WR,LAC,2025,10,PIT,4.2,5
00-0038555,Tank Bigsby,RB,PHI,2025,10,GB,0.7,0
00-0038558,Darnell Washington,TE,PIT,2025,10,LAC,1.5,1
00-0038559,Michael Wilson,WR,ARI,2025,10,SEA,3.4,4
00-0038563,Tre Tucker,WR,LV,2025,10,DEN,3.5,2
00-0038573,Derius Davis,WR,LAC,2025,10,PIT,0.3,1
00-0038606,Parker Washington,WR,JAX,2025,10,HOU,14.9,3
00-0038611,Chris Rodriguez Jr.,RB,WAS,2025,10,DET,7.6,0
00-0038621,DeMario Douglas,WR,NE,2025,10,TB,3.4,2
00-0038679,Tyrell Shavers,WR,BUF,2025,10,MIA,2.4,1
00-0038685,Chris Brooks,RB,GB,2025,10,PHI,0.0,0
00-0038705,Emari Demercado,RB,ARI,2025,10,SEA,10.4,3
00-0038710,Blake Whiteheart,TE,CLE,2025,10,NYJ,0.0,0
00-0038797,Emanuel Wilson,RB,GB,2025,10,PHI,0.4,1
00-0038824,Ryan Miller,WR,TB,2025,10,NE,0.0,0
00-0038933,Dalton Kincaid,TE,BUF,2025,10,MIA,3.7,2
00-0038951,Sean Tucker,RB,TB,2025,10,NE,5.1,1
00-0038979,Cedric Tillman,WR,CLE,2025,10,NYJ,1.1,2
00-0038994,Jordan Addison,WR,MIN,2025,10,BAL,3.5,3
00-0038997,Josh Downs,WR,IND,2025,10,ATL,0.3,1
00-0039040,De'Von Achane,RB,MIA,2025,10,BUF,34.5,6
00-0039041,Elijah Higgins,TE,ARI,2025,10,SEA,1.9,2
00-0039050,Payne Durham,TE,TB,2025,10,NE,0.0,0
00-0039064,Zay Flowers,WR,BAL,2025,10,MIN,8.1,4
00-0039065,Sam LaPorta,TE,DET,2025,10,WAS,5.3,5
00-0039066,Michael Mayer,TE,LV,2025,10,DEN,2.2,3
00-0039074,Davis Allen,TE,LA,2025,10,SF,6.8,2
00-0039075,Puka Nacua,WR,LA,2025,10,SF,12.4,5
00-0039139,Jahmyr Gibbs,RB,DET,2025,10,WAS,35.2,3
00-0039144,Luke Musgrave,TE,GB,2025,10,PHI,2.3,3
00-0039150,Bryce Young,QB,CAR,2025,10,NO,1.56,0
00-0039165,Zach Charbonnet,RB,SEA,2025,10,ARI,14.3,0
00-0039299,George Holani,RB,SEA,2025,10,ARI,9.1,0
00-0039305,Jack Westover,TE,NE,2025,10,TB,0.0,0
00-0039338,Brock Bowers,TE,LV,2025,10,DEN,2.7,1
00-0039342,Xavier Legette,WR,CAR,2025,10,NO,0.0,0
00-0039356,Ja'Tavion Sanders,TE,CAR,2025,10,NO,3.2,5
00-0039364,Sione Vaki,RB,DET,2025,10,WAS,0.4,0
00-0039379,Jamari Thrash,WR,CLE,2025,10,NYJ,0.0,0
00-0039384,Tyrone Tracy Jr.,RB,NYG,2025,10,CHI,7.1,1
00-0039391,Kimani Vidal,RB,LAC,2025,10,PIT,16.8,1
00-0039407,Dylan Laube,RB,LV,2025,10,DEN,0.0,0
00-0039424,Devaughn Vele,WR,NO,2025,10,CAR,1.5,1
00-0039451,Isaiah Williams,WR,NYJ,2025,10,CLE,6.4,1
00-0039491,Jalen Coker,WR,CAR,2025,10,NO,2.1,3
00-0039577,Kedon Slovis,QB,ARI,2025,10,SEA,0.0,0
00-0039589,Kameron Johnson,WR,TB,2025,10,NE,1.1,0
00-0039732,Bo Nix,QB,DEN,2025,10,LV,5.8,0
00-0039738,Blake Corum,RB,LA,2025,10,SF,5.6,0
00-0039739,Roman Wilson,WR,PIT,2025,10,LAC,9.5,2
00-0039746,Will Shipley,RB,PHI,2025,10,GB,3.4,2
00-0039757,Terrell Jennings,RB,NE,2025,10,TB,0.5,0
00-0039793,AJ Barner,TE,SEA,2025,10,ARI,0.3,0
00-0039798,Isaiah Davis,RB,NYJ,2025,10,CLE,1.1,1
00-0039847,Theo Johnson,TE,NYG,2025,10,CHI,7.5,7
00-0039849,Marvin Harrison Jr.,WR,ARI,2025,10,SEA,11.3,3
00-0039851,Drake Maye,QB,NE,2025,10,TB,18.1,0
00-0039868,Troy Franklin,WR,DEN,2025,10,LV,10.0,5
00-0039874,Jaylen Wright,RB,MIA,2025,10,BUF,1.7,0
00-0039875,Ray Davis,RB,BUF,2025,10,MIA,-0.2,1
00-0039880,Malik Washington,WR,MIA,2025,10,BUF,7.3,2
00-0039901,Keon Coleman,WR,BUF,2025,10,MIA,10.6,3
00-0039912,Ben Sinnott,TE,WAS,2025,10,DET,6.4,1
00-0039915,Ladd McConkey,WR,LAC,2025,10,PIT,16.7,4
00-0039917,Michael Penix Jr.,QB,ATL,2025,10,IND,10.98,0
00-0039918,Caleb Williams,QB,CHI,2025,10,NYG,25.1,0
00-0039919,Rome Odunze,WR,CHI,2025,10,NYG,14.6,6
00-0039920,Malachi Corley,WR,CLE,2025,10,NYJ,3.2,0
00-0039923,J.J. McCarthy,QB,MIN,2025,10,BAL,14.72,0
00-0040009,Savion Williams,WR,GB,2025,10,PHI,0.2,2
00-0040058,Nick Kallerup,TE,SEA,2025,10,ARI,0.0,0
00-0040075,LaJohntay Wester,WR,BAL,2025,10,MIN,0.0,0
00-0040122,Ashton Jeanty,RB,LV,2025,10,DEN,12.3,3
00-0040124,Tetairoa McMillan,WR,CAR,2025,10,NO,6.0,5
00-0040126,Colston Loveland,TE,CHI,2025,10,NYG,5.5,4
00-0040128,Tyler Warren,TE,IND,2025,10,ATL,9.9,8
00-0040129,Emeka Egbuka,WR,TB,2025,10,NE,17.5,6
00-0040130,Jayden Higgins,WR,HOU,2025,10,JAX,10.2,5
00-0040131,Kyle Williams,WR,NE,2025,10,TB,13.2,1
00-0040134,Pat Bryant,WR,DEN,2025,10,LV,4.3,1
00-0040138,Jaylin Noel,WR,HOU,2025,10,JAX,3.5,4
00-0040142,Kaleb Johnson,RB,PIT,2025,10,LAC,0.3,0
00-0040162,Dylan Sampson,RB,CLE,2025,10,NYJ,-0.1,1
00-0040164,Jaylin Lane,WR,WAS,2025,10,DET,4.1,1
00-0040187,Mitchell Evans,TE,CAR,2025,10,NO,0.0,0
00-0040189,Oronde Gadsden II,TE,LAC,2025,10,PIT,1.3,3
00-0040194,Jackson Hawes,TE,BUF,2025,10,MIA,8.6,1
00-0040198,Ollie Gordon II,RB,MIA,2025,10,BUF,-0.3,0
00-0040202,Devin Neal,RB,NO,2025,10,CAR,3.1,3
00-0040236,Kyle Monangai,RB,CHI,2025,10,NYG,8.8,0
00-0040237,Tez Johnson,WR,TB,2025,10,NE,16.2,4
00-0040238,LeQuint Allen Jr.,RB,JAX,2025,10,HOU,0.6,1
00-0040241,Dominic Lovett,WR,DET,2025,10,WAS,0.0,0
00-0040242,Jacory Croskey-Merritt,RB,WAS,2025,10,DET,3.0,0
00-0040259,Gage Larvadain,WR,CLE,2025,10,NYJ,0.0,0
00-0040506,Myles Price,WR,MIN,2025,10,BAL,0.0,0
00-0040509,Ben Yurosek,TE,MIN,2025,10,BAL,0.0,0
00-0040534,Ke'Shawn Williams,WR,PIT,2025,10,LAC,0.0,0
00-0040563,Efton Chism III,WR,NE,2025,10,TB,0.0,0
00-0040581,Dont'e Thornton Jr.,WR,LV,2025,10,DEN,0.4,1
00-0040582,Arian Smith,WR,NYJ,2025,10,CLE,1.3,0
00-0040583,Woody Marks,RB,HOU,2025,10,JAX,14.1,2
00-0040590,Konata Mumpfield,WR,LA,2025,10,SF,0.0,0
00-0040644,Trevor Etienne,RB,CAR,2025,10,NO,0.0,0
00-0040649,Robbie Ouzts,RB,SEA,2025,10,ARI,0.0,0
00-0040663,Harold Fannin Jr.,TE,CLE,2025,10,NYJ,4.4,4
00-0040669,Isaac TeSlaa,WR,DET,2025,10,WAS,1.1,1
00-0040691,Jaxson Dart,QB,NYG,2025,10,CHI,26.28,0
00-0040704,Dillon Gabriel,QB,CLE,2025,10,NYJ,20.08,0
00-0040719,Bhayshul Tuten,RB,JAX,2025,10,HOU,1.0,1
00-0040727,Tre Harris,WR,LAC,2025,10,PIT,0.4,2
00-0040729,Jack Bech,WR,LV,2025,10,DEN,0.0,0
00-0040730,RJ Harvey,RB,DEN,2025,10,LV,1.8,2
00-0040734,TreVeyon Henderson,RB,NE,2025,10,TB,27.0,1
00-0040735,Luther Burden III,WR,CHI,2025,10,NYG,5.1,3
00-0040736,Mason Taylor,TE,NYJ,2025,10,CLE,0.4,1
00-0040737,Terrance Ferguson,TE,LA,2025,10,SF,3.2,1
00-0040739,Elijah Arroyo,TE,SEA,2025,10,ARI,0.5,1
00-0040743,Tyler Shough,QB,NO,2025,10,CAR,18.98,0
00-0040784,Quinshon Judkins,RB,CLE,2025,10,NYJ,8.5,2
00-0023459,Aaron Rodgers,QB,PIT,2025,11,CIN,9.44,0
00-0026158,Joe Flacco,QB,CIN,2025,11,PIT,9.86,0
00-0026498,Matthew Stafford,QB,LA,2025,11,SEA,13.2,0
00-0029604,Kirk Cousins,QB,ATL,2025,11,CAR,2.12,0
00-0030035,Adam Thielen,WR,MIN,2025,11,CHI,0.6,1
00-0030061,Zach Ertz,TE,WAS,2025,11,MIA,4.2,4
00-0030279,Keenan Allen,WR,LAC,2025,11,JAX,5.3,4
00-0030506,Travis Kelce,TE,KC,2025,11,DEN,15.1,9
00-0030564,DeAndre Hopkins,WR,BAL,2025,11,CLE,1.1,1
00-0030565,Geno Smith,QB,LV,2025,11,DAL,12.92,0
00-0031237,Teddy Bridgewater,QB,TB,2025,11,BUF,-0.1,0
00-0031381,Davante Adams,WR,LA,2025,11,SEA,6.1,1
00-0031503,Jameis Winston,QB,NYG,2025,11,GB,11.04,0
00-0031588,Stefon Diggs,WR,NE,2025,11,NYJ,10.5,9
00-0031687,Raheem Mostert,RB,LV,2025,11,DAL,1.3,2
00-0032211,Tyler Lockett,WR,LV,2025,11,DAL,3.3,3
00-0032268,Marcus Mariota,QB,WAS,2025,11,MIA,15.42,0
00-0032385,Sterling Shepard,WR,TB,2025,11,BUF,6.1,4
00-0032398,Chris Moore,WR,WAS,2025,11,MIA,2.8,2
00-0032464,Kalif Raymond,WR,DET,2025,11,PHI,0.0,0
00-0032688,Robbie Chosen,WR,WAS,2025,11,MIA,0.0,0
00-0032764,Derrick Henry,RB,BAL,2025,11,CLE,18.2,2
00-0032775,Demarcus Robinson,WR,SF,2025,11,ARI,1.3,1
00-0033077,Dak Prescott,QB,DAL,2025,11,LV,24.32,0
00-0033090,Hunter Henry,TE,NE,2025,11,NYJ,4.5,4
00-0033106,Jared Goff,QB,DET,2025,11,PHI,12.1,0
00-0033110,Tyler Higbee,TE,LA,2025,11,SEA,2.3,1
00-0033119,Jacoby Brissett,QB,ARI,2025,11,SF,21.88,0
00-0033246,Johnny Mundt,TE,JAX,2025,11,LAC,2.5,2
00-0033280,Christian McCaffrey,RB,SF,2025,11,ARI,30.1,5
00-0033282,Curtis Samuel,WR,BUF,2025,11,TB,1.9,2
00-0033288,George Kittle,TE,SF,2025,11,ARI,18.7,6
00-0033293,Aaron Jones,RB,MIN,2025,11,CHI,8.1,3
00-0033375,Tim Patrick,WR,JAX,2025,11,LAC,8.0,3
00-0033376,Patrick Ricard,RB,BAL,2025,11,CLE,0.0,0
00-0033439,Pharaoh Brown,TE,ARI,2025,11,SF,0.0,0
00-0033555,Mack Hollins,WR,NE,2025,11,NYJ,6.4,4
00-0033572,Jamal Agnew,WR,ATL,2025,11,CAR,0.0,0
00-0033757,Robert Tonyan,TE,KC,2025,11,DEN,0.1,1
00-0033854,Dare Ogunbowale,RB,HOU,2025,11,TEN,0.9,1
00-0033857,JuJu Smith-Schuster,WR,KC,2025,11,DEN,0.0,0
00-0033858,Jonnu Smith,TE,PIT,2025,11,CIN,0.0,0
00-0033873,Patrick Mahomes,QB,KC,2025,11,DEN,13.34,0
00-0033881,Evan Engram,TE,DEN,2025,11,KC,3.3,4
00-0033885,David Njoku,TE,CLE,2025,11,BAL,0.7,1
00-0033908,Cooper Kupp,WR,SEA,2025,11,LA,2.3,3
00-0033923,Kareem Hunt,RB,KC,2025,11,DEN,12.2,1
00-0033955,Jeremy McNichols,RB,WAS,2025,11,MIA,2.9,2
00-0034348,Courtland Sutton,WR,DEN,2025,11,KC,5.9,4
00-0034351,Dallas Goedert,TE,PHI,2025,11,DET,2.4,2
00-0034365,Ian Thomas,TE,LV,2025,11,DAL,2.0,1
00-0034383,Dalton Schultz,TE,HOU,2025,11,TEN,5.1,6
00-0034613,Tanner Hudson,TE,CIN,2025,11,PIT,2.2,3
00-0034681,Chase Edmonds,RB,WAS,2025,11,MIA,0.0,0
00-0034753,Mark Andrews,TE,BAL,2025,11,CLE,12.7,3
00-0034771,Mason Rudolph,QB,PIT,2025,11,CIN,8.98,0
00-0034775,Christian Kirk,WR,HOU,2025,11,TEN,0.6,1
00-0034791,Nick Chubb,RB,HOU,2025,11,TEN,1.7,0
00-0034796,Lamar Jackson,QB,BAL,2025,11,CLE,4.72,0
00-0034798,Durham Smythe,TE,CHI,2025,11,MIN,0.8,1
00-0034827,DJ Moore,WR,CHI,2025,11,MIN,2.1,1
00-0034837,Calvin Ridley,WR,TEN,2025,11,HOU,1.3,1
00-0034844,Saquon Barkley,RB,PHI,2025,11,DET,9.0,1
00-0034854,KhaDarel Hodge,WR,ATL,2025,11,CAR,0.0,0
00-0034855,Baker Mayfield,QB,TB,2025,11,BUF,16.82,0
00-0034857,Josh Allen,QB,BUF,2025,11,TB,42.68,0
00-0034869,Sam Darnold,QB,SEA,2025,11,LA,4.26,0
00-0034960,Jakobi Meyers,WR,JAX,2025,11,LAC,6.4,5
00-0035140,Mecole Hardman,WR,BUF,2025,11,TB,0.0,0
00-0035229,T.J. Hockenson,TE,MIN,2025,11,CHI,3.9,3
00-0035249,Josh Oliver,TE,MIN,2025,11,CHI,-0.3,1
00-0035250,Devin Singletary,RB,NYG,2025,11,GB,16.7,1
00-0035261,Tony Pollard,RB,TEN,2025,11,HOU,2.6,3
00-0035291,Trayveon Williams,RB,LAC,2025,11,JAX,-0.1,1
00-0035359,David Sills,WR,ATL,2025,11,CAR,1.1,1
00-0035500,Greg Dortch,WR,ARI,2025,11,SF,12.6,6
00-0035537,Ty Johnson,RB,BUF,2025,11,TB,13.0,2
00-0035594,Travis Homer,RB,CHI,2025,11,MIN,-0.2,0
00-0035628,D'Ernest Johnson,RB,NE,2025,11,NYJ,0.6,0
00-0035640,DK Metcalf,WR,PIT,2025,11,CIN,4.9,5
00-0035644,Noah Fant,TE,CIN,2025,11,PIT,1.6,5
00-0035645,Gunner Olszewski,WR,NYG,2025,11,GB,0.0,0
00-0035662,Marquise Brown,WR,KC,2025,11,DEN,4.0,4
00-0035676,A.J. Brown,WR,PHI,2025,11,DET,4.9,7
00-0035685,David Montgomery,RB,DET,2025,11,PHI,3.7,1
00-0035689,Dawson Knox,TE,BUF,2025,11,TB,2.3,1
00-0035700,Josh Jacobs,RB,GB,2025,11,NYG,4.0,0
00-0035719,Deebo Samuel Sr.,WR,WAS,2025,11,MIA,13.7,7
00-0035876,Andre Baccellia,WR,ARI,2025,11,SF,0.5,1
00-0035891,Cody White,WR,SEA,2025,11,LA,0.0,0
00-0036139,Rico Dowdle,RB,CAR,2025,11,ATL,10.0,5
00-0036165,Isaiah Hodgins,WR,NYG,2025,11,GB,5.7,5
00-0036176,Mason Kinsey,WR,TEN,2025,11,HOU,1.4,1
00-0036187,Reggie Gilliam,RB,BUF,2025,11,TB,0.0,0
00-0036196,Gabe Davis,WR,BUF,2025,11,TB,4.0,3
00-0036212,Tua Tagovailoa,QB,MIA,2025,11,WAS,6.84,0
00-0036244,Colby Parkinson,TE,LA,2025,11,SEA,7.4,2
00-0036259,Jauan Jennings,WR,SF,2025,11,ARI,5.4,4
00-0036264,Jordan Love,QB,GB,2025,11,NYG,17.66,0
00-0036275,D'Andre Swift,RB,CHI,2025,11,MIN,9.0,0
00-0036290,Cole Kmet,TE,CHI,2025,11,MIN,4.5,5
00-0036309,Darnell Mooney,WR,ATL,2025,11,CAR,3.4,3
00-0036322,Justin Jefferson,WR,MIN,2025,11,CHI,6.1,5
00-0036331,Devin Duvernay,WR,CHI,2025,11,MIN,0.0,0
00-0036332,Josiah Deguara,TE,ARI,2025,11,SF,0.0,0
00-0036355,Justin Herbert,QB,LAC,2025,11,JAX,3.34,0
00-0036358,CeeDee Lamb,WR,DAL,2025,11,LV,12.6,5
00-0036389,Jalen Hurts,QB,PHI,2025,11,DET,14.5,0
00-0036407,Jerry Jeudy,WR,CLE,2025,11,BAL,2.1,3
00-0036410,Tee Higgins,WR,CIN,2025,11,PIT,12.3,3
00-0036415,Van Jefferson,WR,TEN,2025,11,HOU,8.2,3
00-0036422,Adam Trautman,TE,DEN,2025,11,KC,0.8,1
00-0036554,Nico Collins,WR,HOU,2025,11,TEN,15.2,9
00-0036555,Chuba Hubbard,RB,CAR,2025,11,ATL,2.8,1
00-0036567,Elijah Mitchell,RB,KC,2025,11,DEN,0.0,0
00-0036590,Quintin Morris,TE,JAX,2025,11,LAC,1.1,1
00-0036613,Jaylen Waddle,WR,MIA,2025,11,WAS,5.2,3
00-0036626,Dyami Brown,WR,JAX,2025,11,LAC,0.0,0
00-0036630,Tylan Wallace,WR,BAL,2025,11,CLE,0.0,0
00-0036637,Noah Gray,TE,KC,2025,11,DEN,0.9,2
00-0036754,Brock Wright,TE,DET,2025,11,PHI,0.8,2
00-0036825,Feleipe Franks,TE,ATL,2025,11,CAR,0.0,0
00-0036841,Austin Trammell,WR,JAX,2025,11,LAC,1.3,1
00-0036842,Kene Nwangwu,RB,NYJ,2025,11,NE,0.0,0
00-0036862,Ben Skowronek,WR,PIT,2025,11,CIN,0.0,0
00-0036876,Kylen Granson,TE,PHI,2025,11,DET,0.4,1
00-0036887,Luke Farrell,TE,SF,2025,11,ARI,0.0,0
00-0036894,Pat Freiermuth,TE,PIT,2025,11,CIN,1.9,1
00-0036898,Davis Mills,QB,HOU,2025,11,TEN,16.36,0
00-0036900,Ja'Marr Chase,WR,CIN,2025,11,PIT,3.0,3
00-0036912,DeVonta Smith,WR,PHI,2025,11,DET,0.8,1
00-0036919,Kenny Gainwell,RB,PIT,2025,11,CIN,22.5,7
00-0036924,Michael Carter,RB,ARI,2025,11,SF,2.8,5
00-0036945,Justin Fields,QB,NYJ,2025,11,NE,19.34,0
00-0036963,Amon-Ra St. Brown,WR,DET,2025,11,PHI,4.2,2
00-0036970,Kyle Pitts,TE,ATL,2025,11,CAR,1.4,2
00-0036971,Trevor Lawrence,QB,JAX,2025,11,LAC,15.02,0
00-0036972,Mac Jones,QB,SF,2025,11,ARI,-0.3,0
00-0036973,Travis Etienne,RB,JAX,2025,11,LAC,19.3,0
00-0036988,Josh Palmer,WR,BUF,2025,11,TB,1.7,2
00-0036997,Javonte Williams,RB,DAL,2025,11,LV,9.3,1
00-0037005,Tommy Tremble,TE,CAR,2025,11,ATL,5.4,1
00-0037012,Trey Lance,QB,LAC,2025,11,JAX,1.58,0
00-0037085,Tyler Badie,RB,DEN,2025,11,KC,0.0,1
00-0037091,Bo Melton,WR,GB,2025,11,NYG,1.7,0
00-0037112,Jake Tonges,TE,SF,2025,11,ARI,0.0,0
00-0037157,Bam Knight,RB,ARI,2025,11,SF,10.5,4
00-0037228,Jaylen Warren,RB,PIT,2025,11,CIN,6.7,2
00-0037238,Drake London,WR,ATL,2025,11,CAR,11.9,7
00-0037240,Jameson Williams,WR,DET,2025,11,PHI,15.7,4
00-0037247,George Pickens,WR,DAL,2025,11,LV,20.4,9
00-0037248,James Cook,RB,BUF,2025,11,TB,17.4,3
00-0037252,Greg Dulcich,TE,MIA,2025,11,WAS,1.8,2
00-0037256,Rachaad White,RB,TB,2025,11,BUF,6.2,2
00-0037261,Khalil Shakir,WR,BUF,2025,11,TB,-0.3,1
00-0037263,Tyler Allgeier,RB,ATL,2025,11,CAR,7.6,2
00-0037267,Jerome Ford,RB,CLE,2025,11,BAL,0.2,0
00-0037291,Jalen Nailor,WR,MIN,2025,11,CHI,1.6,1
00-0037306,John FitzPatrick,TE,GB,2025,11,NYG,0.5,1
00-0037525,Jordan Mason,RB,MIN,2025,11,CHI,10.5,0
00-0037545,Rashid Shaheed,WR,SEA,2025,11,LA,2.9,2
00-0037563,Malik Davis,RB,DAL,2025,11,LV,2.0,0
00-0037594,Julius Chestnut,RB,TEN,2025,11,HOU,0.0,0
00-0037614,John Metchie III,WR,NYJ,2025,11,NE,10.5,3
00-0037666,Jalen Tolbert,WR,DAL,2025,11,LV,0.0,0
00-0037741,Jahan Dotson,WR,PHI,2025,11,DET,4.3,2
00-0037744,Trey McBride,TE,ARI,2025,11,SF,17.5,10
00-0037746,Brian Robinson,RB,SF,2025,11,ARI,2.4,0
00-0037801,KaVontae Turpin,WR,DAL,2025,11,LV,0.0,1
00-0037805,Jeremy Ruckert,TE,NYJ,2025,11,NE,2.3,4
00-0037809,Chig Okonkwo,TE,TEN,2025,11,HOU,5.6,3
00-0037816,Romeo Doubs,WR,GB,2025,11,NYG,5.3,4
00-0037834,Brock Purdy,QB,SF,2025,11,ARI,19.3,0
00-0037837,Calvin Austin III,WR,PIT,2025,11,CIN,0.5,1
00-0037838,Isaiah Likely,TE,BAL,2025,11,CLE,1.5,2
00-0037840,Kyren Williams,RB,LA,2025,11,SEA,15.6,1
00-0038041,Jake Ferguson,TE,DAL,2025,11,LV,7.6,4
00-0038046,Charlie Kolar,TE,BAL,2025,11,CLE,0.0,0
00-0038090,Skyy Moore,WR,SF,2025,11,ARI,0.0,0
00-0038104,Tyquan Thornton,WR,KC,2025,11,DEN,6.1,1
00-0038115,Daniel Bellinger,TE,NYG,2025,11,GB,0.0,0
00-0038117,Wan'Dale Robinson,WR,NYG,2025,11,GB,3.6,4
00-0038120,Breece Hall,RB,NYJ,2025,11,NE,6.4,2
00-0038124,Christian Watson,WR,GB,2025,11,NYG,16.6,4
00-0038128,Malik Willis,QB,GB,2025,11,NYG,5.84,0
00-0038129,Cade Otton,TE,TB,2025,11,BUF,2.8,2
00-0038134,Kenneth Walker III,RB,SEA,2025,11,LA,17.1,3
00-0038359,Xavier Smith,WR,LA,2025,11,SEA,0.8,1
00-0038393,Dontayvion Wicks,WR,GB,2025,11,NYG,0.9,1
00-0038454,Keaton Mitchell,RB,BAL,2025,11,CLE,5.4,2
00-0038458,Owen Wright,RB,TB,2025,11,BUF,0.0,0
00-0038488,Brady Russell,RB,SEA,2025,11,LA,0.0,0
00-0038496,Xavier Gipson,WR,PHI,2025,11,DET,0.0,0
00-0038519,Nikko Remigio,WR,KC,2025,11,DEN,0.0,0
00-0038542,Bijan Robinson,RB,ATL,2025,11,CAR,26.3,4
00-0038543,Jaxon Smith-Njigba,WR,SEA,2025,11,LA,11.6,9
00-0038544,Quentin Johnston,WR,LAC,2025,11,JAX,0.0,0
00-0038555,Tank Bigsby,RB,PHI,2025,11,DET,3.4,0
00-0038558,Darnell Washington,TE,PIT,2025,11,CIN,6.7,4
00-0038559,Michael Wilson,WR,ARI,2025,11,SF,18.5,15
00-0038563,Tre Tucker,WR,LV,2025,11,DAL,10.7,4
00-0038564,Cameron Latu,TE,PHI,2025,11,DET,0.0,0
00-0038573,Derius Davis,WR,LAC,2025,11,JAX,0.0,0
00-0038576,Charlie Jones,WR,CIN,2025,11,PIT,0.0,0
00-0038589,Josh Whyle,TE,GB,2025,11,NYG,6.2,1
00-0038597,Chase Brown,RB,CIN,2025,11,PIT,12.7,6
00-0038606,Parker Washington,WR,JAX,2025,11,LAC,2.0,2
00-0038611,Chris Rodriguez Jr.,RB,WAS,2025,11,MIA,8.5,1
00-0038618,Xavier Hutchinson,WR,HOU,2025,11,TEN,4.2,3
00-0038619,Andrei Iosivas,WR,CIN,2025,11,PIT,2.0,3
00-0038621,DeMario Douglas,WR,NE,2025,11,NYJ,3.1,3
00-0038679,Tyrell Shavers,WR,BUF,2025,11,TB,15.0,4
00-0038685,Chris Brooks,RB,GB,2025,11,NYG,0.8,0
00-0038705,Emari Demercado,RB,ARI,2025,11,SF,2.0,2
00-0038720,Julian Hill,TE,MIA,2025,11,WAS,1.4,1
00-0038738,Hunter Luepke,RB,DAL,2025,11,LV,4.1,3
00-0038794,Jaleel McLaughlin,RB,DEN,2025,11,KC,7.4,1
00-0038797,Emanuel Wilson,RB,GB,2025,11,NYG,12.9,1
00-0038824,Ryan Miller,WR,TB,2025,11,BUF,0.0,0
00-0038840,Brycen Tremayne,WR,CAR,2025,11,ATL,1.7,2
00-0038896,Jacob Saylors,RB,DET,2025,11,PHI,0.0,0
00-0038938,Jalin Hyatt,WR,NYG,2025,11,GB,1.8,2
00-0038951,Sean Tucker,RB,TB,2025,11,BUF,32.0,2
00-0038976,Marvin Mims Jr.,WR,DEN,2025,11,KC,0.2,0
00-0038979,Cedric Tillman,WR,CLE,2025,11,BAL,5.2,3
00-0038994,Jordan Addison,WR,MIN,2025,11,CHI,8.0,2
00-0039021,Roschon Johnson,RB,CHI,2025,11,MIN,0.0,0
00-0039032,Tyjae Spears,RB,TEN,2025,11,HOU,3.4,5
00-0039040,De'Von Achane,RB,MIA,2025,11,WAS,16.5,5
00-0039041,Elijah Higgins,TE,ARI,2025,11,SF,-0.9,2
00-0039064,Zay Flowers,WR,BAL,2025,11,CLE,8.3,3
00-0039066,Michael Mayer,TE,LV,2025,11,DAL,1.3,3
00-0039067,Rashee Rice,WR,KC,2025,11,DEN,3.8,6
00-0039075,Puka Nacua,WR,LA,2025,11,SEA,7.3,7
00-0039139,Jahmyr Gibbs,RB,DET,2025,11,PHI,14.6,5
00-0039144,Luke Musgrave,TE,GB,2025,11,NYG,-0.1,1
00-0039150,Bryce Young,QB,CAR,2025,11,ATL,31.82,0
00-0039165,Zach Charbonnet,RB,SEA,2025,11,LA,4.7,2
00-0039266,Kendall Milton,RB,CIN,2025,11,PIT,0.2,0
00-0039299,George Holani,RB,SEA,2025,11,LA,0.6,0
00-0039305,Jack Westover,TE,NE,2025,11,NYJ,0.0,0
00-0039338,Brock Bowers,TE,LV,2025,11,DAL,7.2,7
00-0039342,Xavier Legette,WR,CAR,2025,11,ATL,14.3,4
00-0039356,Ja'Tavion Sanders,TE,CAR,2025,11,ATL,2.2,4
00-0039384,Tyrone Tracy Jr.,RB,NYG,2025,11,GB,13.9,4
00-0039391,Kimani Vidal,RB,LAC,2025,11,JAX,1.2,2
00-0039407,Dylan Laube,RB,LV,2025,11,DAL,0.0,0
00-0039410,Ryan Flournoy,WR,DAL,2025,11,LV,6.2,1
00-0039451,Isaiah Williams,WR,NYJ,2025,11,NE,0.6,1
00-0039491,Jalen Coker,WR,CAR,2025,11,ATL,7.2,4
00-0039521,Xavier Weaver,WR,ARI,2025,11,SF,1.5,2
00-0039530,Brevyn Spann-Ford,TE,DAL,2025,11,LV,0.4,1
00-0039589,Kameron Johnson,WR,TB,2025,11,BUF,0.0,0
00-0039648,David Martin-Robinson,TE,TEN,2025,11,HOU,0.0,0
00-0039686,Colson Yankoff,TE,WAS,2025,11,MIA,0.4,1
00-0039732,Bo Nix,QB,DEN,2025,11,KC,12.6,0
00-0039738,Blake Corum,RB,LA,2025,11,SEA,0.5,1
00-0039739,Roman Wilson,WR,PIT,2025,11,CIN,1.7,1
00-0039751,Jordan Whittington,WR,LA,2025,11,SEA,0.9,1
00-0039793,AJ Barner,TE,SEA,2025,11,LA,7.1,10
00-0039796,Rasheen Ali,RB,BAL,2025,11,CLE,1.5,1
00-0039798,Isaiah Davis,RB,NYJ,2025,11,NE,1.1,0
00-0039847,Theo Johnson,TE,NYG,2025,11,GB,3.6,3
00-0039851,Drake Maye,QB,NE,2025,11,NYJ,15.44,0
00-0039868,Troy Franklin,WR,DEN,2025,11,KC,8.4,4
00-0039874,Jaylen Wright,RB,MIA,2025,11,WAS,0.4,0
00-0039875,Ray Davis,RB,BUF,2025,11,TB,0.0,0
00-0039880,Malik Washington,WR,MIA,2025,11,WAS,4.2,3
00-0039890,Adonai Mitchell,WR,NYJ,2025,11,NE,1.0,1
00-0039894,Xavier Worthy,WR,KC,2025,11,DEN,2.5,3
00-0039915,Ladd McConkey,WR,LAC,2025,11,JAX,1.3,3
00-0039916,Ricky Pearsall,WR,SF,2025,11,ARI,0.0,1
00-0039917,Michael Penix Jr.,QB,ATL,2025,11,CAR,7.9,0
00-0039918,Caleb Williams,QB,CHI,2025,11,MIN,10.32,0
00-0039919,Rome Odunze,WR,CHI,2025,11,MIN,4.1,2
00-0039920,Malachi Corley,WR,CLE,2025,11,BAL,0.9,2
00-0039923,J.J. McCarthy,QB,MIN,2025,11,CHI,6.0,0
00-0040009,Savion Williams,WR,GB,2025,11,NYG,3.3,1
00-0040024,Darius Cooper,WR,PHI,2025,11,DET,0.0,0
00-0040039,Amar Johnson,RB,LAC,2025,11,JAX,0.8,0
00-0040058,Nick Kallerup,TE,SEA,2025,11,LA,0.0,0
00-0040075,LaJohntay Wester,WR,BAL,2025,11,CLE,0.0,0
00-0040078,Brashard Smith,RB,KC,2025,11,DEN,0.8,2
00-0040122,Ashton Jeanty,RB,LV,2025,11,DAL,3.4,6
00-0040124,Tetairoa McMillan,WR,CAR,2025,11,ATL,25.0,8
00-0040126,Colston Loveland,TE,CHI,2025,11,MIN,4.0,3
00-0040129,Emeka Egbuka,WR,TB,2025,11,BUF,4.0,5
00-0040130,Jayden Higgins,WR,HOU,2025,11,TEN,5.5,4
00-0040131,Kyle Williams,WR,NE,2025,11,NYJ,0.0,0
00-0040134,Pat Bryant,WR,DEN,2025,11,KC,8.2,5
00-0040138,Jaylin Noel,WR,HOU,2025,11,TEN,1.2,1
00-0040142,Kaleb Johnson,RB,PIT,2025,11,CIN,1.5,0
00-0040154,Tai Felton,WR,MIN,2025,11,CHI,0.0,0
00-0040162,Dylan Sampson,RB,CLE,2025,11,BAL,1.9,0
00-0040164,Jaylin Lane,WR,WAS,2025,11,MIA,1.3,1
00-0040170,Elic Ayomanor,WR,TEN,2025,11,HOU,1.1,2
00-0040187,Mitchell Evans,TE,CAR,2025,11,ATL,2.8,2
00-0040189,Oronde Gadsden II,TE,LAC,2025,11,JAX,4.1,2
00-0040198,Ollie Gordon II,RB,MIA,2025,11,WAS,10.5,0
00-0040208,Tahj Brooks,RB,CIN,2025,11,PIT,0.5,0
00-0040236,Kyle Monangai,RB,CHI,2025,11,MIN,9.7,1
00-0040237,Tez Johnson,WR,TB,2025,11,BUF,0.6,1
00-0040238,LeQuint Allen Jr.,RB,JAX,2025,11,LAC,3.6,0
00-0040242,Jacory Croskey-Merritt,RB,WAS,2025,11,MIA,3.3,1
00-0040259,Gage Larvadain,WR,CLE,2025,11,BAL,0.0,0
00-0040317,Jacoby Jones,WR,WAS,2025,11,MIA,2.5,1
00-0040363,Keleki Latu,TE,BUF,2025,11,TB,0.4,1
00-0040431,Dalen Cambre,WR,NYG,2025,11,GB,0.0,0
00-0040488,Carter Runyon,TE,LV,2025,11,DAL,0.0,0
00-0040506,Myles Price,WR,MIN,2025,11,CHI,0.0,0
00-0040534,Ke'Shawn Williams,WR,PIT,2025,11,CIN,0.0,0
00-0040563,Efton Chism III,WR,NE,2025,11,NYJ,0.0,0
00-0040583,Woody Marks,RB,HOU,2025,11,TEN,5.1,1
00-0040584,Gunnar Helm,TE,TEN,2025,11,HOU,2.9,4
00-0040644,Trevor Etienne,RB,CAR,2025,11,ATL,0.2,0
00-0040663,Harold Fannin Jr.,TE,CLE,2025,11,BAL,2.6,2
00-0040667,Matthew Golden,WR,GB,2025,11,NYG,2.4,1
00-0040668,Shedeur Sanders,QB,CLE,2025,11,BAL,1.48,0
00-0040669,Isaac TeSlaa,WR,DET,2025,11,PHI,0.0,0
00-0040676,Cam Ward,QB,TEN,2025,11,HOU,13.06,0
00-0040704,Dillon Gabriel,QB,CLE,2025,11,BAL,2.92,0
00-0040705,Chimere Dike,WR,TEN,2025,11,HOU,1.4,2
00-0040719,Bhayshul Tuten,RB,JAX,2025,11,LAC,13.4,0
00-0040727,Tre Harris,WR,LAC,2025,11,JAX,1.2,1
00-0040729,Jack Bech,WR,LV,2025,11,DAL,1.9,1
00-0040730,RJ Harvey,RB,DEN,2025,11,KC,5.0,3
00-0040734,TreVeyon Henderson,RB,NE,2025,11,NYJ,27.3,5
00-0040735,Luther Burden III,WR,CHI,2025,11,MIN,2.7,3
00-0040736,Mason Taylor,TE,NYJ,2025,11,NE,3.0,4
00-0040739,Elijah Arroyo,TE,SEA,2025,11,LA,0.0,0
00-0040782,Isaiah Bond,WR,CLE,2025,11,BAL,0.8,0
00-0040784,Quinshon Judkins,RB,CLE,2025,11,BAL,5.9,0
00-0026158,Joe Flacco,QB,CIN,2025,12,NE,9.62,0
00-0026498,Matthew Stafford,QB,LA,2025,12,TB,22.92,0
00-0028118,Tyrod Taylor,QB,NYJ,2025,12,BAL,12.78,0
00-0029604,Kirk Cousins,QB,ATL,2025,12,NO,14.46,0
00-0030035,Adam Thielen,WR,MIN,2025,12,GB,0.0,0
00-0030506,Travis Kelce,TE,KC,2025,12,IND,4.4,4
00-0030564,DeAndre Hopkins,WR,BAL,2025,12,NYJ,1.3,2
00-0030565,Geno Smith,QB,LV,2025,12,CLE,14.2,0
00-0031237,Teddy Bridgewater,QB,TB,2025,12,LA,3.08,0
00-0031381,Davante Adams,WR,LA,2025,12,TB,18.2,5
00-0031503,Jameis Winston,QB,NYG,2025,12,DET,31.24,1
00-0031588,Stefon Diggs,WR,NE,2025,12,CIN,2.0,2
00-0031687,Raheem Mostert,RB,LV,2025,12,CLE,2.0,3
00-0032104,Ameer Abdullah,RB,IND,2025,12,KC,0.0,0
00-0032211,Tyler Lockett,WR,LV,2025,12,CLE,6.2,4
00-0032385,Sterling Shepard,WR,TB,2025,12,LA,1.2,3
00-0032392,Austin Hooper,TE,NE,2025,12,CIN,3.9,3
00-0032464,Kalif Raymond,WR,DET,2025,12,NYG,3.7,2
00-0032764,Derrick Henry,RB,BAL,2025,12,NYJ,20.8,2
00-0032775,Demarcus Robinson,WR,SF,2025,12,CAR,0.8,1
00-0032951,Laquon Treadwell,WR,IND,2025,12,KC,0.0,0
00-0033077,Dak Prescott,QB,DAL,2025,12,PHI,27.06,0
00-0033090,Hunter Henry,TE,NE,2025,12,CIN,17.5,7
00-0033106,Jared Goff,QB,DET,2025,12,NYG,17.16,0
00-0033119,Jacoby Brissett,QB,ARI,2025,12,JAX,18.68,0
00-0033217,Mo Alie-Cox,TE,IND,2025,12,KC,0.9,1
00-0033246,Johnny Mundt,TE,JAX,2025,12,ARI,1.2,1
00-0033280,Christian McCaffrey,RB,SF,2025,12,CAR,20.2,7
00-0033288,George Kittle,TE,SF,2025,12,CAR,7.8,6
00-0033293,Aaron Jones,RB,MIN,2025,12,GB,5.7,3
00-0033357,Taysom Hill,TE,NO,2025,12,ATL,1.7,0
00-0033375,Tim Patrick,WR,JAX,2025,12,ARI,0.0,0
00-0033439,Pharaoh Brown,TE,ARI,2025,12,JAX,0.0,0
00-0033555,Mack Hollins,WR,NE,2025,12,CIN,3.0,2
00-0033572,Jamal Agnew,WR,ATL,2025,12,NO,0.0,0
00-0033854,Dare Ogunbowale,RB,HOU,2025,12,BUF,0.0,0
00-0033857,JuJu Smith-Schuster,WR,KC,2025,12,IND,0.8,1
00-0033858,Jonnu Smith,TE,PIT,2025,12,CHI,2.8,3
00-0033873,Patrick Mahomes,QB,KC,2025,12,IND,17.08,0
00-0033906,Alvin Kamara,RB,NO,2025,12,ATL,1.5,2
00-0033908,Cooper Kupp,WR,SEA,2025,12,TEN,2.4,2
00-0033921,Chris Godwin Jr.,WR,TB,2025,12,LA,0.9,2
00-0033923,Kareem Hunt,RB,KC,2025,12,IND,17.0,3
00-0034073,Ross Dwelley,TE,DET,2025,12,NYG,0.0,0
00-0034351,Dallas Goedert,TE,PHI,2025,12,DAL,2.0,2
00-0034365,Ian Thomas,TE,LV,2025,12,CLE,3.6,4
00-0034383,Dalton Schultz,TE,HOU,2025,12,BUF,0.8,1
00-0034521,Allen Lazard,WR,NYJ,2025,12,BAL,0.9,1
00-0034613,Tanner Hudson,TE,CIN,2025,12,NE,0.9,1
00-0034753,Mark Andrews,TE,BAL,2025,12,NYJ,1.1,1
00-0034771,Mason Rudolph,QB,PIT,2025,12,CHI,7.54,0
00-0034775,Christian Kirk,WR,HOU,2025,12,BUF,11.4,5
00-0034791,Nick Chubb,RB,HOU,2025,12,BUF,1.5,1
00-0034796,Lamar Jackson,QB,BAL,2025,12,NYJ,7.22,0
00-0034798,Durham Smythe,TE,CHI,2025,12,PIT,0.4,1
00-0034827,DJ Moore,WR,CHI,2025,12,PIT,18.4,5
00-0034829,Mike Gesicki,TE,CIN,2025,12,NE,3.5,4
00-0034844,Saquon Barkley,RB,PHI,2025,12,DAL,5.4,7
00-0034855,Baker Mayfield,QB,TB,2025,12,LA,3.54,0
00-0034857,Josh Allen,QB,BUF,2025,12,HOU,8.12,0
00-0034860,Dante Pettis,WR,NO,2025,12,ATL,1.4,1
00-0034869,Sam Darnold,QB,SEA,2025,12,TEN,17.66,0
00-0034960,Jakobi Meyers,WR,JAX,2025,12,ARI,11.0,4
00-0034975,Justice Hill,RB,BAL,2025,12,NYJ,0.0,0
00-0034981,Foster Moreau,TE,NO,2025,12,ATL,0.0,0
00-0035021,Ashton Dulin,WR,IND,2025,12,KC,4.8,1
00-0035100,Jake Browning,QB,CIN,2025,12,NE,0.56,0
00-0035208,Olamide Zaccheaus,WR,CHI,2025,12,PIT,0.6,1
00-0035229,T.J. Hockenson,TE,MIN,2025,12,GB,1.9,4
00-0035249,Josh Oliver,TE,MIN,2025,12,GB,0.4,1
00-0035250,Devin Singletary,RB,NYG,2025,12,DET,4.7,0
00-0035261,Tony Pollard,RB,TEN,2025,12,SEA,4.1,4
00-0035359,David Sills,WR,ATL,2025,12,NO,7.6,2
00-0035500,Greg Dortch,WR,ARI,2025,12,JAX,10.8,6
00-0035535,Darius Slayton,WR,NYG,2025,12,DET,2.3,1
00-0035537,Ty Johnson,RB,BUF,2025,12,HOU,5.2,3
00-0035602,Alex Bachman,WR,LV,2025,12,CLE,0.0,0
00-0035631,Drew Sample,TE,CIN,2025,12,NE,0.0,1
00-0035640,DK Metcalf,WR,PIT,2025,12,CHI,9.4,5
00-0035644,Noah Fant,TE,CIN,2025,12,NE,0.9,1
00-0035645,Gunner Olszewski,WR,NYG,2025,12,DET,5.32,0
00-0035662,Marquise Brown,WR,KC,2025,12,IND,1.0,1
00-0035676,A.J. Brown,WR,PHI,2025,12,DAL,17.0,8
00-0035685,David Montgomery,RB,DET,2025,12,NYG,3.7,3
00-0035689,Dawson Knox,TE,BUF,2025,12,HOU,1.7,3
00-0035710,Daniel Jones,QB,IND,2025,12,KC,16.84,0
00-0035891,Cody White,WR,SEA,2025,12,TEN,0.0,0
00-0036040,Juwan Johnson,TE,NO,2025,12,ATL,4.6,6
00-0036133,James Proche,WR,TEN,2025,12,SEA,4.2,3
00-0036139,Rico Dowdle,RB,CAR,2025,12,SF,7.4,4
00-0036165,Isaiah Hodgins,WR,NYG,2025,12,DET,10.2,2
00-0036176,Mason Kinsey,WR,TEN,2025,12,SEA,0.0,0
00-0036187,Reggie Gilliam,RB,BUF,2025,12,HOU,0.2,1
00-0036196,Gabe Davis,WR,BUF,2025,12,HOU,2.2,1
00-0036223,Jonathan Taylor,RB,IND,2025,12,KC,6.6,2
00-0036244,Colby Parkinson,TE,LA,2025,12,TB,10.1,4
00-0036252,Michael Pittman,WR,IND,2025,12,KC,8.7,5
00-0036259,Jauan Jennings,WR,SF,2025,12,CAR,10.1,5
00-0036264,Jordan Love,QB,GB,2025,12,MIN,7.06,0
00-0036275,D'Andre Swift,RB,CHI,2025,12,PIT,0.9,1
00-0036290,Cole Kmet,TE,CHI,2025,12,PIT,0.3,1
00-0036309,Darnell Mooney,WR,ATL,2025,12,NO,13.4,3
00-0036322,Justin Jefferson,WR,MIN,2025,12,GB,4.8,4
00-0036331,Devin Duvernay,WR,CHI,2025,12,PIT,0.0,0
00-0036332,Josiah Deguara,TE,ARI,2025,12,JAX,0.6,1
00-0036358,CeeDee Lamb,WR,DAL,2025,12,PHI,7.5,4
00-0036360,Clyde Edwards-Helaire,RB,KC,2025,12,IND,1.7,2
00-0036389,Jalen Hurts,QB,PHI,2025,12,DAL,30.86,0
00-0036407,Jerry Jeudy,WR,CLE,2025,12,LV,1.9,1
00-0036410,Tee Higgins,WR,CIN,2025,12,NE,3.1,5
00-0036415,Van Jefferson,WR,TEN,2025,12,SEA,1.1,1
00-0036429,Charlie Woerner,TE,ATL,2025,12,NO,2.4,3
00-0036554,Nico Collins,WR,HOU,2025,12,BUF,5.5,3
00-0036555,Chuba Hubbard,RB,CAR,2025,12,SF,4.3,4
00-0036569,Gary Brightwell,RB,CIN,2025,12,NE,0.0,0
00-0036590,Quintin Morris,TE,JAX,2025,12,ARI,0.0,0
00-0036630,Tylan Wallace,WR,BAL,2025,12,NYJ,0.0,0
00-0036637,Noah Gray,TE,KC,2025,12,IND,2.5,3
00-0036741,Jack Stoll,TE,NO,2025,12,ATL,0.7,1
00-0036754,Brock Wright,TE,DET,2025,12,NYG,2.9,3
00-0036825,Feleipe Franks,TE,ATL,2025,12,NO,0.2,0
00-0036841,Austin Trammell,WR,JAX,2025,12,ARI,0.0,0
00-0036842,Kene Nwangwu,RB,NYJ,2025,12,BAL,0.0,0
00-0036862,Ben Skowronek,WR,PIT,2025,12,CHI,2.1,1
00-0036875,Rhamondre Stevenson,RB,NE,2025,12,CIN,1.0,1
00-0036887,Luke Farrell,TE,SF,2025,12,CAR,0.3,1
00-0036894,Pat Freiermuth,TE,PIT,2025,12,CHI,7.9,3
00-0036898,Davis Mills,QB,HOU,2025,12,BUF,14.52,0
00-0036912,DeVonta Smith,WR,PHI,2025,12,DAL,8.9,6
00-0036919,Kenny Gainwell,RB,PIT,2025,12,CHI,12.2,6
00-0036924,Michael Carter,RB,ARI,2025,12,JAX,5.8,3
00-0036963,Amon-Ra St. Brown,WR,DET,2025,12,NYG,20.9,9
00-0036970,Kyle Pitts,TE,ATL,2025,12,NO,2.5,2
00-0036971,Trevor Lawrence,QB,JAX,2025,12,ARI,17.14,0
00-0036973,Travis Etienne,RB,JAX,2025,12,ARI,17.6,3
00-0036980,Elijah Moore,WR,BUF,2025,12,HOU,-0.3,1
00-0036988,Josh Palmer,WR,BUF,2025,12,HOU,2.1,2
00-0036997,Javonte Williams,RB,DAL,2025,12,PHI,10.1,2
00-0037031,Nikola Kalinic,TE,CHI,2025,12,PIT,0.0,0
00-0037086,Grant Calcaterra,TE,PHI,2025,12,DAL,0.8,1
00-0037120,Tyler Goodson,RB,IND,2025,12,KC,0.0,0
00-0037157,Bam Knight,RB,ARI,2025,12,JAX,9.2,4
00-0037228,Jaylen Warren,RB,PIT,2025,12,CHI,12.8,0
00-0037239,Chris Olave,WR,NO,2025,12,ATL,7.0,9
00-0037240,Jameson Williams,WR,DET,2025,12,NYG,0.0,0
00-0037247,George Pickens,WR,DAL,2025,12,PHI,20.6,9
00-0037248,James Cook,RB,BUF,2025,12,HOU,18.9,3
00-0037256,Rachaad White,RB,TB,2025,12,LA,4.2,1
00-0037261,Khalil Shakir,WR,BUF,2025,12,HOU,9.0,8
00-0037263,Tyler Allgeier,RB,ATL,2025,12,NO,4.9,1
00-0037267,Jerome Ford,RB,CLE,2025,12,LV,-0.3,0
00-0037277,Teagan Quitoriano,TE,ATL,2025,12,NO,0.0,0
00-0037291,Jalen Nailor,WR,MIN,2025,12,GB,0.0,0
00-0037292,Andrew Ogletree,TE,IND,2025,12,KC,6.8,2
00-0037306,John FitzPatrick,TE,GB,2025,12,MIN,1.1,1
00-0037525,Jordan Mason,RB,MIN,2025,12,GB,4.2,0
00-0037545,Rashid Shaheed,WR,SEA,2025,12,TEN,0.5,0
00-0037563,Malik Davis,RB,DAL,2025,12,PHI,2.4,0
00-0037594,Julius Chestnut,RB,TEN,2025,12,SEA,0.3,0
00-0037614,John Metchie III,WR,NYJ,2025,12,BAL,12.5,6
00-0037664,Alec Pierce,WR,IND,2025,12,KC,2.6,1
00-0037741,Jahan Dotson,WR,PHI,2025,12,DAL,0.0,0
00-0037744,Trey McBride,TE,ARI,2025,12,JAX,7.9,9
00-0037746,Brian Robinson,RB,SF,2025,12,CAR,4.4,1
00-0037801,KaVontae Turpin,WR,DAL,2025,12,PHI,3.2,1
00-0037809,Chig Okonkwo,TE,TEN,2025,12,SEA,4.0,3
00-0037816,Romeo Doubs,WR,GB,2025,12,MIN,2.3,2
00-0037834,Brock Purdy,QB,SF,2025,12,CAR,7.32,0
00-0037837,Calvin Austin III,WR,PIT,2025,12,CHI,3.6,4
00-0037838,Isaiah Likely,TE,BAL,2025,12,NYJ,1.0,1
00-0037840,Kyren Williams,RB,LA,2025,12,TB,4.8,1
00-0038041,Jake Ferguson,TE,DAL,2025,12,PHI,6.1,5
00-0038046,Charlie Kolar,TE,BAL,2025,12,NYJ,0.0,0
00-0038090,Skyy Moore,WR,SF,2025,12,CAR,0.0,0
00-0038104,Tyquan Thornton,WR,KC,2025,12,IND,0.0,0
00-0038115,Daniel Bellinger,TE,NYG,2025,12,DET,0.0,0
00-0038117,Wan'Dale Robinson,WR,NYG,2025,12,DET,21.6,9
00-0038120,Breece Hall,RB,NYJ,2025,12,BAL,9.9,4
00-0038124,Christian Watson,WR,GB,2025,12,MIN,4.9,5
00-0038128,Malik Willis,QB,GB,2025,12,MIN,0.58,0
00-0038129,Cade Otton,TE,TB,2025,12,LA,2.1,4
00-0038134,Kenneth Walker III,RB,SEA,2025,12,TEN,10.1,3
00-0038393,Dontayvion Wicks,WR,GB,2025,12,MIN,3.2,2
00-0038396,Eric Gray,RB,NYG,2025,12,DET,0.0,0
00-0038454,Keaton Mitchell,RB,BAL,2025,12,NYJ,1.9,1
00-0038458,Owen Wright,RB,TB,2025,12,LA,0.6,0
00-0038488,Brady Russell,RB,SEA,2025,12,TEN,0.0,0
00-0038496,Xavier Gipson,WR,PHI,2025,12,DAL,0.3,1
00-0038519,Nikko Remigio,WR,KC,2025,12,IND,0.0,0
00-0038542,Bijan Robinson,RB,ATL,2025,12,NO,12.7,2
00-0038543,Jaxon Smith-Njigba,WR,SEA,2025,12,TEN,29.1,8
00-0038547,Luke Schoonmaker,TE,DAL,2025,12,PHI,0.0,0
00-0038555,Tank Bigsby,RB,PHI,2025,12,DAL,0.8,0
00-0038558,Darnell Washington,TE,PIT,2025,12,CHI,2.2,2
00-0038559,Michael Wilson,WR,ARI,2025,12,JAX,11.8,10
00-0038563,Tre Tucker,WR,LV,2025,12,CLE,2.8,3
00-0038564,Cameron Latu,TE,PHI,2025,12,DAL,0.0,0
00-0038576,Charlie Jones,WR,CIN,2025,12,NE,0.0,0
00-0038589,Josh Whyle,TE,GB,2025,12,MIN,0.1,1
00-0038597,Chase Brown,RB,CIN,2025,12,NE,13.0,2
00-0038606,Parker Washington,WR,JAX,2025,12,ARI,13.1,5
00-0038608,Kayshon Boutte,WR,NE,2025,12,CIN,1.5,2
00-0038618,Xavier Hutchinson,WR,HOU,2025,12,BUF,0.9,0
00-0038619,Andrei Iosivas,WR,CIN,2025,12,NE,6.6,4
00-0038621,DeMario Douglas,WR,NE,2025,12,CIN,5.1,1
00-0038685,Chris Brooks,RB,GB,2025,12,MIN,2.6,1
00-0038738,Hunter Luepke,RB,DAL,2025,12,PHI,0.7,1
00-0038752,Jake Bobo,WR,SEA,2025,12,TEN,0.0,0
00-0038797,Emanuel Wilson,RB,GB,2025,12,MIN,24.5,2
00-0038839,Mitchell Tinsley,WR,CIN,2025,12,NE,8.9,2
00-0038840,Brycen Tremayne,WR,CAR,2025,12,SF,0.0,0
00-0038896,Jacob Saylors,RB,DET,2025,12,NYG,0.0,0
00-0038935,Brenton Strange,TE,JAX,2025,12,ARI,9.3,5
00-0038951,Sean Tucker,RB,TB,2025,12,LA,4.6,1
00-0038953,Dylan Drummond,WR,ATL,2025,12,NO,1.8,3
00-0038979,Cedric Tillman,WR,CLE,2025,12,LV,0.5,1
00-0038994,Jordan Addison,WR,MIN,2025,12,GB,0.0,0
00-0038997,Josh Downs,WR,IND,2025,12,KC,1.0,2
00-0039032,Tyjae Spears,RB,TEN,2025,12,SEA,2.5,4
00-0039041,Elijah Higgins,TE,ARI,2025,12,JAX,0.0,0
00-0039064,Zay Flowers,WR,BAL,2025,12,NYJ,6.9,5
00-0039066,Michael Mayer,TE,LV,2025,12,CLE,1.4,1
00-0039067,Rashee Rice,WR,KC,2025,12,IND,16.1,8
00-0039074,Davis Allen,TE,LA,2025,12,TB,2.9,3
00-0039075,Puka Nacua,WR,LA,2025,12,TB,9.7,7
00-0039139,Jahmyr Gibbs,RB,DET,2025,12,NYG,44.4,11
00-0039144,Luke Musgrave,TE,GB,2025,12,MIN,0.7,1
00-0039150,Bryce Young,QB,CAR,2025,12,SF,8.26,0
00-0039165,Zach Charbonnet,RB,SEA,2025,12,TEN,9.5,0
00-0039338,Brock Bowers,TE,LV,2025,12,CLE,5.5,6
00-0039342,Xavier Legette,WR,CAR,2025,12,SF,2.2,3
00-0039356,Ja'Tavion Sanders,TE,CAR,2025,12,SF,0.6,1
00-0039359,Cade Stover,TE,HOU,2025,12,BUF,0.0,0
00-0039384,Tyrone Tracy Jr.,RB,NYG,2025,12,DET,13.0,3
00-0039407,Dylan Laube,RB,LV,2025,12,CLE,0.0,0
00-0039410,Ryan Flournoy,WR,DAL,2025,12,PHI,0.0,0
00-0039424,Devaughn Vele,WR,NO,2025,12,ATL,3.7,3
00-0039451,Isaiah Williams,WR,NYJ,2025,12,BAL,0.0,0
00-0039491,Jalen Coker,WR,CAR,2025,12,SF,3.2,3
00-0039521,Xavier Weaver,WR,ARI,2025,12,JAX,0.9,1
00-0039530,Brevyn Spann-Ford,TE,DAL,2025,12,PHI,6.4,1
00-0039577,Kedon Slovis,QB,ARI,2025,12,JAX,-0.08,0
00-0039589,Kameron Johnson,WR,TB,2025,12,LA,0.0,0
00-0039603,British Brooks,RB,HOU,2025,12,BUF,0.0,0
00-0039623,Mason Tipton,WR,NO,2025,12,ATL,3.3,3
00-0039738,Blake Corum,RB,LA,2025,12,TB,2.4,0
00-0039739,Roman Wilson,WR,PIT,2025,12,CHI,0.0,0
00-0039746,Will Shipley,RB,PHI,2025,12,DAL,0.0,0
00-0039751,Jordan Whittington,WR,LA,2025,12,TB,1.7,3
00-0039757,Terrell Jennings,RB,NE,2025,12,CIN,0.0,0
00-0039792,Devontez Walker,WR,BAL,2025,12,NYJ,3.0,1
00-0039793,AJ Barner,TE,SEA,2025,12,TEN,1.8,2
00-0039798,Isaiah Davis,RB,NYJ,2025,12,BAL,0.7,0
00-0039816,Anthony Gould,WR,IND,2025,12,KC,0.0,0
00-0039847,Theo Johnson,TE,NYG,2025,12,DET,7.7,3
00-0039851,Drake Maye,QB,NE,2025,12,CIN,15.96,0
00-0039875,Ray Davis,RB,BUF,2025,12,HOU,6.0,0
00-0039890,Adonai Mitchell,WR,NYJ,2025,12,BAL,4.2,2
00-0039894,Xavier Worthy,WR,KC,2025,12,IND,5.9,4
00-0039916,Ricky Pearsall,WR,SF,2025,12,CAR,0.8,2
00-0039918,Caleb Williams,QB,CHI,2025,12,PIT,21.66,0
00-0039919,Rome Odunze,WR,CHI,2025,12,PIT,5.3,3
00-0039920,Malachi Corley,WR,CLE,2025,12,LV,0.2,1
00-0039923,J.J. McCarthy,QB,MIN,2025,12,GB,0.48,0
00-0040009,Savion Williams,WR,GB,2025,12,MIN,0.0,0
00-0040024,Darius Cooper,WR,PHI,2025,12,DAL,0.7,2
00-0040075,LaJohntay Wester,WR,BAL,2025,12,NYJ,0.0,0
00-0040078,Brashard Smith,RB,KC,2025,12,IND,3.6,3
00-0040122,Ashton Jeanty,RB,LV,2025,12,CLE,16.8,8
00-0040124,Tetairoa McMillan,WR,CAR,2025,12,SF,9.5,2
00-0040126,Colston Loveland,TE,CHI,2025,12,PIT,10.9,4
00-0040128,Tyler Warren,TE,IND,2025,12,KC,4.5,5
00-0040129,Emeka Egbuka,WR,TB,2025,12,LA,3.2,3
00-0040130,Jayden Higgins,WR,HOU,2025,12,BUF,9.8,4
00-0040131,Kyle Williams,WR,NE,2025,12,CIN,1.8,1
00-0040138,Jaylin Noel,WR,HOU,2025,12,BUF,0.9,1
00-0040154,Tai Felton,WR,MIN,2025,12,GB,0.0,0
00-0040162,Dylan Sampson,RB,CLE,2025,12,LV,14.2,2
00-0040187,Mitchell Evans,TE,CAR,2025,12,SF,0.0,0
00-0040194,Jackson Hawes,TE,BUF,2025,12,HOU,2.6,2
00-0040202,Devin Neal,RB,NO,2025,12,ATL,6.1,5
00-0040205,Kalel Mullings,RB,TEN,2025,12,SEA,0.0,0
00-0040208,Tahj Brooks,RB,CIN,2025,12,NE,0.5,0
00-0040218,Jimmy Horn Jr.,WR,CAR,2025,12,SF,1.1,1
00-0040236,Kyle Monangai,RB,CHI,2025,12,PIT,10.8,0
00-0040237,Tez Johnson,WR,TB,2025,12,LA,9.3,3
00-0040238,LeQuint Allen Jr.,RB,JAX,2025,12,ARI,0.2,0
00-0040259,Gage Larvadain,WR,CLE,2025,12,LV,0.0,0
00-0040506,Myles Price,WR,MIN,2025,12,GB,0.0,0
00-0040522,Xavier Restrepo,WR,TEN,2025,12,SEA,2.6,2
00-0040534,Ke'Shawn Williams,WR,PIT,2025,12,CHI,0.0,0
00-0040581,Dont'e Thornton Jr.,WR,LV,2025,12,CLE,1.4,1
00-0040582,Arian Smith,WR,NYJ,2025,12,BAL,0.8,0
00-0040583,Woody Marks,RB,HOU,2025,12,BUF,6.9,1
00-0040584,Gunnar Helm,TE,TEN,2025,12,SEA,5.1,6
00-0040590,Konata Mumpfield,WR,LA,2025,12,TB,2.5,2
00-0040644,Trevor Etienne,RB,CAR,2025,12,SF,0.0,0
00-0040663,Harold Fannin Jr.,TE,CLE,2025,12,LV,4.4,4
00-0040668,Shedeur Sanders,QB,CLE,2025,12,LV,10.26,0
00-0040669,Isaac TeSlaa,WR,DET,2025,12,NYG,0.0,0
00-0040676,Cam Ward,QB,TEN,2025,12,SEA,23.94,0
00-0040705,Chimere Dike,WR,TEN,2025,12,SEA,16.4,5
00-0040719,Bhayshul Tuten,RB,JAX,2025,12,ARI,1.7,0
00-0040734,TreVeyon Henderson,RB,NE,2025,12,CIN,8.1,3
00-0040735,Luther Burden III,WR,CHI,2025,12,PIT,6.1,3
00-0040736,Mason Taylor,TE,NYJ,2025,12,BAL,2.1,3
00-0040737,Terrance Ferguson,TE,LA,2025,12,TB,0.0,0
00-0040739,Elijah Arroyo,TE,SEA,2025,12,TEN,0.5,1
00-0040743,Tyler Shough,QB,NO,2025,12,ATL,7.92,0
00-0040782,Isaiah Bond,WR,CLE,2025,12,LV,5.8,2
00-0040784,Quinshon Judkins,RB,CLE,2025,12,LV,16.7,0
00-0023459,Aaron Rodgers,QB,PIT,2025,13,BUF,2.68,0
00-0026498,Matthew Stafford,QB,LA,2025,13,CAR,11.62,0
00-0028118,Tyrod Taylor,QB,NYJ,2025,13,ATL,21.28,0
00-0029604,Kirk Cousins,QB,ATL,2025,13,NYJ,13.36,0
00-0030061,Zach Ertz,TE,WAS,2025,13,DEN,10.6,10
00-0030279,Keenan Allen,WR,LAC,2025,13,LV,3.0,4
00-0030506,Travis Kelce,TE,KC,2025,13,DAL,10.5,5
00-0030564,DeAndre Hopkins,WR,BAL,2025,13,CIN,2.5,2
00-0030565,Geno Smith,QB,LV,2025,13,LAC,12.0,0
00-0031236,Brandin Cooks,WR,BUF,2025,13,PIT,1.3,1
00-0031381,Davante Adams,WR,LA,2025,13,CAR,17.8,4
00-0031588,Stefon Diggs,WR,NE,2025,13,NYG,2.6,3
00-0031610,Darren Waller,TE,MIA,2025,13,NO,4.7,2
00-0031687,Raheem Mostert,RB,LV,2025,13,LAC,0.6,0
00-0032104,Ameer Abdullah,RB,IND,2025,13,HOU,0.0,0
00-0032211,Tyler Lockett,WR,LV,2025,13,LAC,1.1,1
00-0032268,Marcus Mariota,QB,WAS,2025,13,DEN,23.26,0
00-0032385,Sterling Shepard,WR,TB,2025,13,ARI,0.5,1
00-0032764,Derrick Henry,RB,BAL,2025,13,CIN,16.4,1
00-0032775,Demarcus Robinson,WR,SF,2025,13,CLE,0.6,0
00-0032951,Laquon Treadwell,WR,IND,2025,13,HOU,0.0,0
00-0033077,Dak Prescott,QB,DAL,2025,13,KC,20.6,0
00-0033090,Hunter Henry,TE,NE,2025,13,NYG,7.3,4
00-0033106,Jared Goff,QB,DET,2025,13,GB,20.64,0
00-0033119,Jacoby Brissett,QB,ARI,2025,13,TB,19.64,0
00-0033280,Christian McCaffrey,RB,SF,2025,13,CLE,13.4,4
00-0033288,George Kittle,TE,SF,2025,13,CLE,6.7,4
00-0033293,Aaron Jones,RB,MIN,2025,13,SEA,0.5,4
00-0033307,Kendrick Bourne,WR,SF,2025,13,CLE,0.0,0
00-0033319,Nick Mullens,QB,JAX,2025,13,TEN,-0.3,0
00-0033357,Taysom Hill,TE,NO,2025,13,MIA,0.7,1
00-0033375,Tim Patrick,WR,JAX,2025,13,TEN,1.1,1
00-0033455,Anthony Firkser,TE,DET,2025,13,GB,0.4,1
00-0033526,Samaje Perine,RB,CIN,2025,13,BAL,3.4,2
00-0033555,Mack Hollins,WR,NE,2025,13,NYG,2.3,3
00-0033572,Jamal Agnew,WR,ATL,2025,13,NYJ,0.0,0
00-0033854,Dare Ogunbowale,RB,HOU,2025,13,IND,0.0,0
00-0033857,JuJu Smith-Schuster,WR,KC,2025,13,DAL,0.0,0
00-0033858,Jonnu Smith,TE,PIT,2025,13,BUF,0.6,1
00-0033873,Patrick Mahomes,QB,KC,2025,13,DAL,29.44,0
00-0033881,Evan Engram,TE,DEN,2025,13,WAS,7.9,6
00-0033885,David Njoku,TE,CLE,2025,13,SF,0.4,2
00-0033908,Cooper Kupp,WR,SEA,2025,13,MIN,2.4,3
00-0033921,Chris Godwin Jr.,WR,TB,2025,13,ARI,7.8,3
00-0033923,Kareem Hunt,RB,KC,2025,13,DAL,8.0,1
00-0033955,Jeremy McNichols,RB,WAS,2025,13,DEN,3.0,2
00-0034073,Ross Dwelley,TE,DET,2025,13,GB,0.3,1
00-0034348,Courtland Sutton,WR,DEN,2025,13,WAS,12.2,5
00-0034351,Dallas Goedert,TE,PHI,2025,13,CHI,2.7,2
00-0034365,Ian Thomas,TE,LV,2025,13,LAC,0.8,1
00-0034383,Dalton Schultz,TE,HOU,2025,13,IND,5.5,7
00-0034418,Cedrick Wilson Jr.,WR,MIA,2025,13,NO,1.6,1
00-0034521,Allen Lazard,WR,NYJ,2025,13,ATL,1.0,1
00-0034613,Tanner Hudson,TE,CIN,2025,13,BAL,7.4,1
00-0034753,Mark Andrews,TE,BAL,2025,13,CIN,4.7,4
00-0034771,Mason Rudolph,QB,PIT,2025,13,BUF,-2.0,0
00-0034791,Nick Chubb,RB,HOU,2025,13,IND,9.4,0
00-0034796,Lamar Jackson,QB,BAL,2025,13,CIN,6.54,0
00-0034827,DJ Moore,WR,CHI,2025,13,PHI,2.7,2
00-0034829,Mike Gesicki,TE,CIN,2025,13,BAL,1.9,2
00-0034844,Saquon Barkley,RB,PHI,2025,13,CHI,5.6,0
00-0034855,Baker Mayfield,QB,TB,2025,13,ARI,14.46,0
00-0034857,Josh Allen,QB,BUF,2025,13,PIT,16.72,0
00-0034860,Dante Pettis,WR,NO,2025,13,MIA,0.0,0
00-0034869,Sam Darnold,QB,SEA,2025,13,MIN,3.12,0
00-0034960,Jakobi Meyers,WR,JAX,2025,13,TEN,15.3,6
00-0034981,Foster Moreau,TE,NO,2025,13,MIA,1.3,2
00-0035208,Olamide Zaccheaus,WR,CHI,2025,13,PHI,1.9,2
00-0035229,T.J. Hockenson,TE,MIN,2025,13,SEA,5.9,6
00-0035250,Devin Singletary,RB,NYG,2025,13,NE,16.2,3
00-0035261,Tony Pollard,RB,TEN,2025,13,JAX,4.3,1
00-0035311,Myles Gaskin,RB,SEA,2025,13,MIN,0.6,0
00-0035359,David Sills,WR,ATL,2025,13,NYJ,7.5,2
00-0035406,Lil'Jordan Humphrey,WR,DEN,2025,13,WAS,0.0,0
00-0035500,Greg Dortch,WR,ARI,2025,13,TB,1.4,2
00-0035535,Darius Slayton,WR,NYG,2025,13,NE,12.1,2
00-0035537,Ty Johnson,RB,BUF,2025,13,PIT,2.5,3
00-0035544,Tom Kennedy,WR,DET,2025,13,GB,3.6,4
00-0035594,Travis Homer,RB,CHI,2025,13,PHI,0.0,0
00-0035602,Alex Bachman,WR,LV,2025,13,LAC,0.0,0
00-0035631,Drew Sample,TE,CIN,2025,13,BAL,1.7,1
00-0035640,DK Metcalf,WR,PIT,2025,13,BUF,3.2,3
00-0035644,Noah Fant,TE,CIN,2025,13,BAL,0.3,1
00-0035645,Gunner Olszewski,WR,NYG,2025,13,NE,0.0,0
00-0035659,Terry McLaurin,WR,WAS,2025,13,DEN,15.6,7
00-0035662,Marquise Brown,WR,KC,2025,13,DAL,8.0,2
00-0035676,A.J. Brown,WR,PHI,2025,13,CHI,25.2,10
00-0035685,David Montgomery,RB,DET,2025,13,GB,10.8,2
00-0035689,Dawson Knox,TE,BUF,2025,13,PIT,2.8,3
00-0035700,Josh Jacobs,RB,GB,2025,13,DET,9.1,1
00-0035710,Daniel Jones,QB,IND,2025,13,HOU,16.14,0
00-0035719,Deebo Samuel Sr.,WR,WAS,2025,13,DEN,6.1,5
00-0035876,Andre Baccellia,WR,ARI,2025,13,TB,0.0,0
00-0035891,Cody White,WR,SEA,2025,13,MIN,2.1,1
00-0036040,Juwan Johnson,TE,NO,2025,13,MIA,3.9,5
00-0036133,James Proche,WR,TEN,2025,13,JAX,1.3,1
00-0036139,Rico Dowdle,RB,CAR,2025,13,LA,7.9,2
00-0036165,Isaiah Hodgins,WR,NYG,2025,13,NE,0.4,1
00-0036182,Nick Westbrook-Ikhine,WR,MIA,2025,13,NO,0.0,0
00-0036187,Reggie Gilliam,RB,BUF,2025,13,PIT,0.0,0
00-0036196,Gabe Davis,WR,BUF,2025,13,PIT,0.5,1
00-0036212,Tua Tagovailoa,QB,MIA,2025,13,NO,4.68,0
00-0036223,Jonathan Taylor,RB,IND,2025,13,HOU,12.1,3
00-0036244,Colby Parkinson,TE,LA,2025,13,CAR,2.7,4
00-0036252,Michael Pittman,WR,IND,2025,13,HOU,1.3,1
00-0036259,Jauan Jennings,WR,SF,2025,13,CLE,9.9,4
00-0036264,Jordan Love,QB,GB,2025,13,DET,25.76,0
00-0036275,D'Andre Swift,RB,CHI,2025,13,PHI,19.8,1
00-0036290,Cole Kmet,TE,CHI,2025,13,PHI,9.6,3
00-0036309,Darnell Mooney,WR,ATL,2025,13,NYJ,2.5,2
00-0036322,Justin Jefferson,WR,MIN,2025,13,SEA,0.4,2
00-0036331,Devin Duvernay,WR,CHI,2025,13,PHI,0.0,0
00-0036355,Justin Herbert,QB,LAC,2025,13,LV,12.84,0
00-0036358,CeeDee Lamb,WR,DAL,2025,13,KC,17.2,7
00-0036389,Jalen Hurts,QB,PHI,2025,13,CHI,16.3,0
00-0036407,Jerry Jeudy,WR,CLE,2025,13,SF,2.6,3
00-0036415,Van Jefferson,WR,TEN,2025,13,JAX,2.0,3
00-0036422,Adam Trautman,TE,DEN,2025,13,WAS,4.7,3
00-0036442,Joe Burrow,QB,CIN,2025,13,BAL,19.24,0
00-0036550,Rashod Bateman,WR,BAL,2025,13,CIN,0.0,0
00-0036554,Nico Collins,WR,HOU,2025,13,IND,16.5,5
00-0036555,Chuba Hubbard,RB,CAR,2025,13,LA,18.4,2
00-0036569,Gary Brightwell,RB,CIN,2025,13,BAL,0.0,0
00-0036590,Quintin Morris,TE,JAX,2025,13,TEN,1.4,1
00-0036613,Jaylen Waddle,WR,MIA,2025,13,NO,4.0,3
00-0036628,John Bates,TE,WAS,2025,13,DEN,0.9,2
00-0036755,Jaret Patterson,RB,LAC,2025,13,LV,11.4,0
00-0036841,Austin Trammell,WR,JAX,2025,13,TEN,0.0,0
00-0036862,Ben Skowronek,WR,PIT,2025,13,BUF,0.0,0
00-0036875,Rhamondre Stevenson,RB,NE,2025,13,NYG,8.0,3
00-0036887,Luke Farrell,TE,SF,2025,13,CLE,0.0,0
00-0036900,Ja'Marr Chase,WR,CIN,2025,13,BAL,11.0,7
00-0036912,DeVonta Smith,WR,PHI,2025,13,CHI,4.8,5
00-0036919,Kenny Gainwell,RB,PIT,2025,13,BUF,4.5,2
00-0036924,Michael Carter,RB,ARI,2025,13,TB,6.4,5
00-0036963,Amon-Ra St. Brown,WR,DET,2025,13,GB,0.0,0
00-0036970,Kyle Pitts,TE,ATL,2025,13,NYJ,8.2,7
00-0036971,Trevor Lawrence,QB,JAX,2025,13,TEN,21.66,0
00-0036972,Mac Jones,QB,SF,2025,13,CLE,0.2,0
00-0036973,Travis Etienne,RB,JAX,2025,13,TEN,4.1,1
00-0036997,Javonte Williams,RB,DAL,2025,13,KC,14.0,3
00-0037005,Tommy Tremble,TE,CAR,2025,13,LA,0.2,1
00-0037012,Trey Lance,QB,LAC,2025,13,LV,0.76,0
00-0037085,Tyler Badie,RB,DEN,2025,13,WAS,1.8,3
00-0037091,Bo Melton,WR,GB,2025,13,DET,1.5,0
00-0037120,Tyler Goodson,RB,IND,2025,13,HOU,0.0,0
00-0037132,Britain Covey,WR,PHI,2025,13,CHI,0.0,0
00-0037157,Bam Knight,RB,ARI,2025,13,TB,13.8,3
00-0037197,Isiah Pacheco,RB,KC,2025,13,DAL,3.3,2
00-0037228,Jaylen Warren,RB,PIT,2025,13,BUF,10.4,2
00-0037239,Chris Olave,WR,NO,2025,13,MIA,10.7,4
00-0037240,Jameson Williams,WR,DET,2025,13,GB,19.9,7
00-0037247,George Pickens,WR,DAL,2025,13,KC,10.8,6
00-0037248,James Cook,RB,BUF,2025,13,PIT,15.7,3
00-0037252,Greg Dulcich,TE,MIA,2025,13,NO,2.4,2
00-0037256,Rachaad White,RB,TB,2025,13,ARI,2.9,3
00-0037261,Khalil Shakir,WR,BUF,2025,13,PIT,0.5,1
00-0037263,Tyler Allgeier,RB,ATL,2025,13,NYJ,11.5,2
00-0037267,Jerome Ford,RB,CLE,2025,13,SF,1.7,3
00-0037291,Jalen Nailor,WR,MIN,2025,13,SEA,0.0,0
00-0037292,Andrew Ogletree,TE,IND,2025,13,HOU,0.8,1
00-0037306,John FitzPatrick,TE,GB,2025,13,DET,0.0,0
00-0037487,Deven Thompkins,WR,ATL,2025,13,NYJ,2.8,2
00-0037525,Jordan Mason,RB,MIN,2025,13,SEA,4.8,1
00-0037545,Rashid Shaheed,WR,SEA,2025,13,MIN,1.6,1
00-0037557,Ronnie Rivers,RB,LA,2025,13,CAR,0.0,0
00-0037563,Malik Davis,RB,DAL,2025,13,KC,10.7,0
00-0037594,Julius Chestnut,RB,TEN,2025,13,JAX,0.0,0
00-0037614,John Metchie III,WR,NYJ,2025,13,ATL,1.7,4
00-0037664,Alec Pierce,WR,IND,2025,13,HOU,13.8,4
00-0037666,Jalen Tolbert,WR,DAL,2025,13,KC,0.0,0
00-0037741,Jahan Dotson,WR,PHI,2025,13,CHI,1.2,1
00-0037742,Treylon Burks,WR,WAS,2025,13,DEN,6.5,1
00-0037744,Trey McBride,TE,ARI,2025,13,TB,14.2,8
00-0037746,Brian Robinson,RB,SF,2025,13,CLE,2.6,0
00-0037801,KaVontae Turpin,WR,DAL,2025,13,KC,6.1,2
00-0037805,Jeremy Ruckert,TE,NYJ,2025,13,ATL,1.2,2
00-0037809,Chig Okonkwo,TE,TEN,2025,13,JAX,2.9,4
00-0037816,Romeo Doubs,WR,GB,2025,13,DET,8.0,4
00-0037834,Brock Purdy,QB,SF,2025,13,CLE,17.12,0
00-0037837,Calvin Austin III,WR,PIT,2025,13,BUF,0.0,0
00-0037838,Isaiah Likely,TE,BAL,2025,13,CIN,7.5,5
00-0037840,Kyren Williams,RB,LA,2025,13,CAR,13.2,0
00-0038041,Jake Ferguson,TE,DAL,2025,13,KC,3.6,5
00-0038046,Charlie Kolar,TE,BAL,2025,13,CIN,1.7,1
00-0038090,Skyy Moore,WR,SF,2025,13,CLE,0.0,0
00-0038104,Tyquan Thornton,WR,KC,2025,13,DAL,0.0,0
00-0038117,Wan'Dale Robinson,WR,NYG,2025,13,NE,3.4,7
00-0038120,Breece Hall,RB,NYJ,2025,13,ATL,13.6,2
00-0038124,Christian Watson,WR,GB,2025,13,DET,14.3,4
00-0038129,Cade Otton,TE,TB,2025,13,ARI,0.9,2
00-0038134,Kenneth Walker III,RB,SEA,2025,13,MIN,7.4,3
00-0038359,Xavier Smith,WR,LA,2025,13,CAR,8.2,3
00-0038393,Dontayvion Wicks,WR,GB,2025,13,DET,22.0,6
00-0038397,Evan Hull,RB,NO,2025,13,MIA,1.5,0
00-0038440,Zavier Scott,RB,MIN,2025,13,SEA,2.1,1
00-0038454,Keaton Mitchell,RB,BAL,2025,13,CIN,9.1,2
00-0038465,Malik Heath,WR,GB,2025,13,DET,0.0,0
00-0038519,Nikko Remigio,WR,KC,2025,13,DAL,0.0,0
00-0038542,Bijan Robinson,RB,ATL,2025,13,NYJ,25.3,5
00-0038543,Jaxon Smith-Njigba,WR,SEA,2025,13,MIN,2.3,2
00-0038544,Quentin Johnston,WR,LAC,2025,13,LV,8.3,3
00-0038547,Luke Schoonmaker,TE,DAL,2025,13,KC,0.1,1
00-0038558,Darnell Washington,TE,PIT,2025,13,BUF,4.5,2
00-0038559,Michael Wilson,WR,ARI,2025,13,TB,3.6,3
00-0038563,Tre Tucker,WR,LV,2025,13,LAC,2.0,3
00-0038564,Cameron Latu,TE,PHI,2025,13,CHI,0.0,0
00-0038573,Derius Davis,WR,LAC,2025,13,LV,0.0,0
00-0038576,Charlie Jones,WR,CIN,2025,13,BAL,0.0,0
00-0038589,Josh Whyle,TE,GB,2025,13,DET,0.0,0
00-0038597,Chase Brown,RB,CIN,2025,13,BAL,11.3,7
00-0038606,Parker Washington,WR,JAX,2025,13,TEN,2.6,1
00-0038608,Kayshon Boutte,WR,NE,2025,13,NYG,9.5,4
00-0038611,Chris Rodriguez Jr.,RB,WAS,2025,13,DEN,10.1,0
00-0038618,Xavier Hutchinson,WR,HOU,2025,13,IND,3.9,2
00-0038619,Andrei Iosivas,WR,CIN,2025,13,BAL,8.9,1
00-0038621,DeMario Douglas,WR,NE,2025,13,NYG,3.3,3
00-0038685,Chris Brooks,RB,GB,2025,13,DET,0.9,2
00-0038710,Blake Whiteheart,TE,CLE,2025,13,SF,0.0,0
00-0038720,Julian Hill,TE,MIA,2025,13,NO,0.0,0
00-0038794,Jaleel McLaughlin,RB,DEN,2025,13,WAS,3.0,1
00-0038797,Emanuel Wilson,RB,GB,2025,13,DET,1.4,0
00-0038824,Ryan Miller,WR,TB,2025,13,ARI,0.0,0
00-0038839,Mitchell Tinsley,WR,CIN,2025,13,BAL,2.2,2
00-0038840,Brycen Tremayne,WR,CAR,2025,13,LA,0.0,0
00-0038935,Brenton Strange,TE,JAX,2025,13,TEN,10.5,3
00-0038951,Sean Tucker,RB,TB,2025,13,ARI,0.0,0
00-0038953,Dylan Drummond,WR,ATL,2025,13,NYJ,0.3,1
00-0038976,Marvin Mims Jr.,WR,DEN,2025,13,WAS,1.7,2
00-0038979,Cedric Tillman,WR,CLE,2025,13,SF,0.0,0
00-0038994,Jordan Addison,WR,MIN,2025,13,SEA,3.6,5
00-0038997,Josh Downs,WR,IND,2025,13,HOU,4.4,2
00-0039032,Tyjae Spears,RB,TEN,2025,13,JAX,2.4,6
00-0039040,De'Von Achane,RB,MIA,2025,13,NO,19.4,0
00-0039041,Elijah Higgins,TE,ARI,2025,13,TB,1.7,2
00-0039050,Payne Durham,TE,TB,2025,13,ARI,1.1,1
00-0039064,Zay Flowers,WR,BAL,2025,13,CIN,-1.4,2
00-0039067,Rashee Rice,WR,KC,2025,13,DAL,21.4,8
00-0039074,Davis Allen,TE,LA,2025,13,CAR,0.4,1
00-0039075,Puka Nacua,WR,LA,2025,13,CAR,7.2,6
00-0039139,Jahmyr Gibbs,RB,DET,2025,13,GB,8.6,3
00-0039144,Luke Musgrave,TE,GB,2025,13,DET,2.3,1
00-0039150,Bryce Young,QB,CAR,2025,13,LA,22.54,0
00-0039163,C.J. Stroud,QB,HOU,2025,13,IND,9.04,0
00-0039165,Zach Charbonnet,RB,SEA,2025,13,MIN,11.2,0
00-0039338,Brock Bowers,TE,LV,2025,13,LAC,18.3,4
00-0039342,Xavier Legette,WR,CAR,2025,13,LA,0.1,1
00-0039356,Ja'Tavion Sanders,TE,CAR,2025,13,LA,0.0,0
00-0039359,Cade Stover,TE,HOU,2025,13,IND,1.9,2
00-0039361,Bucky Irving,RB,TB,2025,13,ARI,14.1,2
00-0039363,Isaac Guerendo,RB,SF,2025,13,CLE,0.0,0
00-0039364,Sione Vaki,RB,DET,2025,13,GB,0.0,0
00-0039384,Tyrone Tracy Jr.,RB,NYG,2025,13,NE,3.3,1
00-0039391,Kimani Vidal,RB,LAC,2025,13,LV,19.7,1
00-0039407,Dylan Laube,RB,LV,2025,13,LAC,0.0,0
00-0039410,Ryan Flournoy,WR,DAL,2025,13,KC,3.4,3
00-0039424,Devaughn Vele,WR,NO,2025,13,MIA,15.3,8
00-0039451,Isaiah Williams,WR,NYJ,2025,13,ATL,0.0,0
00-0039491,Jalen Coker,WR,CAR,2025,13,LA,13.4,4
00-0039521,Xavier Weaver,WR,ARI,2025,13,TB,0.0,0
00-0039530,Brevyn Spann-Ford,TE,DAL,2025,13,KC,0.0,0
00-0039589,Kameron Johnson,WR,TB,2025,13,ARI,0.0,0
00-0039623,Mason Tipton,WR,NO,2025,13,MIA,1.9,3
00-0039648,David Martin-Robinson,TE,TEN,2025,13,JAX,0.0,0
00-0039686,Colson Yankoff,TE,WAS,2025,13,DEN,1.4,1
00-0039732,Bo Nix,QB,DEN,2025,13,WAS,16.44,0
00-0039738,Blake Corum,RB,LA,2025,13,CAR,14.1,0
00-0039739,Roman Wilson,WR,PIT,2025,13,BUF,0.0,0
00-0039746,Will Shipley,RB,PHI,2025,13,CHI,1.1,1
00-0039751,Jordan Whittington,WR,LA,2025,13,CAR,0.0,0
00-0039754,Devin Culp,TE,TB,2025,13,ARI,0.0,0
00-0039757,Terrell Jennings,RB,NE,2025,13,NYG,0.0,0
00-0039792,Devontez Walker,WR,BAL,2025,13,CIN,0.0,0
00-0039793,AJ Barner,TE,SEA,2025,13,MIN,3.7,4
00-0039796,Rasheen Ali,RB,BAL,2025,13,CIN,1.7,0
00-0039798,Isaiah Davis,RB,NYJ,2025,13,ATL,0.0,0
00-0039816,Anthony Gould,WR,IND,2025,13,HOU,0.0,0
00-0039824,Jared Wiley,TE,KC,2025,13,DAL,0.4,1
00-0039847,Theo Johnson,TE,NYG,2025,13,NE,2.9,3
00-0039849,Marvin Harrison Jr.,WR,ARI,2025,13,TB,6.9,6
00-0039851,Drake Maye,QB,NE,2025,13,NYG,20.48,0
00-0039868,Troy Franklin,WR,DEN,2025,13,WAS,2.1,2
00-0039874,Jaylen Wright,RB,MIA,2025,13,NO,1.6,0
00-0039875,Ray Davis,RB,BUF,2025,13,PIT,6.2,0
00-0039880,Malik Washington,WR,MIA,2025,13,NO,3.0,4
00-0039890,Adonai Mitchell,WR,NYJ,2025,13,ATL,16.2,8
00-0039893,Brian Thomas Jr.,WR,JAX,2025,13,TEN,2.8,2
00-0039894,Xavier Worthy,WR,KC,2025,13,DAL,7.4,4
00-0039901,Keon Coleman,WR,BUF,2025,13,PIT,6.9,2
00-0039915,Ladd McConkey,WR,LAC,2025,13,LV,9.9,4
00-0039916,Ricky Pearsall,WR,SF,2025,13,CLE,1.4,2
00-0039918,Caleb Williams,QB,CHI,2025,13,PHI,9.46,0
00-0039919,Rome Odunze,WR,CHI,2025,13,PHI,0.8,2
00-0039920,Malachi Corley,WR,CLE,2025,13,SF,0.9,0
00-0040058,Nick Kallerup,TE,SEA,2025,13,MIN,0.0,0
00-0040078,Brashard Smith,RB,KC,2025,13,DAL,0.0,0
00-0040122,Ashton Jeanty,RB,LV,2025,13,LAC,6.1,6
00-0040124,Tetairoa McMillan,WR,CAR,2025,13,LA,10.3,1
00-0040126,Colston Loveland,TE,CHI,2025,13,PHI,2.8,3
00-0040128,Tyler Warren,TE,IND,2025,13,HOU,8.2,3
00-0040129,Emeka Egbuka,WR,TB,2025,13,ARI,4.2,4
00-0040130,Jayden Higgins,WR,HOU,2025,13,IND,6.5,5
00-0040131,Kyle Williams,WR,NE,2025,13,NYG,9.3,1
00-0040134,Pat Bryant,WR,DEN,2025,13,WAS,4.2,3
00-0040138,Jaylin Noel,WR,HOU,2025,13,IND,0.0,0
00-0040142,Kaleb Johnson,RB,PIT,2025,13,BUF,0.3,0
00-0040154,Tai Felton,WR,MIN,2025,13,SEA,0.0,0
00-0040162,Dylan Sampson,RB,CLE,2025,13,SF,2.3,0
00-0040164,Jaylin Lane,WR,WAS,2025,13,DEN,0.0,0
00-0040170,Elic Ayomanor,WR,TEN,2025,13,JAX,0.5,1
00-0040187,Mitchell Evans,TE,CAR,2025,13,LA,2.0,3
00-0040189,Oronde Gadsden II,TE,LAC,2025,13,LV,2.7,1
00-0040194,Jackson Hawes,TE,BUF,2025,13,PIT,1.0,1
00-0040198,Ollie Gordon II,RB,MIA,2025,13,NO,1.0,0
00-0040202,Devin Neal,RB,NO,2025,13,MIA,6.9,3
00-0040236,Kyle Monangai,RB,CHI,2025,13,PHI,19.0,0
00-0040237,Tez Johnson,WR,TB,2025,13,ARI,0.5,1
00-0040238,LeQuint Allen Jr.,RB,JAX,2025,13,TEN,0.0,0
00-0040242,Jacory Croskey-Merritt,RB,WAS,2025,13,DEN,2.0,0
00-0040259,Gage Larvadain,WR,CLE,2025,13,SF,2.3,2
00-0040494,Max Brosmer,QB,MIN,2025,13,SEA,-3.06,0
00-0040506,Myles Price,WR,MIN,2025,13,SEA,0.0,0
00-0040522,Xavier Restrepo,WR,TEN,2025,13,JAX,1.5,1
00-0040534,Ke'Shawn Williams,WR,PIT,2025,13,BUF,0.0,0
00-0040563,Efton Chism III,WR,NE,2025,13,NYG,0.0,0
00-0040581,Dont'e Thornton Jr.,WR,LV,2025,13,LAC,1.1,1
00-0040583,Woody Marks,RB,HOU,2025,13,IND,6.7,1
00-0040584,Gunnar Helm,TE,TEN,2025,13,JAX,2.3,6
00-0040590,Konata Mumpfield,WR,LA,2025,13,CAR,0.0,0
00-0040644,Trevor Etienne,RB,CAR,2025,13,LA,0.4,1
00-0040663,Harold Fannin Jr.,TE,CLE,2025,13,SF,8.3,3
00-0040668,Shedeur Sanders,QB,CLE,2025,13,SF,10.56,0
00-0040669,Isaac TeSlaa,WR,DET,2025,13,GB,9.5,2
00-0040676,Cam Ward,QB,TEN,2025,13,JAX,6.34,0
00-0040691,Jaxson Dart,QB,NYG,2025,13,NE,13.56,0
00-0040704,Dillon Gabriel,QB,CLE,2025,13,SF,0.0,0
00-0040705,Chimere Dike,WR,TEN,2025,13,JAX,0.9,1
00-0040719,Bhayshul Tuten,RB,JAX,2025,13,TEN,7.9,1
00-0040727,Tre Harris,WR,LAC,2025,13,LV,3.0,3
00-0040729,Jack Bech,WR,LV,2025,13,LAC,2.2,2
00-0040730,RJ Harvey,RB,DEN,2025,13,WAS,18.2,3
00-0040734,TreVeyon Henderson,RB,NE,2025,13,NYG,8.6,3
00-0040735,Luther Burden III,WR,CHI,2025,13,PHI,3.6,4
00-0040736,Mason Taylor,TE,NYJ,2025,13,ATL,2.1,2
00-0040737,Terrance Ferguson,TE,LA,2025,13,CAR,0.0,0
00-0040739,Elijah Arroyo,TE,SEA,2025,13,MIN,0.0,0
00-0040743,Tyler Shough,QB,NO,2025,13,MIA,17.36,0
00-0040782,Isaiah Bond,WR,CLE,2025,13,SF,2.7,1
00-0040784,Quinshon Judkins,RB,CLE,2025,13,SF,12.9,3
00-0023459,Aaron Rodgers,QB,PIT,2025,14,BAL,20.46,1
00-0026498,Matthew Stafford,QB,LA,2025,14,ARI,23.24,0
00-0028118,Tyrod Taylor,QB,NYJ,2025,14,MIA,-1.76,0
00-0029604,Kirk Cousins,QB,ATL,2025,14,SEA,2.48,0
00-0030035,Adam Thielen,WR,PIT,2025,14,BAL,0.4,1
00-0030061,Zach Ertz,TE,WAS,2025,14,MIN,1.1,1
00-0030279,Keenan Allen,WR,LAC,2025,14,PHI,2.2,3
00-0030506,Travis Kelce,TE,KC,2025,14,HOU,0.8,1
00-0030564,DeAndre Hopkins,WR,BAL,2025,14,PIT,0.0,0
00-0030565,Geno Smith,QB,LV,2025,14,DEN,9.04,0
00-0031345,Jimmy Garoppolo,QB,LA,2025,14,ARI,-0.4,0
00-0031381,Davante Adams,WR,LA,2025,14,ARI,2.9,4
00-0031610,Darren Waller,TE,MIA,2025,14,NYJ,1.7,1
00-0031687,Raheem Mostert,RB,LV,2025,14,DEN,0.2,1
00-0032104,Ameer Abdullah,RB,IND,2025,14,JAX,0.9,2
00-0032211,Tyler Lockett,WR,LV,2025,14,DEN,4.1,3
00-0032268,Marcus Mariota,QB,WAS,2025,14,MIN,-2.1,0
00-0032385,Sterling Shepard,WR,TB,2025,14,NO,0.5,1
00-0032764,Derrick Henry,RB,BAL,2025,14,PIT,10.2,1
00-0032951,Laquon Treadwell,WR,IND,2025,14,JAX,0.0,0
00-0033077,Dak Prescott,QB,DAL,2025,14,DET,18.44,0
00-0033106,Jared Goff,QB,DET,2025,14,DAL,16.16,0
00-0033119,Jacoby Brissett,QB,ARI,2025,14,LA,19.04,0
00-0033217,Mo Alie-Cox,TE,IND,2025,14,JAX,0.0,0
00-0033293,Aaron Jones,RB,MIN,2025,14,WAS,7.6,0
00-0033319,Nick Mullens,QB,JAX,2025,14,IND,0.02,0
00-0033357,Taysom Hill,TE,NO,2025,14,TB,-0.1,0
00-0033375,Tim Patrick,WR,JAX,2025,14,IND,13.8,5
00-0033376,Patrick Ricard,RB,BAL,2025,14,PIT,0.0,0
00-0033439,Pharaoh Brown,TE,ARI,2025,14,LA,0.0,0
00-0033455,Anthony Firkser,TE,DET,2025,14,DAL,0.7,1
00-0033526,Samaje Perine,RB,CIN,2025,14,BUF,3.8,1
00-0033572,Jamal Agnew,WR,ATL,2025,14,SEA,0.0,0
00-0033591,Noah Brown,WR,WAS,2025,14,MIN,1.9,1
00-0033854,Dare Ogunbowale,RB,HOU,2025,14,KC,6.5,0
00-0033857,JuJu Smith-Schuster,WR,KC,2025,14,HOU,0.5,1
00-0033858,Jonnu Smith,TE,PIT,2025,14,BAL,0.0,0
00-0033873,Patrick Mahomes,QB,KC,2025,14,HOU,5.3,1
00-0033881,Evan Engram,TE,DEN,2025,14,LV,0.8,2
00-0033885,David Njoku,TE,CLE,2025,14,TEN,6.1,1
00-0033908,Cooper Kupp,WR,SEA,2025,14,ATL,9.5,2
00-0033921,Chris Godwin Jr.,WR,TB,2025,14,NO,5.5,5
00-0033923,Kareem Hunt,RB,KC,2025,14,HOU,9.0,0
00-0033955,Jeremy McNichols,RB,WAS,2025,14,MIN,0.2,1
00-0034073,Ross Dwelley,TE,DET,2025,14,DAL,0.4,1
00-0034159,Will Dissly,TE,LAC,2025,14,PHI,0.1,1
00-0034272,Marquez Valdes-Scantling,WR,PIT,2025,14,BAL,0.0,0
00-0034348,Courtland Sutton,WR,DEN,2025,14,LV,6.2,6
00-0034351,Dallas Goedert,TE,PHI,2025,14,LAC,7.8,8
00-0034365,Ian Thomas,TE,LV,2025,14,DEN,1.7,2
00-0034383,Dalton Schultz,TE,HOU,2025,14,KC,2.2,3
00-0034487,Trent Sherfield,WR,ARI,2025,14,LA,0.0,0
00-0034521,Allen Lazard,WR,NYJ,2025,14,MIA,0.0,0
00-0034613,Tanner Hudson,TE,CIN,2025,14,BUF,1.1,1
00-0034753,Mark Andrews,TE,BAL,2025,14,PIT,0.9,1
00-0034775,Christian Kirk,WR,HOU,2025,14,KC,0.6,1
00-0034791,Nick Chubb,RB,HOU,2025,14,KC,0.3,0
00-0034796,Lamar Jackson,QB,BAL,2025,14,PIT,21.06,0
00-0034798,Durham Smythe,TE,CHI,2025,14,GB,0.2,1
00-0034827,DJ Moore,WR,CHI,2025,14,GB,-0.4,1
00-0034829,Mike Gesicki,TE,CIN,2025,14,BUF,14.6,6
00-0034844,Saquon Barkley,RB,PHI,2025,14,LAC,18.2,0
00-0034855,Baker Mayfield,QB,TB,2025,14,NO,11.08,0
00-0034857,Josh Allen,QB,BUF,2025,14,CIN,37.84,0
00-0034860,Dante Pettis,WR,NO,2025,14,TB,0.0,0
00-0034869,Sam Darnold,QB,SEA,2025,14,ATL,22.26,0
00-0034960,Jakobi Meyers,WR,JAX,2025,14,IND,10.8,4
00-0034981,Foster Moreau,TE,NO,2025,14,TB,1.6,1
00-0035208,Olamide Zaccheaus,WR,CHI,2025,14,GB,6.7,2
00-0035229,T.J. Hockenson,TE,MIN,2025,14,WAS,7.2,2
00-0035249,Josh Oliver,TE,MIN,2025,14,WAS,14.4,2
00-0035261,Tony Pollard,RB,TEN,2025,14,CLE,28.1,0
00-0035359,David Sills,WR,ATL,2025,14,SEA,0.0,0
00-0035406,Lil'Jordan Humphrey,WR,DEN,2025,14,LV,2.7,3
00-0035537,Ty Johnson,RB,BUF,2025,14,CIN,3.9,2
00-0035544,Tom Kennedy,WR,DET,2025,14,DAL,0.0,0
00-0035594,Travis Homer,RB,CHI,2025,14,GB,0.0,0
00-0035640,DK Metcalf,WR,PIT,2025,14,BAL,14.8,7
00-0035644,Noah Fant,TE,CIN,2025,14,BUF,1.5,1
00-0035659,Terry McLaurin,WR,WAS,2025,14,MIN,4.1,3
00-0035662,Marquise Brown,WR,KC,2025,14,HOU,3.5,1
00-0035676,A.J. Brown,WR,PHI,2025,14,LAC,10.0,6
00-0035685,David Montgomery,RB,DET,2025,14,DAL,13.3,1
00-0035689,Dawson Knox,TE,BUF,2025,14,CIN,11.3,6
00-0035700,Josh Jacobs,RB,GB,2025,14,CHI,15.2,2
00-0035704,Drew Lock,QB,SEA,2025,14,ATL,0.0,0
00-0035710,Daniel Jones,QB,IND,2025,14,JAX,0.8,0
00-0035719,Deebo Samuel Sr.,WR,WAS,2025,14,MIN,2.7,4
00-0035876,Andre Baccellia,WR,ARI,2025,14,LA,0.3,1
00-0035891,Cody White,WR,SEA,2025,14,ATL,0.9,1
00-0036040,Juwan Johnson,TE,NO,2025,14,TB,3.8,4
00-0036133,James Proche,WR,TEN,2025,14,CLE,0.0,0
00-0036182,Nick Westbrook-Ikhine,WR,MIA,2025,14,NYJ,0.0,0
00-0036187,Reggie Gilliam,RB,BUF,2025,14,CIN,0.0,0
00-0036196,Gabe Davis,WR,BUF,2025,14,CIN,2.1,2
00-0036212,Tua Tagovailoa,QB,MIA,2025,14,NYJ,9.08,0
00-0036223,Jonathan Taylor,RB,IND,2025,14,JAX,11.4,0
00-0036244,Colby Parkinson,TE,LA,2025,14,ARI,9.2,3
00-0036252,Michael Pittman,WR,IND,2025,14,JAX,7.9,9
00-0036264,Jordan Love,QB,GB,2025,14,CHI,19.26,0
00-0036275,D'Andre Swift,RB,CHI,2025,14,GB,8.2,3
00-0036290,Cole Kmet,TE,CHI,2025,14,GB,4.2,2
00-0036309,Darnell Mooney,WR,ATL,2025,14,SEA,0.6,1
00-0036322,Justin Jefferson,WR,MIN,2025,14,WAS,1.1,2
00-0036331,Devin Duvernay,WR,CHI,2025,14,GB,2.4,1
00-0036332,Josiah Deguara,TE,ARI,2025,14,LA,0.0,0
00-0036355,Justin Herbert,QB,LAC,2025,14,PHI,12.16,0
00-0036358,CeeDee Lamb,WR,DAL,2025,14,DET,12.1,6
00-0036389,Jalen Hurts,QB,PHI,2025,14,LAC,2.4,0
00-0036407,Jerry Jeudy,WR,CLE,2025,14,TEN,13.6,3
00-0036410,Tee Higgins,WR,CIN,2025,14,BUF,21.2,6
00-0036415,Van Jefferson,WR,TEN,2025,14,CLE,1.7,2
00-0036422,Adam Trautman,TE,DEN,2025,14,LV,1.7,2
00-0036442,Joe Burrow,QB,CIN,2025,14,BUF,23.36,0
00-0036527,DJ Turner,WR,LV,2025,14,DEN,0.0,0
00-0036550,Rashod Bateman,WR,BAL,2025,14,PIT,2.3,2
00-0036554,Nico Collins,WR,HOU,2025,14,KC,12.1,4
00-0036590,Quintin Morris,TE,JAX,2025,14,IND,0.0,0
00-0036613,Jaylen Waddle,WR,MIA,2025,14,NYJ,13.1,5
00-0036620,Dee Eskridge,WR,MIA,2025,14,NYJ,0.0,0
00-0036628,John Bates,TE,WAS,2025,14,MIN,0.0,0
00-0036637,Noah Gray,TE,KC,2025,14,HOU,1.4,1
00-0036741,Jack Stoll,TE,NO,2025,14,TB,0.0,0
00-0036825,Feleipe Franks,TE,ATL,2025,14,SEA,0.0,0
00-0036841,Austin Trammell,WR,JAX,2025,14,IND,0.0,0
00-0036842,Kene Nwangwu,RB,NYJ,2025,14,MIA,0.0,0
00-0036862,Ben Skowronek,WR,PIT,2025,14,BAL,1.3,1
00-0036876,Kylen Granson,TE,PHI,2025,14,LAC,0.0,0
00-0036894,Pat Freiermuth,TE,PIT,2025,14,BAL,0.9,2
00-0036900,Ja'Marr Chase,WR,CIN,2025,14,BUF,5.2,5
00-0036906,Khalil Herbert,RB,NYJ,2025,14,MIA,0.0,0
00-0036912,DeVonta Smith,WR,PHI,2025,14,LAC,3.7,4
00-0036919,Kenny Gainwell,RB,PIT,2025,14,BAL,10.2,6
00-0036924,Michael Carter,RB,ARI,2025,14,LA,3.1,2
00-0036963,Amon-Ra St. Brown,WR,DET,2025,14,DAL,9.2,6
00-0036970,Kyle Pitts,TE,ATL,2025,14,SEA,9.0,6
00-0036971,Trevor Lawrence,QB,JAX,2025,14,IND,19.36,0
00-0036973,Travis Etienne,RB,JAX,2025,14,IND,20.2,1
00-0036997,Javonte Williams,RB,DAL,2025,14,DET,12.7,2
00-0037013,Zach Wilson,QB,MIA,2025,14,NYJ,-0.2,0
00-0037085,Tyler Badie,RB,DEN,2025,14,LV,2.1,1
00-0037091,Bo Melton,WR,GB,2025,14,CHI,10.5,1
00-0037132,Britain Covey,WR,PHI,2025,14,LAC,0.0,0
00-0037157,Bam Knight,RB,ARI,2025,14,LA,3.4,3
00-0037197,Isiah Pacheco,RB,KC,2025,14,HOU,3.0,0
00-0037228,Jaylen Warren,RB,PIT,2025,14,BAL,12.2,3
00-0037239,Chris Olave,WR,NO,2025,14,TB,3.0,3
00-0037240,Jameson Williams,WR,DET,2025,14,DAL,10.3,7
00-0037247,George Pickens,WR,DAL,2025,14,DET,3.7,5
00-0037248,James Cook,RB,BUF,2025,14,CIN,9.1,2
00-0037252,Greg Dulcich,TE,MIA,2025,14,NYJ,4.1,3
00-0037256,Rachaad White,RB,TB,2025,14,NO,5.5,1
00-0037261,Khalil Shakir,WR,BUF,2025,14,CIN,7.6,2
00-0037263,Tyler Allgeier,RB,ATL,2025,14,SEA,6.7,2
00-0037267,Jerome Ford,RB,CLE,2025,14,TEN,1.0,2
00-0037291,Jalen Nailor,WR,MIN,2025,14,WAS,3.0,3
00-0037292,Andrew Ogletree,TE,IND,2025,14,JAX,0.0,0
00-0037306,John FitzPatrick,TE,GB,2025,14,CHI,1.4,2
00-0037475,Stone Smartt,TE,NYJ,2025,14,MIA,0.0,0
00-0037487,Deven Thompkins,WR,ATL,2025,14,SEA,0.4,1
00-0037525,Jordan Mason,RB,MIN,2025,14,WAS,11.2,0
00-0037545,Rashid Shaheed,WR,SEA,2025,14,ATL,12.7,4
00-0037557,Ronnie Rivers,RB,LA,2025,14,ARI,4.1,0
00-0037563,Malik Davis,RB,DAL,2025,14,DET,0.6,0
00-0037594,Julius Chestnut,RB,TEN,2025,14,CLE,0.0,0
00-0037614,John Metchie III,WR,NYJ,2025,14,MIA,3.4,4
00-0037617,Hassan Haskins,RB,LAC,2025,14,PHI,0.0,0
00-0037664,Alec Pierce,WR,IND,2025,14,JAX,8.0,5
00-0037741,Jahan Dotson,WR,PHI,2025,14,LAC,0.3,1
00-0037742,Treylon Burks,WR,WAS,2025,14,MIN,0.0,0
00-0037744,Trey McBride,TE,ARI,2025,14,LA,5.8,5
00-0037745,Velus Jones Jr.,WR,SEA,2025,14,ATL,3.2,0
00-0037801,KaVontae Turpin,WR,DAL,2025,14,DET,3.0,2
00-0037805,Jeremy Ruckert,TE,NYJ,2025,14,MIA,1.9,2
00-0037809,Chig Okonkwo,TE,TEN,2025,14,CLE,2.0,2
00-0037816,Romeo Doubs,WR,GB,2025,14,CHI,0.0,0
00-0037837,Calvin Austin III,WR,PIT,2025,14,BAL,3.1,1
00-0037838,Isaiah Likely,TE,BAL,2025,14,PIT,8.5,4
00-0037840,Kyren Williams,RB,LA,2025,14,ARI,15.7,2
00-0038041,Jake Ferguson,TE,DAL,2025,14,DET,5.8,5
00-0038046,Charlie Kolar,TE,BAL,2025,14,PIT,1.9,1
00-0038102,Kenny Pickett,QB,LV,2025,14,DEN,8.48,0
00-0038104,Tyquan Thornton,WR,KC,2025,14,HOU,1.9,2
00-0038120,Breece Hall,RB,NYJ,2025,14,MIA,4.3,0
00-0038124,Christian Watson,WR,GB,2025,14,CHI,20.9,4
00-0038129,Cade Otton,TE,TB,2025,14,NO,1.9,3
00-0038134,Kenneth Walker III,RB,SEA,2025,14,ATL,2.8,1
00-0038359,Xavier Smith,WR,LA,2025,14,ARI,0.6,1
00-0038397,Evan Hull,RB,NO,2025,14,TB,1.0,1
00-0038440,Zavier Scott,RB,MIN,2025,14,WAS,2.0,1
00-0038454,Keaton Mitchell,RB,BAL,2025,14,PIT,7.6,0
00-0038542,Bijan Robinson,RB,ATL,2025,14,SEA,7.4,2
00-0038543,Jaxon Smith-Njigba,WR,SEA,2025,14,ATL,21.1,7
00-0038544,Quentin Johnston,WR,LAC,2025,14,PHI,0.8,2
00-0038547,Luke Schoonmaker,TE,DAL,2025,14,DET,1.2,1
00-0038555,Tank Bigsby,RB,PHI,2025,14,LAC,0.4,0
00-0038558,Darnell Washington,TE,PIT,2025,14,BAL,1.2,1
00-0038559,Michael Wilson,WR,ARI,2025,14,LA,26.2,11
00-0038563,Tre Tucker,WR,LV,2025,14,DEN,2.4,2
00-0038564,Cameron Latu,TE,PHI,2025,14,LAC,0.0,0
00-0038573,Derius Davis,WR,LAC,2025,14,PHI,0.0,0
00-0038576,Charlie Jones,WR,CIN,2025,14,BUF,0.0,0
00-0038589,Josh Whyle,TE,GB,2025,14,CHI,2.1,1
00-0038597,Chase Brown,RB,CIN,2025,14,BUF,15.5,3
00-0038611,Chris Rodriguez Jr.,RB,WAS,2025,14,MIN,5.2,0
00-0038618,Xavier Hutchinson,WR,HOU,2025,14,KC,0.0,0
00-0038619,Andrei Iosivas,WR,CIN,2025,14,BUF,1.7,2
00-0038640,Jalen Brooks,WR,ARI,2025,14,LA,3.2,2
00-0038679,Tyrell Shavers,WR,BUF,2025,14,CIN,1.6,1
00-0038685,Chris Brooks,RB,GB,2025,14,CHI,0.6,1
00-0038710,Blake Whiteheart,TE,CLE,2025,14,TEN,0.0,0
00-0038738,Hunter Luepke,RB,DAL,2025,14,DET,0.0,0
00-0038794,Jaleel McLaughlin,RB,DEN,2025,14,LV,3.1,1
00-0038797,Emanuel Wilson,RB,GB,2025,14,CHI,1.0,0
00-0038809,Ben Sims,TE,MIN,2025,14,WAS,0.9,1
00-0038824,Ryan Miller,WR,TB,2025,14,NO,0.0,0
00-0038891,Shedrick Jackson,WR,LV,2025,14,DEN,8.5,1
00-0038896,Jacob Saylors,RB,DET,2025,14,DAL,0.0,0
00-0038911,Malik Cunningham,WR,DET,2025,14,DAL,0.1,0
00-0038933,Dalton Kincaid,TE,BUF,2025,14,CIN,10.1,4
00-0038935,Brenton Strange,TE,JAX,2025,14,IND,2.7,3
00-0038951,Sean Tucker,RB,TB,2025,14,NO,8.9,0
00-0038953,Dylan Drummond,WR,ATL,2025,14,SEA,2.1,3
00-0038976,Marvin Mims Jr.,WR,DEN,2025,14,LV,6.7,1
00-0038979,Cedric Tillman,WR,CLE,2025,14,TEN,2.3,1
00-0038994,Jordan Addison,WR,MIN,2025,14,WAS,6.2,4
00-0038997,Josh Downs,WR,IND,2025,14,JAX,2.3,4
00-0039032,Tyjae Spears,RB,TEN,2025,14,CLE,4.7,2
00-0039040,De'Von Achane,RB,MIA,2025,14,NYJ,16.5,1
00-0039041,Elijah Higgins,TE,ARI,2025,14,LA,0.0,1
00-0039050,Payne Durham,TE,TB,2025,14,NO,0.0,0
00-0039062,Jonathan Mingo,WR,DAL,2025,14,DET,0.0,0
00-0039064,Zay Flowers,WR,BAL,2025,14,PIT,12.6,8
00-0039067,Rashee Rice,WR,KC,2025,14,HOU,3.4,4
00-0039074,Davis Allen,TE,LA,2025,14,ARI,2.1,2
00-0039075,Puka Nacua,WR,LA,2025,14,ARI,28.7,7
00-0039139,Jahmyr Gibbs,RB,DET,2025,14,DAL,30.0,7
00-0039144,Luke Musgrave,TE,GB,2025,14,CHI,2.2,2
00-0039146,Jayden Reed,WR,GB,2025,14,CHI,5.3,4
00-0039163,C.J. Stroud,QB,HOU,2025,14,KC,12.62,0
00-0039165,Zach Charbonnet,RB,SEA,2025,14,ATL,6.6,2
00-0039338,Brock Bowers,TE,LV,2025,14,DEN,10.6,4
00-0039361,Bucky Irving,RB,TB,2025,14,NO,14.1,2
00-0039364,Sione Vaki,RB,DET,2025,14,DAL,0.0,0
00-0039373,Audric Estimé,RB,NO,2025,14,TB,1.1,0
00-0039391,Kimani Vidal,RB,LAC,2025,14,PHI,10.4,1
00-0039407,Dylan Laube,RB,LV,2025,14,DEN,0.0,0
00-0039410,Ryan Flournoy,WR,DAL,2025,14,DET,17.5,9
00-0039424,Devaughn Vele,WR,NO,2025,14,TB,4.0,3
00-0039451,Isaiah Williams,WR,NYJ,2025,14,MIA,8.4,2
00-0039530,Brevyn Spann-Ford,TE,DAL,2025,14,DET,0.7,1
00-0039589,Kameron Johnson,WR,TB,2025,14,NO,0.0,0
00-0039603,British Brooks,RB,HOU,2025,14,KC,0.0,0
00-0039623,Mason Tipton,WR,NO,2025,14,TB,0.0,0
00-0039648,David Martin-Robinson,TE,TEN,2025,14,CLE,0.6,1
00-0039686,Colson Yankoff,TE,WAS,2025,14,MIN,0.0,0
00-0039732,Bo Nix,QB,DEN,2025,14,LV,15.98,0
00-0039738,Blake Corum,RB,LA,2025,14,ARI,25.1,1
00-0039746,Will Shipley,RB,PHI,2025,14,LAC,0.3,1
00-0039751,Jordan Whittington,WR,LA,2025,14,ARI,0.5,1
00-0039793,AJ Barner,TE,SEA,2025,14,ATL,2.7,3
00-0039796,Rasheen Ali,RB,BAL,2025,14,PIT,1.3,2
00-0039798,Isaiah Davis,RB,NYJ,2025,14,MIA,2.2,0
00-0039816,Anthony Gould,WR,IND,2025,14,JAX,0.3,1
00-0039868,Troy Franklin,WR,DEN,2025,14,LV,1.1,3
00-0039874,Jaylen Wright,RB,MIA,2025,14,NYJ,16.7,0
00-0039875,Ray Davis,RB,BUF,2025,14,CIN,0.0,0
00-0039880,Malik Washington,WR,MIA,2025,14,NYJ,1.0,3
00-0039890,Adonai Mitchell,WR,NYJ,2025,14,MIA,2.4,1
00-0039893,Brian Thomas Jr.,WR,JAX,2025,14,IND,8.7,3
00-0039894,Xavier Worthy,WR,KC,2025,14,HOU,5.5,3
00-0039901,Keon Coleman,WR,BUF,2025,14,CIN,1.6,2
00-0039910,Jayden Daniels,QB,WAS,2025,14,MIN,2.72,0
00-0039912,Ben Sinnott,TE,WAS,2025,14,MIN,0.8,1
00-0039915,Ladd McConkey,WR,LAC,2025,14,PHI,1.2,1
00-0039918,Caleb Williams,QB,CHI,2025,14,GB,14.94,0
00-0039920,Malachi Corley,WR,CLE,2025,14,TEN,0.2,0
00-0039923,J.J. McCarthy,QB,MIN,2025,14,WAS,20.42,0
00-0040024,Darius Cooper,WR,PHI,2025,14,LAC,1.9,1
00-0040075,LaJohntay Wester,WR,BAL,2025,14,PIT,0.0,0
00-0040078,Brashard Smith,RB,KC,2025,14,HOU,0.7,0
00-0040122,Ashton Jeanty,RB,LV,2025,14,DEN,3.8,2
00-0040126,Colston Loveland,TE,CHI,2025,14,GB,8.9,4
00-0040128,Tyler Warren,TE,IND,2025,14,JAX,1.7,2
00-0040129,Emeka Egbuka,WR,TB,2025,14,NO,1.5,2
00-0040130,Jayden Higgins,WR,HOU,2025,14,KC,3.4,3
00-0040134,Pat Bryant,WR,DEN,2025,14,LV,3.2,4
00-0040138,Jaylin Noel,WR,HOU,2025,14,KC,1.3,2
00-0040142,Kaleb Johnson,RB,PIT,2025,14,BAL,0.4,0
00-0040154,Tai Felton,WR,MIN,2025,14,WAS,1.0,1
00-0040162,Dylan Sampson,RB,CLE,2025,14,TEN,4.8,5
00-0040164,Jaylin Lane,WR,WAS,2025,14,MIN,0.0,0
00-0040170,Elic Ayomanor,WR,TEN,2025,14,CLE,7.4,1
00-0040189,Oronde Gadsden II,TE,LAC,2025,14,PHI,0.7,1
00-0040194,Jackson Hawes,TE,BUF,2025,14,CIN,6.3,1
00-0040198,Ollie Gordon II,RB,MIA,2025,14,NYJ,7.7,0
00-0040202,Devin Neal,RB,NO,2025,14,TB,14.4,1
00-0040206,Riley Leonard,QB,IND,2025,14,JAX,10.3,0
00-0040236,Kyle Monangai,RB,CHI,2025,14,GB,7.7,1
00-0040238,LeQuint Allen Jr.,RB,JAX,2025,14,IND,0.8,2
00-0040242,Jacory Croskey-Merritt,RB,WAS,2025,14,MIN,3.2,0
00-0040259,Gage Larvadain,WR,CLE,2025,14,TEN,1.8,2
00-0040398,Brady Cook,QB,NYJ,2025,14,MIA,2.52,0
00-0040506,Myles Price,WR,MIN,2025,14,WAS,0.0,0
00-0040583,Woody Marks,RB,HOU,2025,14,KC,13.6,2
00-0040584,Gunnar Helm,TE,TEN,2025,14,CLE,0.8,1
00-0040590,Konata Mumpfield,WR,LA,2025,14,ARI,0.5,1
00-0040649,Robbie Ouzts,RB,SEA,2025,14,ATL,0.0,0
00-0040663,Harold Fannin Jr.,TE,CLE,2025,14,TEN,17.4,8
00-0040666,Omarion Hampton,RB,LAC,2025,14,PHI,12.7,2
00-0040667,Matthew Golden,WR,GB,2025,14,CHI,0.0,0
00-0040668,Shedeur Sanders,QB,CLE,2025,14,TEN,33.46,0
00-0040669,Isaac TeSlaa,WR,DET,2025,14,DAL,8.0,2
00-0040676,Cam Ward,QB,TEN,2025,14,CLE,11.08,0
00-0040705,Chimere Dike,WR,TEN,2025,14,CLE,8.4,5
00-0040719,Bhayshul Tuten,RB,JAX,2025,14,IND,-1.5,0
00-0040727,Tre Harris,WR,LAC,2025,14,PHI,2.1,1
00-0040729,Jack Bech,WR,LV,2025,14,DEN,5.0,6
00-0040730,RJ Harvey,RB,DEN,2025,14,LV,16.0,6
00-0040735,Luther Burden III,WR,CHI,2025,14,GB,7.0,4
00-0040736,Mason Taylor,TE,NYJ,2025,14,MIA,5.1,5
00-0040737,Terrance Ferguson,TE,LA,2025,14,ARI,0.0,0
00-0040739,Elijah Arroyo,TE,SEA,2025,14,ATL,0.0,0
00-0040743,Tyler Shough,QB,NO,2025,14,TB,21.26,0
00-0040782,Isaiah Bond,WR,CLE,2025,14,TEN,0.0,0
00-0040784,Quinshon Judkins,RB,CLE,2025,14,TEN,8.4,1
00-0022942,Philip Rivers,QB,IND,2025,15,SEA,6.8,0
00-0023459,Aaron Rodgers,QB,PIT,2025,15,MIA,16.96,0
00-0026498,Matthew Stafford,QB,LA,2025,15,DET,20.92,0
00-0029604,Kirk Cousins,QB,ATL,2025,15,TB,26.92,0
00-0030035,Adam Thielen,WR,PIT,2025,15,MIA,0.7,1
00-0030279,Keenan Allen,WR,LAC,2025,15,KC,3.6,5
00-0030506,Travis Kelce,TE,KC,2025,15,LAC,7.0,7
00-0030564,DeAndre Hopkins,WR,BAL,2025,15,CIN,3.2,1
00-0031236,Brandin Cooks,WR,BUF,2025,15,NE,0.0,0
00-0031381,Davante Adams,WR,LA,2025,15,DET,7.1,4
00-0031408,Mike Evans,WR,TB,2025,15,ATL,13.2,6
00-0031503,Jameis Winston,QB,NYG,2025,15,WAS,0.0,0
00-0031588,Stefon Diggs,WR,NE,2025,15,BUF,2.6,3
00-0031610,Darren Waller,TE,MIA,2025,15,PIT,18.6,7
00-0031687,Raheem Mostert,RB,LV,2025,15,PHI,0.2,1
00-0032104,Ameer Abdullah,RB,IND,2025,15,SEA,4.7,5
00-0032211,Tyler Lockett,WR,LV,2025,15,PHI,1.0,2
00-0032268,Marcus Mariota,QB,WAS,2025,15,NYG,14.74,0
00-0032464,Kalif Raymond,WR,DET,2025,15,LA,2.0,1
00-0032764,Derrick Henry,RB,BAL,2025,15,CIN,10.0,0
00-0032775,Demarcus Robinson,WR,SF,2025,15,TEN,3.6,2
00-0033077,Dak Prescott,QB,DAL,2025,15,MIN,11.96,0
00-0033090,Hunter Henry,TE,NE,2025,15,BUF,1.8,1
00-0033106,Jared Goff,QB,DET,2025,15,LA,25.52,0
00-0033119,Jacoby Brissett,QB,ARI,2025,15,HOU,20.56,0
00-0033280,Christian McCaffrey,RB,SF,2025,15,TEN,14.7,1
00-0033288,George Kittle,TE,SF,2025,15,TEN,14.8,8
00-0033293,Aaron Jones,RB,MIN,2025,15,DAL,6.5,3
00-0033307,Kendrick Bourne,WR,SF,2025,15,TEN,1.7,2
00-0033319,Nick Mullens,QB,JAX,2025,15,NYJ,-0.2,0
00-0033357,Taysom Hill,TE,NO,2025,15,CAR,0.2,0
00-0033439,Pharaoh Brown,TE,ARI,2025,15,HOU,0.1,2
00-0033526,Samaje Perine,RB,CIN,2025,15,BAL,4.3,1
00-0033555,Mack Hollins,WR,NE,2025,15,BUF,4.1,4
00-0033576,Eric Saubert,TE,SEA,2025,15,IND,0.9,1
00-0033591,Noah Brown,WR,WAS,2025,15,NYG,2.8,1
00-0033854,Dare Ogunbowale,RB,HOU,2025,15,ARI,3.4,3
00-0033857,JuJu Smith-Schuster,WR,KC,2025,15,LAC,0.0,0
00-0033858,Jonnu Smith,TE,PIT,2025,15,MIA,8.6,2
00-0033873,Patrick Mahomes,QB,KC,2025,15,LAC,13.06,0
00-0033881,Evan Engram,TE,DEN,2025,15,GB,1.2,1
00-0033908,Cooper Kupp,WR,SEA,2025,15,IND,4.6,5
00-0033921,Chris Godwin Jr.,WR,TB,2025,15,ATL,10.0,4
00-0033923,Kareem Hunt,RB,KC,2025,15,LAC,2.0,1
00-0033955,Jeremy McNichols,RB,WAS,2025,15,NYG,0.2,1
00-0034272,Marquez Valdes-Scantling,WR,PIT,2025,15,MIA,7.9,1
00-0034348,Courtland Sutton,WR,DEN,2025,15,GB,17.3,7
00-0034351,Dallas Goedert,TE,PHI,2025,15,LV,19.0,6
00-0034383,Dalton Schultz,TE,HOU,2025,15,ARI,13.6,8
00-0034521,Allen Lazard,WR,NYJ,2025,15,JAX,0.6,1
00-0034613,Tanner Hudson,TE,CIN,2025,15,BAL,1.6,3
00-0034681,Chase Edmonds,RB,WAS,2025,15,NYG,0.0,0
00-0034753,Mark Andrews,TE,BAL,2025,15,CIN,1.8,2
00-0034796,Lamar Jackson,QB,BAL,2025,15,CIN,14.6,0
00-0034798,Durham Smythe,TE,CHI,2025,15,CLE,0.0,0
00-0034827,DJ Moore,WR,CHI,2025,15,CLE,18.9,4
00-0034829,Mike Gesicki,TE,CIN,2025,15,BAL,1.1,1
00-0034844,Saquon Barkley,RB,PHI,2025,15,LV,15.2,2
00-0034854,KhaDarel Hodge,WR,ATL,2025,15,TB,0.0,0
00-0034855,Baker Mayfield,QB,TB,2025,15,ATL,19.18,0
00-0034857,Josh Allen,QB,BUF,2025,15,NE,24.52,0
00-0034860,Dante Pettis,WR,NO,2025,15,CAR,0.0,0
00-0034869,Sam Darnold,QB,SEA,2025,15,IND,11.34,0
00-0034960,Jakobi Meyers,WR,JAX,2025,15,NYJ,7.1,5
00-0035208,Olamide Zaccheaus,WR,CHI,2025,15,CLE,0.0,0
00-0035229,T.J. Hockenson,TE,MIN,2025,15,DAL,6.6,4
00-0035249,Josh Oliver,TE,MIN,2025,15,DAL,1.8,1
00-0035250,Devin Singletary,RB,NYG,2025,15,WAS,1.4,1
00-0035261,Tony Pollard,RB,TEN,2025,15,SF,17.2,1
00-0035289,Gardner Minshew,QB,KC,2025,15,LAC,-1.12,0
00-0035291,Trayveon Williams,RB,CLE,2025,15,CHI,0.7,2
00-0035359,David Sills,WR,ATL,2025,15,TB,7.8,6
00-0035406,Lil'Jordan Humphrey,WR,DEN,2025,15,GB,10.2,3
00-0035535,Darius Slayton,WR,NYG,2025,15,WAS,5.3,4
00-0035537,Ty Johnson,RB,BUF,2025,15,NE,2.8,3
00-0035544,Tom Kennedy,WR,DET,2025,15,LA,0.0,0
00-0035631,Drew Sample,TE,CIN,2025,15,BAL,1.2,2
00-0035640,DK Metcalf,WR,PIT,2025,15,MIA,11.5,3
00-0035659,Terry McLaurin,WR,WAS,2025,15,NYG,12.9,3
00-0035676,A.J. Brown,WR,PHI,2025,15,LV,10.1,2
00-0035685,David Montgomery,RB,DET,2025,15,LA,9.2,0
00-0035689,Dawson Knox,TE,BUF,2025,15,NE,15.7,3
00-0035700,Josh Jacobs,RB,GB,2025,15,DEN,21.2,2
00-0035719,Deebo Samuel Sr.,WR,WAS,2025,15,NYG,4.3,3
00-0035876,Andre Baccellia,WR,ARI,2025,15,HOU,0.0,0
00-0035956,Giovanni Ricci,TE,DET,2025,15,LA,0.0,0
00-0035993,Tyler Huntley,QB,BAL,2025,15,CIN,-0.3,0
00-0036040,Juwan Johnson,TE,NO,2025,15,CAR,3.0,4
00-0036133,James Proche,WR,TEN,2025,15,SF,0.0,0
00-0036139,Rico Dowdle,RB,CAR,2025,15,NO,11.4,1
00-0036165,Isaiah Hodgins,WR,NYG,2025,15,WAS,0.4,1
00-0036182,Nick Westbrook-Ikhine,WR,MIA,2025,15,PIT,0.0,0
00-0036187,Reggie Gilliam,RB,BUF,2025,15,NE,0.0,0
00-0036212,Tua Tagovailoa,QB,MIA,2025,15,PIT,16.22,0
00-0036223,Jonathan Taylor,RB,IND,2025,15,SEA,10.1,3
00-0036244,Colby Parkinson,TE,LA,2025,15,DET,19.5,5
00-0036252,Michael Pittman,WR,IND,2025,15,SEA,2.6,3
00-0036259,Jauan Jennings,WR,SF,2025,15,TEN,15.7,3
00-0036264,Jordan Love,QB,GB,2025,15,DEN,13.94,0
00-0036275,D'Andre Swift,RB,CHI,2025,15,CLE,21.6,1
00-0036290,Cole Kmet,TE,CHI,2025,15,CLE,2.8,2
00-0036309,Darnell Mooney,WR,ATL,2025,15,TB,3.5,3
00-0036322,Justin Jefferson,WR,MIN,2025,15,DAL,2.2,2
00-0036331,Devin Duvernay,WR,CHI,2025,15,CLE,0.0,0
00-0036355,Justin Herbert,QB,LAC,2025,15,KC,10.4,0
00-0036358,CeeDee Lamb,WR,DAL,2025,15,MIN,11.1,6
00-0036389,Jalen Hurts,QB,PHI,2025,15,LV,22.9,0
00-0036407,Jerry Jeudy,WR,CLE,2025,15,CHI,2.2,2
00-0036415,Van Jefferson,WR,TEN,2025,15,SF,4.3,1
00-0036429,Charlie Woerner,TE,ATL,2025,15,TB,1.2,2
00-0036442,Joe Burrow,QB,CIN,2025,15,BAL,5.5,0
00-0036554,Nico Collins,WR,HOU,2025,15,ARI,20.5,3
00-0036555,Chuba Hubbard,RB,CAR,2025,15,NO,3.8,1
00-0036590,Quintin Morris,TE,JAX,2025,15,NYJ,2.0,2
00-0036613,Jaylen Waddle,WR,MIA,2025,15,PIT,2.6,2
00-0036620,Dee Eskridge,WR,MIA,2025,15,PIT,0.0,0
00-0036626,Dyami Brown,WR,JAX,2025,15,NYJ,-1.6,0
00-0036628,John Bates,TE,WAS,2025,15,NYG,1.9,1
00-0036630,Tylan Wallace,WR,BAL,2025,15,CIN,0.0,0
00-0036741,Jack Stoll,TE,NO,2025,15,CAR,0.7,1
00-0036849,Tutu Atwell,WR,LA,2025,15,DET,0.9,1
00-0036862,Ben Skowronek,WR,PIT,2025,15,MIA,0.0,0
00-0036875,Rhamondre Stevenson,RB,NE,2025,15,BUF,7.7,3
00-0036876,Kylen Granson,TE,PHI,2025,15,LV,0.0,0
00-0036894,Pat Freiermuth,TE,PIT,2025,15,MIA,4.5,3
00-0036900,Ja'Marr Chase,WR,CIN,2025,15,BAL,13.2,10
00-0036906,Khalil Herbert,RB,NYJ,2025,15,JAX,0.5,0
00-0036912,DeVonta Smith,WR,PHI,2025,15,LV,5.0,2
00-0036919,Kenny Gainwell,RB,PIT,2025,15,MIA,12.6,7
00-0036924,Michael Carter,RB,ARI,2025,15,HOU,9.4,4
00-0036959,Michael Bandy,WR,DEN,2025,15,GB,8.0,1
00-0036963,Amon-Ra St. Brown,WR,DET,2025,15,LA,28.4,13
00-0036970,Kyle Pitts,TE,ATL,2025,15,TB,34.6,11
00-0036971,Trevor Lawrence,QB,JAX,2025,15,NYJ,44.3,0
00-0036973,Travis Etienne,RB,JAX,2025,15,NYJ,28.5,3
00-0036988,Josh Palmer,WR,BUF,2025,15,NE,1.6,1
00-0036997,Javonte Williams,RB,DAL,2025,15,MIN,15.1,0
00-0037005,Tommy Tremble,TE,CAR,2025,15,NO,1.3,2
00-0037085,Tyler Badie,RB,DEN,2025,15,GB,0.1,1
00-0037086,Grant Calcaterra,TE,PHI,2025,15,LV,0.4,1
00-0037091,Bo Melton,WR,GB,2025,15,DEN,0.0,0
00-0037120,Tyler Goodson,RB,IND,2025,15,SEA,0.0,0
00-0037132,Britain Covey,WR,PHI,2025,15,LV,0.0,0
00-0037157,Bam Knight,RB,ARI,2025,15,HOU,-0.2,0
00-0037197,Isiah Pacheco,RB,KC,2025,15,LAC,2.1,0
00-0037228,Jaylen Warren,RB,PIT,2025,15,MIA,4.8,3
00-0037231,Kevin Austin Jr.,WR,NO,2025,15,CAR,3.3,3
00-0037239,Chris Olave,WR,NO,2025,15,CAR,14.5,6
00-0037240,Jameson Williams,WR,DET,2025,15,LA,19.4,7
00-0037247,George Pickens,WR,DAL,2025,15,MIN,3.3,3
00-0037248,James Cook,RB,BUF,2025,15,NE,29.1,2
00-0037252,Greg Dulcich,TE,MIA,2025,15,PIT,4.6,2
00-0037256,Rachaad White,RB,TB,2025,15,ATL,2.6,1
00-0037261,Khalil Shakir,WR,BUF,2025,15,NE,6.5,5
00-0037263,Tyler Allgeier,RB,ATL,2025,15,TB,1.8,0
00-0037291,Jalen Nailor,WR,MIN,2025,15,DAL,16.5,3
00-0037306,John FitzPatrick,TE,GB,2025,15,DEN,1.8,3
00-0037329,Brittain Brown,RB,CHI,2025,15,CLE,0.0,0
00-0037475,Stone Smartt,TE,NYJ,2025,15,JAX,0.0,0
00-0037487,Deven Thompkins,WR,ATL,2025,15,TB,0.0,0
00-0037525,Jordan Mason,RB,MIN,2025,15,DAL,2.9,0
00-0037545,Rashid Shaheed,WR,SEA,2025,15,IND,7.1,5
00-0037557,Ronnie Rivers,RB,LA,2025,15,DET,0.0,0
00-0037563,Malik Davis,RB,DAL,2025,15,MIN,9.7,2
00-0037594,Julius Chestnut,RB,TEN,2025,15,SF,0.0,0
00-0037614,John Metchie III,WR,NYJ,2025,15,JAX,2.9,4
00-0037664,Alec Pierce,WR,IND,2025,15,SEA,1.6,1
00-0037742,Treylon Burks,WR,WAS,2025,15,NYG,0.0,0
00-0037744,Trey McBride,TE,ARI,2025,15,HOU,25.4,12
00-0037746,Brian Robinson,RB,SF,2025,15,TEN,2.1,0
00-0037801,KaVontae Turpin,WR,DAL,2025,15,MIN,1.2,2
00-0037805,Jeremy Ruckert,TE,NYJ,2025,15,JAX,1.3,2
00-0037809,Chig Okonkwo,TE,TEN,2025,15,SF,3.3,4
00-0037816,Romeo Doubs,WR,GB,2025,15,DEN,3.6,2
00-0037834,Brock Purdy,QB,SF,2025,15,TEN,26.2,0
00-0037837,Calvin Austin III,WR,PIT,2025,15,MIA,0.0,0
00-0037840,Kyren Williams,RB,LA,2025,15,DET,20.8,1
00-0038041,Jake Ferguson,TE,DAL,2025,15,MIN,1.6,2
00-0038046,Charlie Kolar,TE,BAL,2025,15,CIN,0.0,0
00-0038090,Skyy Moore,WR,SF,2025,15,TEN,0.0,0
00-0038102,Kenny Pickett,QB,LV,2025,15,PHI,1.26,0
00-0038104,Tyquan Thornton,WR,KC,2025,15,LAC,4.7,2
00-0038115,Daniel Bellinger,TE,NYG,2025,15,WAS,3.5,3
00-0038117,Wan'Dale Robinson,WR,NYG,2025,15,WAS,11.4,5
00-0038120,Breece Hall,RB,NYJ,2025,15,JAX,3.7,2
00-0038124,Christian Watson,WR,GB,2025,15,DEN,2.9,3
00-0038134,Kenneth Walker III,RB,SEA,2025,15,IND,1.9,1
00-0038359,Xavier Smith,WR,LA,2025,15,DET,0.0,0
00-0038393,Dontayvion Wicks,WR,GB,2025,15,DEN,0.6,1
00-0038397,Evan Hull,RB,NO,2025,15,CAR,1.2,0
00-0038400,Tanner McKee,QB,PHI,2025,15,LV,2.22,0
00-0038454,Keaton Mitchell,RB,BAL,2025,15,CIN,6.6,0
00-0038488,Brady Russell,RB,SEA,2025,15,IND,0.0,0
00-0038519,Nikko Remigio,WR,KC,2025,15,LAC,0.0,0
00-0038542,Bijan Robinson,RB,ATL,2025,15,TB,21.5,8
00-0038543,Jaxon Smith-Njigba,WR,SEA,2025,15,IND,11.3,7
00-0038547,Luke Schoonmaker,TE,DAL,2025,15,MIN,2.9,1
00-0038555,Tank Bigsby,RB,PHI,2025,15,LV,5.7,0
00-0038558,Darnell Washington,TE,PIT,2025,15,MIA,2.5,3
00-0038559,Michael Wilson,WR,ARI,2025,15,HOU,11.4,5
00-0038563,Tre Tucker,WR,LV,2025,15,PHI,0.0,0
00-0038576,Charlie Jones,WR,CIN,2025,15,BAL,0.0,0
00-0038597,Chase Brown,RB,CIN,2025,15,BAL,9.0,7
00-0038606,Parker Washington,WR,JAX,2025,15,NYJ,5.3,3
00-0038608,Kayshon Boutte,WR,NE,2025,15,BUF,3.0,1
00-0038618,Xavier Hutchinson,WR,HOU,2025,15,ARI,1.6,1
00-0038619,Andrei Iosivas,WR,CIN,2025,15,BAL,0.0,0
00-0038621,DeMario Douglas,WR,NE,2025,15,BUF,0.5,0
00-0038640,Jalen Brooks,WR,ARI,2025,15,HOU,1.9,1
00-0038685,Chris Brooks,RB,GB,2025,15,DEN,1.6,1
00-0038705,Emari Demercado,RB,ARI,2025,15,HOU,0.1,2
00-0038720,Julian Hill,TE,MIA,2025,15,PIT,2.5,2
00-0038738,Hunter Luepke,RB,DAL,2025,15,MIN,3.0,2
00-0038794,Jaleel McLaughlin,RB,DEN,2025,15,GB,0.4,0
00-0038797,Emanuel Wilson,RB,GB,2025,15,DEN,0.3,0
00-0038839,Mitchell Tinsley,WR,CIN,2025,15,BAL,1.6,1
00-0038840,Brycen Tremayne,WR,CAR,2025,15,NO,0.0,0
00-0038933,Dalton Kincaid,TE,BUF,2025,15,NE,3.4,3
00-0038935,Brenton Strange,TE,JAX,2025,15,NYJ,2.6,1
00-0038938,Jalin Hyatt,WR,NYG,2025,15,WAS,0.0,0
00-0038951,Sean Tucker,RB,TB,2025,15,ATL,6.7,0
00-0038953,Dylan Drummond,WR,ATL,2025,15,TB,0.0,0
00-0038976,Marvin Mims Jr.,WR,DEN,2025,15,GB,3.7,4
00-0038994,Jordan Addison,WR,MIN,2025,15,DAL,6.6,2
00-0038997,Josh Downs,WR,IND,2025,15,SEA,7.3,3
00-0039032,Tyjae Spears,RB,TEN,2025,15,SF,3.6,2
00-0039040,De'Von Achane,RB,MIA,2025,15,PIT,12.7,6
00-0039041,Elijah Higgins,TE,ARI,2025,15,HOU,0.3,1
00-0039062,Jonathan Mingo,WR,DAL,2025,15,MIN,2.5,1
00-0039064,Zay Flowers,WR,BAL,2025,15,CIN,12.8,3
00-0039066,Michael Mayer,TE,LV,2025,15,PHI,0.0,0
00-0039067,Rashee Rice,WR,KC,2025,15,LAC,5.1,7
00-0039074,Davis Allen,TE,LA,2025,15,DET,1.6,3
00-0039075,Puka Nacua,WR,LA,2025,15,DET,18.9,9
00-0039139,Jahmyr Gibbs,RB,DET,2025,15,LA,5.8,4
00-0039144,Luke Musgrave,TE,GB,2025,15,DEN,5.2,4
00-0039146,Jayden Reed,WR,GB,2025,15,DEN,5.5,5
00-0039150,Bryce Young,QB,CAR,2025,15,NO,15.42,0
00-0039163,C.J. Stroud,QB,HOU,2025,15,ARI,23.4,0
00-0039165,Zach Charbonnet,RB,SEA,2025,15,IND,3.1,0
00-0039338,Brock Bowers,TE,LV,2025,15,PHI,2.8,6
00-0039342,Xavier Legette,WR,CAR,2025,15,NO,3.9,2
00-0039356,Ja'Tavion Sanders,TE,CAR,2025,15,NO,0.5,2
00-0039359,Cade Stover,TE,HOU,2025,15,ARI,2.2,3
00-0039361,Bucky Irving,RB,TB,2025,15,ATL,7.1,1
00-0039364,Sione Vaki,RB,DET,2025,15,LA,0.0,0
00-0039373,Audric Estimé,RB,NO,2025,15,CAR,5.0,3
00-0039376,Spencer Rattler,QB,NO,2025,15,CAR,0.0,0
00-0039384,Tyrone Tracy Jr.,RB,NYG,2025,15,WAS,21.7,3
00-0039391,Kimani Vidal,RB,LAC,2025,15,KC,4.8,1
00-0039405,Jawhar Jordan,RB,HOU,2025,15,ARI,11.8,2
00-0039407,Dylan Laube,RB,LV,2025,15,PHI,0.4,0
00-0039410,Ryan Flournoy,WR,DAL,2025,15,MIN,4.0,4
00-0039424,Devaughn Vele,WR,NO,2025,15,CAR,6.9,5
00-0039451,Isaiah Williams,WR,NYJ,2025,15,JAX,5.3,6
00-0039458,Brenden Bates,TE,CLE,2025,15,CHI,0.0,0
00-0039491,Jalen Coker,WR,CAR,2025,15,NO,10.0,4
00-0039530,Brevyn Spann-Ford,TE,DAL,2025,15,MIN,0.0,0
00-0039589,Kameron Johnson,WR,TB,2025,15,ATL,0.0,0
00-0039603,British Brooks,RB,HOU,2025,15,ARI,0.0,0
00-0039623,Mason Tipton,WR,NO,2025,15,CAR,0.1,1
00-0039648,David Martin-Robinson,TE,TEN,2025,15,SF,0.0,0
00-0039686,Colson Yankoff,TE,WAS,2025,15,NYG,0.0,0
00-0039732,Bo Nix,QB,DEN,2025,15,GB,29.08,0
00-0039738,Blake Corum,RB,LA,2025,15,DET,13.1,0
00-0039746,Will Shipley,RB,PHI,2025,15,LV,0.0,0
00-0039751,Jordan Whittington,WR,LA,2025,15,DET,0.0,0
00-0039754,Devin Culp,TE,TB,2025,15,ATL,6.6,1
00-0039793,AJ Barner,TE,SEA,2025,15,IND,2.7,3
00-0039796,Rasheen Ali,RB,BAL,2025,15,CIN,9.2,2
00-0039798,Isaiah Davis,RB,NYJ,2025,15,JAX,12.5,1
00-0039847,Theo Johnson,TE,NYG,2025,15,WAS,7.2,3
00-0039851,Drake Maye,QB,NE,2025,15,BUF,20.5,0
00-0039855,Jalen McMillan,WR,TB,2025,15,ATL,3.8,2
00-0039868,Troy Franklin,WR,DEN,2025,15,GB,14.8,6
00-0039874,Jaylen Wright,RB,MIA,2025,15,PIT,1.1,1
00-0039875,Ray Davis,RB,BUF,2025,15,NE,1.3,1
00-0039880,Malik Washington,WR,MIA,2025,15,PIT,1.0,1
00-0039890,Adonai Mitchell,WR,NYJ,2025,15,JAX,11.4,6
00-0039893,Brian Thomas Jr.,WR,JAX,2025,15,NYJ,13.1,4
00-0039894,Xavier Worthy,WR,KC,2025,15,LAC,3.5,2
00-0039912,Ben Sinnott,TE,WAS,2025,15,NYG,3.6,1
00-0039915,Ladd McConkey,WR,LAC,2025,15,KC,2.0,2
00-0039916,Ricky Pearsall,WR,SF,2025,15,TEN,9.6,6
00-0039918,Caleb Williams,QB,CHI,2025,15,CLE,18.98,0
00-0039920,Malachi Corley,WR,CLE,2025,15,CHI,1.0,1
00-0039923,J.J. McCarthy,QB,MIN,2025,15,DAL,23.5,0
00-0040024,Darius Cooper,WR,PHI,2025,15,LV,2.9,2
00-0040058,Nick Kallerup,TE,SEA,2025,15,IND,0.0,0
00-0040075,LaJohntay Wester,WR,BAL,2025,15,CIN,0.0,0
00-0040078,Brashard Smith,RB,KC,2025,15,LAC,0.1,0
00-0040122,Ashton Jeanty,RB,LV,2025,15,PHI,4.2,4
00-0040124,Tetairoa McMillan,WR,CAR,2025,15,NO,2.5,2
00-0040126,Colston Loveland,TE,CHI,2025,15,CLE,6.1,4
00-0040128,Tyler Warren,TE,IND,2025,15,SEA,1.9,3
00-0040129,Emeka Egbuka,WR,TB,2025,15,ATL,6.4,4
00-0040130,Jayden Higgins,WR,HOU,2025,15,ARI,0.4,1
00-0040131,Kyle Williams,WR,NE,2025,15,BUF,0.0,0
00-0040138,Jaylin Noel,WR,HOU,2025,15,ARI,0.0,0
00-0040142,Kaleb Johnson,RB,PIT,2025,15,MIA,0.4,0
00-0040164,Jaylin Lane,WR,WAS,2025,15,NYG,6.0,0
00-0040170,Elic Ayomanor,WR,TEN,2025,15,SF,1.7,1
00-0040184,KeAndre Lambert-Smith,WR,LAC,2025,15,KC,7.6,1
00-0040187,Mitchell Evans,TE,CAR,2025,15,NO,0.0,0
00-0040189,Oronde Gadsden II,TE,LAC,2025,15,KC,6.1,4
00-0040194,Jackson Hawes,TE,BUF,2025,15,NE,0.9,1
00-0040198,Ollie Gordon II,RB,MIA,2025,15,PIT,0.0,0
00-0040202,Devin Neal,RB,NO,2025,15,CAR,9.2,1
00-0040205,Kalel Mullings,RB,TEN,2025,15,SF,0.3,0
00-0040208,Tahj Brooks,RB,CIN,2025,15,BAL,0.0,0
00-0040218,Jimmy Horn Jr.,WR,CAR,2025,15,NO,0.7,1
00-0040236,Kyle Monangai,RB,CHI,2025,15,CLE,3.3,0
00-0040237,Tez Johnson,WR,TB,2025,15,ATL,0.0,0
00-0040238,LeQuint Allen Jr.,RB,JAX,2025,15,NYJ,1.6,1
00-0040242,Jacory Croskey-Merritt,RB,WAS,2025,15,NYG,15.6,0
00-0040259,Gage Larvadain,WR,CLE,2025,15,CHI,0.8,1
00-0040352,Coleman Owen,WR,IND,2025,15,SEA,0.0,0
00-0040398,Brady Cook,QB,NYJ,2025,15,JAX,8.94,0
00-0040431,Dalen Cambre,WR,NYG,2025,15,WAS,0.0,0
00-0040506,Myles Price,WR,MIN,2025,15,DAL,0.0,0
00-0040556,Corey Kiner,RB,ARI,2025,15,HOU,1.1,0
00-0040582,Arian Smith,WR,NYJ,2025,15,JAX,0.0,0
00-0040583,Woody Marks,RB,HOU,2025,15,ARI,3.8,1
00-0040584,Gunnar Helm,TE,TEN,2025,15,SF,10.9,4
00-0040590,Konata Mumpfield,WR,LA,2025,15,DET,0.0,0
00-0040644,Trevor Etienne,RB,CAR,2025,15,NO,0.0,0
00-0040663,Harold Fannin Jr.,TE,CLE,2025,15,CHI,5.0,7
00-0040666,Omarion Hampton,RB,LAC,2025,15,KC,6.5,1
00-0040667,Matthew Golden,WR,GB,2025,15,DEN,5.5,3
00-0040668,Shedeur Sanders,QB,CLE,2025,15,CHI,3.48,0
00-0040669,Isaac TeSlaa,WR,DET,2025,15,LA,0.0,0
00-0040676,Cam Ward,QB,TEN,2025,15,SF,15.0,0
00-0040691,Jaxson Dart,QB,NYG,2025,15,WAS,22.14,0
00-0040705,Chimere Dike,WR,TEN,2025,15,SF,1.0,4
00-0040719,Bhayshul Tuten,RB,JAX,2025,15,NYJ,8.3,1
00-0040727,Tre Harris,WR,LAC,2025,15,KC,4.9,3
00-0040729,Jack Bech,WR,LV,2025,15,PHI,1.7,2
00-0040730,RJ Harvey,RB,DEN,2025,15,GB,10.5,0
00-0040734,TreVeyon Henderson,RB,NE,2025,15,BUF,28.1,2
00-0040735,Luther Burden III,WR,CHI,2025,15,CLE,8.4,6
00-0040737,Terrance Ferguson,TE,LA,2025,15,DET,0.6,1
00-0040743,Tyler Shough,QB,NO,2025,15,CAR,18.08,0
00-0040782,Isaiah Bond,WR,CLE,2025,15,CHI,8.9,2
00-0040784,Quinshon Judkins,RB,CLE,2025,15,CHI,1.7,3
00-0022942,Philip Rivers,QB,IND,2025,16,SF,17.08,0
00-0023459,Aaron Rodgers,QB,PIT,2025,16,DET,15.54,0
00-0026158,Joe Flacco,QB,CIN,2025,16,MIA,0.16,0
00-0026300,Josh Johnson,QB,WAS,2025,16,PHI,-0.28,0
00-0026498,Matthew Stafford,QB,LA,2025,16,SEA,30.88,0
00-0029604,Kirk Cousins,QB,ATL,2025,16,ARI,17.58,0
00-0030035,Adam Thielen,WR,PIT,2025,16,DET,4.9,4
00-0030279,Keenan Allen,WR,LAC,2025,16,DAL,4.4,5
00-0030506,Travis Kelce,TE,KC,2025,16,TEN,0.6,1
00-0030564,DeAndre Hopkins,WR,BAL,2025,16,NE,4.1,4
00-0030565,Geno Smith,QB,LV,2025,16,HOU,14.04,0
00-0031236,Brandin Cooks,WR,BUF,2025,16,CLE,0.0,0
00-0031408,Mike Evans,WR,TB,2025,16,CAR,9.1,5
00-0031484,Chris Manhertz,TE,NYG,2025,16,MIN,0.0,0
00-0031588,Stefon Diggs,WR,NE,2025,16,BAL,13.8,9
00-0031610,Darren Waller,TE,MIA,2025,16,CIN,4.0,3
00-0031687,Raheem Mostert,RB,LV,2025,16,HOU,0.9,1
00-0032104,Ameer Abdullah,RB,IND,2025,16,SF,0.4,1
00-0032211,Tyler Lockett,WR,LV,2025,16,HOU,0.6,1
00-0032268,Marcus Mariota,QB,WAS,2025,16,PHI,3.7,0
00-0032392,Austin Hooper,TE,NE,2025,16,BAL,3.4,2
00-0032398,Chris Moore,WR,WAS,2025,16,PHI,0.0,0
00-0032464,Kalif Raymond,WR,DET,2025,16,PIT,12.2,4
00-0032764,Derrick Henry,RB,BAL,2025,16,NE,22.8,0
00-0032775,Demarcus Robinson,WR,SF,2025,16,IND,8.3,2
00-0033077,Dak Prescott,QB,DAL,2025,16,LAC,19.16,0
00-0033090,Hunter Henry,TE,NE,2025,16,BAL,9.5,6
00-0033106,Jared Goff,QB,DET,2025,16,PIT,26.46,0
00-0033119,Jacoby Brissett,QB,ARI,2025,16,ATL,10.62,0
00-0033217,Mo Alie-Cox,TE,IND,2025,16,SF,1.6,2
00-0033280,Christian McCaffrey,RB,SF,2025,16,IND,26.6,6
00-0033288,George Kittle,TE,SF,2025,16,IND,17.5,7
00-0033293,Aaron Jones,RB,MIN,2025,16,NYG,9.3,2
00-0033307,Kendrick Bourne,WR,SF,2025,16,IND,2.7,3
00-0033357,Taysom Hill,TE,NO,2025,16,NYJ,11.32,4
00-0033375,Tim Patrick,WR,JAX,2025,16,DEN,1.1,1
00-0033455,Anthony Firkser,TE,DET,2025,16,PIT,4.0,4
00-0033526,Samaje Perine,RB,CIN,2025,16,MIA,10.1,2
00-0033555,Mack Hollins,WR,NE,2025,16,BAL,6.9,7
00-0033576,Eric Saubert,TE,SEA,2025,16,LA,2.0,0
00-0033854,Dare Ogunbowale,RB,HOU,2025,16,LV,-0.1,1
00-0033857,JuJu Smith-Schuster,WR,KC,2025,16,TEN,1.2,1
00-0033858,Jonnu Smith,TE,PIT,2025,16,DET,2.8,0
00-0033881,Evan Engram,TE,DEN,2025,16,JAX,3.6,2
00-0033908,Cooper Kupp,WR,SEA,2025,16,LA,3.9,3
00-0033921,Chris Godwin Jr.,WR,TB,2025,16,CAR,3.0,5
00-0033923,Kareem Hunt,RB,KC,2025,16,TEN,0.2,0
00-0033955,Jeremy McNichols,RB,WAS,2025,16,PHI,3.2,2
00-0034159,Will Dissly,TE,LAC,2025,16,DAL,2.8,3
00-0034272,Marquez Valdes-Scantling,WR,PIT,2025,16,DET,0.6,1
00-0034348,Courtland Sutton,WR,DEN,2025,16,JAX,14.6,6
00-0034351,Dallas Goedert,TE,PHI,2025,16,WAS,9.2,3
00-0034383,Dalton Schultz,TE,HOU,2025,16,LV,9.5,5
00-0034418,Cedrick Wilson Jr.,WR,MIA,2025,16,CIN,1.1,1
00-0034613,Tanner Hudson,TE,CIN,2025,16,MIA,0.4,1
00-0034753,Mark Andrews,TE,BAL,2025,16,NE,2.4,2
00-0034775,Christian Kirk,WR,HOU,2025,16,LV,3.7,3
00-0034791,Nick Chubb,RB,HOU,2025,16,LV,4.2,1
00-0034796,Lamar Jackson,QB,BAL,2025,16,NE,4.74,0
00-0034827,DJ Moore,WR,CHI,2025,16,GB,16.9,5
00-0034829,Mike Gesicki,TE,CIN,2025,16,MIA,9.5,3
00-0034844,Saquon Barkley,RB,PHI,2025,16,WAS,21.2,0
00-0034855,Baker Mayfield,QB,TB,2025,16,CAR,12.7,0
00-0034857,Josh Allen,QB,BUF,2025,16,CLE,6.9,0
00-0034860,Dante Pettis,WR,NO,2025,16,NYJ,0.0,0
00-0034869,Sam Darnold,QB,SEA,2025,16,LA,19.5,0
00-0034928,Steven Sims,WR,ARI,2025,16,ATL,0.0,0
00-0034960,Jakobi Meyers,WR,JAX,2025,16,DEN,4.6,4
00-0034981,Foster Moreau,TE,NO,2025,16,NYJ,0.5,1
00-0035140,Mecole Hardman,WR,BUF,2025,16,CLE,0.0,0
00-0035208,Olamide Zaccheaus,WR,CHI,2025,16,GB,3.3,2
00-0035229,T.J. Hockenson,TE,MIN,2025,16,NYG,0.2,1
00-0035249,Josh Oliver,TE,MIN,2025,16,NYG,1.9,2
00-0035250,Devin Singletary,RB,NYG,2025,16,MIN,4.6,1
00-0035261,Tony Pollard,RB,TEN,2025,16,KC,10.2,0
00-0035289,Gardner Minshew,QB,KC,2025,16,TEN,1.4,0
00-0035291,Trayveon Williams,RB,CLE,2025,16,BUF,5.5,4
00-0035298,Scott Miller,WR,PIT,2025,16,DET,1.9,3
00-0035359,David Sills,WR,ATL,2025,16,ARI,0.0,0
00-0035406,Lil'Jordan Humphrey,WR,DEN,2025,16,JAX,0.9,1
00-0035535,Darius Slayton,WR,NYG,2025,16,MIN,0.8,1
00-0035537,Ty Johnson,RB,BUF,2025,16,CLE,7.6,0
00-0035544,Tom Kennedy,WR,DET,2025,16,PIT,0.0,0
00-0035602,Alex Bachman,WR,LV,2025,16,HOU,0.3,1
00-0035631,Drew Sample,TE,CIN,2025,16,MIA,3.1,2
00-0035640,DK Metcalf,WR,PIT,2025,16,DET,4.2,4
00-0035645,Gunner Olszewski,WR,NYG,2025,16,MIN,0.0,0
00-0035659,Terry McLaurin,WR,WAS,2025,16,PHI,5.3,3
00-0035662,Marquise Brown,WR,KC,2025,16,TEN,2.2,3
00-0035676,A.J. Brown,WR,PHI,2025,16,WAS,9.5,9
00-0035685,David Montgomery,RB,DET,2025,16,PIT,1.4,0
00-0035689,Dawson Knox,TE,BUF,2025,16,CLE,1.0,1
00-0035700,Josh Jacobs,RB,GB,2025,16,CHI,2.8,2
00-0035719,Deebo Samuel Sr.,WR,WAS,2025,16,PHI,3.5,3
00-0035891,Cody White,WR,SEA,2025,16,LA,0.0,0
00-0035993,Tyler Huntley,QB,BAL,2025,16,NE,2.8,0
00-0036040,Juwan Johnson,TE,NO,2025,16,NYJ,8.9,8
00-0036139,Rico Dowdle,RB,CAR,2025,16,TB,4.3,4
00-0036223,Jonathan Taylor,RB,IND,2025,16,SF,13.9,3
00-0036244,Colby Parkinson,TE,LA,2025,16,SEA,2.1,2
00-0036252,Michael Pittman,WR,IND,2025,16,SF,3.2,4
00-0036259,Jauan Jennings,WR,SF,2025,16,IND,13.1,5
00-0036264,Jordan Love,QB,GB,2025,16,CHI,3.78,0
00-0036275,D'Andre Swift,RB,CHI,2025,16,GB,7.0,2
00-0036290,Cole Kmet,TE,CHI,2025,16,GB,1.4,2
00-0036309,Darnell Mooney,WR,ATL,2025,16,ARI,2.4,2
00-0036322,Justin Jefferson,WR,MIN,2025,16,NYG,8.5,6
00-0036331,Devin Duvernay,WR,CHI,2025,16,GB,0.0,0
00-0036332,Josiah Deguara,TE,ARI,2025,16,ATL,0.0,0
00-0036355,Justin Herbert,QB,LAC,2025,16,DAL,30.2,0
00-0036358,CeeDee Lamb,WR,DAL,2025,16,LAC,5.1,6
00-0036389,Jalen Hurts,QB,PHI,2025,16,WAS,19.4,0
00-0036407,Jerry Jeudy,WR,CLE,2025,16,BUF,1.2,3
00-0036410,Tee Higgins,WR,CIN,2025,16,MIA,11.3,3
00-0036415,Van Jefferson,WR,TEN,2025,16,KC,2.4,2
00-0036422,Adam Trautman,TE,DEN,2025,16,JAX,1.4,2
00-0036425,DeeJay Dallas,RB,JAX,2025,16,DEN,0.0,0
00-0036427,Tyler Johnson,WR,NYJ,2025,16,NO,0.7,1
00-0036429,Charlie Woerner,TE,ATL,2025,16,ARI,0.3,1
00-0036442,Joe Burrow,QB,CIN,2025,16,MIA,28.96,0
00-0036534,Shane Zylstra,TE,DET,2025,16,PIT,2.0,3
00-0036550,Rashod Bateman,WR,BAL,2025,16,NE,0.0,0
00-0036554,Nico Collins,WR,HOU,2025,16,LV,5.9,4
00-0036555,Chuba Hubbard,RB,CAR,2025,16,TB,3.4,1
00-0036590,Quintin Morris,TE,JAX,2025,16,DEN,0.5,1
00-0036613,Jaylen Waddle,WR,MIA,2025,16,CIN,7.2,5
00-0036620,Dee Eskridge,WR,MIA,2025,16,CIN,0.0,0
00-0036628,John Bates,TE,WAS,2025,16,PHI,0.0,0
00-0036637,Noah Gray,TE,KC,2025,16,TEN,0.0,0
00-0036741,Jack Stoll,TE,NO,2025,16,NYJ,0.4,1
00-0036842,Kene Nwangwu,RB,NYJ,2025,16,NO,0.0,0
00-0036862,Ben Skowronek,WR,PIT,2025,16,DET,0.0,0
00-0036875,Rhamondre Stevenson,RB,NE,2025,16,BAL,15.8,2
00-0036876,Kylen Granson,TE,PHI,2025,16,WAS,0.0,0
00-0036887,Luke Farrell,TE,SF,2025,16,IND,0.0,0
00-0036894,Pat Freiermuth,TE,PIT,2025,16,DET,2.0,4
00-0036900,Ja'Marr Chase,WR,CIN,2025,16,MIA,10.9,9
00-0036912,DeVonta Smith,WR,PHI,2025,16,WAS,10.2,6
00-0036919,Kenny Gainwell,RB,PIT,2025,16,DET,18.8,5
00-0036924,Michael Carter,RB,ARI,2025,16,ATL,6.5,0
00-0036963,Amon-Ra St. Brown,WR,DET,2025,16,PIT,5.4,4
00-0036970,Kyle Pitts,TE,ATL,2025,16,ARI,11.7,7
00-0036971,Trevor Lawrence,QB,JAX,2025,16,DEN,31.16,0
00-0036972,Mac Jones,QB,SF,2025,16,IND,-0.3,0
00-0036973,Travis Etienne,RB,JAX,2025,16,DEN,12.6,4
00-0036988,Josh Palmer,WR,BUF,2025,16,CLE,0.2,1
00-0036997,Javonte Williams,RB,DAL,2025,16,LAC,4.3,2
00-0037005,Tommy Tremble,TE,CAR,2025,16,TB,0.6,1
00-0037085,Tyler Badie,RB,DEN,2025,16,JAX,0.2,1
00-0037091,Bo Melton,WR,GB,2025,16,CHI,0.0,0
00-0037093,Dareke Young,WR,SEA,2025,16,LA,0.0,0
00-0037112,Jake Tonges,TE,SF,2025,16,IND,0.7,1
00-0037120,Tyler Goodson,RB,IND,2025,16,SF,0.9,0
00-0037132,Britain Covey,WR,PHI,2025,16,WAS,0.0,0
00-0037197,Isiah Pacheco,RB,KC,2025,16,TEN,7.5,6
00-0037228,Jaylen Warren,RB,PIT,2025,16,DET,27.1,2
00-0037231,Kevin Austin Jr.,WR,NO,2025,16,NYJ,1.8,2
00-0037238,Drake London,WR,ATL,2025,16,ARI,2.7,3
00-0037239,Chris Olave,WR,NO,2025,16,NYJ,26.8,10
00-0037240,Jameson Williams,WR,DET,2025,16,PIT,7.0,5
00-0037247,George Pickens,WR,DAL,2025,16,LAC,19.0,7
00-0037248,James Cook,RB,BUF,2025,16,CLE,25.4,1
00-0037252,Greg Dulcich,TE,MIA,2025,16,CIN,2.6,3
00-0037256,Rachaad White,RB,TB,2025,16,CAR,6.0,2
00-0037261,Khalil Shakir,WR,BUF,2025,16,CLE,3.4,4
00-0037263,Tyler Allgeier,RB,ATL,2025,16,ARI,7.3,1
00-0037291,Jalen Nailor,WR,MIN,2025,16,NYG,0.0,0
00-0037292,Andrew Ogletree,TE,IND,2025,16,SF,1.1,1
00-0037306,John FitzPatrick,TE,GB,2025,16,CHI,0.0,0
00-0037324,Chris Oladokun,QB,KC,2025,16,TEN,5.14,0
00-0037475,Stone Smartt,TE,NYJ,2025,16,NO,3.4,5
00-0037487,Deven Thompkins,WR,ATL,2025,16,ARI,0.0,0
00-0037525,Jordan Mason,RB,MIN,2025,16,NYG,1.1,1
00-0037545,Rashid Shaheed,WR,SEA,2025,16,LA,9.1,0
00-0037557,Ronnie Rivers,RB,LA,2025,16,SEA,0.0,0
00-0037563,Malik Davis,RB,DAL,2025,16,LAC,2.3,0
00-0037594,Julius Chestnut,RB,TEN,2025,16,KC,0.1,0
00-0037614,John Metchie III,WR,NYJ,2025,16,NO,0.4,1
00-0037617,Hassan Haskins,RB,LAC,2025,16,DAL,1.4,0
00-0037664,Alec Pierce,WR,IND,2025,16,SF,20.6,4
00-0037741,Jahan Dotson,WR,PHI,2025,16,WAS,1.3,3
00-0037742,Treylon Burks,WR,WAS,2025,16,PHI,3.0,2
00-0037744,Trey McBride,TE,ARI,2025,16,ATL,2.7,4
00-0037746,Brian Robinson,RB,SF,2025,16,IND,2.0,0
00-0037755,Jelani Woods,TE,NYJ,2025,16,NO,0.0,0
00-0037801,KaVontae Turpin,WR,DAL,2025,16,LAC,2.7,2
00-0037805,Jeremy Ruckert,TE,NYJ,2025,16,NO,1.4,2
00-0037809,Chig Okonkwo,TE,TEN,2025,16,KC,10.4,6
00-0037816,Romeo Doubs,WR,GB,2025,16,CHI,14.4,5
00-0037834,Brock Purdy,QB,SF,2025,16,IND,30.9,0
00-0037837,Calvin Austin III,WR,PIT,2025,16,DET,0.8,1
00-0037838,Isaiah Likely,TE,BAL,2025,16,NE,0.0,0
00-0037840,Kyren Williams,RB,LA,2025,16,SEA,8.5,3
00-0038041,Jake Ferguson,TE,DAL,2025,16,LAC,1.9,3
00-0038046,Charlie Kolar,TE,BAL,2025,16,NE,1.8,1
00-0038090,Skyy Moore,WR,SF,2025,16,IND,2.3,1
00-0038117,Wan'Dale Robinson,WR,NYG,2025,16,MIN,2.2,3
00-0038120,Breece Hall,RB,NYJ,2025,16,NO,6.3,2
00-0038124,Christian Watson,WR,GB,2025,16,CHI,1.7,2
00-0038128,Malik Willis,QB,GB,2025,16,CHI,13.24,0
00-0038129,Cade Otton,TE,TB,2025,16,CAR,1.5,2
00-0038134,Kenneth Walker III,RB,SEA,2025,16,LA,22.4,3
00-0038359,Xavier Smith,WR,LA,2025,16,SEA,5.7,2
00-0038393,Dontayvion Wicks,WR,GB,2025,16,CHI,1.2,2
00-0038397,Evan Hull,RB,NO,2025,16,NYJ,0.3,0
00-0038400,Tanner McKee,QB,PHI,2025,16,WAS,-0.2,0
00-0038440,Zavier Scott,RB,MIN,2025,16,NYG,1.2,1
00-0038454,Keaton Mitchell,RB,BAL,2025,16,NE,1.3,0
00-0038488,Brady Russell,RB,SEA,2025,16,LA,0.0,0
00-0038519,Nikko Remigio,WR,KC,2025,16,TEN,0.0,0
00-0038542,Bijan Robinson,RB,ATL,2025,16,ARI,22.8,7
00-0038543,Jaxon Smith-Njigba,WR,SEA,2025,16,LA,15.6,8
00-0038544,Quentin Johnston,WR,LAC,2025,16,DAL,16.4,4
00-0038555,Tank Bigsby,RB,PHI,2025,16,WAS,9.7,0
00-0038558,Darnell Washington,TE,PIT,2025,16,DET,1.6,3
00-0038559,Michael Wilson,WR,ARI,2025,16,ATL,11.2,2
00-0038563,Tre Tucker,WR,LV,2025,16,HOU,5.4,4
00-0038597,Chase Brown,RB,CIN,2025,16,MIA,28.9,4
00-0038606,Parker Washington,WR,JAX,2025,16,DEN,20.5,6
00-0038608,Kayshon Boutte,WR,NE,2025,16,BAL,1.6,1
00-0038611,Chris Rodriguez Jr.,RB,WAS,2025,16,PHI,12.9,1
00-0038618,Xavier Hutchinson,WR,HOU,2025,16,LV,0.4,1
00-0038619,Andrei Iosivas,WR,CIN,2025,16,MIA,2.1,1
00-0038621,DeMario Douglas,WR,NE,2025,16,BAL,0.6,1
00-0038640,Jalen Brooks,WR,ARI,2025,16,ATL,0.0,0
00-0038679,Tyrell Shavers,WR,BUF,2025,16,CLE,2.1,1
00-0038685,Chris Brooks,RB,GB,2025,16,CHI,0.4,0
00-0038705,Emari Demercado,RB,ARI,2025,16,ATL,3.0,0
00-0038738,Hunter Luepke,RB,DAL,2025,16,LAC,1.4,1
00-0038783,Nate Adkins,TE,DEN,2025,16,JAX,0.0,0
00-0038794,Jaleel McLaughlin,RB,DEN,2025,16,JAX,3.7,0
00-0038797,Emanuel Wilson,RB,GB,2025,16,CHI,8.2,0
00-0038839,Mitchell Tinsley,WR,CIN,2025,16,MIA,0.0,0
00-0038840,Brycen Tremayne,WR,CAR,2025,16,TB,0.0,0
00-0038896,Jacob Saylors,RB,DET,2025,16,PIT,0.0,0
00-0038933,Dalton Kincaid,TE,BUF,2025,16,CLE,0.0,0
00-0038935,Brenton Strange,TE,JAX,2025,16,DEN,9.9,5
00-0038951,Sean Tucker,RB,TB,2025,16,CAR,6.3,0
00-0038976,Marvin Mims Jr.,WR,DEN,2025,16,JAX,2.9,3
00-0038979,Cedric Tillman,WR,CLE,2025,16,BUF,0.8,1
00-0038994,Jordan Addison,WR,MIN,2025,16,NYG,2.6,2
00-0038997,Josh Downs,WR,IND,2025,16,SF,6.8,5
00-0039032,Tyjae Spears,RB,TEN,2025,16,KC,16.5,5
00-0039040,De'Von Achane,RB,MIA,2025,16,CIN,15.0,3
00-0039041,Elijah Higgins,TE,ARI,2025,16,ATL,9.1,7
00-0039062,Jonathan Mingo,WR,DAL,2025,16,LAC,0.0,0
00-0039064,Zay Flowers,WR,BAL,2025,16,NE,14.2,7
00-0039066,Michael Mayer,TE,LV,2025,16,HOU,1.0,1
00-0039074,Davis Allen,TE,LA,2025,16,SEA,3.4,2
00-0039075,Puka Nacua,WR,LA,2025,16,SEA,34.5,12
00-0039139,Jahmyr Gibbs,RB,DET,2025,16,PIT,12.8,10
00-0039144,Luke Musgrave,TE,GB,2025,16,CHI,3.8,3
00-0039146,Jayden Reed,WR,GB,2025,16,CHI,4.1,3
00-0039150,Bryce Young,QB,CAR,2025,16,TB,17.64,0
00-0039163,C.J. Stroud,QB,HOU,2025,16,LV,11.48,0
00-0039165,Zach Charbonnet,RB,SEA,2025,16,LA,13.4,4
00-0039338,Brock Bowers,TE,LV,2025,16,HOU,9.3,5
00-0039342,Xavier Legette,WR,CAR,2025,16,TB,1.2,1
00-0039356,Ja'Tavion Sanders,TE,CAR,2025,16,TB,6.9,2
00-0039359,Cade Stover,TE,HOU,2025,16,LV,0.7,2
00-0039361,Bucky Irving,RB,TB,2025,16,CAR,7.1,0
00-0039373,Audric Estimé,RB,NO,2025,16,NYJ,3.6,3
00-0039384,Tyrone Tracy Jr.,RB,NYG,2025,16,MIN,7.8,2
00-0039391,Kimani Vidal,RB,LAC,2025,16,DAL,1.1,0
00-0039398,Joe Milton III,QB,DAL,2025,16,LAC,-0.86,0
00-0039405,Jawhar Jordan,RB,HOU,2025,16,LV,7.0,5
00-0039407,Dylan Laube,RB,LV,2025,16,HOU,0.0,0
00-0039410,Ryan Flournoy,WR,DAL,2025,16,LAC,7.8,2
00-0039451,Isaiah Williams,WR,NYJ,2025,16,NO,2.5,4
00-0039458,Brenden Bates,TE,CLE,2025,16,BUF,0.0,0
00-0039491,Jalen Coker,WR,CAR,2025,16,TB,4.7,3
00-0039521,Xavier Weaver,WR,ARI,2025,16,ATL,1.9,2
00-0039530,Brevyn Spann-Ford,TE,DAL,2025,16,LAC,0.0,0
00-0039589,Kameron Johnson,WR,TB,2025,16,CAR,0.0,0
00-0039603,British Brooks,RB,HOU,2025,16,LV,0.0,0
00-0039623,Mason Tipton,WR,NO,2025,16,NYJ,4.1,4
00-0039631,Cam Grandy,TE,CIN,2025,16,MIA,0.1,1
00-0039648,David Martin-Robinson,TE,TEN,2025,16,KC,0.0,0
00-0039732,Bo Nix,QB,DEN,2025,16,JAX,15.18,0
00-0039738,Blake Corum,RB,LA,2025,16,SEA,12.1,1
00-0039746,Will Shipley,RB,PHI,2025,16,WAS,0.3,1
00-0039751,Jordan Whittington,WR,LA,2025,16,SEA,1.9,1
00-0039792,Devontez Walker,WR,BAL,2025,16,NE,0.0,0
00-0039793,AJ Barner,TE,SEA,2025,16,LA,11.0,4
00-0039796,Rasheen Ali,RB,BAL,2025,16,NE,0.2,2
00-0039798,Isaiah Davis,RB,NYJ,2025,16,NO,6.0,4
00-0039847,Theo Johnson,TE,NYG,2025,16,MIN,0.0,0
00-0039849,Marvin Harrison Jr.,WR,ARI,2025,16,ATL,1.4,1
00-0039851,Drake Maye,QB,NE,2025,16,BAL,23.7,0
00-0039855,Jalen McMillan,WR,TB,2025,16,CAR,1.6,2
00-0039868,Troy Franklin,WR,DEN,2025,16,JAX,6.6,4
00-0039874,Jaylen Wright,RB,MIA,2025,16,CIN,11.3,1
00-0039875,Ray Davis,RB,BUF,2025,16,CLE,3.4,2
00-0039880,Malik Washington,WR,MIA,2025,16,CIN,9.2,1
00-0039890,Adonai Mitchell,WR,NYJ,2025,16,NO,4.3,3
00-0039893,Brian Thomas Jr.,WR,JAX,2025,16,DEN,1.8,2
00-0039894,Xavier Worthy,WR,KC,2025,16,TEN,4.1,2
00-0039912,Ben Sinnott,TE,WAS,2025,16,PHI,0.5,1
00-0039915,Ladd McConkey,WR,LAC,2025,16,DAL,10.3,4
00-0039918,Caleb Williams,QB,CHI,2025,16,GB,21.0,0
00-0039920,Malachi Corley,WR,CLE,2025,16,BUF,4.1,2
00-0039923,J.J. McCarthy,QB,MIN,2025,16,NYG,8.32,0
00-0040009,Savion Williams,WR,GB,2025,16,CHI,0.9,0
00-0040075,LaJohntay Wester,WR,BAL,2025,16,NE,0.0,0
00-0040078,Brashard Smith,RB,KC,2025,16,TEN,0.4,1
00-0040122,Ashton Jeanty,RB,LV,2025,16,HOU,30.8,1
00-0040124,Tetairoa McMillan,WR,CAR,2025,16,TB,13.3,6
00-0040126,Colston Loveland,TE,CHI,2025,16,GB,3.0,3
00-0040128,Tyler Warren,TE,IND,2025,16,SF,3.0,3
00-0040129,Emeka Egbuka,WR,TB,2025,16,CAR,4.0,1
00-0040130,Jayden Higgins,WR,HOU,2025,16,LV,1.7,1
00-0040131,Kyle Williams,WR,NE,2025,16,BAL,10.6,2
00-0040134,Pat Bryant,WR,DEN,2025,16,JAX,4.2,5
00-0040138,Jaylin Noel,WR,HOU,2025,16,LV,0.0,0
00-0040154,Tai Felton,WR,MIN,2025,16,NYG,0.6,1
00-0040164,Jaylin Lane,WR,WAS,2025,16,PHI,0.0,0
00-0040170,Elic Ayomanor,WR,TEN,2025,16,KC,5.8,3
00-0040184,KeAndre Lambert-Smith,WR,LAC,2025,16,DAL,1.0,1
00-0040187,Mitchell Evans,TE,CAR,2025,16,TB,2.3,3
00-0040189,Oronde Gadsden II,TE,LAC,2025,16,DAL,0.7,1
00-0040194,Jackson Hawes,TE,BUF,2025,16,CLE,2.6,2
00-0040198,Ollie Gordon II,RB,MIA,2025,16,CIN,-0.1,0
00-0040205,Kalel Mullings,RB,TEN,2025,16,KC,0.0,0
00-0040206,Riley Leonard,QB,IND,2025,16,SF,0.0,0
00-0040208,Tahj Brooks,RB,CIN,2025,16,MIA,0.7,0
00-0040218,Jimmy Horn Jr.,WR,CAR,2025,16,TB,2.5,0
00-0040234,Quinn Ewers,QB,MIA,2025,16,CIN,6.9,0
00-0040236,Kyle Monangai,RB,CHI,2025,16,GB,9.3,3
00-0040237,Tez Johnson,WR,TB,2025,16,CAR,-0.1,1
00-0040238,LeQuint Allen Jr.,RB,JAX,2025,16,DEN,1.0,0
00-0040242,Jacory Croskey-Merritt,RB,WAS,2025,16,PHI,8.5,0
00-0040259,Gage Larvadain,WR,CLE,2025,16,BUF,0.0,0
00-0040277,Jahdae Walker,WR,CHI,2025,16,GB,8.1,2
00-0040311,Theo Wease Jr.,WR,MIA,2025,16,CIN,3.2,2
00-0040352,Coleman Owen,WR,IND,2025,16,SF,0.0,0
00-0040398,Brady Cook,QB,NYJ,2025,16,NO,3.72,0
00-0040466,Raheim Sanders,RB,CLE,2025,16,BUF,4.6,1
00-0040488,Carter Runyon,TE,LV,2025,16,HOU,0.0,0
00-0040494,Max Brosmer,QB,MIN,2025,16,NYG,1.78,0
00-0040506,Myles Price,WR,MIN,2025,16,NYG,0.0,0
00-0040534,Ke'Shawn Williams,WR,CIN,2025,16,MIA,0.1,0
00-0040556,Corey Kiner,RB,ARI,2025,16,ATL,3.2,0
00-0040582,Arian Smith,WR,NYJ,2025,16,NO,0.0,0
00-0040584,Gunnar Helm,TE,TEN,2025,16,KC,0.9,2
00-0040590,Konata Mumpfield,WR,LA,2025,16,SEA,4.0,3
00-0040644,Trevor Etienne,RB,CAR,2025,16,TB,0.0,0
00-0040663,Harold Fannin Jr.,TE,CLE,2025,16,BUF,15.5,4
00-0040666,Omarion Hampton,RB,LAC,2025,16,DAL,15.5,1
00-0040667,Matthew Golden,WR,GB,2025,16,CHI,0.4,0
00-0040668,Shedeur Sanders,QB,CLE,2025,16,BUF,11.18,0
00-0040669,Isaac TeSlaa,WR,DET,2025,16,PIT,11.2,4
00-0040676,Cam Ward,QB,TEN,2025,16,KC,18.02,0
00-0040691,Jaxson Dart,QB,NYG,2025,16,MIN,0.0200000000000001,0
00-0040704,Dillon Gabriel,QB,CLE,2025,16,BUF,0.0,0
00-0040705,Chimere Dike,WR,TEN,2025,16,KC,10.0,3
00-0040727,Tre Harris,WR,LAC,2025,16,DAL,5.4,4
00-0040729,Jack Bech,WR,LV,2025,16,HOU,4.3,2
00-0040730,RJ Harvey,RB,DEN,2025,16,JAX,18.1,4
00-0040734,TreVeyon Henderson,RB,NE,2025,16,BAL,1.2,1
00-0040737,Terrance Ferguson,TE,LA,2025,16,SEA,9.3,3
00-0040743,Tyler Shough,QB,NO,2025,16,NYJ,17.12,0
00-0040782,Isaiah Bond,WR,CLE,2025,16,BUF,2.0,0
00-0040784,Quinshon Judkins,RB,CLE,2025,16,BUF,5.1,5
00-0022942,Philip Rivers,QB,IND,2025,17,JAX,7.78,0
00-0023459,Aaron Rodgers,QB,PIT,2025,17,CLE,7.32,0
00-0026158,Joe Flacco,QB,CIN,2025,17,ARI,1.16,0
00-0026300,Josh Johnson,QB,WAS,2025,17,DAL,8.92,0
00-0026498,Matthew Stafford,QB,LA,2025,17,ATL,12.76,0
00-0029604,Kirk Cousins,QB,ATL,2025,17,LA,9.14,0
00-0030035,Adam Thielen,WR,PIT,2025,17,CLE,1.4,2
00-0030279,Keenan Allen,WR,LAC,2025,17,HOU,1.7,1
00-0030506,Travis Kelce,TE,KC,2025,17,DEN,3.6,5
00-0030564,DeAndre Hopkins,WR,BAL,2025,17,GB,0.0,0
00-0030565,Geno Smith,QB,LV,2025,17,NYG,7.14,0
00-0031236,Brandin Cooks,WR,BUF,2025,17,PHI,10.1,4
00-0031408,Mike Evans,WR,TB,2025,17,MIA,9.1,3
00-0031588,Stefon Diggs,WR,NE,2025,17,NYJ,16.1,6
00-0031610,Darren Waller,TE,MIA,2025,17,TB,0.0,1
00-0032104,Ameer Abdullah,RB,IND,2025,17,JAX,0.4,1
00-0032211,Tyler Lockett,WR,LV,2025,17,NYG,6.9,2
00-0032392,Austin Hooper,TE,NE,2025,17,NYJ,7.1,2
00-0032398,Chris Moore,WR,WAS,2025,17,DAL,1.5,1
00-0032464,Kalif Raymond,WR,DET,2025,17,MIN,0.5,1
00-0032764,Derrick Henry,RB,BAL,2025,17,GB,45.6,0
00-0032775,Demarcus Robinson,WR,SF,2025,17,CHI,3.0,2
00-0032951,Laquon Treadwell,WR,IND,2025,17,JAX,0.0,0
00-0033077,Dak Prescott,QB,DAL,2025,17,WAS,22.68,0
00-0033090,Hunter Henry,TE,NE,2025,17,NYJ,10.9,3
00-0033106,Jared Goff,QB,DET,2025,17,MIN,2.08,0
00-0033119,Jacoby Brissett,QB,ARI,2025,17,CIN,16.48,0
00-0033217,Mo Alie-Cox,TE,IND,2025,17,JAX,8.0,3
00-0033246,Johnny Mundt,TE,JAX,2025,17,IND,0.0,0
00-0033280,Christian McCaffrey,RB,SF,2025,17,CHI,24.1,4
00-0033293,Aaron Jones,RB,MIN,2025,17,DET,12.3,3
00-0033307,Kendrick Bourne,WR,SF,2025,17,CHI,2.5,1
00-0033357,Taysom Hill,TE,NO,2025,17,TEN,0.0,0
00-0033375,Tim Patrick,WR,JAX,2025,17,IND,0.0,0
00-0033376,Patrick Ricard,RB,BAL,2025,17,GB,0.0,0
00-0033455,Anthony Firkser,TE,DET,2025,17,MIN,0.0,0
00-0033526,Samaje Perine,RB,CIN,2025,17,ARI,7.3,1
00-0033576,Eric Saubert,TE,SEA,2025,17,CAR,0.0,0
00-0033857,JuJu Smith-Schuster,WR,KC,2025,17,DEN,1.6,3
00-0033858,Jonnu Smith,TE,PIT,2025,17,CLE,2.7,5
00-0033881,Evan Engram,TE,DEN,2025,17,KC,2.1,4
00-0033908,Cooper Kupp,WR,SEA,2025,17,CAR,0.6,1
00-0033921,Chris Godwin Jr.,WR,TB,2025,17,MIA,16.8,7
00-0033923,Kareem Hunt,RB,KC,2025,17,DEN,3.8,0
00-0033949,Joshua Dobbs,QB,NE,2025,17,NYJ,1.1,0
00-0033955,Jeremy McNichols,RB,WAS,2025,17,DAL,1.0,3
00-0034054,River Cracraft,WR,WAS,2025,17,DAL,0.0,0
00-0034159,Will Dissly,TE,LAC,2025,17,HOU,1.9,2
00-0034272,Marquez Valdes-Scantling,WR,PIT,2025,17,CLE,2.1,3
00-0034348,Courtland Sutton,WR,DEN,2025,17,KC,4.0,4
00-0034351,Dallas Goedert,TE,PHI,2025,17,BUF,6.8,3
00-0034383,Dalton Schultz,TE,HOU,2025,17,LAC,1.9,3
00-0034418,Cedrick Wilson Jr.,WR,MIA,2025,17,TB,0.8,1
00-0034613,Tanner Hudson,TE,CIN,2025,17,ARI,3.1,2
00-0034681,Chase Edmonds,RB,WAS,2025,17,DAL,0.0,0
00-0034753,Mark Andrews,TE,BAL,2025,17,GB,2.8,4
00-0034775,Christian Kirk,WR,HOU,2025,17,LAC,0.1,2
00-0034791,Nick Chubb,RB,HOU,2025,17,LAC,0.1,0
00-0034798,Durham Smythe,TE,CHI,2025,17,SF,1.1,1
00-0034827,DJ Moore,WR,CHI,2025,17,SF,0.7,1
00-0034829,Mike Gesicki,TE,CIN,2025,17,ARI,4.7,2
00-0034844,Saquon Barkley,RB,PHI,2025,17,BUF,6.8,0
00-0034855,Baker Mayfield,QB,TB,2025,17,MIA,17.44,0
00-0034857,Josh Allen,QB,BUF,2025,17,PHI,23.18,0
00-0034860,Dante Pettis,WR,NO,2025,17,TEN,3.3,3
00-0034869,Sam Darnold,QB,SEA,2025,17,CAR,6.08,0
00-0034928,Steven Sims,WR,ARI,2025,17,CIN,0.0,0
00-0034960,Jakobi Meyers,WR,JAX,2025,17,IND,1.9,6
00-0035021,Ashton Dulin,WR,IND,2025,17,JAX,0.0,0
00-0035249,Josh Oliver,TE,MIN,2025,17,DET,0.8,1
00-0035250,Devin Singletary,RB,NYG,2025,17,LV,13.0,4
00-0035261,Tony Pollard,RB,TEN,2025,17,NO,9.5,2
00-0035291,Trayveon Williams,RB,CLE,2025,17,PIT,1.0,0
00-0035298,Scott Miller,WR,PIT,2025,17,CLE,2.5,3
00-0035359,David Sills,WR,ATL,2025,17,LA,3.7,3
00-0035406,Lil'Jordan Humphrey,WR,DEN,2025,17,KC,2.3,2
00-0035535,Darius Slayton,WR,NYG,2025,17,LV,3.6,2
00-0035537,Ty Johnson,RB,BUF,2025,17,PHI,4.8,3
00-0035544,Tom Kennedy,WR,DET,2025,17,MIN,0.0,0
00-0035594,Travis Homer,RB,CHI,2025,17,SF,0.0,0
00-0035602,Alex Bachman,WR,LV,2025,17,NYG,0.0,0
00-0035628,D'Ernest Johnson,RB,NE,2025,17,NYJ,0.5,0
00-0035631,Drew Sample,TE,CIN,2025,17,ARI,0.8,1
00-0035644,Noah Fant,TE,CIN,2025,17,ARI,0.0,0
00-0035645,Gunner Olszewski,WR,NYG,2025,17,LV,1.9,1
00-0035659,Terry McLaurin,WR,WAS,2025,17,DAL,6.3,5
00-0035662,Marquise Brown,WR,KC,2025,17,DEN,0.7,1
00-0035676,A.J. Brown,WR,PHI,2025,17,BUF,6.8,5
00-0035685,David Montgomery,RB,DET,2025,17,MIN,4.0,2
00-0035689,Dawson Knox,TE,BUF,2025,17,PHI,3.0,5
00-0035700,Josh Jacobs,RB,GB,2025,17,BAL,0.3,1
00-0035719,Deebo Samuel Sr.,WR,WAS,2025,17,DAL,9.3,2
00-0035956,Giovanni Ricci,TE,DET,2025,17,MIN,0.0,0
00-0035993,Tyler Huntley,QB,BAL,2025,17,GB,14.28,0
00-0036040,Juwan Johnson,TE,NO,2025,17,TEN,9.5,4
00-0036133,James Proche,WR,TEN,2025,17,NO,0.5,1
00-0036139,Rico Dowdle,RB,CAR,2025,17,SEA,6.3,3
00-0036165,Isaiah Hodgins,WR,NYG,2025,17,LV,0.8,1
00-0036176,Mason Kinsey,WR,TEN,2025,17,NO,3.4,1
00-0036187,Reggie Gilliam,RB,BUF,2025,17,PHI,0.0,0
00-0036196,Gabe Davis,WR,BUF,2025,17,PHI,0.0,0
00-0036223,Jonathan Taylor,RB,IND,2025,17,JAX,14.4,3
00-0036244,Colby Parkinson,TE,LA,2025,17,ATL,5.3,6
00-0036252,Michael Pittman,WR,IND,2025,17,JAX,1.6,2
00-0036259,Jauan Jennings,WR,SF,2025,17,CHI,10.2,2
00-0036275,D'Andre Swift,RB,CHI,2025,17,SF,19.9,2
00-0036290,Cole Kmet,TE,CHI,2025,17,SF,1.6,2
00-0036309,Darnell Mooney,WR,ATL,2025,17,LA,3.5,2
00-0036322,Justin Jefferson,WR,MIN,2025,17,DET,3.0,4
00-0036331,Devin Duvernay,WR,CHI,2025,17,SF,0.0,0
00-0036332,Josiah Deguara,TE,ARI,2025,17,CIN,0.0,0
00-0036355,Justin Herbert,QB,LAC,2025,17,HOU,15.14,0
00-0036358,CeeDee Lamb,WR,DAL,2025,17,WAS,4.6,5
00-0036389,Jalen Hurts,QB,PHI,2025,17,BUF,8.9,0
00-0036407,Jerry Jeudy,WR,CLE,2025,17,PIT,5.4,5
00-0036410,Tee Higgins,WR,CIN,2025,17,ARI,5.9,4
00-0036414,Cam Akers,RB,SEA,2025,17,CAR,0.0,0
00-0036415,Van Jefferson,WR,TEN,2025,17,NO,4.6,3
00-0036422,Adam Trautman,TE,DEN,2025,17,KC,2.4,2
00-0036425,DeeJay Dallas,RB,JAX,2025,17,IND,2.1,0
00-0036427,Tyler Johnson,WR,NYJ,2025,17,NE,0.3,1
00-0036429,Charlie Woerner,TE,ATL,2025,17,LA,0.0,0
00-0036442,Joe Burrow,QB,CIN,2025,17,ARI,20.4,0
00-0036463,Chris Blair,WR,ATL,2025,17,LA,0.0,0
00-0036550,Rashod Bateman,WR,BAL,2025,17,GB,0.7,1
00-0036554,Nico Collins,WR,HOU,2025,17,LAC,5.7,3
00-0036555,Chuba Hubbard,RB,CAR,2025,17,SEA,-0.2,3
00-0036590,Quintin Morris,TE,JAX,2025,17,IND,0.0,0
00-0036613,Jaylen Waddle,WR,MIA,2025,17,TB,0.7,0
00-0036637,Noah Gray,TE,KC,2025,17,DEN,0.2,1
00-0036755,Jaret Patterson,RB,LAC,2025,17,HOU,0.1,0
00-0036842,Kene Nwangwu,RB,NYJ,2025,17,NE,3.1,0
00-0036849,Tutu Atwell,WR,LA,2025,17,ATL,0.0,0
00-0036875,Rhamondre Stevenson,RB,NE,2025,17,NYJ,22.2,5
00-0036876,Kylen Granson,TE,PHI,2025,17,BUF,0.0,0
00-0036894,Pat Freiermuth,TE,PIT,2025,17,CLE,6.3,3
00-0036900,Ja'Marr Chase,WR,CIN,2025,17,ARI,18.0,7
00-0036906,Khalil Herbert,RB,NYJ,2025,17,NE,0.5,0
00-0036912,DeVonta Smith,WR,PHI,2025,17,BUF,2.5,2
00-0036919,Kenny Gainwell,RB,PIT,2025,17,CLE,3.8,3
00-0036924,Michael Carter,RB,ARI,2025,17,CIN,4.3,2
00-0036959,Michael Bandy,WR,DEN,2025,17,KC,1.4,2
00-0036963,Amon-Ra St. Brown,WR,DET,2025,17,MIN,6.8,8
00-0036970,Kyle Pitts,TE,ATL,2025,17,LA,1.6,2
00-0036971,Trevor Lawrence,QB,JAX,2025,17,IND,23.12,0
00-0036973,Travis Etienne,RB,JAX,2025,17,IND,9.2,2
00-0036988,Josh Palmer,WR,BUF,2025,17,PHI,1.2,1
00-0036997,Javonte Williams,RB,DAL,2025,17,WAS,11.4,0
00-0037005,Tommy Tremble,TE,CAR,2025,17,SEA,0.6,1
00-0037015,Sal Cannella,TE,CLE,2025,17,PIT,1.1,2
00-0037085,Tyler Badie,RB,DEN,2025,17,KC,0.0,0
00-0037086,Grant Calcaterra,TE,PHI,2025,17,BUF,0.3,1
00-0037091,Bo Melton,WR,GB,2025,17,BAL,3.4,1
00-0037093,Dareke Young,WR,SEA,2025,17,CAR,0.0,0
00-0037112,Jake Tonges,TE,SF,2025,17,CHI,12.0,7
00-0037132,Britain Covey,WR,PHI,2025,17,BUF,0.0,0
00-0037197,Isiah Pacheco,RB,KC,2025,17,DEN,3.2,0
00-0037228,Jaylen Warren,RB,PIT,2025,17,CLE,6.4,0
00-0037231,Kevin Austin Jr.,WR,NO,2025,17,TEN,11.2,4
00-0037238,Drake London,WR,ATL,2025,17,LA,0.4,1
00-0037239,Chris Olave,WR,NO,2025,17,TEN,17.9,8
00-0037240,Jameson Williams,WR,DET,2025,17,MIN,3.7,2
00-0037247,George Pickens,WR,DAL,2025,17,WAS,7.8,4
00-0037248,James Cook,RB,BUF,2025,17,PHI,7.7,1
00-0037252,Greg Dulcich,TE,MIA,2025,17,TB,11.1,5
00-0037256,Rachaad White,RB,TB,2025,17,MIA,1.7,2
00-0037261,Khalil Shakir,WR,BUF,2025,17,PHI,3.5,6
00-0037263,Tyler Allgeier,RB,ATL,2025,17,LA,2.3,0
00-0037276,Ty Chandler,RB,MIN,2025,17,DET,2.4,0
00-0037277,Teagan Quitoriano,TE,ATL,2025,17,LA,0.0,0
00-0037291,Jalen Nailor,WR,MIN,2025,17,DET,0.0,0
00-0037324,Chris Oladokun,QB,KC,2025,17,DEN,7.74,0
00-0037475,Stone Smartt,TE,NYJ,2025,17,NE,1.8,2
00-0037487,Deven Thompkins,WR,ATL,2025,17,LA,0.0,0
00-0037545,Rashid Shaheed,WR,SEA,2025,17,CAR,0.8,1
00-0037557,Ronnie Rivers,RB,LA,2025,17,ATL,0.5,0
00-0037563,Malik Davis,RB,DAL,2025,17,WAS,10.3,0
00-0037594,Julius Chestnut,RB,TEN,2025,17,NO,0.0,0
00-0037614,John Metchie III,WR,NYJ,2025,17,NE,4.1,3
00-0037617,Hassan Haskins,RB,LAC,2025,17,HOU,0.0,0
00-0037664,Alec Pierce,WR,IND,2025,17,JAX,0.0,0
00-0037666,Jalen Tolbert,WR,DAL,2025,17,WAS,3.1,4
00-0037741,Jahan Dotson,WR,PHI,2025,17,BUF,0.0,0
00-0037742,Treylon Burks,WR,WAS,2025,17,DAL,1.1,1
00-0037744,Trey McBride,TE,ARI,2025,17,CIN,13.6,10
00-0037746,Brian Robinson,RB,SF,2025,17,CHI,2.8,1
00-0037755,Jelani Woods,TE,NYJ,2025,17,NE,0.4,1
00-0037801,KaVontae Turpin,WR,DAL,2025,17,WAS,14.6,1
00-0037805,Jeremy Ruckert,TE,NYJ,2025,17,NE,0.2,1
00-0037809,Chig Okonkwo,TE,TEN,2025,17,NO,11.5,3
00-0037816,Romeo Doubs,WR,GB,2025,17,BAL,6.2,3
00-0037834,Brock Purdy,QB,SF,2025,17,CHI,36.92,0
00-0037838,Isaiah Likely,TE,BAL,2025,17,GB,2.7,3
00-0037840,Kyren Williams,RB,LA,2025,17,ATL,13.0,3
00-0038040,Zamir White,RB,LV,2025,17,NYG,0.2,0
00-0038041,Jake Ferguson,TE,DAL,2025,17,WAS,6.6,1
00-0038046,Charlie Kolar,TE,BAL,2025,17,GB,0.0,0
00-0038090,Skyy Moore,WR,SF,2025,17,CHI,1.0,0
00-0038102,Kenny Pickett,QB,LV,2025,17,NYG,0.64,0
00-0038115,Daniel Bellinger,TE,NYG,2025,17,LV,1.1,2
00-0038117,Wan'Dale Robinson,WR,NYG,2025,17,LV,11.3,11
00-0038120,Breece Hall,RB,NYJ,2025,17,NE,18.9,2
00-0038124,Christian Watson,WR,GB,2025,17,BAL,17.3,5
00-0038128,Malik Willis,QB,GB,2025,17,BAL,31.52,0
00-0038129,Cade Otton,TE,TB,2025,17,MIA,3.3,4
00-0038134,Kenneth Walker III,RB,SEA,2025,17,CAR,5.7,2
00-0038359,Xavier Smith,WR,LA,2025,17,ATL,6.7,4
00-0038393,Dontayvion Wicks,WR,GB,2025,17,BAL,0.7,1
00-0038394,Will Mallory,TE,IND,2025,17,JAX,1.6,1
00-0038397,Evan Hull,RB,NO,2025,17,TEN,0.3,0
00-0038440,Zavier Scott,RB,MIN,2025,17,DET,0.0,0
00-0038454,Keaton Mitchell,RB,BAL,2025,17,GB,3.8,2
00-0038542,Bijan Robinson,RB,ATL,2025,17,LA,34.9,5
00-0038543,Jaxon Smith-Njigba,WR,SEA,2025,17,CAR,7.2,9
00-0038544,Quentin Johnston,WR,LAC,2025,17,HOU,9.8,5
00-0038547,Luke Schoonmaker,TE,DAL,2025,17,WAS,1.5,2
00-0038555,Tank Bigsby,RB,PHI,2025,17,BUF,0.9,1
00-0038558,Darnell Washington,TE,PIT,2025,17,CLE,1.5,2
00-0038559,Michael Wilson,WR,ARI,2025,17,CIN,14.9,5
00-0038563,Tre Tucker,WR,LV,2025,17,NYG,4.9,5
00-0038582,Clayton Tune,QB,GB,2025,17,BAL,-1.68,0
00-0038589,Josh Whyle,TE,GB,2025,17,BAL,0.8,1
00-0038597,Chase Brown,RB,CIN,2025,17,ARI,26.1,3
00-0038606,Parker Washington,WR,JAX,2025,17,IND,11.0,8
00-0038618,Xavier Hutchinson,WR,HOU,2025,17,LAC,2.9,2
00-0038619,Andrei Iosivas,WR,CIN,2025,17,ARI,4.1,4
00-0038621,DeMario Douglas,WR,NE,2025,17,NYJ,1.0,1
00-0038643,Brayden Willis,TE,SF,2025,17,CHI,0.0,0
00-0038647,Ronnie Bell,WR,NO,2025,17,TEN,0.0,0
00-0038679,Tyrell Shavers,WR,BUF,2025,17,PHI,3.6,2
00-0038685,Chris Brooks,RB,GB,2025,17,BAL,1.1,1
00-0038705,Emari Demercado,RB,ARI,2025,17,CIN,2.0,2
00-0038710,Blake Whiteheart,TE,CLE,2025,17,PIT,0.0,0
00-0038720,Julian Hill,TE,MIA,2025,17,TB,1.6,1
00-0038738,Hunter Luepke,RB,DAL,2025,17,WAS,4.4,1
00-0038752,Jake Bobo,WR,SEA,2025,17,CAR,0.0,0
00-0038794,Jaleel McLaughlin,RB,DEN,2025,17,KC,4.0,0
00-0038797,Emanuel Wilson,RB,GB,2025,17,BAL,2.4,1
00-0038809,Ben Sims,TE,MIN,2025,17,DET,0.3,1
00-0038840,Brycen Tremayne,WR,CAR,2025,17,SEA,0.0,0
00-0038891,Shedrick Jackson,WR,LV,2025,17,NYG,2.0,2
00-0038935,Brenton Strange,TE,JAX,2025,17,IND,5.4,3
00-0038951,Sean Tucker,RB,TB,2025,17,MIA,0.8,0
00-0038953,Dylan Drummond,WR,ATL,2025,17,LA,0.0,0
00-0038976,Marvin Mims Jr.,WR,DEN,2025,17,KC,1.0,3
00-0038979,Cedric Tillman,WR,CLE,2025,17,PIT,4.2,1
00-0038994,Jordan Addison,WR,MIN,2025,17,DET,12.5,0
00-0038997,Josh Downs,WR,IND,2025,17,JAX,3.4,2
00-0039032,Tyjae Spears,RB,TEN,2025,17,NO,0.1,1
00-0039040,De'Von Achane,RB,MIA,2025,17,TB,11.2,3
00-0039041,Elijah Higgins,TE,ARI,2025,17,CIN,0.0,0
00-0039062,Jonathan Mingo,WR,DAL,2025,17,WAS,0.0,0
00-0039064,Zay Flowers,WR,BAL,2025,17,GB,9.0,4
00-0039066,Michael Mayer,TE,LV,2025,17,NYG,8.9,9
00-0039075,Puka Nacua,WR,LA,2025,17,ATL,10.7,5
00-0039139,Jahmyr Gibbs,RB,DET,2025,17,MIN,4.4,2
00-0039146,Jayden Reed,WR,GB,2025,17,BAL,4.1,4
00-0039150,Bryce Young,QB,CAR,2025,17,SEA,8.86,0
00-0039163,C.J. Stroud,QB,HOU,2025,17,LAC,13.76,0
00-0039165,Zach Charbonnet,RB,SEA,2025,17,CAR,24.2,2
00-0039342,Xavier Legette,WR,CAR,2025,17,SEA,0.3,1
00-0039361,Bucky Irving,RB,TB,2025,17,MIA,3.3,5
00-0039364,Sione Vaki,RB,DET,2025,17,MIN,0.0,0
00-0039373,Audric Estimé,RB,NO,2025,17,TEN,15.8,1
00-0039384,Tyrone Tracy Jr.,RB,NYG,2025,17,LV,5.7,1
00-0039405,Jawhar Jordan,RB,HOU,2025,17,LAC,3.6,0
00-0039407,Dylan Laube,RB,LV,2025,17,NYG,0.0,0
00-0039451,Isaiah Williams,WR,NYJ,2025,17,NE,3.5,4
00-0039458,Brenden Bates,TE,CLE,2025,17,PIT,1.9,1
00-0039491,Jalen Coker,WR,CAR,2025,17,SEA,1.6,2
00-0039521,Xavier Weaver,WR,ARI,2025,17,CIN,2.4,2
00-0039530,Brevyn Spann-Ford,TE,DAL,2025,17,WAS,3.1,1
00-0039589,Kameron Johnson,WR,TB,2025,17,MIA,0.0,0
00-0039648,David Martin-Robinson,TE,TEN,2025,17,NO,0.9,1
00-0039732,Bo Nix,QB,DEN,2025,17,KC,19.48,0
00-0039738,Blake Corum,RB,LA,2025,17,ATL,1.8,0
00-0039746,Will Shipley,RB,PHI,2025,17,BUF,0.2,0
00-0039751,Jordan Whittington,WR,LA,2025,17,ATL,0.0,0
00-0039793,AJ Barner,TE,SEA,2025,17,CAR,10.3,3
00-0039796,Rasheen Ali,RB,BAL,2025,17,GB,0.8,2
00-0039798,Isaiah Davis,RB,NYJ,2025,17,NE,2.0,1
00-0039849,Marvin Harrison Jr.,WR,ARI,2025,17,CIN,0.0,0
00-0039851,Drake Maye,QB,NE,2025,17,NYJ,32.44,0
00-0039855,Jalen McMillan,WR,TB,2025,17,MIA,11.4,7
00-0039868,Troy Franklin,WR,DEN,2025,17,KC,1.7,4
00-0039874,Jaylen Wright,RB,MIA,2025,17,TB,5.6,0
00-0039875,Ray Davis,RB,BUF,2025,17,PHI,1.6,1
00-0039880,Malik Washington,WR,MIA,2025,17,TB,0.5,1
00-0039890,Adonai Mitchell,WR,NYJ,2025,17,NE,2.2,3
00-0039893,Brian Thomas Jr.,WR,JAX,2025,17,IND,3.9,4
00-0039894,Xavier Worthy,WR,KC,2025,17,DEN,0.1,0
00-0039912,Ben Sinnott,TE,WAS,2025,17,DAL,2.9,3
00-0039915,Ladd McConkey,WR,LAC,2025,17,HOU,3.1,1
00-0039916,Ricky Pearsall,WR,SF,2025,17,CHI,8.5,5
00-0039918,Caleb Williams,QB,CHI,2025,17,SF,23.0,0
00-0039920,Malachi Corley,WR,CLE,2025,17,PIT,0.4,1
00-0040024,Darius Cooper,WR,PHI,2025,17,BUF,0.4,1
00-0040075,LaJohntay Wester,WR,BAL,2025,17,GB,0.0,0
00-0040078,Brashard Smith,RB,KC,2025,17,DEN,6.5,3
00-0040122,Ashton Jeanty,RB,LV,2025,17,NYG,7.3,2
00-0040124,Tetairoa McMillan,WR,CAR,2025,17,SEA,0.5,1
00-0040126,Colston Loveland,TE,CHI,2025,17,SF,15.4,6
00-0040128,Tyler Warren,TE,IND,2025,17,JAX,4.3,5
00-0040129,Emeka Egbuka,WR,TB,2025,17,MIA,2.0,3
00-0040130,Jayden Higgins,WR,HOU,2025,17,LAC,14.8,2
00-0040131,Kyle Williams,WR,NE,2025,17,NYJ,2.0,3
00-0040138,Jaylin Noel,WR,HOU,2025,17,LAC,11.6,3
00-0040162,Dylan Sampson,RB,CLE,2025,17,PIT,2.7,3
00-0040170,Elic Ayomanor,WR,TEN,2025,17,NO,9.7,4
00-0040184,KeAndre Lambert-Smith,WR,LAC,2025,17,HOU,0.0,0
00-0040187,Mitchell Evans,TE,CAR,2025,17,SEA,0.6,1
00-0040189,Oronde Gadsden II,TE,LAC,2025,17,HOU,9.2,3
00-0040198,Ollie Gordon II,RB,MIA,2025,17,TB,0.0,0
00-0040205,Kalel Mullings,RB,TEN,2025,17,NO,0.4,0
00-0040206,Riley Leonard,QB,IND,2025,17,JAX,-2.0,0
00-0040208,Tahj Brooks,RB,CIN,2025,17,ARI,1.9,1
00-0040218,Jimmy Horn Jr.,WR,CAR,2025,17,SEA,0.9,2
00-0040234,Quinn Ewers,QB,MIA,2025,17,TB,14.78,1
00-0040236,Kyle Monangai,RB,CHI,2025,17,SF,4.7,3
00-0040237,Tez Johnson,WR,TB,2025,17,MIA,1.9,2
00-0040238,LeQuint Allen Jr.,RB,JAX,2025,17,IND,0.3,0
00-0040242,Jacory Croskey-Merritt,RB,WAS,2025,17,DAL,22.5,0
00-0040244,Moliki Matavao,TE,NO,2025,17,TEN,1.0,2
00-0040259,Gage Larvadain,WR,CLE,2025,17,PIT,0.0,0
00-0040277,Jahdae Walker,WR,CHI,2025,17,SF,3.0,2
00-0040311,Theo Wease Jr.,WR,MIA,2025,17,TB,12.3,1
00-0040363,Keleki Latu,TE,BUF,2025,17,PHI,0.0,0
00-0040398,Brady Cook,QB,NYJ,2025,17,NE,4.18,0
00-0040466,Raheim Sanders,RB,CLE,2025,17,PIT,3.1,1
00-0040494,Max Brosmer,QB,MIN,2025,17,DET,3.64,0
00-0040506,Myles Price,WR,MIN,2025,17,DET,0.0,0
00-0040534,Ke'Shawn Williams,WR,CIN,2025,17,ARI,0.5,1
00-0040556,Corey Kiner,RB,ARI,2025,17,CIN,0.2,0
00-0040563,Efton Chism III,WR,NE,2025,17,NYJ,10.0,2
00-0040581,Dont'e Thornton Jr.,WR,LV,2025,17,NYG,1.2,2
00-0040582,Arian Smith,WR,NYJ,2025,17,NE,0.5,1
00-0040583,Woody Marks,RB,HOU,2025,17,LAC,7.5,1
00-0040584,Gunnar Helm,TE,TEN,2025,17,NO,0.1,1
00-0040590,Konata Mumpfield,WR,LA,2025,17,ATL,1.0,2
00-0040644,Trevor Etienne,RB,CAR,2025,17,SEA,0.0,0
00-0040663,Harold Fannin Jr.,TE,CLE,2025,17,PIT,9.0,2
00-0040666,Omarion Hampton,RB,LAC,2025,17,HOU,12.0,8
00-0040667,Matthew Golden,WR,GB,2025,17,BAL,1.2,1
00-0040668,Shedeur Sanders,QB,CLE,2025,17,PIT,9.44,0
00-0040669,Isaac TeSlaa,WR,DET,2025,17,MIN,10.9,3
00-0040676,Cam Ward,QB,TEN,2025,17,NO,17.04,0
00-0040691,Jaxson Dart,QB,NYG,2025,17,LV,25.08,0
00-0040705,Chimere Dike,WR,TEN,2025,17,NO,6.2,4
00-0040727,Tre Harris,WR,LAC,2025,17,HOU,1.5,1
00-0040730,RJ Harvey,RB,DEN,2025,17,KC,13.6,5
00-0040734,TreVeyon Henderson,RB,NE,2025,17,NYJ,8.2,0
00-0040735,Luther Burden III,WR,CHI,2025,17,SF,19.8,8
00-0040737,Terrance Ferguson,TE,LA,2025,17,ATL,11.4,2
00-0040743,Tyler Shough,QB,NO,2025,17,TEN,21.92,0
00-0040782,Isaiah Bond,WR,CLE,2025,17,PIT,1.6,1
00-0023459,Aaron Rodgers,QB,PIT,2025,18,BAL,17.76,0
00-0026158,Joe Flacco,QB,CIN,2025,18,CLE,0.2,0
00-0026300,Josh Johnson,QB,WAS,2025,18,PHI,15.74,0
00-0026498,Matthew Stafford,QB,LA,2025,18,ARI,26.66,0
00-0029604,Kirk Cousins,QB,ATL,2025,18,NO,9.2,0
00-0030035,Adam Thielen,WR,PIT,2025,18,BAL,4.3,3
00-0030279,Keenan Allen,WR,LAC,2025,18,DEN,3.6,7
00-0030506,Travis Kelce,TE,KC,2025,18,LV,1.2,3
00-0030564,DeAndre Hopkins,WR,BAL,2025,18,PIT,0.0,0
00-0031345,Jimmy Garoppolo,QB,LA,2025,18,ARI,-0.3,0
00-0031408,Mike Evans,WR,TB,2025,18,CAR,3.4,2
00-0031484,Chris Manhertz,TE,NYG,2025,18,DAL,0.0,0
00-0031588,Stefon Diggs,WR,NE,2025,18,MIA,4.3,3
00-0032104,Ameer Abdullah,RB,IND,2025,18,HOU,2.5,2
00-0032211,Tyler Lockett,WR,LV,2025,18,KC,0.5,1
00-0032392,Austin Hooper,TE,NE,2025,18,MIA,0.5,1
00-0032434,Brandon Allen,QB,TEN,2025,18,JAX,0.88,0
00-0032464,Kalif Raymond,WR,DET,2025,18,CHI,5.2,3
00-0032764,Derrick Henry,RB,BAL,2025,18,PIT,12.6,0
00-0032775,Demarcus Robinson,WR,SF,2025,18,SEA,2.4,3
00-0033077,Dak Prescott,QB,DAL,2025,18,NYG,0.7,0
00-0033090,Hunter Henry,TE,NE,2025,18,MIA,5.6,5
00-0033106,Jared Goff,QB,DET,2025,18,CHI,15.24,0
00-0033110,Tyler Higbee,TE,LA,2025,18,ARI,15.1,5
00-0033119,Jacoby Brissett,QB,ARI,2025,18,LA,15.62,0
00-0033217,Mo Alie-Cox,TE,IND,2025,18,HOU,2.2,3
00-0033246,Johnny Mundt,TE,JAX,2025,18,TEN,1.6,1
00-0033280,Christian McCaffrey,RB,SF,2025,18,SEA,5.7,6
00-0033288,George Kittle,TE,SF,2025,18,SEA,2.9,5
00-0033307,Kendrick Bourne,WR,SF,2025,18,SEA,0.0,0
00-0033319,Nick Mullens,QB,JAX,2025,18,TEN,0.44,0
00-0033357,Taysom Hill,TE,NO,2025,18,ATL,3.2,3
00-0033375,Tim Patrick,WR,JAX,2025,18,TEN,0.4,1
00-0033376,Patrick Ricard,RB,BAL,2025,18,PIT,0.8,1
00-0033439,Pharaoh Brown,TE,ARI,2025,18,LA,0.0,0
00-0033455,Anthony Firkser,TE,DET,2025,18,CHI,0.2,2
00-0033526,Samaje Perine,RB,CIN,2025,18,CLE,5.2,3
00-0033576,Eric Saubert,TE,SEA,2025,18,SF,1.0,2
00-0033854,Dare Ogunbowale,RB,HOU,2025,18,IND,0.9,1
00-0033857,JuJu Smith-Schuster,WR,KC,2025,18,LV,1.3,2
00-0033858,Jonnu Smith,TE,PIT,2025,18,BAL,0.4,1
00-0033869,Mitchell Trubisky,QB,BUF,2025,18,NYJ,28.86,0
00-0033881,Evan Engram,TE,DEN,2025,18,LAC,4.5,3
00-0033908,Cooper Kupp,WR,SEA,2025,18,SF,2.9,2
00-0033921,Chris Godwin Jr.,WR,TB,2025,18,CAR,0.8,1
00-0033923,Kareem Hunt,RB,KC,2025,18,LV,3.5,3
00-0033949,Joshua Dobbs,QB,NE,2025,18,MIA,0.92,0
00-0033955,Jeremy McNichols,RB,WAS,2025,18,PHI,1.1,1
00-0034054,River Cracraft,WR,WAS,2025,18,PHI,0.0,0
00-0034159,Will Dissly,TE,LAC,2025,18,DEN,0.6,1
00-0034270,Tyler Conklin,TE,LAC,2025,18,DEN,0.6,1
00-0034272,Marquez Valdes-Scantling,WR,PIT,2025,18,BAL,3.4,5
00-0034348,Courtland Sutton,WR,DEN,2025,18,LAC,0.5,1
00-0034367,Nyheim Hines,RB,NO,2025,18,ATL,0.0,0
00-0034383,Dalton Schultz,TE,HOU,2025,18,IND,7.3,4
00-0034386,Justin Watson,WR,HOU,2025,18,IND,0.0,0
00-0034418,Cedrick Wilson Jr.,WR,MIA,2025,18,NE,0.0,0
00-0034753,Mark Andrews,TE,BAL,2025,18,PIT,1.4,2
00-0034775,Christian Kirk,WR,HOU,2025,18,IND,-0.3,1
00-0034796,Lamar Jackson,QB,BAL,2025,18,PIT,20.42,0
00-0034798,Durham Smythe,TE,CHI,2025,18,DET,0.0,0
00-0034827,DJ Moore,WR,CHI,2025,18,DET,1.1,1
00-0034829,Mike Gesicki,TE,CIN,2025,18,CLE,1.3,2
00-0034855,Baker Mayfield,QB,TB,2025,18,CAR,13.22,0
00-0034860,Dante Pettis,WR,NO,2025,18,ATL,6.0,5
00-0034869,Sam Darnold,QB,SEA,2025,18,SF,8.82,0
00-0034928,Steven Sims,WR,ARI,2025,18,LA,0.0,0
00-0034960,Jakobi Meyers,WR,JAX,2025,18,TEN,4.4,5
00-0035021,Ashton Dulin,WR,IND,2025,18,HOU,0.0,0
00-0035249,Josh Oliver,TE,MIN,2025,18,GB,2.9,2
00-0035250,Devin Singletary,RB,NYG,2025,18,DAL,10.6,0
00-0035261,Tony Pollard,RB,TEN,2025,18,JAX,6.5,3
00-0035291,Trayveon Williams,RB,CLE,2025,18,CIN,2.0,1
00-0035298,Scott Miller,WR,PIT,2025,18,BAL,0.9,2
00-0035359,David Sills,WR,ATL,2025,18,NO,1.1,1
00-0035535,Darius Slayton,WR,NYG,2025,18,DAL,5.4,4
00-0035537,Ty Johnson,RB,BUF,2025,18,NYJ,17.6,2
00-0035544,Tom Kennedy,WR,DET,2025,18,CHI,0.0,0
00-0035594,Travis Homer,RB,CHI,2025,18,DET,0.0,0
00-0035602,Alex Bachman,WR,LV,2025,18,KC,0.0,0
00-0035628,D'Ernest Johnson,RB,NE,2025,18,MIA,1.3,0
00-0035631,Drew Sample,TE,CIN,2025,18,CLE,1.7,3
00-0035644,Noah Fant,TE,CIN,2025,18,CLE,-1.5,1
00-0035645,Gunner Olszewski,WR,NYG,2025,18,DAL,10.2,8
00-0035659,Terry McLaurin,WR,WAS,2025,18,PHI,5.7,4
00-0035662,Marquise Brown,WR,KC,2025,18,LV,6.4,3
00-0035685,David Montgomery,RB,DET,2025,18,CHI,5.5,1
00-0035689,Dawson Knox,TE,BUF,2025,18,NYJ,8.4,2
00-0035719,Deebo Samuel Sr.,WR,WAS,2025,18,PHI,2.1,2
00-0036040,Juwan Johnson,TE,NO,2025,18,ATL,4.1,3
00-0036133,James Proche,WR,TEN,2025,18,JAX,0.5,1
00-0036139,Rico Dowdle,RB,CAR,2025,18,TB,1.0,2
00-0036165,Isaiah Hodgins,WR,NYG,2025,18,DAL,0.0,0
00-0036176,Mason Kinsey,WR,TEN,2025,18,JAX,0.0,0
00-0036182,Nick Westbrook-Ikhine,WR,MIA,2025,18,NE,0.0,0
00-0036187,Reggie Gilliam,RB,BUF,2025,18,NYJ,2.6,1
00-0036196,Gabe Davis,WR,BUF,2025,18,NYJ,10.1,5
00-0036223,Jonathan Taylor,RB,IND,2025,18,HOU,3.9,2
00-0036244,Colby Parkinson,TE,LA,2025,18,ARI,15.6,4
00-0036252,Michael Pittman,WR,IND,2025,18,HOU,1.1,2
00-0036259,Jauan Jennings,WR,SF,2025,18,SEA,3.5,4
00-0036265,AJ Dillon,RB,PHI,2025,18,WAS,0.3,1
00-0036275,D'Andre Swift,RB,CHI,2025,18,DET,4.8,1
00-0036290,Cole Kmet,TE,CHI,2025,18,DET,3.6,2
00-0036309,Darnell Mooney,WR,ATL,2025,18,NO,2.0,3
00-0036322,Justin Jefferson,WR,MIN,2025,18,GB,10.4,8
00-0036331,Devin Duvernay,WR,CHI,2025,18,DET,0.0,0
00-0036332,Josiah Deguara,TE,ARI,2025,18,LA,7.5,2
00-0036358,CeeDee Lamb,WR,DAL,2025,18,NYG,0.4,1
00-0036407,Jerry Jeudy,WR,CLE,2025,18,CIN,2.2,2
00-0036410,Tee Higgins,WR,CIN,2025,18,CLE,12.7,6
00-0036414,Cam Akers,RB,SEA,2025,18,SF,0.0,0
00-0036425,DeeJay Dallas,RB,JAX,2025,18,TEN,0.0,0
00-0036442,Joe Burrow,QB,CIN,2025,18,CLE,21.14,0
00-0036555,Chuba Hubbard,RB,CAR,2025,18,TB,1.7,2
00-0036590,Quintin Morris,TE,JAX,2025,18,TEN,6.5,1
00-0036626,Dyami Brown,WR,JAX,2025,18,TEN,0.8,1
00-0036628,John Bates,TE,WAS,2025,18,PHI,7.3,2
00-0036637,Noah Gray,TE,KC,2025,18,LV,3.0,3
00-0036679,Shane Buechele,QB,KC,2025,18,LV,3.92,0
00-0036755,Jaret Patterson,RB,LAC,2025,18,DEN,3.7,3
00-0036825,Feleipe Franks,TE,ATL,2025,18,NO,0.0,0
00-0036842,Kene Nwangwu,RB,NYJ,2025,18,BUF,1.8,0
00-0036849,Tutu Atwell,WR,LA,2025,18,ARI,1.9,1
00-0036862,Ben Skowronek,WR,PIT,2025,18,BAL,0.0,0
00-0036875,Rhamondre Stevenson,RB,NE,2025,18,MIA,33.3,2
00-0036876,Kylen Granson,TE,PHI,2025,18,WAS,3.0,4
00-0036894,Pat Freiermuth,TE,PIT,2025,18,BAL,5.1,3
00-0036898,Davis Mills,QB,HOU,2025,18,IND,2.64,0
00-0036900,Ja'Marr Chase,WR,CIN,2025,18,CLE,15.6,8
00-0036906,Khalil Herbert,RB,NYJ,2025,18,BUF,4.6,1
00-0036912,DeVonta Smith,WR,PHI,2025,18,WAS,5.2,3
00-0036919,Kenny Gainwell,RB,PIT,2025,18,BAL,13.4,8
00-0036924,Michael Carter,RB,ARI,2025,18,LA,3.9,3
00-0036963,Amon-Ra St. Brown,WR,DET,2025,18,CHI,13.9,11
00-0036970,Kyle Pitts,TE,ATL,2025,18,NO,5.8,6
00-0036971,Trevor Lawrence,QB,JAX,2025,18,TEN,23.3,0
00-0036973,Travis Etienne,RB,JAX,2025,18,TEN,3.8,1
00-0036988,Josh Palmer,WR,BUF,2025,18,NYJ,0.1,1
00-0037005,Tommy Tremble,TE,CAR,2025,18,TB,9.8,3
00-0037012,Trey Lance,QB,LAC,2025,18,DEN,8.34,0
00-0037013,Zach Wilson,QB,MIA,2025,18,NE,0.0,0
00-0037015,Sal Cannella,TE,CLE,2025,18,CIN,0.0,0
00-0037031,Nikola Kalinic,TE,CHI,2025,18,DET,0.0,0
00-0037085,Tyler Badie,RB,DEN,2025,18,LAC,2.6,2
00-0037086,Grant Calcaterra,TE,PHI,2025,18,WAS,8.1,2
00-0037091,Bo Melton,WR,GB,2025,18,MIN,0.0,0
00-0037098,Samori Toure,WR,NO,2025,18,ATL,0.3,1
00-0037120,Tyler Goodson,RB,IND,2025,18,HOU,0.3,0
00-0037132,Britain Covey,WR,PHI,2025,18,WAS,2.0,2
00-0037228,Jaylen Warren,RB,PIT,2025,18,BAL,9.9,5
00-0037231,Kevin Austin Jr.,WR,NO,2025,18,ATL,3.7,4
00-0037238,Drake London,WR,ATL,2025,18,NO,13.8,4
00-0037240,Jameson Williams,WR,DET,2025,18,CHI,7.4,6
00-0037247,George Pickens,WR,DAL,2025,18,NYG,0.9,1
00-0037248,James Cook,RB,BUF,2025,18,NYJ,1.5,0
00-0037252,Greg Dulcich,TE,MIA,2025,18,NE,3.1,3
00-0037256,Rachaad White,RB,TB,2025,18,CAR,4.1,2
00-0037258,Dameon Pierce,RB,KC,2025,18,LV,1.0,0
00-0037263,Tyler Allgeier,RB,ATL,2025,18,NO,1.9,1
00-0037276,Ty Chandler,RB,MIN,2025,18,GB,3.4,3
00-0037291,Jalen Nailor,WR,MIN,2025,18,GB,4.9,3
00-0037324,Chris Oladokun,QB,KC,2025,18,LV,-1.68,0
00-0037487,Deven Thompkins,WR,ATL,2025,18,NO,0.0,0
00-0037525,Jordan Mason,RB,MIN,2025,18,GB,9.4,0
00-0037545,Rashid Shaheed,WR,SEA,2025,18,SF,0.2,1
00-0037557,Ronnie Rivers,RB,LA,2025,18,ARI,0.0,0
00-0037594,Julius Chestnut,RB,TEN,2025,18,JAX,0.0,0
00-0037614,John Metchie III,WR,NYJ,2025,18,BUF,2.0,3
00-0037617,Hassan Haskins,RB,LAC,2025,18,DEN,0.3,0
00-0037664,Alec Pierce,WR,IND,2025,18,HOU,25.2,4
00-0037666,Jalen Tolbert,WR,DAL,2025,18,NYG,0.0,0
00-0037741,Jahan Dotson,WR,PHI,2025,18,WAS,4.0,3
00-0037742,Treylon Burks,WR,WAS,2025,18,PHI,1.2,2
00-0037744,Trey McBride,TE,ARI,2025,18,LA,6.5,7
00-0037746,Brian Robinson,RB,SF,2025,18,SEA,0.9,0
00-0037801,KaVontae Turpin,WR,DAL,2025,18,NYG,0.7,0
00-0037809,Chig Okonkwo,TE,TEN,2025,18,JAX,0.2,2
00-0037834,Brock Purdy,QB,SF,2025,18,SEA,5.18,0
00-0037837,Calvin Austin III,WR,PIT,2025,18,BAL,11.5,3
00-0037838,Isaiah Likely,TE,BAL,2025,18,PIT,3.2,2
00-0037840,Kyren Williams,RB,LA,2025,18,ARI,8.1,3
00-0038040,Zamir White,RB,LV,2025,18,KC,1.0,1
00-0038041,Jake Ferguson,TE,DAL,2025,18,NYG,0.5,1
00-0038090,Skyy Moore,WR,SF,2025,18,SEA,0.0,0
00-0038102,Kenny Pickett,QB,LV,2025,18,KC,-0.98,0
00-0038115,Daniel Bellinger,TE,NYG,2025,18,DAL,9.8,2
00-0038129,Cade Otton,TE,TB,2025,18,CAR,15.4,7
00-0038134,Kenneth Walker III,RB,SEA,2025,18,SF,13.3,4
00-0038359,Xavier Smith,WR,LA,2025,18,ARI,0.6,1
00-0038397,Evan Hull,RB,NO,2025,18,ATL,1.1,0
00-0038400,Tanner McKee,QB,PHI,2025,18,WAS,11.94,0
00-0038440,Zavier Scott,RB,MIN,2025,18,GB,1.7,1
00-0038454,Keaton Mitchell,RB,BAL,2025,18,PIT,0.2,0
00-0038542,Bijan Robinson,RB,ATL,2025,18,NO,4.3,3
00-0038543,Jaxon Smith-Njigba,WR,SEA,2025,18,SF,8.4,6
00-0038547,Luke Schoonmaker,TE,DAL,2025,18,NYG,1.2,1
00-0038555,Tank Bigsby,RB,PHI,2025,18,WAS,16.6,1
00-0038559,Michael Wilson,WR,ARI,2025,18,LA,15.9,5
00-0038563,Tre Tucker,WR,LV,2025,18,KC,3.4,2
00-0038564,Cameron Latu,TE,PHI,2025,18,WAS,0.0,0
00-0038573,Derius Davis,WR,LAC,2025,18,DEN,0.7,1
00-0038579,Aidan O'Connell,QB,LV,2025,18,KC,4.78,0
00-0038582,Clayton Tune,QB,GB,2025,18,MIN,3.66,0
00-0038589,Josh Whyle,TE,GB,2025,18,MIN,0.4,1
00-0038597,Chase Brown,RB,CIN,2025,18,CLE,15.0,4
00-0038606,Parker Washington,WR,JAX,2025,18,TEN,14.7,5
00-0038608,Kayshon Boutte,WR,NE,2025,18,MIA,2.4,2
00-0038611,Chris Rodriguez Jr.,RB,WAS,2025,18,PHI,14.3,1
00-0038618,Xavier Hutchinson,WR,HOU,2025,18,IND,8.4,5
00-0038619,Andrei Iosivas,WR,CIN,2025,18,CLE,1.0,2
00-0038621,DeMario Douglas,WR,NE,2025,18,MIA,2.9,2
00-0038640,Jalen Brooks,WR,ARI,2025,18,LA,0.0,0
00-0038647,Ronnie Bell,WR,NO,2025,18,ATL,8.3,2
00-0038685,Chris Brooks,RB,GB,2025,18,MIN,6.1,0
00-0038705,Emari Demercado,RB,ARI,2025,18,LA,5.7,1
00-0038710,Blake Whiteheart,TE,CLE,2025,18,CIN,0.0,0
00-0038720,Julian Hill,TE,MIA,2025,18,NE,0.8,1
00-0038738,Hunter Luepke,RB,DAL,2025,18,NYG,1.6,1
00-0038794,Jaleel McLaughlin,RB,DEN,2025,18,LAC,5.8,1
00-0038797,Emanuel Wilson,RB,GB,2025,18,MIN,4.8,1
00-0038809,Ben Sims,TE,MIN,2025,18,GB,1.8,1
00-0038840,Brycen Tremayne,WR,CAR,2025,18,TB,2.7,2
00-0038891,Shedrick Jackson,WR,LV,2025,18,KC,1.4,1
00-0038933,Dalton Kincaid,TE,BUF,2025,18,NYJ,4.8,3
00-0038935,Brenton Strange,TE,JAX,2025,18,TEN,11.2,6
00-0038951,Sean Tucker,RB,TB,2025,18,CAR,-0.4,0
00-0038953,Dylan Drummond,WR,ATL,2025,18,NO,0.0,0
00-0038976,Marvin Mims Jr.,WR,DEN,2025,18,LAC,1.0,2
00-0038979,Cedric Tillman,WR,CLE,2025,18,CIN,2.3,1
00-0038994,Jordan Addison,WR,MIN,2025,18,GB,0.8,1
00-0038997,Josh Downs,WR,IND,2025,18,HOU,5.6,4
00-0039032,Tyjae Spears,RB,TEN,2025,18,JAX,2.7,7
00-0039041,Elijah Higgins,TE,ARI,2025,18,LA,2.8,3
00-0039050,Payne Durham,TE,TB,2025,18,CAR,0.0,0
00-0039062,Jonathan Mingo,WR,DAL,2025,18,NYG,0.0,0
00-0039064,Zay Flowers,WR,BAL,2025,18,PIT,25.8,4
00-0039066,Michael Mayer,TE,LV,2025,18,KC,4.7,3
00-0039074,Davis Allen,TE,LA,2025,18,ARI,0.0,0
00-0039075,Puka Nacua,WR,LA,2025,18,ARI,16.0,10
00-0039139,Jahmyr Gibbs,RB,DET,2025,18,CHI,17.3,3
00-0039150,Bryce Young,QB,CAR,2025,18,TB,16.54,0
00-0039163,C.J. Stroud,QB,HOU,2025,18,IND,17.26,0
00-0039165,Zach Charbonnet,RB,SEA,2025,18,SF,15.7,3
00-0039305,Jack Westover,TE,NE,2025,18,MIA,0.0,1
00-0039342,Xavier Legette,WR,CAR,2025,18,TB,2.2,3
00-0039359,Cade Stover,TE,HOU,2025,18,IND,0.9,1
00-0039361,Bucky Irving,RB,TB,2025,18,CAR,9.8,1
00-0039364,Sione Vaki,RB,DET,2025,18,CHI,0.0,0
00-0039373,Audric Estimé,RB,NO,2025,18,ATL,10.6,5
00-0039384,Tyrone Tracy Jr.,RB,NYG,2025,18,DAL,19.9,8
00-0039391,Kimani Vidal,RB,LAC,2025,18,DEN,1.0,1
00-0039398,Joe Milton III,QB,DAL,2025,18,NYG,5.22,0
00-0039405,Jawhar Jordan,RB,HOU,2025,18,IND,0.3,0
00-0039407,Dylan Laube,RB,LV,2025,18,KC,0.0,0
00-0039410,Ryan Flournoy,WR,DAL,2025,18,NYG,6.8,5
00-0039451,Isaiah Williams,WR,NYJ,2025,18,BUF,2.4,5
00-0039458,Brenden Bates,TE,CLE,2025,18,CIN,0.6,1
00-0039491,Jalen Coker,WR,CAR,2025,18,TB,10.7,6
00-0039530,Brevyn Spann-Ford,TE,DAL,2025,18,NYG,3.0,2
00-0039589,Kameron Johnson,WR,TB,2025,18,CAR,0.0,0
00-0039603,British Brooks,RB,HOU,2025,18,IND,6.3,0
00-0039648,David Martin-Robinson,TE,TEN,2025,18,JAX,1.4,1
00-0039710,Jeshaun Jones,WR,MIN,2025,18,GB,0.0,0
00-0039732,Bo Nix,QB,DEN,2025,18,LAC,10.54,0
00-0039738,Blake Corum,RB,LA,2025,18,ARI,6.9,1
00-0039746,Will Shipley,RB,PHI,2025,18,WAS,1.3,2
00-0039751,Jordan Whittington,WR,LA,2025,18,ARI,0.0,0
00-0039792,Devontez Walker,WR,BAL,2025,18,PIT,10.6,2
00-0039793,AJ Barner,TE,SEA,2025,18,SF,1.4,2
00-0039796,Rasheen Ali,RB,BAL,2025,18,PIT,0.0,0
00-0039824,Jared Wiley,TE,KC,2025,18,LV,0.0,0
00-0039851,Drake Maye,QB,NE,2025,18,MIA,15.74,0
00-0039855,Jalen McMillan,WR,TB,2025,18,CAR,1.1,1
00-0039868,Troy Franklin,WR,DEN,2025,18,LAC,0.0,0
00-0039874,Jaylen Wright,RB,MIA,2025,18,NE,2.0,2
00-0039875,Ray Davis,RB,BUF,2025,18,NYJ,23.4,2
00-0039880,Malik Washington,WR,MIA,2025,18,NE,8.8,3
00-0039884,Tahj Washington,WR,MIA,2025,18,NE,2.6,2
00-0039890,Adonai Mitchell,WR,NYJ,2025,18,BUF,0.0,0
00-0039893,Brian Thomas Jr.,WR,JAX,2025,18,TEN,4.9,3
00-0039901,Keon Coleman,WR,BUF,2025,18,NYJ,6.9,2
00-0039912,Ben Sinnott,TE,WAS,2025,18,PHI,0.3,2
00-0039918,Caleb Williams,QB,CHI,2025,18,DET,16.58,0
00-0039920,Malachi Corley,WR,CLE,2025,18,CIN,3.8,2
00-0039923,J.J. McCarthy,QB,MIN,2025,18,GB,7.98,0
00-0040021,Phil Mafah,RB,DAL,2025,18,NYG,8.9,2
00-0040024,Darius Cooper,WR,PHI,2025,18,WAS,3.3,3
00-0040075,LaJohntay Wester,WR,BAL,2025,18,PIT,0.0,0
00-0040078,Brashard Smith,RB,KC,2025,18,LV,5.8,2
00-0040122,Ashton Jeanty,RB,LV,2025,18,KC,9.4,3
00-0040124,Tetairoa McMillan,WR,CAR,2025,18,TB,8.5,4
00-0040126,Colston Loveland,TE,CHI,2025,18,DET,15.1,10
00-0040128,Tyler Warren,TE,IND,2025,18,HOU,2.6,5
00-0040129,Emeka Egbuka,WR,TB,2025,18,CAR,0.8,1
00-0040130,Jayden Higgins,WR,HOU,2025,18,IND,8.3,2
00-0040131,Kyle Williams,WR,NE,2025,18,MIA,0.5,0
00-0040134,Pat Bryant,WR,DEN,2025,18,LAC,3.1,4
00-0040138,Jaylin Noel,WR,HOU,2025,18,IND,1.3,1
00-0040154,Tai Felton,WR,MIN,2025,18,GB,0.0,0
00-0040162,Dylan Sampson,RB,CLE,2025,18,CIN,4.4,2
00-0040170,Elic Ayomanor,WR,TEN,2025,18,JAX,5.0,3
00-0040179,DJ Giddens,RB,IND,2025,18,HOU,3.0,0
00-0040184,KeAndre Lambert-Smith,WR,LAC,2025,18,DEN,2.4,2
00-0040187,Mitchell Evans,TE,CAR,2025,18,TB,0.5,1
00-0040189,Oronde Gadsden II,TE,LAC,2025,18,DEN,2.3,2
00-0040194,Jackson Hawes,TE,BUF,2025,18,NYJ,0.0,1
00-0040198,Ollie Gordon II,RB,MIA,2025,18,NE,1.1,1
00-0040206,Riley Leonard,QB,IND,2025,18,HOU,22.6,0
00-0040218,Jimmy Horn Jr.,WR,CAR,2025,18,TB,1.5,1
00-0040234,Quinn Ewers,QB,MIA,2025,18,NE,8.38,0
00-0040236,Kyle Monangai,RB,CHI,2025,18,DET,4.9,1
00-0040237,Tez Johnson,WR,TB,2025,18,CAR,2.2,1
00-0040242,Jacory Croskey-Merritt,RB,WAS,2025,18,PHI,2.9,0
00-0040259,Gage Larvadain,WR,CLE,2025,18,CIN,0.0,0
00-0040277,Jahdae Walker,WR,CHI,2025,18,DET,9.6,2
00-0040311,Theo Wease Jr.,WR,MIA,2025,18,NE,4.4,3
00-0040363,Keleki Latu,TE,BUF,2025,18,NYJ,3.1,3
00-0040388,Jakobie Keeney-James,WR,GB,2025,18,MIN,1.5,2
00-0040398,Brady Cook,QB,NYJ,2025,18,BUF,9.1,0
00-0040406,Quentin Skinner,WR,NYJ,2025,18,BUF,3.0,1
00-0040431,Dalen Cambre,WR,NYG,2025,18,DAL,0.0,0
00-0040466,Raheim Sanders,RB,CLE,2025,18,CIN,3.3,1
00-0040494,Max Brosmer,QB,MIN,2025,18,GB,0.28,0
00-0040509,Ben Yurosek,TE,MIN,2025,18,GB,0.9,1
00-0040534,Ke'Shawn Williams,WR,CIN,2025,18,CLE,0.9,0
00-0040556,Corey Kiner,RB,ARI,2025,18,LA,2.8,2
00-0040563,Efton Chism III,WR,NE,2025,18,MIA,3.5,1
00-0040581,Dont'e Thornton Jr.,WR,LV,2025,18,KC,0.0,0
00-0040582,Arian Smith,WR,NYJ,2025,18,BUF,0.2,0
00-0040583,Woody Marks,RB,HOU,2025,18,IND,4.8,2
00-0040586,Jaydon Blue,RB,DAL,2025,18,NYG,12.4,0
00-0040590,Konata Mumpfield,WR,LA,2025,18,ARI,0.0,0
00-0040628,Drake Dabney,TE,GB,2025,18,MIN,0.3,1
00-0040644,Trevor Etienne,RB,CAR,2025,18,TB,0.0,0
00-0040646,Jalen Royals,WR,KC,2025,18,LV,0.4,2
00-0040667,Matthew Golden,WR,GB,2025,18,MIN,0.8,1
00-0040668,Shedeur Sanders,QB,CLE,2025,18,CIN,5.04,0
00-0040669,Isaac TeSlaa,WR,DET,2025,18,CHI,1.8,1
00-0040676,Cam Ward,QB,TEN,2025,18,JAX,9.18,0
00-0040691,Jaxson Dart,QB,NYG,2025,18,DAL,20.4,0
00-0040705,Chimere Dike,WR,TEN,2025,18,JAX,2.7,3
00-0040719,Bhayshul Tuten,RB,JAX,2025,18,TEN,8.3,0
00-0040727,Tre Harris,WR,LAC,2025,18,DEN,2.8,2
00-0040729,Jack Bech,WR,LV,2025,18,KC,0.0,0
00-0040730,RJ Harvey,RB,DEN,2025,18,LAC,3.3,1
00-0040734,TreVeyon Henderson,RB,NE,2025,18,MIA,17.3,0
00-0040735,Luther Burden III,WR,CHI,2025,18,DET,4.5,3
00-0040743,Tyler Shough,QB,NO,2025,18,ATL,21.76,0
00-0040782,Isaiah Bond,WR,CLE,2025,18,CIN,1.7,1
